timestamp,narration,object
1.8396,C picks a wrench from the tool tray with his right hand.,tray
2.59692,C holds the wheel by the hub with his right hand.,wheel
3.56344,C holds the wheel by the hub with his left hand.,wheel
5.32164,C inserts the wheel in the bicycle dropout with his hands.,bicycle@@@@@wheel
12.31756,C holds the wheel with his right hand.,wheel
22.69434,C holds the wheel with his right hand.,wheel
24.32718,C holds the wheel with his left hand.,wheel
30.98624,C places his right hand on the bicycle frame.,bicycle
37.14373,C holds the wheel with his right hand.,wheel
46.29236,C places his right hand on the wheel.,wheel
49.92233,C drops the wrench in the tool tray with his left hand.,tray
2.04923,C picks a wrench from the tool tray with his right hand.,tray
2.77233,C holds the bicycle wheel by the hub with his right hand.,bicycle@@@@@wheel
3.67739,C holds the wheel by the hub with his left hand.,wheel
5.28798,C inserts the wheel in the bicycle dropout with his hands.,bicycle@@@@@wheel
12.343,C holds the bicycle wheel with his right hand.,bicycle@@@@@wheel
22.76813,C holds the wheel with his right hand.,wheel
24.3919,C holds the wheel with his left hand.,wheel
31.06023,C places his right hand on the bicycle frame.,bicycle
46.48745,C places his right hand on the wheel.,wheel
50.00111,C drops the wrench in the tool tray with his left hand.,tray
