timestamp,narration,object
6.11711,C holds the wheel with his left hand.,wheel
16.23003,C holds the wheel with his right hand.,wheel
34.03671,C holds the wheel with his left hand.,wheel
40.46652,C removes the wheel from the fork-end with both hands.,wheel
42.2289,C holds the wheel with his right hand.,wheel
46.501,C places the wheel on his thigh with his right hand.,wheel
55.067,C picks the hex wrench from the tool shelf with his right hand.,box@@@@@toolbox@@@@@wrench@@@@@can
64.58413,C turns the wheel with his right hand.,wheel
64.99067,C places the wheel on his thigh with his right hand.,wheel
65.0,C holds the wheel with his left hand.,wheel
66.23316,C deflates the tire with the hex wrench in his right hand.,wrench
126.37008,C drops the hex wrench in the tool shelf with his right hand.,box@@@@@toolbox@@@@@wrench@@@@@can
128.67299,C places the wheel on his left thigh with his right hand.,wheel
6.03915,C holds a wheel with his left hand.,wheel
16.25155,C holds the wheel with his right hand.,wheel
34.34548,C holds the wheel spokes with his left hand.,wheel
40.30555,C removes the wheel from the bicycle with both hands.,bicycle@@@@@wheel
41.01085,C hods the wheel with his right hand.,wheel
45.55602,C hold the wheel spokes with his left hand.,wheel
54.95485,C takes an allen wrench from a rack with his right hand.,wrench@@@@@can
56.96776,C unscrews an air valve cap with his right hand.,bottle_cap@@@@@bottle@@@@@can
63.28999,C drops an air valve cap in the trolley with his right hand.,bottle_cap@@@@@bottle@@@@@cart@@@@@can
64.93231,C holds the wheel with his left hand.,wheel
65.80952,C deflates the tire with an allen wrench in his right hand.,wrench
126.10778,C places the allen wrench on the rack with his right hand.,wrench@@@@@can
