timestamp,narration,object
1.06046,C holds a wheel with his right hand.,wheel
1.742,C transfers the wheel to his left hand from his right hand.,wheel
2.31,C moves his left hand on the wheel.,wheel
2.541,C lifts the wheel from the floor with his left hand.,wheel
2.96722,C holds the spokes of the wheel with his right hand.,wheel
3.34284,C moves his left hand  on the wheel.,wheel
10.44428,C lifts the wheel from the floor with his left hand.,wheel
11.2152,C puts the allen key in the valve of the wheel with his right hand..,wheel
12.88849,C adjusts his left hand on the wheel.,steering_wheel@@@@@wheel@@@@@bicycle@@@@@ring
51.138,C takes the allen key from the valve of the wheel with his right hand.,wheel
52.49508,C lifts the wheel with his left hand.,wheel
53.10585,C holds the wheel with both hands.,wheel
53.452,C moves his left hand upwards on the wheel.,wheel
54.04407,C pulls the tire from the rim of the wheel with both hands.,wheel
54.39035,C pulls the tire from the rim with his right hand.,wheel
56.141,C rolls the wheel with his right hand.,wheel
56.31601,C moves his left hand upwards on the wheel.,wheel
56.813,C moves his right hand downwards on the wheel.,wheel
57.2634,C pulls the tire from the rim with his right hand.,wheel
62.14491,C picks a tire lever from the pocket of his shirt with his right hand.,shirt
63.90249,C puts the tire lever underneath the tire of the wheel with his right hand.,wheel
64.31582,C takes the tire lever from the tire of the wheel with his right hand.,wheel
64.5,C puts the tire lever underneath the tire of the wheel with his right hand.,wheel
64.82212,C moves his left hand on the wheel.,wheel
65.42353,C slides the tire lever around the tire with his right hand.,wheel
66.1882,C moves his left hand around the tire..,wheel
69.009,C holds the spokes of the wheel with his left hand.,wheel
69.32699,C takes the tire lever from the tire with his right hand.,wheel
69.86163,C puts the tire lever in the pocket of his shirt with his right hand.,shirt
70.89918,C pulls the tire around the rim with his right hand.,wheel
73.042,C lifts the wheel with his left hand.,wheel
73.17463,C rolls the wheel with his right hand.,wheel
73.94837,C moves his left hand upwards on the wheel.,wheel
74.61102,C pulls the tire from the rim with both hands.,wheel@@@@@shirt
75.04913,C moves his hands on the wheel.,steering_wheel@@@@@wheel@@@@@ring
76.31614,C pulls the rim of the wheel with his right hand.,steering_wheel@@@@@wheel@@@@@ring
79.57611,C puts the wheel on the floor with both hands.,steering_wheel@@@@@wheel@@@@@ring
105.87695,C holds the tire and rim with his right hand.,wheel
106.14938,C holds the valve of the wheel with his left hand.,wheel
107.40061,C holds the tire and the rim with both hands.,wheel
107.67531,C moves his right hand on the tire and the rim .,wheel
110.454,C rolls the tire and the rim with his right hand.,wheel
111.023,C moves his right hand on the tire and the rim .,wheel
112.86693,C puts the tire and the rim on the floor with both hands.,wheel
113.44158,C aligns the rim inside the tire with both hands.,wheel
117.64007,C lifts the wheel from the floor with his right hand.,wheel
118.27269,C holds the wheel with both hands.,wheel
120.02693,C adjusts the tire around the rim with both hands.,wheel
132.8628,C holds the valve of the wheel with his right hand.,steering_wheel@@@@@wheel@@@@@hat@@@@@bicycle@@@@@ring
166.6782,C lifts the wheel from the floor with his left hand.,wheel
167.01159,C holds the wheel with both hands.,wheel
179.20854,C lifts the wheel from the floor with his left hand.,wheel
180.51163,C screws the valve cap on the valve of the wheel with his right hand.,wheel
185.06714,C transfers the wheel to his right hand from his left hand.,wheel
187.10166,C holds the wheel with both hands.,wheel
0.95636,C touches the wheel with his right hand.,wheel
1.71561,C holds the wheel with his  left hand.,wheel
2.97546,C turns the wheel valve with his right hand.,wheel
3.44779,C adjutst his left hand on the wheel.,wheel
11.08121,C places the wheel on his left knee with his left hand.,wheel
53.10357,C holds the wheel with both hands.,wheel
53.72041,C levers the tire bead off the ream with both hands.,wheel
60.24976,C picks a yellow tire lever from his left breast pocket with his right hand.,shirt
63.48553,C inserts the yellow tire lever between the tire bead and the rim with his right hand.,wheel
65.15028,C lifts the tire bead with the lever in his right hand.,wheel
65.44,C moves his left hand round the wheel.,wheel
68.83632,C holds the wheel spokes with his left hand.,wheel
69.9792,C drops the yellow tire lever in his right hand into his left breast pocket.,shirt
70.95492,C pulls the tire bead off the rim with his right hand.,wheel
73.15682,C holds the wheel with both hands.,wheel
74.4541,C pulls the tire bead off the rim with his left hand.,wheel
79.88689,C places the wheel on the foot with both hands.,steering_wheel@@@@@wheel@@@@@ring
105.25544,C inserts the tube valve stem into the valve hole on the rim with both hands.,steering_wheel@@@@@wheel@@@@@bicycle@@@@@ring
105.9075,C touches the rim with his right hand thumb.,wheel
107.48181,C holds the wheel with both hands.,wheel
107.84873,C pushes the tire bead inside the rim with his right hand.,wheel
110.34788,C adjusts the wheel on his left leg with both hands.,wheel
111.31499,C pushes the tire bead inside the rim with his right hand.,wheel
113.3089,C places the wheel on his feet with both hands.,wheel
113.84194,C pushes the tire bead inside the rim with his hands.,wheel
117.21202,C lifts the wheel off his feet with his right hand.,wheel
118.24937,C holds the wheel with both hands.,wheel
119.44157,C places the wheel on his left thigh with both hands.,wheel
119.64237,C adjusts his right hand on the wheel.,steering_wheel@@@@@wheel@@@@@bicycle@@@@@ring
120.21556,C pushes the tire bead inside the rim with his left hand.,wheel
123.01619,C adjusts his right hand on the wheel.,steering_wheel@@@@@wheel@@@@@bicycle@@@@@ring
123.41057,C adjusts the wheel on his left thigh with his hands.,wheel
124.31483,C pushes the tirebead inside the rim with his hands.,wheel
126.77501,C adjusts the wheel on his left thigh with his hands.,wheel
127.50857,C pushes the tire bead inside the rim with his hands.,wheel
131.25009,C adjusts the wheel on his left thigh with his hands.,wheel
132.3,C adjusts his left hand on the wheel.,steering_wheel@@@@@wheel@@@@@bicycle@@@@@ring
132.80602,C pushes the valve stem into the rim valve hole with his right hand.,wheel
140.5407,C drops the wheel on the floor with his left hand.,wheel
166.9705,C holds the wheel with both hands.,wheel
172.4841,C hangs the bike pump on the black metal pole with his right hand.,pole
175.20553,C drops the wheel on the floor with his left hand.,wheel
179.31772,C picks the wheel off the floor with his left hand.,wheel
185.14487,C passes the wheel from his left hand to his right hand.,wheel
187.0927,C holds the wheel with both hands.,wheel
