timestamp,narration,object
2.59986,C rolls a tire with his right hand.,can@@@@@wheel
3.64007,C deflates the tire with his left hand.,wheel
6.89832,C takes an allen key from the trolley with his right hand..,toolbox@@@@@box
9.54455,C holds the tire with his left hand.,wheel
9.9561,C deflates the tire with an allen key in his right hand.,wheel
72.61768,C places the allen key in the trolley with his right hand.,toolbox@@@@@box
74.89041,C takes a wrench from the trolley with his right hand.,wrench@@@@@toolbox@@@@@box
76.62023,C touches the wrench with his right hand.,wrench
78.06907,C holds the tire with his left hand.,wheel
78.65311,C turns the right thru axle with a wrench in his right hand.,wrench@@@@@wheel
83.62843,C turns the right thru axle with his right hand.,wheel
87.21496,C transfers the wrench from his right hand to his left hand.,wrench
87.9078,C holds the tire with his right hand.,wheel
88.1261,C turns the left thru axle with the wrench in his left hand.,wrench@@@@@wheel
94.85714,C turns the left thru axle with his left hand.,wheel
102.10329,C holds the tire with his left hand.,wheel
2.65098,C moves a bike tire with his right hand.,wheel
4.14803,C unscrews the tire valve stem nut with his left hand.,can@@@@@wheel
8.04916,C picks a hex wrench from a tool rack with his right hand.,wrench@@@@@toolbox@@@@@box
9.41675,C holds the bike tire with his left hand.,wheel
9.93115,C inserts the hex wrench into the tire valve with his right hand.,wrench@@@@@wheel
55.64617,C presses the bike tire with his left hand.,wheel
72.50162,C places the hex wrench in the tool rack with his right hand.,wrench@@@@@toolbox@@@@@box
74.27317,C places the tire valve stem nut in the tool rack with his right hand.,toolbox@@@@@box
75.47061,C picks a wrench from the tool rack with his right hand.,wrench@@@@@toolbox@@@@@box
76.66881,C holds the wrench with both hands.,wrench
78.12745,C holds the bike tire with his left hand.,wheel
78.68858,C places the wrench on the left axle nut of the tire with his right hand.,wrench@@@@@wheel
80.26302,C moves the wrench on the left axle nut with his right hand.,wrench@@@@@wheel
83.60443,C unscrews the left axle nut with his right hand.,can@@@@@wheel
87.20813,C transfers the wrench from his right hand to his left hand.,wrench
87.85632,C holds the bike tire with his right hand.,wheel
88.30345,C places the wrench on the right axle nut with his left hand.,wrench@@@@@wheel
90.1312,C moves the wrench on the right axle nut with his left hand.,wrench@@@@@wheel
95.03031,C unscrews the right axle nut with his left hand.,can@@@@@wheel
99.55149,C removes the bike tire from the hub with his right hand.,wheel
102.04378,C holds the bike tire with both hands.,wheel
105.53143,C places the wrench in his left hand on a work table.,wrench@@@@@can@@@@@dining_table
107.58158,C transfers the bike tire from his right hand to his left hand.,bicycle@@@@@wheel
