timestamp,narration,object
3.28487,C picks the axle rod from the work table with his left hand.,pole@@@@@person
4.86715,C holds the bicycle wheel in his right hand with his left hand.,wheel@@@@@person
6.77055,C lifts the wheel into the wheel fork with his both hands.,bicycle@@@@@wheel
8.99376,C pulls the derailleur backward with his right hand.,bicycle
12.64633,C holds the bicycle wheel with his right hand.,wheel@@@@@person
12.713,C puts the bicycle wheel fully seated into the fork with his left hand.,bicycle@@@@@wheel
16.12721,C inserts the axle rod through the bicycle wheel and fork with his left hand.,pole@@@@@wheel
21.7421,C picks a multi tool from his chest pocket with his right hand.,toolbox@@@@@box@@@@@person
23.27704,C passes the multi tool in his right hand to his left hand.,toolbox@@@@@box@@@@@person
24.7931,C holds the bicycle wheel with his right hand.,wheel@@@@@person
25.31,C tightens the axle rod with the multitool in his left hand.,pole@@@@@toolbox@@@@@box
33.38331,C holds the derailleur hanger with his right hand.,bicycle
37.17806,C holds the derailleur with his right hand.,bicycle
44.2532,C holds the multitool in his left hand with his right hand.,toolbox@@@@@box@@@@@person
44.71467,C holds the chain stays with his left hand.,bicycle
44.71467,C tightens the axle rod with the multi tool in his right hand.,pole@@@@@toolbox@@@@@box
60.49196,C turns the bicycle wheel with his left hand.,wheel@@@@@person
0.39606,C picks a bicycle wheel from the floor with his left hand.,wheel@@@@@person
1.302,C takes the bicycle wheel from his left hand with his right hand.,wheel@@@@@person
3.11205,C picks a hub axle bolt from a trolley with his left hand.,bolt@@@@@person
4.86164,C takes the bicycle wheel from his right hand with his left hand.,wheel@@@@@person
6.65121,C puts the wheel in the seat stay of the bicycle with both hands.,bicycle@@@@@wheel
8.904,C moves the chain of the bicycle wheel with his right hand.,bicycle
12.60468,C holds the wheel of the bicycle with his right hand.,bicycle@@@@@wheel
13.31885,C sets the wheel into the dropout of the bicycle with his left hand.,bicycle@@@@@wheel
16.39077,C puts the hub axle bolt in the hub with his left hand.,wheel@@@@@bolt
21.87025,C picks a hex wrench from his chest pocket with his right hand.,wrench@@@@@person
23.285,C passes the hex wrench from his right hand to his left hand.,wrench@@@@@person
24.49714,C holds the bicycle wheel with his right hand.,wheel@@@@@person
25.89465,C puts the hex key in the hub axle bolt with his left hand.,bolt@@@@@wrench
30.46901,C tightens the hub axle bolt with the hex key in his left hand.,bolt@@@@@wrench
33.601,C presses the chain stay of the bicycle with his right hand.,bicycle@@@@@person
37.22608,C pulls the derailleur hanger of the bicycle with his right hand.,bicycle
44.25358,C takes the hex wrench from his left hand with his right hand.,wrench@@@@@person
44.63527,C tightens the hub axle bolt with the hex wrench in his right hand.,bolt@@@@@wrench
44.76898,C holds the chain stay of the bicycle with his left hand.,bicycle@@@@@person
59.05633,C removes the hex key from the hub axle bolt with his right hand.,bolt@@@@@wrench
60.48745,C holds the wheel of the bicycle with his left hand.,bicycle@@@@@wheel
62.33469,C puts the hex wrench in his chest pocket with his right hand.,wrench@@@@@person
