timestamp,narration,object
1.18387,C holds the wheel with his both hands.,wheel
2.50123,C loosens the valve cap from the valve with his right hand.,person
6.14567,C places the valve cap into the trolley with his right hand.,person@@@@@cart
6.8239,C picks up the screw driver from the trolley with his right hand.,person@@@@@cart@@@@@screwdriver
7.87216,C deflates the wheel with his both hands.,person@@@@@wheel
19.21165,C places the screw driver into the trolley with his right hand.,person@@@@@cart@@@@@screwdriver
20.4744,C spins the wheel with his both hands.,wheel
22.72301,C dips down his right hand into his pocket.,person
26.13076,C takes out a lever from the pocket with his right hand.,person
27.04777,C pulls lever to lift next section of bead off rim with his right hand.,person
34.48306,C places the lever into the pocket with his right hand.,person
36.23743,C pushes one bead of bicycle wheel towards rim centre with his both hands.,person@@@@@wheel
43.61387,C removes the tyre from the rim with his both hands.,person
47.34732,C removes the tube from the tyre with his left hand.,person
98.31608,C flips the wheel with his both hands.,wheel
99.16869,C places the wheel on his left knee with his both hands.,wheel
99.85781,C adjusts the wheel with his both hands.,wheel
103.5819,C spins the wheel with his both hands.,wheel
106.88924,C places his right hand on the wheel.,wheel
107.04811,C spins the wheel with his both hands.,wheel
108.21468,C adjusts the wheel with his both hands.,wheel
115.29639,C spins the wheel with his both hands.,wheel
116.04931,C adjusts the wheel with his both hands.,wheel
119.6209,C lifts up the wheel from his left knee with his both hands.,wheel
121.46099,C places the wheel on his right knee with his both hands.,wheel
128.41856,C picks up an air nozzle from the steel pole with his right hand.,pole
130.78391,C inflates the wheel with an air nozzle in his right hand.,wheel@@@@@handle@@@@@can
133.13294,C disconnects the air nozzle from the valve with his right hand.,faucet@@@@@handle
133.79699,C holds the wheel with his both hands.,wheel
134.31606,C flips the wheel with his both hands.,wheel
135.54045,C places the wheel on his left knee with his left hand.,wheel
136.89865,C inflates the wheel with an air nozzle in his right hand.,wheel@@@@@handle@@@@@can
139.06059,C disconnects the air nozzle from the valve with his right hand.,faucet@@@@@handle
141.45217,C hangs the air nozzle on the steel pole with his right hand.,pole@@@@@handle
147.89848,C tightens the valve cap on the valve with his right hand.,faucet@@@@@handle
1.17463,C passes a bicycle wheel from his right hand to his left hand.,person@@@@@wheel
2.55171,C loosens a valve cap from the wheel of the bicycle with his right hand.,person@@@@@wheel
6.21623,C places the valve cap of the bicycle on a trolley with his right hand.,person@@@@@cart
6.549,C picks a screwdriver from the trolley with his right hand.,person@@@@@cart@@@@@screwdriver
7.88534,C places the screwdriver in the bicycle valve core with his right hand.,person@@@@@screwdriver
11.13732,C presses the wheel of the bicycle with his left hand.,person@@@@@wheel
19.12553,C places the screwdriver on the trolley with his right hand.,person@@@@@cart@@@@@screwdriver
19.77192,C presses the wheel of the bicycle with both hands.,person@@@@@wheel
23.0152,C dips his right hand into his chest pocket.,person
24.16564,C picks a tire lever from his chest pocket with his right hand.,person
26.88302,C places the tire lever in the wheel of the bicycle with his right hand.,person@@@@@wheel
28.56556,C moves the tire lever round in the wheel of the bicycle with his right hand.,person@@@@@wheel
34.46351,C places the tire lever in his chest pocket with his right hand.,person
36.14828,C moves the tire from the rim with both hands.,person
42.61908,C removes the rim of the bicycle from the tire with his right hand.,person
45.94224,C places both hands in the tire of the bicycle.,person
46.64541,C holds the bicycle tire with his right hand.,person
47.81051,C removes a tube from the bicycle tire with his left hand.,person
56.556,C takes the bicycle tire from his right hand with his left hand.,bicycle
58.47472,C passes the bicycle tire from his left hand to his right hand.,bicycle
128.77096,C picks an air pump from the bicycle repair stand with his right hand.,bicycle
136.04189,C places the pump head in the bicycle valve with his right hand.,bicycle
142.96386,C places the air pump at the bicycle repair stand with his right hand.,bicycle
146.49076,C picks the bicycle cap from the trolley with his right hand.,bicycle
147.67,C tightens the valve with the valve cap in his right hand.,faucet@@@@@handle
