timestamp,narration,object
0.556,C picks a wheel from the floor with his left hand.,wheel
5.64382,C dips the tire lever in his right hand into the wheel in his left hand.,wheel
7.62816,C lifts the wheel in his left hand with the tire lever in his right hand.,wheel
8.72309,C places the wheel on his right tightwith his left hand.,wheel
9.666,C rotates the wheel with his left hand.,wheel
13.20465,C picks the wheel from his right tight with his right hand.,wheel
13.9398,C holds the wheel with both hands.,wheel
15.07,C places the wheel on his feet with both hands.,wheel
42.92233,C turns the wheel with both hands.,wheel
45.00049,C turns the wheel with both hands.,wheel
47.88881,C picks the wheel on his feet with his left hand.,wheel
48.94539,C turns the wheel with his right hand.,wheel
49.12339,C holds the wheel with his left hand.,wheel
49.61203,C turns the wheel with his right hand.,wheel
53.0023,C turns the wheel with both hands.,wheel
55.88673,C turns the wheel with both hands.,wheel
61.05675,C turns the wheel with his right hand.,wheel
61.476,C holds the wheel with his left hand.,wheel
99.33301,C tightens the dust cap on the valve with his right hand.,hat
