timestamp,narration,object
2.18508,C picks a wrench from a rack with his right hand.,wrench
5.02734,C holds a bicycle wheel with his left hand.,bicycle@@@@@wheel
5.24867,C loosens the axle nut of the bicycle with the socket wrench in his right hand.,bicycle@@@@@wrench
9.20347,C loosens the axle nut of the bicycle with his right hand.,bicycle
15.43793,C holds the wheel of bicycle with his right hand.,bicycle@@@@@wheel
16.03886,C loosens the axle nut of the bicycle with the wrench in his left hand.,bicycle@@@@@wrench
20.73652,C loosens the axle nut of the bicycle with his left hand.,bicycle
25.21837,C loosens the axle nut of the bicycle with his right hand.,bicycle
27.64113,C removes the wheel from the fork with both hands.,bicycle@@@@@wheel
28.52229,C holds the bicycle with his right hand.,bicycle
30.03572,C places the bicycle wheel on the floor with his right hand.,bicycle@@@@@wheel
31.63466,C picks the bicycle wheel from the floor with his right hand.,bicycle@@@@@wheel
32.01364,C places the wrench on the tray with his left hand.,wrench
34.23991,C touches the valve cap of the wheel with his right hand.,bicycle@@@@@wheel
