timestamp,narration,object
0.7891,C places his right hand on a bike grip.,bicycle@@@@@handle
2.57374,C picks a wrench with his left hand.,wrench
3.35483,C transfers the wrench in his left hand to his right hand.,wrench
3.79268,C holds the head of the wrench with his left hand.,wrench
4.85227,C holds the bike wheel with his left hand.,wheel@@@@@bicycle
5.02848,C places the wrench in his right hand on a bolt.,bolt@@@@@wrench
5.62098,C adjusts his right hand on the wrench.,wrench
6.11831,C loosens the bolt with the wrench in his right hand.,bolt@@@@@wrench
9.35674,C loosens the bolt with his right hand.,bolt
13.14096,C holds the bike wheel with his left hand.,wheel@@@@@bicycle
13.37471,C loosens the bolt with his right hand.,bolt
19.5497,C transfers the wrench in his right hand to his left hand.,wrench
20.21078,C places the wrench in his left hand on a bolt.,bolt@@@@@wrench
20.3158,C holds the bike wheel with his right hand.,wheel@@@@@bicycle
21.10174,C loosens the bolt with his left hand.,bolt
23.71905,C loosens the bolt with his left hand.,bolt
34.34024,C transfers the bike wheel in his right hand to his left hand.,wheel@@@@@bicycle
35.33598,C touches the bolt in the bike wheel with his right hand.,bolt@@@@@bicycle
39.16966,C drops the wrench in his left hand on the tool box.,box@@@@@wrench@@@@@toolbox
2.47661,C picks a combination wrench from the tool trolley with his left hand.,box@@@@@wrench@@@@@toolbox
4.87531,C holds the wheel with his left hand.,wheel
5.18187,C turns the right hub nut with the combination wrench in his right hand.,bolt@@@@@wrench
9.10291,C turns the right hub nut with his right hand.,bolt
13.08188,C holds the wheel with his left hand.,wheel
19.54892,C passes the combination wrench from his right hand to his left hand.,wrench
20.25774,C turns the left hub nut with the combination wrench in his left hand.,bolt@@@@@wrench
20.29026,C holds the wheel with his right hand.,wheel
23.64701,C turns the left hub nut with his right hand.,bolt
28.71634,C pulls the left hub nut with his right hand.,bolt
30.95639,C turns the left hub nut with his right hand.,bolt
34.38749,C removes the wheel from the hub with his left hand.,wheel@@@@@bicycle
37.43864,C passes the wheel from his left hand to his right hand.,wheel
38.82406,C drops the combination wrench into the tool trolley with his left hand.,box@@@@@wrench@@@@@toolbox
