timestamp,narration,object
1.96812,C picks the wheel from the floor with his right hand.,wheelchair@@@@@can@@@@@motorcycle@@@@@wheel@@@@@chair@@@@@train_(railroad_vehicle)@@@@@bicycle
3.03783,C holds the wheel with his hands.,wheel@@@@@person
5.21917,C rotates the wheel with his hands.,tricycle@@@@@wheelchair@@@@@motorcycle@@@@@wheel@@@@@chair@@@@@unicycle@@@@@person@@@@@bicycle
9.65193,C holds the wheel with his hands.,wheel@@@@@person
17.22161,C drops the tire lever on the table with his right hand.,can@@@@@dining_table@@@@@handle@@@@@kitchen_table
22.0211,C rotates the wheel with his hands.,tricycle@@@@@wheelchair@@@@@motorcycle@@@@@wheel@@@@@chair@@@@@unicycle@@@@@person@@@@@bicycle
23.50617,C places the wheel on the floor with his left hand.,wheelchair@@@@@wheel@@@@@chair
24.78804,C  raises the edges of the tire with his left hand.,person
26.57581,C removes the tube valve from the valve hole in the rim with his right hand.,person
29.98549,C touches the tire with his right hand.,person
31.07032,C picks the wheel from the floor with his left hand.,wheel@@@@@person
31.77523,C drops the wheel on the floor with his left hand.,wheel
34.78273,C picks the tire inflator from the table with his right hand.,can@@@@@inhaler@@@@@bicycle
35.85783,C inserts the valve into the nozzle of the tire inflator with his left hand.,inhaler
40.32417,C places the tire inflator on the table with his right hand.,can
41.8372,C holds the tube with his hands.,can@@@@@syringe@@@@@hat@@@@@aerosol_can
51.79978,C drops the tube on the floor with his right hand.,bottle@@@@@can@@@@@canister@@@@@pipe@@@@@aerosol_can
54.81226,C picks the wheel from the floor with his right hand.,wheelchair@@@@@can@@@@@motorcycle@@@@@wheel@@@@@chair@@@@@train_(railroad_vehicle)@@@@@bicycle
55.21435,C holds the wheel with his hands.,wheel@@@@@person
56.32314,C removes the tire from the wheel with his right hand.,wheelchair@@@@@can@@@@@motorcycle@@@@@wheel@@@@@chair@@@@@train_(railroad_vehicle)@@@@@bicycle
57.3417,C drops the wheel on the floor with his left hand.,wheel
59.55284,C rotates the tire with his hands.,wheel
100.66575,C rotates the tire with his hands.,wheel
115.68409,C holds the wheel with his hands.,wheel@@@@@person
116.12723,C drops the wheel on the floor with his hands.,wheel
118.53497,C holds the tube with his hands.,can@@@@@syringe@@@@@hat@@@@@aerosol_can
118.70164,C removes the rubber band on the tube with his left hand.,rubber_band
119.83496,C passes the rubber band from his left hand to his right hand.,rubber_band
120.3456,C drops the rubber band on the table with his right hand.,rubber_band
120.77934,C holds the tube with his hands.,can@@@@@syringe@@@@@hat@@@@@aerosol_can
134.82167,C picks the tire inflator from the table with his right hand.,can@@@@@inhaler@@@@@bicycle
139.87708,C places the tire inflator on the table with his right hand.,can
142.044,C picks the wheel  from the floor with his left hand.,wheel
143.22445,C holds the wheel with his hands.,wheel@@@@@person
143.36862,C drops the wheel on the floor with his hands.,wheel
148.45814,C inserts the tube into the tire with his right hand.,person
160.03486,C holds the wheel with his hands.,wheel@@@@@person
160.38714,C inserts the edges of the tire into the rim with his hands.,wheel
161.27073,C picks the wheel from the floor with his hands.,person
162.78778,C inserts the edges of the tire into the rim with his hands.,wheel
177.93799,C holds the valve with his right hand.,person
181.39552,C holds the spoke of the wheel with his right hand.,wheel@@@@@person
181.89564,C shakes the wheel with his hands.,wheel@@@@@person
183.94832,C holds the valve with his right hand.,person
186.57842,C picks the tire inflator from the table with his right hand.,can@@@@@inhaler@@@@@bicycle
187.4185,C places the wheel on the floor with his left hand.,wheelchair@@@@@wheel@@@@@chair
188.43112,C places the tire inflator nozzle on the valve with his right hand.,inhaler@@@@@pen@@@@@dispenser
189.23988,C inflates the tire with the tire inflator in his right hand.,atomizer@@@@@can@@@@@wheel@@@@@inhaler
194.57615,C picks the wheel from the floor with his left hand.,wheel@@@@@person
194.71234,C places the tire inflator on the table with his right hand.,can
196.43931,C holds the wheel with his hands.,wheel@@@@@person
202.34632,C rotates the wheel with his hands.,tricycle@@@@@wheelchair@@@@@motorcycle@@@@@wheel@@@@@chair@@@@@unicycle@@@@@person@@@@@bicycle
203.27923,C inserts the edges of the tire into the rim with his hands.,wheel
204.5221,C rotates the wheel with his hands.,tricycle@@@@@wheelchair@@@@@motorcycle@@@@@wheel@@@@@chair@@@@@unicycle@@@@@person@@@@@bicycle
206.81821,C inserts the edges of the tire into the rim with his hands.,wheel
207.87638,C rotates the wheel with his hands.,tricycle@@@@@wheelchair@@@@@motorcycle@@@@@wheel@@@@@chair@@@@@unicycle@@@@@person@@@@@bicycle
210.93949,C inserts the edges of the tire into the rim with his hands.,wheel
213.06011,C rotates the wheel with his hands.,tricycle@@@@@wheelchair@@@@@motorcycle@@@@@wheel@@@@@chair@@@@@unicycle@@@@@person@@@@@bicycle
213.97904,C inserts the edges of the tire into the rim with his hands.,wheel
215.80606,C picks the tire inflator from the table with his right hand.,can@@@@@inhaler@@@@@bicycle
216.14513,C drops the wheel on the floor with his left hand.,wheel
216.93562,C places the tire inflator nozzle on the valve with his right hand.,inhaler@@@@@pen@@@@@dispenser
217.5381,C inflates the tire with the tire inflator in his right hand.,atomizer@@@@@can@@@@@wheel@@@@@inhaler
226.06334,C places the tire inflator on the table with his right hand.,can
226.82027,C picks the wheel from the floor with his left hand.,wheel@@@@@person
227.4331,C holds the wheel with his hands.,wheel@@@@@person
232.38957,C inserts the edges of the tire into the rim with his hands.,wheel
238.63181,C inserts the edges of the tire into the rim with his hands.,wheel
245.18766,C drops the wheel on the floor with his left hand.,wheel
245.42099,C picks the tire inflator from the table with his right hand.,can@@@@@inhaler@@@@@bicycle
247.81987,C places the tire inflator nozzle on the valve with his right hand.,inhaler@@@@@pen@@@@@dispenser
248.54846,C inflates the tire with the tire inflator in his right hand.,atomizer@@@@@can@@@@@wheel@@@@@inhaler
251.49514,C places the tire inflator on the table with his right hand.,can
252.78536,C picks the wheel from the floor with his left hand.,wheel@@@@@person
253.18034,C holds the wheel with his hands.,wheel@@@@@person
256.38354,C inserts the edges of the tire into the rim with his hands.,wheel
263.98232,C picks the tire inflator from the table with his right hand.,can@@@@@inhaler@@@@@bicycle
264.32256,C drops the wheel on the floor with his left hand.,wheel
264.96085,C places the tire inflator nozzle on the valve with his right hand.,inhaler@@@@@pen@@@@@dispenser
265.47299,C inflates the tire with the tire inflator in his right hand.,atomizer@@@@@can@@@@@wheel@@@@@inhaler
275.11482,C picks the wheel from the floor with his left hand.,wheel@@@@@person
275.28596,C places the tire inflator on the table with his right hand.,can
276.3477,C holds the wheel with his hands.,wheel@@@@@person
279.68233,C inserts the edges of the tire into the rim with his hands.,wheel
281.62956,C drops the wheel on the floor with his left hand.,wheel
281.79622,C picks the tire inflator from the table with his right hand.,can@@@@@inhaler@@@@@bicycle
282.79138,C places the tire inflator nozzle on the valve with his right hand.,inhaler@@@@@pen@@@@@dispenser
283.45693,C inflates the tire with the tire inflator in his right hand.,atomizer@@@@@can@@@@@wheel@@@@@inhaler
290.31464,C picks the wheel from the floor with his left hand.,wheel@@@@@person
290.48346,C places the tire inflator on the table with his right hand.,can
291.19591,C holds the wheel with his hands.,wheel@@@@@person
293.49935,C inserts the edges of the tire into the rim with his hands.,wheel
300.08135,C turns the wheel with his hands.,wheel@@@@@person
302.71303,C inserts the edges of the tire into the rim with his hands.,wheel
307.64935,C picks the tire inflator from the table with his right hand.,can@@@@@inhaler@@@@@bicycle
307.7106,C places the wheel on the floor with his left hand.,wheelchair@@@@@wheel@@@@@chair
308.52969,C places the tire inflator nozzle on the valve with his right hand.,inhaler@@@@@pen@@@@@dispenser
309.00431,C inflates the tire with the tire inflator in his right hand.,atomizer@@@@@can@@@@@wheel@@@@@inhaler
316.53344,C places the tire inflator on the table with his right hand.,can
317.04028,C picks the wheel from the floor with his left hand.,wheel@@@@@person
317.65254,C holds the wheel with his hands.,wheel@@@@@person
321.18813,C turns the wheel with his hands.,wheel@@@@@person
331.90163,C holds the wheel with his hands.,wheel@@@@@person
1.75074,C picks a wheel from the floor with his right hand.,wheel
3.04254,C holds the wheel with both hands.,wheel@@@@@person
5.348,C holds the wheel with his left hand.,wheel@@@@@person
6.03063,C holds the wheel with his right hand.,wheel@@@@@person
6.95962,C holds the wheel with his right hand.,wheel@@@@@person
7.99897,C holds the wheel with his left hand.,wheel@@@@@person
9.69449,C holds the wheel with his right hand.,wheel@@@@@person
17.28278,C places the tire lever on the table with his right hand.,can@@@@@dining_table@@@@@handle@@@@@kitchen_table
22.038,C holds the wheel with his right hand.,wheel@@@@@person
22.67281,C holds the wheel with his left hand.,wheel@@@@@person
23.63132,C places the wheel on the floor with his left hand.,wheelchair@@@@@wheel@@@@@chair
23.98998,C pulls the tube from the wheel with his right hand.,wheel@@@@@person
25.34029,C adjusts the wheel from the rim with both hands.,wheel@@@@@person
27.0656,C picks the tube from the rim hole with his right hand.,person
29.99402,C adjusts the wheel on the floor with both hands.,wheel@@@@@person
30.98426,C picks the wheel from the floor with his left hand.,wheel@@@@@person
31.79744,C places the wheel on the floor with his left hand.,wheelchair@@@@@wheel@@@@@chair
40.52398,C places the air pump on the table with his right hand.,can
47.77727,C moves his right index finger on the tube.,bottle@@@@@can@@@@@canister@@@@@pipe@@@@@aerosol_can
48.35896,C moves his right thumb on the tube.,bottle@@@@@can@@@@@canister@@@@@pipe@@@@@aerosol_can
50.40655,C holds the tube with both hands.,bottle@@@@@can@@@@@canister@@@@@pipe@@@@@aerosol_can
50.53871,C moves his right thumb on the tube.,bottle@@@@@can@@@@@canister@@@@@pipe@@@@@aerosol_can
52.39352,C places the tube on the floor with his right hand.,bottle@@@@@can@@@@@canister@@@@@pipe@@@@@aerosol_can
54.68122,C holds the wheel on the floor with his right hand.,wheelchair@@@@@can@@@@@motorcycle@@@@@wheel@@@@@chair@@@@@train_(railroad_vehicle)@@@@@bicycle
55.32758,C removes the rim from the tire with his left hand.,wheelchair@@@@@can@@@@@motorcycle@@@@@wheel@@@@@chair@@@@@train_(railroad_vehicle)@@@@@bicycle
57.12422,C picks the tire from the floor with his right hand.,wheelchair@@@@@can@@@@@motorcycle@@@@@wheel@@@@@chair@@@@@train_(railroad_vehicle)@@@@@bicycle
59.954,C holds the tire with both hands.,wheel
60.50976,C holds the tire with both hands.,wheel
100.47434,C holds the tire with both hands.,wheel
101.25305,C holds the tire with both hands.,wheel
101.80989,C holds the tire with his right hand.,wheel
113.14051,C holds the wheel with both hands.,wheel@@@@@person
113.27386,C observes the wheel in his hands.,wheel@@@@@person
116.25944,C places the wheel on the floor with both hands.,wheel
119.161,C removes a band from the tube with his left hand.,rubber_band
120.02179,C passes the band from his left hand to his right hand.,rubber_band
120.383,C drops the band on the table with his right hand.,rubber_band
134.651,C picks the air pump from the table with his right hand.,can@@@@@wheel@@@@@hand_glass@@@@@bicycle
140.01858,C places the air pump on the table with his right hand.,can
141.80317,C picks the wheel from the floor with his left hand.,wheel@@@@@person
143.13464,C holds the wheel with both hands.,wheel@@@@@person
143.68942,C places the wheel on the floor with both hands.,wheel
148.10446,C sets the tube into the wheel with his right hand.,person
149.22832,C sets the tube into the wheel with both hands.,person
160.16128,C sets the rim into the tire with both hands.,person
162.49576,C picks the wheel from the floor with both hands.,person
163.19129,C sets the rim into the tire with both hands.,person
177.95979,C pulls the tube valve from the rim hole with his right hand.,person
181.534,C shakes the rim in the wheel with the spoke in his right hand.,wheel@@@@@person
181.86335,C holds the wheel with his left hand.,wheel@@@@@person
186.37816,C picks the air pump from the table with his right hand.,can@@@@@wheel@@@@@hand_glass@@@@@bicycle
187.42092,C places the wheel on the floor with his left hand.,wheelchair@@@@@wheel@@@@@chair
188.85254,C places the air pump in his right hand on the tube valve of the wheel.,wheelchair@@@@@wheel@@@@@chair
189.25513,C pumps the tube in the wheel with the air pump in his right hand.,wheel@@@@@steering_wheel@@@@@pen@@@@@dispenser
194.63986,C picks the wheel from the floor with his left hand.,wheel@@@@@person
194.73986,C places the air pump on the table with his right hand.,can
196.5109,C holds the wheel with both hands.,wheel@@@@@person
196.67084,C observes the wheel in his hands.,wheel@@@@@person
200.55223,C flips the wheel with both hands.,wheel@@@@@person
201.11277,C observes the wheel in his hands.,wheel@@@@@person
203.22339,C adjusts the wheel with both hands.,wheel@@@@@person
204.29882,C holds the wheel with both hands.,wheel@@@@@person
206.63822,C adjusts the wheel with both hands.,wheel@@@@@person
208.22195,C holds the wheel with both hands.,wheel@@@@@person
210.50585,C adjusts the wheel with both hands.,wheel@@@@@person
212.89379,C holds the wheel with both hands.,wheel@@@@@person
213.96653,C adjusts the wheel with both hands.,wheel@@@@@person
215.65258,C picks the air pump from the table with his right hand.,can@@@@@wheel@@@@@hand_glass@@@@@bicycle
216.22839,C places the wheel on the floor with his left hand.,wheelchair@@@@@wheel@@@@@chair
217.01772,C places the air pump in his right hand on the tube valve of the wheel.,wheelchair@@@@@wheel@@@@@chair
217.47145,C pumps the tube in the wheel with the air pump in his right hand.,wheel@@@@@steering_wheel@@@@@pen@@@@@dispenser
218.55142,C adjusts the wheel on the floor with his left hand.,tricycle@@@@@can@@@@@motorcycle@@@@@wheel@@@@@motor_scooter@@@@@unicycle@@@@@train_(railroad_vehicle)@@@@@car_(automobile)@@@@@bicycle
226.26197,C places the air pump on the table with his right hand.,can
226.90126,C picks the wheel from the floor with his left hand.,wheel@@@@@person
227.49245,C holds the wheel with both hands.,wheel@@@@@person
231.96071,C adjusts the wheel with both hands.,wheel@@@@@person
234.635,C holds the wheel with both hands.,wheel@@@@@person
238.53517,C adjusts the wheel with both hands.,wheel@@@@@person
243.86565,C holds the wheel with both hands.,wheel@@@@@person
245.26286,C picks the air pump from the table with his right hand.,can@@@@@wheel@@@@@hand_glass@@@@@bicycle
245.292,C places the wheel on the floor with his left hand.,wheelchair@@@@@wheel@@@@@chair
247.98816,C places the air pump in his right hand on the tube valve of the wheel.,wheelchair@@@@@wheel@@@@@chair
248.598,C pumps the tube in the wheel with the air pump in his right hand.,wheel@@@@@steering_wheel@@@@@pen@@@@@dispenser
251.59315,C places the air pump on the table with his right hand.,can
252.97313,C picks the wheel from the floor with his left hand.,wheel@@@@@person
253.196,C holds the wheel with both hands.,wheel@@@@@person
255.64472,C holds the wheel with both hands.,wheel@@@@@person
256.07511,C adjusts the wheel with both hands.,wheel@@@@@person
263.807,C picks the air pump from the table with his right hand.,can@@@@@wheel@@@@@hand_glass@@@@@bicycle
264.4836,C places the wheel on the floor with his left hand.,wheelchair@@@@@wheel@@@@@chair
265.16,C places the air pump in his right hand on the tube valve of the wheel.,wheelchair@@@@@wheel@@@@@chair
265.35761,C pumps the tube in the wheel with the air pump in his right hand.,wheel@@@@@steering_wheel@@@@@pen@@@@@dispenser
275.158,C picks the wheel from the floor with his left hand.,wheel@@@@@person
275.3437,C places the air pump on the table with his right hand.,can
276.39853,C holds the wheel with both hands.,wheel@@@@@person
276.55887,C observes the wheel in his hands.,wheel@@@@@person
279.05587,C holds the wheel with both hands.,wheel@@@@@person
279.323,C adjusts the wheel with both hands.,wheel@@@@@person
281.699,C picks the air pump from the table with his right hand.,can@@@@@wheel@@@@@hand_glass@@@@@bicycle
282.00468,C places the wheel on the floor with his left hand.,wheelchair@@@@@wheel@@@@@chair
282.93251,C places the air pump in his right hand on the tube valve of the wheel.,wheelchair@@@@@wheel@@@@@chair
283.29598,C pumps the tube in the wheel with the air pump in his right hand.,wheel@@@@@steering_wheel@@@@@pen@@@@@dispenser
290.32152,C picks the wheel from the floor with his left hand.,wheel@@@@@person
290.52152,C places the air pump on the table with his right hand.,can
291.182,C holds the wheel with both hands.,wheel@@@@@person
291.33981,C observes the wheel in his hands.,wheel@@@@@person
292.98423,C adjusts the wheel with both hands.,wheel@@@@@person
300.05022,C flips the wheel with both hands.,wheel@@@@@person
300.85745,C observes the wheel in his hands.,wheel@@@@@person
303.18414,C adjusts the wheel with both hands.,wheel@@@@@person
307.58158,C picks the air pump from the table with his right hand.,can@@@@@wheel@@@@@hand_glass@@@@@bicycle
307.98589,C places the wheel on the floor with his left hand.,wheelchair@@@@@wheel@@@@@chair
308.66041,C places the air pump in his right hand on the tube valve of the wheel.,wheelchair@@@@@wheel@@@@@chair
308.92166,C pumps the tube in the wheel with the air pump in his right hand.,wheel@@@@@steering_wheel@@@@@pen@@@@@dispenser
316.602,C places the air pump on the table with his right hand.,can
317.04069,C picks the wheel from the floor with his left hand.,wheel@@@@@person
317.689,C holds the wheel with both hands.,wheel@@@@@person
317.8154,C observes the wheel in his hands.,wheel@@@@@person
321.15379,C flips the wheel with both hands.,wheel@@@@@person
321.6331,C observes the wheel in his hands.,wheel@@@@@person
323.68175,C moves his right hand on the wheel.,wheel@@@@@person
324.99282,C moves his left hand on the wheel.,wheel@@@@@person
328.39886,C moves his right hand on the wheel.,wheel@@@@@person
328.93816,C holds the wheel with both hands.,wheel@@@@@person
331.92928,C takes the wheel from his left hand with his right hand.,wheel@@@@@person
333.11456,C holds the wheel with both hands.,wheel@@@@@person
