timestamp,narration,object
0.84704,C moves a spoon from a tray with his left hand.,spoon@@@@@tray
5.52626,C turns a knob of the tap with his right hand.,knob
8.60043,C places the spring onion stick on the tray with both hands.,tray@@@@@ring
10.10001,C places his left hand on the green vegetables inside the table tray.,tray
10.49267,C takes the green vegetables from the table tray with both hands.,tray
12.21583,C takes some green vegetables from the table tray with his left hand.,tray
12.27735,C puts the green vegetables inside the table tray with his right hand.,tray
15.0865,C turns the knob of the tap with his right hand.,knob
16.36263,C picks a paper towel from a steel box of paper towel with his right hand.,box@@@@@towel
17.65415,C places the green vegetables on the paper towel in his right hand with his left hand.,towel@@@@@green_onion@@@@@paper_towel
18.46495,C wraps the green vegetables in the paper towel with both hands.,towel@@@@@green_onion@@@@@paper_towel
22.30611,C places the wrapped green vegetables on the tray with his left hand.,tray@@@@@green_onion
25.9048,C picks an onion from the tray with his left hand.,tray@@@@@green_onion
26.395,C takes a knife from the countertop with his right hand.,knife
26.61681,C holds the onion on the chopping board with his left hand.,green_onion@@@@@chopping_board
27.27517,C moves the onion on the chopping board with his left hand.,green_onion@@@@@chopping_board
28.14467,C cuts the onion with the knife in his right hand.,green_onion@@@@@knife
32.44788,C moves the onion slices on the chopping board with the knife in his right hand.,green_onion@@@@@chopping_board@@@@@knife
32.97798,C takes the onion from the chopping board with his left hand.,green_onion@@@@@chopping_board
33.3464,C places the onion on the tray with his left hand.,tray@@@@@green_onion
34.00487,C moves the onion slices from the knife on his right hand to the chopping board with his left hand.,green_onion@@@@@can@@@@@chopping_board@@@@@knife
35.48466,C takes red pepper from the tray with his left hand.,tray@@@@@can
36.32639,C holds the red pepper on the chopping board with his left hand.,chopping_board
36.54907,C moves the red pepper on the chopping board with his left hand.,chopping_board
37.02281,C cuts the red pepper with the knife in his right hand.,knife
40.63288,C moves the pepper on the chopping board with his left hand.,chopping_board
41.274,C slices the pepper with the knife in his right hand.,pepper_mill@@@@@knife
47.61938,C holds the carrot on the chopping board with his left hand.,chopping_board
47.8453,C cuts the stem of the carrot with the knife in his right hand.,knife
50.07248,C turns the carrot on the chopping board with his left hand.,chopping_board
51.26316,C cuts the carrot with the knife in his right hand.,knife
60.23693,C places his left hand on the knife.,knife
62.62771,C picks a carrot from the chopping board with his left hand.,chopping_board
63.15292,C places the carrot on the tray with his left hand.,tray
63.82709,C adjusts the carrots on the chopping board with his left hand.,chopping_board
66.009,C adjusts the carrots on the chopping board with the knife and his left hand.,chopping_board@@@@@knife
66.38102,C holds the carrot on the chopping board with his left hand.,chopping_board
66.5431,C cuts the carrot on the chopping board with the knife in his right hand.,chopping_board@@@@@knife
83.57515,C arranges the carrots on the chopping board with his left hand.,chopping_board
84.92019,C moves dome carrots on the chopping board with his left hand.,chopping_board
85.82702,C moves some carrots on the chopping board with his left hand.,chopping_board
88.06754,C slices the carrots on the chopping board  with the knife in his right hand.,chopping_board@@@@@knife
95.43685,C moves the carrots on the chopping board with his left hand.,chopping_board
96.58085,C slices the carrots on the chopping board with the knife in his right hand.,chopping_board@@@@@knife
107.62752,C moves the carrot slices on the chopping board with the knife in his right hand.,chopping_board@@@@@knife
109.05695,C moves carrot slices from the knife with his left hand.,knife
109.92701,C moves some carrot slices on the chopping board with his left hand.,chopping_board
110.89818,C takes the spring onion stick from the tray with his left hand.,tray@@@@@ring
111.404,C places the spring onion stick on the chopping board with his left hand.,green_onion@@@@@chopping_board
111.75059,C cuts the bulb of the spring onion on the chopping board with the knife in his right hand.,chopping_board@@@@@knife
111.94735,C moves the bulb of the spring onion with the knife on the chopping board.,chopping_board@@@@@knife
112.003,C turns the spring onion on the chopping board with his left hand.,chopping_board
112.71594,C cuts the tip of the spring onion on the chopping board with the knife in his right hand.,chopping_board@@@@@knife
112.78209,C puts the spring onion on the chopping board with his left hand.,chopping_board
113.27666,C picks the tip and bulb of the spring onion from the chopping board with his left hand.,chopping_board
114.66347,C moves the spring onion on the chopping board with his left hand.,green_onion@@@@@chopping_board
115.20265,C cuts the spring onion on the chopping board with the knife in her right hand.,green_onion@@@@@chopping_board@@@@@knife
115.4539,C moves the spring onion on the chopping board with his left hand.,green_onion@@@@@chopping_board
116.15965,C cuts the spring onion on the chopping board with the knife in his right hand.,green_onion@@@@@chopping_board@@@@@knife
120.77122,C moves the spring onions on the chopping board with his left hand.,green_onion@@@@@chopping_board
122.16361,C slices the spring onions on the chopping board with the knife in his right hand.,hose@@@@@green_onion@@@@@chopping_board@@@@@knife
130.05435,C moves the spring onion slices on the chopping board with the knife in his right hand.,chopping_board@@@@@knife
130.9481,C moves the spring onion slices from the knife with his left hand.,green_onion@@@@@knife@@@@@ring
132.95955,C puts the knife on the countertop with his right hand.,kitchen_table@@@@@knife
133.08306,C picks the wrapped green vegetables from the tray with his left hand.,tray@@@@@lettuce
133.95268,C unwraps the green vegetables from the paper towel with both hands.,towel@@@@@lettuce@@@@@paper_towel
135.87516,C takes the green vegetables from the paper towel with his left hand.,towel@@@@@lettuce@@@@@paper_towel
136.7,C puts the paper towel in the small table pan on the countertop with his right hand.,pan_(metal_container)@@@@@towel@@@@@paper_towel
136.80016,C puts the green vegetables on the chopping board with his left hand.,lettuce@@@@@chopping_board
137.6011,C takes the knife from the countertop with his right hand.,kitchen_table@@@@@knife
137.97565,C adjusts the green vegetables on the chopping board with his left hand.,lettuce@@@@@chopping_board
139.14278,C cuts the green vegetables on the chopping board with the knife in his right hand.,lettuce@@@@@chopping_board@@@@@knife
145.435,C moves the green vegetable slices on the chopping board with the knife in his right hand.,lettuce@@@@@chopping_board@@@@@knife
146.44877,C takes some green vegetable slices from the chopping board with his left hand.,lettuce@@@@@chopping_board
147.41108,C puts the green vegetable slices in the small table tray on the countertop with his left hand.,tray@@@@@lettuce
147.77486,C moves the green vegetable slices from the knife with his left hand.,green_onion@@@@@knife
150.316,C puts the knife on the countertop with his right hand.,kitchen_table@@@@@knife
150.543,C places his left hand on a white napkin on the countertop.,napkin
151.01407,C takes a stainless bowl from the countertop with his left hand.,bowl
154.381,C puts the stainless bowl beneath the chopping board with his left hand.,chopping_board@@@@@bowl
154.91541,C transfers the salad from the chopping board into the stainless bowl with his right hand.,chopping_board@@@@@bowl
159.285,C places his right hand on the white napkin on the countertop.,person@@@@@towel@@@@@hand_towel
160.02322,C packs some nuts from a plastic bowl on the countertop with his right hand.,person@@@@@bowl
160.99236,C pours the nuts in the stainless bowl with his with his right hand.,person@@@@@bowl
161.59034,C dips his right hand into a small steel bowl with oil on the countertop.,person@@@@@bowl
162.31713,C flicks the oil on the salad in the stainless bowl with his right hand.,person@@@@@bowl
163.46239,C picks a bottle of spice from the countertop with his right hand.,person@@@@@bottle
164.16428,C adds the spice from the spice bottle into the salad with his right hand.,person@@@@@bottle
171.88051,C puts the bottle of spice on the countertop with his right hand.,kitchen_table@@@@@bottle
172.3462,C picks a plate from the countertop with his right hand.,plate@@@@@kitchen_table
173.15558,C places the plate on the chopping board with his right hand.,plate@@@@@chopping_board
173.868,C picks a spoon from the tray with his right hand.,spoon@@@@@tray
174.88427,C stirs the salad with a spoon in his right hand.,spoon@@@@@can@@@@@bowl
185.01341,C moves the salad in the stainless bowl with the spoon in his right hand.,spoon@@@@@bowl
189.11462,C scoops some salad from the stainless bowl with the spoon in his right hand.,spoon@@@@@bowl
191.14686,C pours the salad into the plate on the countertop with the spoon in his right hand.,spoon@@@@@plate
192.71162,C moves the salad in the stainless bowl with the spoon in his right hand.,spoon@@@@@bowl
193.93573,C scoops some salad from the stainless bowl with the spoon in his right hand.,spoon@@@@@bowl
195.61963,C pours the salad into the plate on the countertop with the spoon in his right hand.,spoon@@@@@plate
197.92081,C moves the salad in the stainless bowl with the spoon in his right hand.,spoon@@@@@bowl
199.32462,C scoops some salad from the stainless bowl with the spoon in his right hand.,spoon@@@@@bowl
200.40975,C pours the salad into the plate on the countertop with the spoon in his right hand.,spoon@@@@@plate
203.02506,C places the spoon in the stainless bowl with his right hand.,spoon@@@@@bowl
204.49294,C moves the plate on the chopping board with his right hand.,plate@@@@@chopping_board
0.85351,C picks a spoon from a tray on the kitchen countertop with his left hand.,spoon@@@@@tray
1.36866,C places the spoon on the tray with his left hand.,spoon@@@@@tray
5.37089,C opens the faucet lever with his left hand.,faucet
8.56483,C places the celery on the tray with both hands.,tray
13.20267,C rinses the cilantro into the sink with both hands.,sink
15.30436,C closes the faucet lever with his right hand.,faucet
22.39385,C places the wrapped cilantro on the tray with his left hand.,tray@@@@@green_onion@@@@@lettuce
25.82767,C picks an onion from the tray with his left hand.,tray@@@@@green_onion
26.61118,C places the onion on the chopping board with his left hand.,green_onion@@@@@chopping_board
26.78058,C picks the knife from the kitchen countertop with his right hand.,kitchen_table@@@@@knife
28.13943,C slices the onion on the chopping board with the knife in his right hand.,green_onion@@@@@chopping_board@@@@@knife
32.39405,C adjusts the onions on the chopping board with the knife in his right hand.,green_onion@@@@@chopping_board@@@@@knife
32.85296,C picks the onion from the chopping board with his left hand.,green_onion@@@@@can@@@@@chopping_board
33.334,C places the onion on the tray with his left hand.,tray@@@@@green_onion
33.99507,C wipes off the onion from the knife with his left hand.,green_onion@@@@@can@@@@@knife
35.56113,C picks a bell pepper from the tray with his left hand.,tray
36.24477,C places the bell pepper on the chopping board with his left hand.,chopping_board
37.04098,C slices the bell pepper on the chopping board with the knife in his right hand.,chopping_board@@@@@knife
40.57588,C adjusts the bell pepper on the chopping board with his left hand.,chopping_board
41.14336,C dices the bell pepper on the chopping board with the knife in his right hand.,chopping_board@@@@@knife
46.06,C adjusts the bell pepper on the chopping board with the knife in his right hand.,chopping_board@@@@@knife
47.73139,C slices the stem of the carrot on the chopping board with the knife in his right hand.,chopping_board@@@@@knife
49.44776,C places the stem in a trash can with his left hand.,trash_can@@@@@can
50.03531,C adjusts the carrot on the chopping board with his left hand.,chopping_board
51.08357,C slices the carrot on the chopping board with the knife in his right hand.,chopping_board@@@@@knife
62.51903,C picks the carrot from the chopping board with his left hand.,chopping_board
63.17913,C places the carrot on the tray with his left hand.,tray
63.77857,C adjusts the carrots on the chopping board with his left hand.,chopping_board
66.80137,C slices the carrot on the chopping board with the knife in his right hand.,chopping_board@@@@@knife
84.82432,C adjusts the carrots on the chopping board with his left hand.,chopping_board
88.55607,C dices the carrots on the chopping board with the knife in his right hand.,chopping_board@@@@@knife
107.72647,C adjusts the carrot on the chopping board with the knife in his right hand.,chopping_board@@@@@knife
108.972,C wipes off the carrot from the knife with his left hand.,knife
109.92791,C adjusts the carrot on the chopping board with his left hand.,chopping_board
110.87605,C picks the celery from the tray with his left hand.,tray
111.35,C places the celery on the chopping board with his left hand.,chopping_board
111.70127,C slices the celery head with the knife in his right hand.,knife
111.8489,C adjusts the celery on the chopping board with his left hand.,chopping_board
112.66414,C slices the celery leaf with the knife in his right hand.,knife
113.27658,C picks the celery leaf and head from the chopping board with his left hand.,chopping_board
114.07851,C places the celery leaf and head in the trash can with his left hand.,trash_can@@@@@can
114.65806,C adjusts the celery on the chopping board with his left hand.,chopping_board
115.369,C adjusts the celery on the chopping board with his left hand.,chopping_board
117.87788,C adjusts the celery on the chopping board with the knife in his right hand.,chopping_board@@@@@knife
118.17788,C adjusts the celery on the chopping board with his left hand.,chopping_board
120.6154,C adjusts the celery on the chopping board with his left hand.,chopping_board
129.76899,C adjusts the celery on the chopping board with the knife in his right hand.,chopping_board@@@@@knife
130.9586,C wipes off the celery from the knife with his left hand.,knife
132.67404,C places the knife on the kitchen countertop with his right hand.,kitchen_table@@@@@knife
133.0626,C picks the wrapped cilantro from the tray with his left hand.,tray@@@@@lettuce
135.02846,C picks the cilantro from the tissue with his left hand.,lettuce
136.58784,C places the cilantro on the chopping board with his left hand.,lettuce@@@@@chopping_board
136.657,C places the tissue in the trash can with his right hand.,trash_can@@@@@can
137.32443,C picks the knife from the kitchen countertop with his right hand.,kitchen_table@@@@@knife
139.15873,C slices the cilantro on the chopping board with the knife in his right hand.,green_onion@@@@@chopping_board@@@@@knife
144.87794,C adjusts the cilantro on the chopping board with the knife in his right hand.,green_onion@@@@@chopping_board@@@@@knife
144.897,C picks cilantro from the chopping board with his left hand.,green_onion@@@@@chopping_board
147.39421,C places the cilantro in the trash can with his left hand.,trash_can@@@@@green_onion@@@@@can
150.09157,C places the knife on the kitchen countertop with his right hand.,kitchen_table@@@@@knife
150.39722,C wipes his left hand with the napkin on the kitchen countertop.,napkin
150.96044,C picks a bowl from the kitchen countertop with his left hand.,bowl
151.6078,C pours the water in the bowl into the sink with his left hand.,bowl@@@@@sink
154.27074,C places the bowl at the edge of the chopping board with his left hand.,chopping_board@@@@@bowl
154.8787,C pours the salad on the chopping board into the bowl with his right hand.,chopping_board@@@@@bowl
159.204,C wipes his right hand with the napkin on the kitchen countertop.,napkin
159.24476,C places the bowl on the chopping board with his left hand.,chopping_board@@@@@bowl
160.943,C pours the peanut into the bowl with his right hand.,person@@@@@bowl
161.70953,C scoops garlic from a container with his right hand.,person@@@@@garlic
162.40027,C pours the garlic into the bowl with his right hand.,person@@@@@garlic@@@@@bowl
163.35221,C picks the bowl from the chopping board with his left hand.,person@@@@@chopping_board@@@@@bowl
163.51154,C picks a bottle of sesame ginger dressing with his right hand.,person@@@@@bottle
164.06577,C pours the sesame ginger dressing into the bowl with his right hand.,person@@@@@bowl@@@@@bottle
171.74709,C places the bottle of sesame ginger dressing on the kitchen countertop with his right hand.,kitchen_table@@@@@bottle
172.34342,C picks a plate from the kitchen countertop with his right hand.,plate@@@@@kitchen_table
172.95439,C places the plate on the chopping board with his right hand.,plate@@@@@chopping_board
173.74371,C picks the spoon from the tray with his right hand.,spoon@@@@@tray
174.76672,C stirs the sesame ginger Asian salad in the bowl with the spoon in his right hand.,spoon@@@@@bowl
189.14149,C scoops sesame ginger Asian salad from the bowl with the spoon in his right hand.,spoon@@@@@bowl
191.12364,C pours the sesame ginger Asian salad into the plate with the spoon in his right hand.,spoon@@@@@plate
192.77118,C gathers the sesame ginger Asian salad in the bowl with the spoon in his right hand.,spoon@@@@@bowl
193.79145,C scoops sesame ginger Asian salad from the bowl with the spoon in his right hand.,spoon@@@@@bowl
195.57108,C pours the sesame ginger Asian salad into the plate with the spoon in his right hand.,spoon@@@@@plate
198.01061,C gathers the sesame ginger Asian salad in the bowl with the spoon in his right hand.,spoon@@@@@bowl
199.08217,C scoops sesame ginger Asian salad from the bowl with the spoon in his right hand.,spoon@@@@@bowl
200.342,C pours the sesame ginger Asian salad into the plate with the spoon in his right hand.,spoon@@@@@plate
202.81662,C places the spoon in the bowl with his right hand.,spoon@@@@@bowl
204.62886,C adjusts the plate of sesame ginger Asian salad with his right hand.,plate@@@@@salad
205.57261,C adjusts the sesame ginger Asian salad in the plate with his right hand.,plate@@@@@salad
