timestamp,narration,object
0.44066,C holds a bicycle tyre with both hands.,wheel
0.85397,C moves his left hand on the bicycle wheel.,wheel
2.25458,C removes his left hand from the wheel.,wheel
2.62331,C rotates the wheel in his right hand a quarter turn.,wheel
2.88817,C places his left hand on the bicycle wheel.,wheel
4.16739,C places the wheel on the floor with his left hand.,wheel
4.99567,C pulls the chain of the bicycle to himself with his right hand.,bicycle
9.37411,C puts the wheel in his left hand in-between the chain stay.,bicycle@@@@@wheel
12.2052,C fits the chain of the bicycle around the cassette of the wheel with his right hand,cassette
15.2825,C hits the rear derailleur with his right hand.,bicycle
16.14139,C pulls the chain of the bicycle with his right hand.,bicycle
17.53719,C draws down the rear derailleur with his right hand.,bicycle
18.71836,C places his right hand on the rear wheel of the bicycle.,wheel
18.85169,C rolls the wheel forward gently with both hands.,wheel
20.23833,C adjusts the right dropouts with his right hand.,bicycle
20.58426,C slightly moves the wheel up and down with his left hand.,wheel
23.18925,C adjusts the left dropouts with his left hand.,bicycle
28.79484,C tightens a nut on the back wheel  with his right hand.,bicycle
31.03311,C tightens a nut on the back wheel  with his left hand.,bicycle
41.22416,C picks a socket wrench from the table with his right hand.,wrench
41.25749,C picks a socket wrench from the table with his right hand.,wrench
43.37933,C fixes the socket wrench in his right hand into the nut on the wheel.,bicycle@@@@@wrench
44.70471,C fixes the socket wrench in his left hand into the nut on the wheel.,bicycle@@@@@wrench
45.13212,C tightens a nut with the socket wrench in his left hand.,wrench
48.97846,C tightens a nut with the socket wrench in his right hand.,wrench
58.68744,C tightens a nut with the socket wrench in his left hand.,wrench
64.11151,C tightens a nut with the socket wrench in his right hand.,wrench
71.53966,C tightens a nut with the socket wrench in his left hand.,wrench
76.23036,C tightens the grip of the wrench in his right hand on the nut in the wheel.,wrench@@@@@wheel
77.83912,C turns the socket wrench in his right hand.,wrench
78.32816,C turns the socket wrench in his left hand.,wrench
88.65824,C transfers the socket wrench in his left hand to his right hand.,wrench
90.2042,C adjusts a socket wrench in his right hand.,wrench
91.69212,C drops the socket wrench on the table with his right hand.,wrench
96.85186,C fixes the rear derail into the mounting bolt with his left hand.,bolt
102.82676,C fixes the short end of the T-rod into the rear derailleur with his left hand.,bicycle
109.2877,C fixes the short end of the T-rod into the rear derailleur with his left hand.,bicycle
111.643,C removes the T-rod from the rear derailleur.,bicycle
112.16666,C fixes the short end of the T-rod into the rear derailleur with his left hand.,bicycle
116.00781,C adjusts the T-rod from the rear derailleur.,bicycle
118.09052,C removes the T-rod from the rear derailleur.,bicycle
118.6172,C turns the grip of the bicycle with his right hand.,bicycle
119.09776,C turns the pedal of the bicycle with his left hand.,bicycle
134.07561,C presses the grip with his right hand.,bicycle
135.19101,C turns the pedal once with his left hand.,bicycle
138.1269,C forcefully holds the grip of the bicycle with his right hand.,bicycle
