timestamp,narration,object
2.76648,C touches the tire with his left hand.,bicycle
4.6943,C loosen a bolt from the bike gear with the spanner in his right hand.,bicycle
8.36891,C removes the gear with his left hand.,bicycle
8.95938,C puts the spanner in his right hand into the pocket of his apron.,apron
10.92936,C loosens the brake cable with his hands.,bicycle
13.13977,C picks a spanner with his right hand from his apron.,apron
15.17586,C places the spanner in his right hand on the bike hub.,bicycle
15.42594,C holds the bike wheel with his left hand.,bicycle
16.17805,C turns the spanner on the hub with his right hand.,bicycle
16.8887,C holds the bike wheel with his left hand.,bicycle
17.12168,C loosens the bolt in a hub with the spanner in his right hand.,bicycle
21.16699,C holds the bike wheel with his right hand.,bicycle
21.51926,C puts the spanner in his left hand on the bike hub.,bicycle
21.96032,C loosens the bolt on the hub with the spanner in his left hand.,bicycle
26.42638,C removes the bolt on the hub with his left hand.,bicycle
27.16378,C holds the bike wheel  with his left hand.,bicycle
27.53682,C removes the his right hand from the wheel.,bicycle
28.13735,C removes a chain from the cassette with his right.,bicycle
28.93114,C removes the wheel with his left hand.,bicycle
30.83758,C transfers the bike wheel in his left hand to right hand.,bicycle@@@@@wheel
32.32705,C puts the spanner into the pocket of his apron with his left hand.,apron
1.52474,C removes the tripod wrench from his pocket with his left hand.,tripod
2.09986,C passes the tripod wrench to his right hand.,tripod
2.71293,C places his left hand on the bicycle tire.,bicycle
4.1569,C holds the tripod wrench with his left hand.,tripod
4.43912,C unscrews the bicycle rear derailleur nut with the tripod wrench in both hands.,bicycle@@@@@tripod
8.48882,C removes the rear derailleur with his left hand.,bicycle
10.82034,C removes the brake caliper with both hands.,bicycle
15.1769,C inserts the wrench in the bicycle hub nut with his right hand.,bicycle
15.6553,C holds the bicycle wheel tire with his left hand.,bicycle
15.79358,C loosen the bicycle hub nut with the wrench in his right hand.,bicycle
17.05943,C holds the bicycle wheel rim with his left hand.,bicycle
18.49312,C removes the wrench from the bicycle wheel hub nut with his right hand.,bicycle
19.30998,C unscrews the bicycle wheel hub nut with his right hand.,bicycle
21.18937,C holds the bicycle wheel tire with his right hand.,bicycle
21.58985,C inserts the wrench in the bicycle hub nut with his right hand.,bicycle
22.21467,C loosen the bicycle hub nut with the wrench in his left hand.,bicycle
26.47329,C unscrews the bicycle wheel hub nut with his left hand.,bicycle
27.30177,C holds the bicycle wheel tire with his left hand.,bicycle
28.06276,C removes the bicycle wheel chain with his left hand.,bicycle
29.33,C removes the bicycle wheel from the bicycle with his left hand.,bicycle@@@@@wheel
30.9304,C passes the bicycle wheel to his right hand.,bicycle@@@@@wheel
