timestamp,narration,object
3.78881,C places his right hand on the wheel.,person@@@@@wheel
4.26295,C flips the wheel with his both hands.,person@@@@@wheel
6.96548,C holds the hub with his right hand.,person@@@@@wheel
7.11431,C places the wheel on his lap with his left hand.,person@@@@@wheel
7.85192,C touches the hub with his left hand.,person@@@@@wheel
9.99813,C places the wheel in between the bicycle fork with his left hand.,person@@@@@wheel@@@@@bicycle
12.28943,C touches the hub with his both hands.,person@@@@@wheel
14.06044,C picks up the chain with his right hand.,person
19.68446,C adjusts the wheel with his both hands.,person@@@@@wheel
25.88601,C adjusts the wheel with his right hand.,person@@@@@wheel
27.71446,C holds the fork with his left hand.,person@@@@@bicycle
29.47468,C holds the wheel with his left hand.,wheel
32.16411,C holds the wheel with his right hand.,person@@@@@wheel
34.26231,C takes out a wrench from his pocket with his left hand.,wrench
36.33373,C tightens the nut with a wrench in his left hand.,person@@@@@wrench
40.73137,C passes the wrench from his left hand to the right hand.,wrench
41.08249,C holds the wheel with his left hand.,wheel
42.50156,C tightens the nut with a wrench in his right hand.,wrench
51.81509,C touches the wheel with his left hand.,person@@@@@wheel
53.22927,C holds the wrench with his both hands.,wrench
53.94534,C tightens the nut with a wrench in his both hands.,wrench
59.48452,C tightens the nut with a wrench in his right hand.,wrench
65.01451,C tightens the nut with a wrench in his right hand.,wrench
71.97836,C tightens the nut with a wrench in his right hand.,wrench
78.28679,C holds the wheel with his left hand.,wheel
79.16538,C tightens the nut with a wrench in his right hand.,wrench
81.60315,C tightens the nut with a wrench in his both hands.,wrench
83.92892,C places the wrench in his pocket with his right hand.,wrench
84.43455,C takes out a wrench from his pocket with his left hand.,wrench
85.06496,C passes the wrench from his left hand to the right hand.,wrench
89.95427,C tightens the gear to the nut with a wrench in his both hands.,wrench
98.28478,C passes the wrench from his left hand to the right hand.,wrench
98.78767,C places the wrench in his pocket with his right hand.,wrench
122.02515,C spins the wheel with his left hand.,person@@@@@wheel
123.43393,C touches the wheel with his left hand.,person@@@@@wheel
3.823,C holds the wheel with his right hand.,person@@@@@wheel
6.88047,C holds the right hub with his right hand.,person@@@@@wheel
7.71085,C holds the left hub with his left hand.,person@@@@@wheel
8.61287,C picks the wheel from his right hand with his left hand.,person@@@@@wheel
10.02984,C places the wheel in between the forks with his left hand.,person@@@@@wheel@@@@@bicycle
12.1139,C holds the right hub with his right hand.,person@@@@@wheel
12.3518,C holds the left hub with his left hand.,person@@@@@wheel
13.91021,C picks the chain from under the wheel with his right hand.,person@@@@@wheel
14.402,C holds the wheel with his left hand.,wheel
15.5647,C attaches the chain to the right hub with his right hand.,person@@@@@wheel
19.28588,C holds the left hub with his left hand.,person@@@@@wheel
19.34792,C holds the right hub with his right hand.,person@@@@@wheel
20.44923,C fits the wheel to the bicycle with both hands.,person@@@@@wheel@@@@@bicycle
24.36646,C touches the spokes with his right hand.,person@@@@@wheel
25.201,C holds the right hub with his right hand.,person@@@@@wheel
25.9,C holds the wheel with his right hand.,person@@@@@wheel
27.481,C touches the chain stays with his left hand.,person@@@@@bicycle
27.92521,C holds the seat tube with his left hand.,person@@@@@bicycle
28.46202,C pushes down the bicycle with both hands.,person@@@@@bicycle
30.86418,C holds the right hub with his right hand.,person@@@@@wheel
32.035,C holds the wheel with his right hand.,person@@@@@wheel
34.26765,C picks a socket wrench from the tool jacket with his left hand.,person@@@@@wrench
36.02557,C places the socket wrench on the left hub nut with his left hand.,person@@@@@wrench
37.16797,C turns the left hub nut with the socket wrench in his left hand.,person@@@@@wrench
39.8888,C withdraws the socket wrench from the left hub nut with his left hand.,person@@@@@wrench
40.525,C passes the socket wrench from his left hand to his right hand.,person@@@@@wrench
41.07766,C holds the seat tube with his left hand.,person@@@@@bicycle
42.40296,C places the socket wrench on the right hub nut with his right hand.,sock@@@@@wrench
42.95717,C turns the right hub nut with the socket wrench in his right hand.,sock@@@@@wrench
46.02553,C withdraws the socket wrench from the right hub with his right hand.,sock@@@@@wrench
48.28419,C touches the chain stays with his left hand.,person@@@@@bicycle
53.24523,C places the socket wrench in his left hand with his right hand.,wrench
53.87784,C places the socket wrench on the left hub nut with both hands.,sock@@@@@wrench
54.64482,C turns the left hub nut with the socket wrench in his hands.,wrench
55.41113,C presses down the socket wrench on the left hub with his left hand.,wrench
56.85507,C withdraws the socket wrench from the left hub with his right hand.,sock@@@@@wrench
57.25533,C holds the seat tube with his left hand.,person@@@@@bicycle
57.86434,C touches the spokes with his right hand.,person@@@@@wheel
59.23316,C places the socket wrench on the right hub nut with his right hand.,sock@@@@@wrench
60.32351,C turns the right hub nut with the socket wrench in his right hand.,sock@@@@@wrench
62.26984,C withdraws the socket wrench from the right hub with his right hand.,sock@@@@@wrench
64.6014,C places the socket wrench on the left hub nut with his right hand.,wrench
65.87969,C turns the left hub nut with the socket wrench in his right hand.,wrench
70.2115,C withdraws the socket wrench from the left hub with his right hand.,sock@@@@@wrench
71.69688,C places the socket wrench on the right hub nut with his right hand.,sock@@@@@wrench
72.42404,C turns the right hub nut with the socket wrench in his right hand.,sock@@@@@wrench
74.54332,C withdraws the socket wrench from the left hub with his right hand.,sock@@@@@wrench
78.25732,C holds the wheel with his left hand.,wheel
78.99959,C places the socket wrench on the right hub nut with his right hand.,sock@@@@@wrench
79.72441,C holds the seat tube with his left hand.,person@@@@@bicycle
80.22546,C withdraws the socket wrench from the right hub with his right hand.,sock@@@@@wrench
81.22153,C puts the socket wrench in his left hand with his right hand.,sock@@@@@wrench
81.54323,C places the socket wrench on the left hub nut with both hands.,sock@@@@@wrench
81.97283,C withdraws the socket wrench from the left hub with both hands.,sock@@@@@wrench
83.92892,C puts the socket wrench in the tool jacket with his right hand.,sock@@@@@wrench
84.2899,C picks a hex wrench from the tool jacket with his left hand.,wrench
85.169,C passes the hex wrench from his left hand to his right hand.,wrench
86.08,C inserts the rear derailleur into the right hub with his left hand.,wrench
89.34368,C inserts the hex wrench into the rear derailleur with his right hand.,wrench
90.76841,C withdraws the hex wrench from the rear derailleur with his right hand.,wrench
92.41205,C inserts the hex wrench into the rear derailleur with his right hand.,wrench
94.93262,C turns the hex wrench on the rear derailleur with his right hand.,wrench
96.0219,C holds the hex wrench with his left hand.,wrench
97.45916,C withdraws the hex wrench from the rear derailleur with his left hand.,wrench
98.16085,C passes the hex wrench from his left hand to his right hand.,wrench
98.62103,C puts the hex wrench in the tool jacket with his right hand.,toolbox@@@@@box@@@@@wrench
100.56798,C fixes the brake cable together with both hands.,toolbox@@@@@box@@@@@hat@@@@@wrench
107.88562,C fixes the brake cable together with both hands.,toolbox@@@@@box@@@@@hat@@@@@wrench
114.77799,C fixes the brake cable together with both hands.,toolbox@@@@@box@@@@@hat@@@@@wrench
122.11774,C turns the wheel with the spokes in his left hand.,person@@@@@wheel
123.417,C touches the wheel with his left hand.,person@@@@@wheel
