timestamp,narration,object
0.11945,C unfolds the hand glove with both hands.,glove
1.26674,C passes the hand glove in his left hand to his right hand.,glove
1.78784,C opens the hand glove with both hands.,glove
4.03044,C dips his left hand in the hand glove.,glove
6.47318,C wears the hand glove on his left hand with his right hand.,glove
11.79305,C touches the right handlebar grip with his right hand.,handle
12.42539,C moves the front wheel with his right hand.,wheel
15.12571,C holds the right handlebar grip with his right hand.,handle
15.37363,C re-positions the bicycle on the bike stand with both hands.,bicycle
17.59008,C touches the right handlebar grip with his right hand.,handle
17.89592,C holds the right handlebar with his right hand.,handle
18.13796,C re-positions the bicycle upward on the bike stand with both hands.,bicycle
19.7814,C holds the right handlebar grip with his right hand.,handle
22.0834,C moves the front wheel with his left hand.,wheel
25.52124,C holds the front wheel of the bicycle with his right hand.,wheel
27.24575,C picks a wrench on the workshop table with his right hand.,wrench
29.01477,C holds the front wheel with his left hand.,wheel
29.53581,C raises the bicycle on the bike stand with his left hand.,bicycle
30.59781,C loosens the axle nut with the wrench in his right hand.,wrench
35.19605,C passes the wrench in his right hand to his left hand.,hat@@@@@wheel@@@@@wrench
35.60738,C inserts the wrench in his left hand into the axle slot of the front wheel.,wheel@@@@@wrench
35.608,C holds the front wheel with his right hand.,wheel
36.05025,C loosens the axle nut with the wrench in his left hand.,wrench
36.42008,C jerks the front wheel in his right hand to disengage the front wheel from the axle slot.,wheel
43.44547,C removes the front wheel from the fork with his left hand.,wheel
44.0076,C passes the wheel in his left hand to his right hand.,wheel
46.27425,C places the wrench in his left hand on the workshop table.,wrench
46.99082,C touches the rim of the wheel with his left hand.,wheel
48.08964,C passes the wheel in his right hand to his left hand.,wheel
48.36953,C holds the wheel with both hands.,wheel
48.68054,C shifts the tire off the rim with his right hand.,wheel
50.78569,C pulls the inner tube out of the wheel with his right hand.,wheel
56.55906,C pulls the tire of the rim with his right hand.,wheel
66.6553,C removes the rim from his thighs with his left hand.,wheel
68.54688,C holds the rim with both hands.,wheel
69.18107,C inspects the bead seat line on the rim with his right hand to check for any damage.,wheel
75.62174,C picks a new inner tube from the inner tube carton on the workshop table with his right hand.,can@@@@@kitchen_table@@@@@box@@@@@cart@@@@@dining_table
78.59338,C throws the tie in his right hand on the workshop table.,kitchen_table@@@@@dining_table
