timestamp,narration,object
2.33983,C holds a wheel brake cable with his left hand.,wheel
7.15689,C turns the pedal with his left hand.,person
21.46991,C picks up a torque wrench from a pole with his left hand.,wrench@@@@@pole
27.43708,C drops the torque wrench on the table with his left hand.,wrench
28.22482,C pulls the table drawer with his left hand.,drawer
29.47251,C picks up a bunch of allen wrenches from the table drawer with his left hand.,wrench@@@@@drawer
32.09124,C drops the bunch of allen wrench on the table with his left hand.,wrench
33.71913,C loosens the rear derailleur cable with the allen wrench in his hands.,wrench
42.92714,C picks up a screwdriver from the pole with his left hand.,screwdriver@@@@@pole
55.0013,C adjusts the rear derailleur with the screwdriver in his right hand.,wheel@@@@@screwdriver
70.94695,C turns the pedal with his right hand.,person
78.40416,C adjusts the rear derailleur with the screwdriver in his right hand.,wheel@@@@@screwdriver
81.15399,C turns the pedal with his right hand.,person
93.04373,C adjusts the rear derailleur with the screwdriver in his right hand.,wheel@@@@@screwdriver
100.12461,C turns the pedal with his right hand.,person
103.52477,C adjusts the rear derailleur with the screwdriver in his right hand.,wheel@@@@@screwdriver
108.25897,C turns the pedal with his right hand.,person
116.07939,C holds the gear with his hands.,person
119.5893,C passes the allen wrench from his right hand to his left hand.,wrench@@@@@person
122.07978,C drops the scredriver on the pole with his right hand.,screwdriver@@@@@pole
123.7449,C passes the allen wrench from his left hand to his right hand.,wrench@@@@@person
124.17498,C connects the rear derailleur cable with his hands.,person
131.06512,C adjusts the rear derailleur with the allen wrench in his right hand.,wrench
141.19557,C adjusts the rear derailleur with his right hand.,person
143.76869,C turns the pedal with his right hand.,person
147.04928,C holds the chain with his left hand.,person
158.88895,C holds the grips with his right hand.,person
159.07646,C turns the pedal with his left hand.,person
167.32012,C hold the rear derailleur cable with his left hand.,person
170.33787,C turns the pedal with his left hand.,person
186.22337,C holds the rear derailleur cable with his left hand.,person
189.23358,C picks up a screwdriver from the pole with his right hand.,screwdriver@@@@@pole
193.38091,C adjusts the rear derailleur with the allen wrench in his right hand.,wrench
215.00826,C turns the pedal with his left hand.,person
215.30927,C holds the grips with his right hand.,person
219.79061,C touches the rear derailleur with his right hand.,person
223.35721,C turns the pedal with his left hand.,person
245.2923,C holds the left grip with his right hand.,person
246.89543,C holds the grip with his right hand.,person
