timestamp,narration,object
0.7661,C passes the bike wheel from his left hand to his right hand.,wheel
2.26089,C places a wrench on the table with his left hand.,wrench
3.47303,C holds the bike wheel with both hands.,wheel@@@@@person
6.67302,C places the bike wheel on the floor with his left hand.,bicycle
7.30959,C fits the tire lever on the rim of the bike wheel with his right hand.,wheel
9.39148,C lifts the bike wheel from the floor with his left hand.,wheel@@@@@bicycle
9.7969,C moves the tire lever around the bike wheel with his right hand.,pliers@@@@@wheel
15.3837,C places the tire lever on the table with his right hand.,can@@@@@dining_table@@@@@coffee_table@@@@@bicycle
15.81607,C pulls out the inner tube from the bike wheel with his right hand.,can@@@@@wheel
19.84665,C turns bike wheel with both hands.,wheel@@@@@bicycle
25.29691,C places the inner tube by the table side with his right hand.,can@@@@@wheel@@@@@dining_table@@@@@kitchen_table
26.17642,C pulls out the tire from the bike rim with his right hand.,can@@@@@wheel@@@@@bicycle
27.73764,C places the bike rim between both legs with his left hand.,person@@@@@bicycle
28.77635,C inspects the bike tire with both hands.,bicycle
44.49569,C picks the bike rim from between his legs with his left hand.,bicycle
45.88813,C places the bike tire on the floor with his right hand.,bicycle
46.96687,C inspects the bike rim with both hands.,bicycle
57.57017,C places the bike rim on the floor with his left hand.,bicycle
66.55044,C unscrews the stem nut from the valve with his right hand.,faucet@@@@@bolt
73.97234,C picks a bike pump from its stand with his right hand.,bicycle
75.41628,C fits the bike pump on the valve with his right hand.,faucet@@@@@can
75.98109,C inflates the inner tube a little with the bike pump in his right hand.,can@@@@@bicycle
78.66472,C removes the bike pump from the valve with his right hand.,can@@@@@wheel
83.10578,C places the inner tube by the side of the table with his right hand.,hat@@@@@can@@@@@dining_table@@@@@coffee_table@@@@@kitchen_table@@@@@bicycle
86.01303,C throws up the bike tire with his right hand.,person@@@@@bicycle
86.36733,C catches the bike tire with his right hand.,person@@@@@bicycle
87.44635,C places the bike rim on his feet with his left hand.,person@@@@@bicycle
88.11301,C fits the bike tire on the bike rim with both hands.,person@@@@@bicycle
93.27091,C lifts the bike wheel from his feet with both hands.,person@@@@@bicycle
97.74777,C locates the valve hole with his left hand.,person@@@@@bicycle
118.68144,C lifts the bike wheel from the floor with both hands.,wheel@@@@@person
119.61743,C fits the tire around the bike bike rim with both hands.,wheel@@@@@bicycle
130.93081,C pushes the valve into the bike rim with his right hand.,wheel@@@@@bicycle
133.90267,C picks the bike pump from its stand with his right hand.,can@@@@@bicycle
135.77878,C places the bike wheel on the floor with his left hand.,bicycle
136.89898,C fits the bike pump on the valve with his right hand.,faucet@@@@@can
137.62072,C inflates the inner tube a little with the bike pump in his right hand.,can@@@@@bicycle
139.97367,C removes the bike pump from the valve with his right hand.,can@@@@@wheel
142.72888,C turns the bike wheel on the floor with his left hand.,wheel@@@@@bicycle
146.34313,C fits the bike pump on the valve with his right hand.,faucet@@@@@can
150.48697,C removes the bike pump from the valve with his right hand.,can@@@@@wheel
152.91527,C turns the bike wheel on the floor with his left hand.,wheel@@@@@bicycle
155.21442,C fits the bike pump on the valve with his right hand.,faucet@@@@@can
158.36817,C removes the bike pump from the valve with his right hand.,can@@@@@wheel
159.27409,C turns the bike wheel on the floor with his left hand.,wheel@@@@@bicycle
161.70697,C fits the bike pump on the valve with his right hand.,faucet@@@@@can
162.34652,C inflates the inner tube a little with the bike pump in his right hand.,can@@@@@bicycle
166.65341,C removes the bike pump from the valve with his right hand.,can@@@@@wheel
169.38257,C lifts the bike wheel from the floor with his left hand.,wheel@@@@@bicycle
172.69662,C holds the bike wheel with both hands.,wheel@@@@@person
174.59402,C picks the tire lever from the table with his right hand.,pliers@@@@@dining_table
175.0982,C places the bike wheel on the floor with his left hand.,bicycle
175.43712,C fits the tire lever on the bike rim with his right hand.,pliers@@@@@wheel
177.76415,C moves the tire lever around the bike wheel with his right hand.,pliers@@@@@wheel
180.0703,C pulls out the tire and inner tube from the bike rim with his right hand.,person@@@@@bicycle
182.0202,C places the bike rim between both legs with his left hand.,person@@@@@bicycle
183.64049,C places the tire lever on the table with his right hand.,can@@@@@dining_table@@@@@coffee_table@@@@@bicycle
184.17382,C holds the tire with both hands.,can@@@@@wheel@@@@@person
184.80718,C pulls out the inner tube from the tire with his left hand.,can@@@@@wheel
189.18308,C places the inner tube by the table side with his left hand.,can@@@@@dining_table@@@@@kitchen_table
191.25513,C holds the tire with both hands.,can@@@@@wheel@@@@@person
192.40887,C folds the tire with both hands.,can@@@@@wheel@@@@@person
194.92563,C picks the rim between his legs with his right hand.,can@@@@@wheel@@@@@person
202.05496,C places the tire on the floor with his left hand.,wheel
204.1977,The man Z passes the tire to C with his right hand.,wheel
204.33103,C receives the tire from the man Z with his left hand.,wheel
206.4483,C places the bike rim between his legs with his right hand.,wheel
207.69411,C turns the tire with both hands.,wheel
210.25531,C throws the label on the table with his right hand.,paperback_book@@@@@magazine@@@@@can@@@@@paper_plate@@@@@business_card@@@@@newspaper@@@@@paper_towel@@@@@oar@@@@@poster@@@@@book@@@@@booklet@@@@@signboard
213.21188,C turns the tire with both hands.,wheel
215.13861,C places the bike rim on the floor with his left hand.,bicycle
220.97859,C lifts the bike wheel from the floor with both hands.,wheel@@@@@person
228.98595,C places the bike wheel between his legs with his left hand.,wheel@@@@@person
231.38206,C throws the rubber band on the table with his right hand.,can@@@@@dining_table@@@@@coffee_table@@@@@kitchen_table
236.41148,C places his right hand on the bike brake caliper.,bicycle
239.38211,C unscrews the stem nut from the valve with his right hand.,faucet@@@@@bolt
242.03075,C places his right hand on the bike brake caliper.,bicycle
242.69741,C unscrews the stem nut from the valve with his right hand.,faucet@@@@@bolt
244.45057,C throws the stem nut on the table with his right hand.,dining_table@@@@@coffee_table@@@@@kitchen_table@@@@@bolt
244.94024,C holds the bike wheel with his right hand.,wheel@@@@@bicycle
246.35522,C picks the bike pump from its stand with his right hand.,can@@@@@bicycle
248.14831,C fits the bike pump on the valve with his right hand.,faucet@@@@@can
248.80425,C inflates the inner tube a little with the bike pump in his right hand.,can@@@@@bicycle
250.22636,C removes the bike pump from the valve with his right hand.,can@@@@@wheel
252.71723,C picks the bike wheel from between his legs with his left hand.,wheel@@@@@person
253.23894,C places the bike wheel on the floor with his left hand.,bicycle
267.99441,C lifts the bike wheel from the floor with both hands.,wheel@@@@@person
270.57047,C places the bike wheel on the floor with both hands.,wheel@@@@@person
274.99199,C turns the bike wheel with both hands.,wheel@@@@@person
276.11667,C lifts the bike wheel from the floor with his left hand.,wheel@@@@@bicycle
279.32947,C engages the tire lever around the rim of the wheel with his right hand.,wheel
287.28954,C places the tire lever on the table with his right hand.,can@@@@@dining_table@@@@@coffee_table@@@@@bicycle
293.09875,C lifts the bike wheel from the floor with his left hand.,wheel@@@@@bicycle
294.15685,C picks the bike pump from its stand with his right hand.,can@@@@@bicycle
296.06964,C places the bike wheel on the floor with his left hand.,bicycle
296.8877,C fits the bike pump on the valve with his right hand.,faucet@@@@@can
299.69721,C removes the bike pump from the valve with his right hand.,can@@@@@wheel
301.248,C lifts the bike wheel from the floor with his left hand.,wheel@@@@@bicycle
302.38104,C places the bike pump on itd stand with his right hand.,can@@@@@bicycle
303.58468,C runs his right hand through the bike rim with his right hand.,bicycle
304.69851,C picks a bike lever from the table with his right hand.,can@@@@@dining_table@@@@@kitchen_table@@@@@bicycle
305.91866,C places the bike wheel on the floor with his left hand.,bicycle
306.4607,C releases air from the inner tube with a tire lever in his right hand.,can@@@@@bicycle
314.44204,C releases air from the inner tube with a tire lever in his right hand.,can@@@@@bicycle
333.83351,C turns the bike wheel with his left hand.,wheel
336.91354,C places the tire lever on the table with his right hand.,can@@@@@dining_table@@@@@coffee_table@@@@@bicycle
337.38602,C lifts the bike wheel from the floor with his left hand.,wheel@@@@@bicycle
339.43217,C places the bike wheel on the floor with his left hand.,bicycle
340.25984,C fits the bike pump on the valve with his right hand.,faucet@@@@@can
342.81138,C removes the bike pump from the valve with his right hand.,can@@@@@wheel
343.74075,C turns the bike wheel on the floor with his left hand.,wheel@@@@@bicycle
348.57907,C fits the bike pump on the valve with his right hand.,faucet@@@@@can
354.07185,C removes the bike pump from the valve with his right hand.,can@@@@@wheel
354.58708,C lifts the bike wheel from the floor with his left hand.,wheel@@@@@bicycle
357.35572,C passes the bike wheel from his left hand to his right hand.,wheel
