timestamp,narration,object
1.10057,C picks a wrench from the table with his left hand.,wrench
3.80934,C holds the rear wheel with his left hand.,person@@@@@wheel
3.97597,C fixes the wrench to the axle nut with his right hand.,wheel@@@@@wrench
7.07874,C loosens the axle nut with the wrench in his right hand.,wheel@@@@@wrench
13.11178,C holds the rear wheel with his right hand.,person@@@@@wheel
13.74508,C fixes the wrench to the axle nut with his left hand.,wheel@@@@@wrench
15.02941,C loosens the axle nut with the wrench in his left hand.,wheel@@@@@wrench
22.75352,C holds the rear wheel with his left hand.,person@@@@@wheel
31.95997,C holds the rear wheel with his left hand.,person@@@@@wheel
34.41324,C holds the rear wheel with his right hand.,person@@@@@wheel
35.0799,C holds the rear wheel with his left hand.,person@@@@@wheel
37.41317,C removes the wheel from the bicycle frame with his left hand.,wheel@@@@@bicycle
40.47511,C places the wrench on the table with his left hand.,wrench
41.60842,C holds the wheel with both hands.,person@@@@@wheel
