timestamp,narration,object
0.0,C holds the bicycle wheel with his right hand.,bicycle
1.86086,C holds the bicycle rim with his left hand.,wheel@@@@@bicycle
2.5469,C removes the tire from the wheel with his right hand.,wheel@@@@@bicycle
5.60486,C places the bicycle rim on the floor with his left hand.,wheel@@@@@bicycle
31.28126,C picks up the bicycle rim with his left hand.,wheel@@@@@bicycle
32.00327,C holds the bicycle rim with his right hand.,person@@@@@wheel
32.81778,C rotates the bicycle rim with both hands.,person@@@@@wheel
39.58103,C places the bicycle rim on the floor with his right hand.,wheel
44.55436,C picks a new innertube from the carton with his right hand.,box
45.20476,C holds the innertube with his left hand.,person
47.04353,C drops the band on the table with his right hand.,table
47.69275,C unwraps the innertube with his both hand.,person
61.50565,C drops the valve cap on the table with his right hand.,table@@@@@can@@@@@bottle
64.09532,C picks the pump from the stand with his right hand.,can@@@@@bicycle
66.09001,C inserts the pump in the valve with his right hand.,can@@@@@bicycle
78.35107,C places the innertube beside the table with his right hand.,table
83.12995,C inserts the tire in the bicycle wheel.,wheel
85.43247,C lifts the bicycle wheel with both hands.,bicycle
87.24707,C inserts the tire in the bicycle wheel.,wheel
90.85154,C places the bicycle wheel on the floor with his left hand.,can@@@@@wheel@@@@@bicycle
92.29363,C inserts the innertube into the bicycle wheel with both hands.,can@@@@@wheel@@@@@bicycle
105.01031,C lifts the bicycle wheel with both hands.,bicycle
105.93755,C inserts the innertube into the bicycle wheel with both hands.,can@@@@@wheel@@@@@bicycle
112.81194,C removes a spanner from his pocket with his left hand.,wrench@@@@@can
113.93836,C returns the spanner to his pocket with his left hand.,wrench
114.9609,C passes the bicycle wheel to his left hand.,can@@@@@wheel@@@@@bicycle
116.43246,C inserts the innertube into the bicycle wheel with both hands.,can@@@@@wheel@@@@@bicycle
130.61117,C picks the pump from the stand with his right hand.,can@@@@@bicycle
133.13142,C places the bicycle wheel on the floor with his left hand.,can@@@@@wheel@@@@@bicycle
134.47275,C pumps the tire with the pump in his right hand.,can@@@@@wheel@@@@@bicycle
140.08392,C removes the pump from the valve with his right hand.,can@@@@@bicycle
140.85032,C turns the bicycle wheel with his left hand.,bicycle
144.69264,C lifts the bicycle wheel with his left hand.,wheel
148.24461,C holds the bicycle wheel with his right hand.,bicycle
150.52927,C removes a tripod wrench from his pocket with his right hand.,wrench
151.64817,C release air from the tire with the tripod wrench in his right hand.,wrench
158.06784,C returns the tripod wrench to his pocket with his right hand.,wrench
159.06038,C holds the bicycle wheel with his right hand.,bicycle
159.73151,C inserts the tire in the wheel with both hands.,wheel@@@@@bicycle
163.20718,C flips the bicycle wheel with his right hand.,bicycle
164.37898,C lifts the bicycle wheel with both hands.,bicycle
170.2658,C places the bicycle wheel on the floor with his left hand.,can@@@@@wheel@@@@@bicycle
171.11077,C inserts the pump in the valve with his right hand.,can@@@@@bicycle
171.60873,C pumps the tire with the pump in his right hand.,can@@@@@wheel@@@@@bicycle
172.42575,C turns the tire with his left hand.,can@@@@@wheel@@@@@bicycle
174.37845,C inserts the pump in the valve with his right hand.,can@@@@@bicycle
174.74891,C pumps the tire with the pump in his right hand.,can@@@@@wheel@@@@@bicycle
177.48184,C removes the pump from the valve with his right hand.,can@@@@@bicycle
177.94408,C turns the bicycle wheel with his left hand.,bicycle
184.5227,C inserts the pump in the valve with his right hand.,can@@@@@bicycle
185.09642,C pumps the tire with the pump in his right hand.,can@@@@@wheel@@@@@bicycle
189.33305,C removes the pump from the valve with his right hand.,can@@@@@bicycle
193.04602,C flips the bicycle wheel with both hands.,bicycle
1.8,C removes the rim from the tire with his left hand.,wheel@@@@@bicycle
32.34101,C holds the rim with both hands.,person@@@@@wheel
33.34148,C alternates moving the rim between his hands.,person@@@@@wheel
40.24773,C drops the wheel on the floor with his right hand.,wheel
44.26452,C picks a new tube from a box with his right hand.,box
45.07238,C holds the new tube with both hands.,person
47.10468,C drops the rubber band on the table with his right hand.,table
47.67932,C unrolls the new tube with his hands.,pipe@@@@@hose@@@@@can
51.41147,C adjusts his right hand on the new tube.,person
51.59366,C unrolls the new tube with his hands.,pipe@@@@@hose@@@@@can
55.14258,C uncrew the valve cap with his right hand into his right palm.,can@@@@@bottle
57.71994,C removes the valve screw with his right hand into his right palm.,bolt
61.38457,C drops the valve screw and cap on the table.,table@@@@@can@@@@@bolt@@@@@bottle
62.38388,C holds the new tube with both hands.,person
64.12,C picks a pump from the black pole with his right hand.,pole
66.17987,C fits the pump valve to the new tube valve with his right hand.,can@@@@@bicycle
66.21594,C pumps air into the new tube with the pump in his right hand.,can@@@@@bicycle
70.55168,C hangs the pump on the black pole with his right hand.,pole
78.44615,C hangs the new tube on the edge of a table with his right hand.,table
103.73776,C lifts the wheel off his feet.,wheel
104.10058,C drops the wheel on his feet with both hands.,wheel
104.94755,C lifts the hweel off his feet.,wheel
105.90414,C rests the wheel on his knee with both hands.,wheel
109.4,C moves his hands on the hweel.,wheel
112.80622,C removes a socket wrench from his apron pocket with his left hand.,wrench@@@@@apron
116.24723,C holds the wheel with both hands.,bicycle
130.35239,C picks a pump from the black pole with his right hand.,pole
131.99175,C fits the pump valve to the new tube valve with his right hand.,can@@@@@bicycle
134.38955,C pumps air into the new tube with the pump in his right hand.,can@@@@@bicycle
136.25296,C adjusts his left hand on the wheel.,wheel
137.22133,C adjusts his left hand on the wheel.,wheel
140.23874,C tilts the wheel to his left with his left hand.,wheel
141.52016,C tilts the wheel to the right with his left hand.,wheel
145.5769,C hangs the pump on the black pole with his right hand.,pole
148.62682,C adjusts his left hand on the wheel.,wheel
150.35757,C picks a tire deflator from his apron with his left hand.,wrench@@@@@apron
151.74544,C pressed the tire deflator in his right hand to the tube valve.,wrench
157.8764,C dips the tire deflator into his apron with his right hand.,wrench@@@@@apron
159.04158,C holds the wheel with both hands.,bicycle
159.458,C drops the wheel on the florr with both hands.,wheel@@@@@bicycle
159.8504,C presses the wheel with his hands.,wheel@@@@@bicycle
163.5577,C picks up the wheel with his right hand.,wheel@@@@@bicycle
164.36,C holds the wheel with both hands.,bicycle
168.5522,C picks a pump from the black pole with his right hand.,pole
170.38276,C drops the wheel on the floor with his left hand.,can@@@@@wheel@@@@@bicycle
171.09389,C fits the pump valve to the new tube valve with his right hand.,can@@@@@bicycle
171.51797,C pumps air into the new tube with the pump in his right hand.,can@@@@@bicycle
174.34164,C fits the pump valve to the new tube valve with his right hand.,can@@@@@bicycle
175.04669,C pumps air into the new tube with the pump in his right hand.,can@@@@@bicycle
177.81216,C adjusts the wheel on the floor with his left hand.,bicycle
181.36801,C adjusts the wheel on the floor with his left hand.,bicycle
184.58334,C fits the pump valve to the new tube valve with his right hand.,can@@@@@bicycle
185.04785,C pumps air into the new tube with the pump in his right hand.,can@@@@@bicycle
191.13139,C hangs the pump on the black pole with his right hand.,pole
192.9463,C holds the wheel with both hands.,bicycle
193.93077,C turns the wheel with both hands.,bicycle
