timestamp,narration,object
2.99526,C picks a knife from the chopping board with his right hand.,chopping_board@@@@@knife
3.849,C opens the noodles pack with the knife in hiss right hand.,packet@@@@@knife
4.68,C drops the knife on the chopping board with his right hand.,chopping_board@@@@@knife
5.0679,C tears the noodles pack with his hands.,person@@@@@packet
7.78421,C picks the noodles pack from the chopping board with his right hand.,chopping_board@@@@@packet
8.47296,C brings out  noodles from the pack with his right hand.,person@@@@@packet
9.79577,C drops the noodles pack on the chopping board with his left hand.,chopping_board@@@@@packet
13.86244,C drops the noodles into the pot of boiling water on the stove top.,pot
16.0951,C picks the pack of noodles on the chopping board with his hands.,chopping_board@@@@@person@@@@@packet
19.76793,C drops the noodles pack on the countertop with his left hand.,kitchen_table@@@@@can@@@@@packet@@@@@dining_table
22.32172,C picks the napkin on the chopping board with his right hand.,chopping_board@@@@@napkin
22.46444,C drops the napkin on the countertop with his right hand.,person@@@@@napkin
23.48794,C picks a spoon from the countertop with his right hand.,spoon@@@@@person
24.68811,C stirs the noodles in the pot with the spoon in his right hand.,spoon@@@@@pot
25.50297,C turns the stove knob with his left hand.,person@@@@@knob
25.94324,C stirs the noodles in the pot with the spoon in his right hand.,spoon@@@@@pot
36.62555,C drops the spoon on the countertop with his right hand.,spoon
37.5707,C picks a spring onion from the chopping board with his left hand.,chopping_board@@@@@onion
37.94597,C drops the spring onion on the chopping board with his left hand.,chopping_board@@@@@onion
38.29017,C picks a spring onion from the chopping board with his left hand.,chopping_board@@@@@onion
38.64137,C drops the spring onion on the chopping board with his left hand.,chopping_board@@@@@onion
38.67471,C picks the napkin on the countertop with his right hand.,person@@@@@napkin
40.07008,C hangs the napkin on his apron with his right hand.,apron@@@@@napkin
41.59953,C picks a knife from the chopping board with his right hand.,chopping_board@@@@@knife
41.69953,C picks the spring onion from the chopping board with his left hand.,chopping_board@@@@@onion
42.27327,C moves the knife on the chopping board with his right hand.,chopping_board@@@@@knife
43.22447,C drops the spring onion on the chopping board with his left hand.,chopping_board@@@@@onion
45.28345,C moves the stem of the green onion on the chopping board with the knife in his right hand.,chopping_board@@@@@knife
45.77775,C cuts the spring onion on the chopping board with the knife in her right hand.,chopping_board@@@@@knife
46.50502,C picks the green leafy part of spring onion from the chopping board with his left hand.,chopping_board@@@@@onion
46.94306,C drops the green leafy part of the spring onion on the chopping board with his left hand.,chopping_board@@@@@person
47.42183,C picks a spring onion from the chopping board with his left hand.,chopping_board@@@@@onion
47.88887,C drops a  leaf of a spring onion on the chopping board with his left hand.,chopping_board@@@@@onion
48.45926,C drops the spring onion on the chopping board with his left hand.,chopping_board@@@@@onion
48.76412,C picks  the leaf of the spring onion from the chopping board with his left hand.,chopping_board@@@@@person
49.14373,C drops  the leaf of the spring onion on  the chopping board with his left hand.,chopping_board@@@@@person
49.51006,C moves the spring onion on the chopping board with his left hand.,chopping_board@@@@@onion
50.04498,C cuts out the stem of the spring onion with the knife in his right hand.,onion@@@@@knife
51.35024,C cuts the spring onion on the chopping board with the knife in her right hand.,chopping_board@@@@@knife
52.06175,C picks the green leafy part of spring onion from the chopping board with his left hand.,chopping_board@@@@@onion
52.65652,C drops the green leafy part of the spring onion on the chopping board with his left hand.,chopping_board@@@@@person
53.16175,C picks the green leafy part of spring onion from the chopping board with his left hand.,chopping_board@@@@@onion
53.59422,C drops the green leafy part of the spring onion on the chopping board with his left hand.,chopping_board@@@@@person
54.1196,C moves the spring onion on the chopping board with his left hand.,chopping_board@@@@@onion
54.71852,C picks the stems of the spring onions  from the chopping board with his left hand.,chopping_board@@@@@person
55.59907,C drops the stems of the spring onions  on  the chopping board with his left hand.,chopping_board
56.33489,C moves the spring onion on the copping board with his left hand.,chopping_board@@@@@onion
58.47352,C slices the spring onion on the chopping board with the knife in his right hand.,chopping_board@@@@@knife
62.45886,C moves the spring onion on the chopping board with his left hand.,chopping_board@@@@@onion
62.69075,C slices the spring onion on the chopping board with the knife in his right hand.,chopping_board@@@@@knife
69.04231,C moves the spring onion on the chopping board with his left hand.,chopping_board@@@@@onion
71.03212,C slices the spring onion on the chopping board with the knife in his right hand.,chopping_board@@@@@knife
80.7188,C wipes the knife in his right hand with his left hand.,knife
81.39704,C moves spring onions on the chopping board with his left hand.,chopping_board@@@@@person
82.33988,C picks the spring onion leaves from the chopping board with his left hand.,chopping_board@@@@@onion
83.01427,C drops the spring onion leaves on the chopping board with his left hand.,chopping_board@@@@@person
85.19223,C arranges the spring onion leaves on the chopping board with his left hand.,chopping_board@@@@@person
87.07946,C cuts out the upper part of spring onion leaves on the chopping board with the knife in his right hand.,chopping_board@@@@@knife
88.1412,C moves the upper part of the spring onion leaves on the chopping board with his left hand.,chopping_board
90.37016,C moves the spring onion leaves on the chopping board with his left hand.,chopping_board@@@@@person
92.27576,C moves spring onions on the chopping board with his left hand.,chopping_board@@@@@person
93.52724,C slices the leaves of the spring onion on the chopping board  with the knife in his right hand.,chopping_board@@@@@onion@@@@@knife
108.53241,C moves the sliced spring onion leaves on the chopping board with the knife in his right hand.,chopping_board@@@@@knife
109.47514,C moves the spring onion leaves on the chopping board with his,chopping_board
110.11078,C slices the leaves of the spring onion on the chopping board  with the knife in his right hand.,chopping_board@@@@@onion@@@@@knife
115.66763,C wipes the knife in his right hand with his left hand.,knife
116.50001,C moves the spring onion leaves on the chopping board with his left hand.,chopping_board@@@@@person
118.77234,C touches the sliced spring onion on the chopping board with the knife in his right hand.,chopping_board@@@@@knife
119.74525,C picks the green leafy part of spring onion from the chopping board with his left hand.,chopping_board@@@@@onion
120.40762,C drops the green leafy part of the spring onion on the chopping board with his left hand.,chopping_board@@@@@person
121.44264,C slices the green leafy part of the spring onion on the chopping board with the knife in his right hand.,chopping_board@@@@@knife
132.08115,C moves the sliced green leafy spring onion on the chopping board with the knife in his right hand.,chopping_board@@@@@knife
132.88277,C wipes the knife in his right hand with his left hand.,knife
133.70551,C moves the green leafy spring onion on the chopping board with his left hand.,chopping_board@@@@@onion
135.38199,C picks a garlic  from the chopping board with his left hand.,chopping_board@@@@@garlic
135.60108,C drops the garlic on the chopping board with his left hand.,chopping_board@@@@@garlic
136.08789,C places the knife on the garlic with his right hand.,garlic@@@@@knife
136.35276,C hits the knife on the garlic  with his left hand.,garlic@@@@@knife
137.8884,C drops the knife on the chopping board with his right hand.,chopping_board@@@@@knife
138.0493,C picks the garlic from the chopping board with his left hand.,chopping_board@@@@@garlic
138.64871,C peels the garlic with his hands.,person@@@@@garlic
145.10654,C drops the garlic peel on the chopping board with his right hand.,chopping_board@@@@@garlic
145.6867,C picks the knife from the chopping board with his right hand.,chopping_board@@@@@knife
145.84237,C drops the peeled garlic on the chopping board with his left hand.,chopping_board@@@@@garlic
146.86455,C picks the peeled garlic from the chopping board with his left hand.,chopping_board@@@@@garlic
147.18712,C moves the sliced green leafy spring onion on the chopping board with the knife in his right hand.,chopping_board@@@@@knife
147.97503,C drops the peeled garlic  on the chopping board with his left hand.,chopping_board@@@@@garlic
149.10204,C cuts the garlic  on the chopping board with the knife in his right hand.,chopping_board@@@@@garlic@@@@@knife
150.98151,C moves the cut garlic  on the chopping board with his left hand.,chopping_board@@@@@garlic
151.76259,C slices the cut garlic on the chopping board with the knife in his right hand.,chopping_board@@@@@knife
156.4993,C moves the cut garlic  on the chopping board with his left hand.,chopping_board@@@@@garlic
157.37564,C slices the cut garlic on the chopping board with the knife in his right hand.,chopping_board@@@@@knife
160.80652,C wipes the knife in his right hand with his left hand.,knife
161.50194,C moves the sliced spring onion on the chopping board with the knife in his right hand.,chopping_board@@@@@onion@@@@@knife
162.25148,C drops the knife on the chopping board with his right hand.,chopping_board@@@@@knife
163.9178,C picks the napkin from his apron with his right hand.,apron@@@@@napkin
165.45651,C tilts the  pot of noodles with the napkin in his left hand.,napkin@@@@@pot
168.2745,C picks the spoon on the countertop with his right hand.,spoon@@@@@person
169.40443,C stirs the noodles in the pot with the spoon in his right hand.,spoon@@@@@pot
173.12484,C moves the pot of noodles on the stove top with the napkin in his left hand.,napkin@@@@@pot
174.38861,C stirs the noodles in the pot with the spoon in his right hand.,spoon@@@@@pot
187.47252,C drops the napkin on the stove top with his left hand.,stove@@@@@napkin
188.36312,C picks the noodles on the spoon with his left hand.,spoon
190.28175,C picks the napkin from the stove top with his left hand.,stove@@@@@napkin
190.52388,C stirs the noodles in the pot with the spoon in his right hand.,spoon@@@@@pot
191.48793,C moves the pot of noodles on the stove top with the napkin in his left hand.,napkin@@@@@pot
194.30034,C drops the spoon on the chopping board with his right hand.,chopping_board@@@@@spoon
195.05726,C holds the napkin with his hands.,person@@@@@napkin
195.35744,C flips the napkin with his right hand.,person@@@@@napkin
196.41248,C picks a salt container from the countertop with his right hand.,saltshaker@@@@@shaker@@@@@person
196.91276,C passes the salt container from his right hand to his left hand.,saltshaker@@@@@shaker@@@@@person
197.55731,C takes salt from the container with his right hand.,saltshaker@@@@@shaker
198.16536,C drops the salt into the  pot of noodles  with his right hand.,person@@@@@pot
199.18416,C passes the salt container from his left hand to his right hand.,saltshaker@@@@@shaker@@@@@person
200.02665,C drops the salt container on the countertop with his right hand.,saltshaker@@@@@shaker
201.29914,C moves the pot of noodles on the stove top with the napkin in his left hand.,napkin@@@@@pot
201.97818,C holds the napkin with his hands.,person@@@@@napkin
203.35107,C touches his camera glasses with his right hand.,person
204.03301,C moves the pot of noodles on the stove top with the napkin in his left hand.,napkin@@@@@pot
204.75308,C tilts the pot of noodles with the napkin in his left hand.,napkin@@@@@pot
206.01261,C cleans his right hand with the napkin in his left hand.,person@@@@@napkin
207.20467,C picks the knife on the chopping board with his left hand.,chopping_board@@@@@knife
207.50582,C moves the sliced spring onions on the chopping board with the knife in his right hand.,chopping_board@@@@@knife
207.82128,C drops the knife on the chopping board with his right hand.,chopping_board@@@@@knife
208.49107,C picks the tray on the countertop with his right hand.,tray@@@@@person
209.07533,C passes the tray from his right hand to his left hand.,tray@@@@@person
209.57125,C moves the knife on the chopping board with his left hand.,chopping_board@@@@@knife
210.4985,C moves the sliced mixed of vegetable from the chopping board  into the tray with his right hand,chopping_board@@@@@tray@@@@@person
214.28597,C places the tray on the chopping board with his left hand.,chopping_board@@@@@tray
214.91357,C cleans his right hand with the napkin in his left hand.,person@@@@@napkin
215.69992,C picks a pepper jar from the countertop with his right hand.,jar@@@@@person
216.09719,C touches the pepper jar with his left hand.,jar@@@@@person
216.5136,C opens the pepper jar with his left hand.,jar@@@@@person
218.20274,C places the pepper jar on the countertop with his right hand.,jar@@@@@person
218.89673,C moves the sesame oil jar on the countertop with his right hand.,jar@@@@@person
222.95219,C opens the sesame oil jar with his right hand.,jar@@@@@person
222.9526,C holds the sesame oil jar with his left hand.,jar@@@@@person
224.08535,C passes the lid of the pepper jar from his left hand to his right hand.,jar@@@@@person
224.67595,C drops the pepper jar lid on the chopping board with his right hand.,jar@@@@@chopping_board
226.40995,C moves a skillet on the stove top with napkin in his left hand.,stove@@@@@frying_pan@@@@@pan_(for_cooking)@@@@@saucepan@@@@@pot
227.10872,C picks the skillet  from the stove top with the napkin in his left hand.,napkin
227.41657,C turns on the stove  with his right hand.,stove@@@@@person
228.27236,C places the skillet on the stove top with the napkin in his left hand.,stove@@@@@pan_(for_cooking)@@@@@napkin
229.75588,C turns off the stove with his right hand.,stove@@@@@person
230.86689,C picks the pot of noodles from the stove top with the napkin in his left hand.,stove@@@@@pot
232.48113,C drops the pot of noodles on the stove top with the napkin in his left hand.,stove@@@@@pot
233.93501,C picks the spoon from the chopping board with his right hand.,chopping_board@@@@@spoon
235.43017,C stirs the noodles in the pot with the spoon in his right hand.,spoon@@@@@pot
236.57612,C holds the pot of noodles on the stove top by the handle with the napkin with his left hand.,stove@@@@@handle@@@@@napkin@@@@@pot
236.81685,C stirs the noodles in the pot with the spoon in his right hand.,spoon@@@@@pot
239.64346,C holds the pot of noodles on the stove top by the handle with the napkin with his left hand.,stove@@@@@handle@@@@@napkin@@@@@pot
241.02939,C picks the pot of noodles from the stove top with the napkin in his left hand.,stove@@@@@pot
244.1805,C pours the noodles into the sieve in the sink.,sink@@@@@kitchen_sink@@@@@strainer
247.53285,C drops the spoon on the countertop with his right hand.,spoon
248.56867,C  picks the sieve from the sink with his right hand.,sink@@@@@kitchen_sink@@@@@strainer@@@@@person
250.86733,C pours the noodles in the sieve  into a bowl in the sink with his right hand.,sink@@@@@kitchen_sink@@@@@strainer@@@@@bowl
255.22687,C places the sieve in the sink with his right hand.,sink@@@@@kitchen_sink@@@@@strainer
257.09957,C turns on the tap with his right hand.,person@@@@@faucet
258.24938,C turns the faucet with his right hand.,person@@@@@faucet
259.94095,C places the pot on the countertop with the napkin in his left hand.,person@@@@@napkin@@@@@pot
262.32683,C turns off the stove knob with his right hand.,person@@@@@knob
263.0669,C tilts the skillet on the stove top with the napkin in his left hand.,stove@@@@@napkin
266.32695,C rinses the noodles in the bowl under the tab water with his right hand.,bowl@@@@@person
274.43771,C drops the napkin on the countertop with his left hand.,person@@@@@napkin
275.82761,C rinses the noodles in the bowl under the tab water with his right hand.,bowl@@@@@person
280.15879,C packs the noodles from the bowl in the sink with his right hand.,sink@@@@@bowl
281.7084,C drops the noodles into the sieve with his right hand.,strainer@@@@@person
283.08641,C packs the noodles from the bowl in the sink with his right hand.,sink@@@@@bowl
284.6538,C drops the noodles into the sieve with his right hand.,strainer@@@@@person
286.22175,C packs the noodles from the bowl in the sink with his right hand.,sink@@@@@bowl
287.38209,C drops the noodles into the sieve with his right hand.,strainer@@@@@person
288.31743,C turns off the tap with his right hand.,person@@@@@faucet
290.08406,C picks the bowl in the sink with his right hand.,sink@@@@@bowl
293.34623,C pours the water in the bowl into the sieve with his right hand.,strainer@@@@@bowl
296.37145,C drops the bowl in the sink with his right hand.,sink@@@@@bowl
296.97786,C puts the noodles at edges of the sieve into the sieve with his right hand,strainer@@@@@person
297.53721,C flips the noodles in  the sieve with his hands.,strainer@@@@@person
301.68343,C passes the sieve from his left hand to his right hand.,strainer@@@@@person
302.76873,C picks a big bowl from the countertop with his left hand.,bowl@@@@@person
303.81159,C turns the noodles in the sieve into the  big bowl with his right hand.,strainer@@@@@bowl
307.05737,C picks the napkin on the countertop  with his right hand,person@@@@@napkin
308.31954,C places the sieve on the stove top with his left hand.,stove@@@@@strainer
308.854,C holds the napkin with his hands.,person@@@@@napkin
310.714,C touches the handle of  the skillet with the napkin in his left hand.,napkin
312.61899,C picks an oil jar from the countertop with his right hand.,jar@@@@@person
315.59833,C pours oil into skillet with his right hand.,frying_pan@@@@@person
317.57421,C drops the oil jar on the chopping board with his right hand.,jar@@@@@chopping_board
318.69015,C tilts the skillet with the napkin in his left hand.,pan_(for_cooking)@@@@@napkin
320.17742,C picks the tray from the chopping board with his right hand.,chopping_board@@@@@tray
320.83155,C passes the tray from his right hand to his left hand.,tray@@@@@person
321.621,C pours the mix of vegetables into the skillet with his right hand.,frying_pan@@@@@person
324.87618,C passes the tray from his left hand to his right hand.,tray@@@@@person
325.78646,C places the tray on the chopping board with her right hand.,chopping_board@@@@@tray
326.37017,C cleans his right hand with the napkin in his left hand.,person@@@@@napkin
326.92995,C flips the mix of vegetable in the skillet with the napkin in his left hand.,napkin
331.38444,C picks the pepper jar from the countertop with his right hand.,jar@@@@@person
331.9249,C adds pepper to the mixed of vegetable in skillet,pepper_mill
333.35045,C drops the pepper jar on the countertop with his right hand.,jar@@@@@person
333.9894,C picks the sesame oil jar from the countertop with his right hand.,jar@@@@@person
334.40604,C adds the sesame oil to the mix of vegetable  in the skillet with his right hand.,person
335.48181,C drops the sesame oil  jar on the countertop with his right hand.,jar@@@@@person
335.78122,C flips the mix of vegetable in the skillet with the napkin in his left hand.,napkin
340.5659,C pours the mix of vegetable into the big bowl with the napkin in his left hand.,bowl@@@@@person@@@@@napkin
342.8912,C places the skillet on the stove top with the napkin in his left hand.,stove@@@@@pan_(for_cooking)@@@@@napkin
345.46062,C turns on the tap with his right hand.,person@@@@@faucet
346.05795,C rotates the skillet  under the tap with the kitchen napkin in his left hand.,napkin
350.11869,C turns off the tap with his right hand.,person@@@@@faucet
350.27826,C turns the water in the skillet into sink with the napkin in his left hand.,sink@@@@@napkin
354.01694,C places the skillet on the stove top with the napkin in his left hand.,stove@@@@@pan_(for_cooking)@@@@@napkin
354.23138,C turns off the stove with his right hand.,stove@@@@@person
355.93532,C picks the big bowl from the countertop with his left hand.,bowl@@@@@person
358.67464,C picks the soy sauce jar from the countertop with his right hand.,jar@@@@@person
360.14661,C adds soy sauce to the mix of ingredients in the big bowl with his right hand.,bowl@@@@@person
362.69423,C drops the soy sauce jar on the countertop with his right hand.,jar@@@@@person
364.59831,C shakes the mix of ingredients in the big bowl with his left hand.,bowl@@@@@person
365.73211,C flips the mix of ingredients in the big bowl with his hands,bowl@@@@@person
380.48802,C touches the golden spoon on the countertop with his right hand.,spoon@@@@@person
381.68865,C picks the spoon from the countertop with his right hand.,spoon@@@@@person
382.71334,C stirs the noodles in the big bowl with the spoon in his right hand.,spoon@@@@@bowl
396.34326,C slides the noodles in the big bowl into plate with the spoon in his right hand.,spoon@@@@@bowl@@@@@plate
403.83112,C arranges the noodles in the plate with the spoon in his right hand,spoon@@@@@plate
404.25786,C drops the spoon into the big bowl with his right hand.,spoon@@@@@bowl
404.98537,C picks the plate of noodles from the stack of plate on the countertop with his right hand.,person@@@@@plate
407.53311,C places the plate of noodles on the countertop with his right hand.,person@@@@@plate
408.77747,C picks the spring onion leaf from the chopping board with his right hand.,chopping_board@@@@@onion
412.61226,C drops the big bowl on the countertop with his right hand.,bowl@@@@@person
414.00283,C turns on the tap with his right hand.,person@@@@@faucet
414.86948,C picks the sieve in the sink with his right hand.,sink@@@@@kitchen_sink@@@@@strainer
0.9441,C holds the noodles pack with his both hands.,person@@@@@packet
2.98668,C picks a knife from the cutting board with his right hand.,chopping_board@@@@@knife
3.91996,C tears the noodles pack with a knife in his right hand.,packet@@@@@knife
4.75324,C drops the knife on the cutting board with his right hand.,chopping_board@@@@@knife
5.01989,C tears the noodles pack with his right hand.,person@@@@@packet
7.6864,C picks part of the noodles with his right hand.,person
10.67686,C drops the noodles pack on the cutting board with his left hand.,chopping_board@@@@@packet
13.87426,C drops the noodles into the boiling water in the pot with his right hand.,person@@@@@pot
16.02704,C picks the noodles pack from the cutting board with his both hands.,chopping_board@@@@@packet
17.50718,C clears the cutting board with his right hand.,chopping_board@@@@@person
19.91845,C drops the noodles pack on the countertop with his left hand.,kitchen_table@@@@@can@@@@@packet@@@@@dining_table
22.25797,C picks the napkin from the cutting board with his right hand.,chopping_board@@@@@napkin
22.52463,C drops the napkin on the countertop with his right hand.,person@@@@@napkin
23.2663,C picks a spoon from the countertop with his right hand.,spoon@@@@@person
24.68877,C stirs the noodles in the pot with a spoon in his right hand.,spoon@@@@@pot
25.48875,C turns the knob of the gas cooker with his left hand.,person@@@@@knob
36.71743,C drops the spoon on the countertop with his right hand.,spoon
37.4765,C picks the celery from the cutting board with his left hand.,chopping_board@@@@@person
38.00785,C drops the celery on the cutting board with his left hand.,chopping_board@@@@@person
38.30784,C picks the celery from the cutting board with his left hand.,chopping_board@@@@@person
38.54117,C picks the napkin from the countertop with his right hand.,person@@@@@napkin
39.23207,C puts the napkin into his apron with his right hand.,apron@@@@@napkin
41.54163,C picks a knife from the cutting board with his right hand.,chopping_board@@@@@knife
41.60829,C picks the celery from the cutting board with his left hand.,chopping_board@@@@@person
42.50827,C clears the cutting board with a knife in his right hand.,chopping_board@@@@@knife
43.34159,C drops the celery on the cutting board with his left hand.,chopping_board@@@@@person
43.84158,C cuts the celery's stem with a knife in his right hand.,knife
45.20509,C shifts the celery's stem on the cutting board with a knife in his right hand.,chopping_board@@@@@knife
46.0384,C cuts the celery into half with a knife in his right hand.,knife
46.50506,C picks the half of the celery from the cutting board with his left hand.,chopping_board@@@@@person
47.03838,C drops the celery on the cutting board with his left hand.,chopping_board@@@@@person
47.40504,C picks the celery from the cutting board with his left hand.,chopping_board@@@@@person
48.47169,C drops the celery on the cutting board with his left hand.,chopping_board@@@@@person
48.80502,C picks the celery from the cutting board with his left hand.,chopping_board@@@@@person
49.13835,C drops the celery on the cutting board with his left hand.,chopping_board@@@@@person
49.47167,C shifts the celery on the cutting board with his left hand.,chopping_board
50.37166,C cuts the celery's stem with a knife in his right hand.,knife
51.57164,C cuts the celery into half with a knife in his right hand.,knife
52.00496,C picks the half of the celery from the cutting board with his left hand.,chopping_board@@@@@person
52.83828,C drops the half of the celery on the cutting board with his left hand.,chopping_board@@@@@person
53.13828,C picks the half of the celery from the cutting board with his left hand.,chopping_board@@@@@person
53.6716,C drops the half of the celery on the cutting board with his left hand.,chopping_board@@@@@person
54.13826,C adjust the half of the celery on the cutting board with his left hand.,chopping_board@@@@@person
54.73825,C picks the celery's stem from the cutting board with his left hand.,chopping_board@@@@@person
55.73823,C drops the celery's stem on the cutting board with his left hand.,chopping_board@@@@@person
56.30489,C holds the half of the celery on the cutting board with his left hand.,chopping_board@@@@@person
58.10486,C chops the celery on the cutting board with a knife in his right hand.,chopping_board@@@@@knife
80.81143,C wipes the knife with his left hand.,person@@@@@knife
81.37809,C clears the cutting board with his left hand.,chopping_board@@@@@person
82.12183,C picks the celery from the cutting board with his left hand.,chopping_board@@@@@person
83.11076,C drops the celery on the cutting board with his left hand.,chopping_board@@@@@person
87.02556,C cuts the celery's stem with a knife in his right hand.,knife
87.82555,C shifts the celery's stem on the cutting board with his left hand.,chopping_board@@@@@person
90.39218,C shift the celery on the cutting board with his left hand.,chopping_board@@@@@person
92.32549,C shifts the celery's stem on the cutting board with his left hand.,chopping_board@@@@@person
93.42548,C chops the celery on the cutting board with a knife in his right hand.,chopping_board@@@@@knife
108.49331,C shifts the celery on the cutting board with a knife in his right hand.,chopping_board@@@@@knife
110.38009,C chops the celery on the cutting board with a knife in his right hand.,chopping_board@@@@@knife
115.63472,C wipes the knife with his left hand.,person@@@@@knife
116.44106,C shifts the celery on the cutting board with his left hand.,chopping_board
119.75729,C picks the celery from the cutting board with his left hand.,chopping_board@@@@@person
120.47339,C drops the celery on the cutting board with his left hand.,chopping_board@@@@@person
121.44682,C chops the celery on the cutting board with a knife in his right hand.,chopping_board@@@@@knife
132.12483,C shifts the celery on the cutting board with a knife in his right hand.,chopping_board@@@@@knife
132.87814,C wipes the knife with his left hand.,person@@@@@knife
133.66583,C shifts the celery on the cutting board with his left hand.,chopping_board
135.38987,C picks a garlic from the cutting board with his left hand.,chopping_board@@@@@garlic
135.7232,C drops the garlic on the cutting board with his let hand.,chopping_board@@@@@garlic
136.84936,C place a knife on the garlic with his right hand.,garlic@@@@@knife
137.28269,C hits the knife on the garlic with his left hand.,garlic@@@@@knife
138.01601,C picks the garlic from the cutting board with his left hand.,chopping_board@@@@@garlic
138.14935,C drops the knife on the cutting board with his right hand.,chopping_board@@@@@knife
138.41601,C peels the garlic skin with his right hand.,person@@@@@garlic
145.1731,C drops the garlic skin on the cutting board with his right hand.,chopping_board@@@@@garlic
145.68161,C picks a knife from the cutting board with his right hand.,chopping_board@@@@@knife
145.84828,C drops the garlic on the cutting board with his left hand.,chopping_board@@@@@garlic
146.84826,C picks the garlic from the cutting board with his left hand.,chopping_board@@@@@garlic
147.14826,C clears the cutting board with a knife in his right hand.,chopping_board@@@@@knife
148.16179,C drops the garlic on the cutting board with his left hand.,chopping_board@@@@@garlic
149.36064,C chop the garlic on the cutting board with a knife in his right hand.,chopping_board@@@@@knife
160.73021,C wipes the knife with his left hand.,person@@@@@knife
161.57831,C shifts the celery on the cutting board with a knife in his right hand.,chopping_board@@@@@knife
162.51163,C shifts the garlic on the cutting board with his left hand.,chopping_board@@@@@garlic
162.84496,C drops the knife on the cutting board with his right hand.,chopping_board@@@@@knife
163.98832,C picks the napkin from his apron with his right hand.,apron@@@@@napkin
164.65782,C transfers the napkin from his right hand to his left hand.,person@@@@@napkin
165.40949,C holds the pot handle with the napkin in his left hand.,napkin@@@@@pot
165.81782,C rotates the pot with his left hand.,person@@@@@pot
168.31515,C picks a spoon from the countertop with his right hand.,spoon@@@@@person
169.36354,C stirs the noodles in the pot with a spoon in his right hand.,spoon@@@@@pot
173.08041,C picks the pot from the gas cooker with a napkin in his left hand.,napkin@@@@@pot
187.75595,C drops the napkin on the gas cooker top with his left hand.,stove@@@@@napkin
190.15795,C stirs the noodles in the pot with a spoon in his right hand.,spoon@@@@@pot
190.52461,C picks the napkin from the gas cooker top with his left hand.,stove@@@@@napkin
191.42243,C picks the pot from the gas cooker with a napkin in his left hand.,napkin@@@@@pot
192.15575,C places the pot on the gas cooker with a napkin in his left hand.,person@@@@@napkin@@@@@pot
194.34284,C drops the knife on the cutting board with his right hand.,chopping_board@@@@@knife
196.34537,C picks a salt container from the countertop with his right hand.,saltshaker@@@@@shaker@@@@@person
196.95802,C transfers the salt container from her right hand to her left hand.,saltshaker@@@@@shaker@@@@@person
197.59135,C adds salt into the noodles in the pot with his right hand.,person@@@@@pot
199.39351,C transfers the salt container from her left hand to her right hand.,saltshaker@@@@@shaker@@@@@person
200.02982,C drops the salt container on the countertop with his right hand.,saltshaker@@@@@shaker
201.25565,C adjusts the pot on the gas cooker with a napkin in his left hand.,person@@@@@napkin@@@@@pot
202.03221,C unfolds the napkin with his right hand.,person@@@@@napkin
203.9595,C rotates the pot on the gas cooker with a napkin in his left hand.,napkin@@@@@pot
206.02347,C wipes his right hand with a napkin.,person@@@@@napkin
207.30295,C picks a knife from the cutting board with his right hand.,chopping_board@@@@@knife
207.91974,C drops the knife on the cutting board with his right hand.,chopping_board@@@@@knife
208.47942,C picks a stainless tray from the countertop with his right hand.,tray@@@@@person
209.11281,C transfers the stainless tray from his right hand to his left hand.,tray@@@@@person
209.59672,C shifts the knife on the cutting board with his right hand.,chopping_board@@@@@knife
210.49671,C adds the chopped garlic into the tray with his right hand.,tray@@@@@person
210.49671,C adds the chopped celery into the tray with his right hand.,tray@@@@@person
214.11105,C drops the stainless tray on the cutting board.,chopping_board@@@@@tray
214.94022,C wipes his right hand with a napkin.,person@@@@@napkin
215.5597,C picks the pepper jar with his right hand.,jar@@@@@person
216.16045,C transfers the pepper jar from his right hand to his left hand.,jar@@@@@person
216.52711,C opens the pepper jar with his left hand.,jar@@@@@person
218.35175,C drops the pepper jar on the countertop with his right hand.,jar@@@@@person
218.99594,C opens the sauce jar on the countertop with his right hand.,jar@@@@@person
223.11305,C holds the sauce jar with his left hand.,jar@@@@@person
224.82491,C drops the pepper jar cover on the countertop with his right hand.,jar@@@@@person
226.38719,C picks the saucepan from gas cooker with a napkin in his left hand.,saucepan@@@@@napkin
227.2905,C turn on the gas cooker with his right hand.,stove@@@@@person
228.40581,C places the saucepan on the gas cooker with a napkin in his left hand.,saucepan@@@@@person@@@@@napkin
229.7632,C turns the gas cooker knob with his right hand.,knob
230.80094,C lifts the pot on the gas cooker with napkin in his left hand.,napkin@@@@@pot
233.9906,C picks a spoon from the cutting board with his right hand.,chopping_board@@@@@spoon
235.42009,C stirs the noodles in the pot with a spoon in his right hand.,spoon@@@@@pot
235.62009,C holds the pot with a napkin in his left hand.,person@@@@@napkin@@@@@pot
241.26632,C picks the pot from the gas cooker with a napkin in his left hand.,napkin@@@@@pot
244.65416,C pours the noodles into the sieve with a napkin in his left hand.,strainer@@@@@napkin
247.86021,C drops the spoon on the countertop with his right hand.,spoon
248.79468,C holds the sieve with his right hand.,strainer@@@@@person
250.77035,C pours the noodles from the sieve into the bowl with his right hand.,strainer@@@@@bowl
256.21022,C drops the sieve on the kitchen sink with his right hand.,sink@@@@@kitchen_sink@@@@@strainer
257.4152,C opens the kitchen tap with his right hand.,person@@@@@faucet
258.2545,C adjust the kitchen tap pipe with his right hand.,pipe@@@@@person
260.33894,C drops the pot on the countertop with a napkin in his left hand.,person@@@@@napkin@@@@@pot
262.37792,C turns off the gas cooker with his right hand.,stove@@@@@person
263.09701,C lifts the saucepan on the cooker with a napkin in his left hand.,saucepan@@@@@napkin
266.17515,C rinses the noodles in water with his right hand.,person
274.39589,C picks the sieve from the kitchen sink with his right hand.,sink@@@@@kitchen_sink@@@@@strainer
274.9306,C transfers the sieve from his right hand to his left hand.,strainer@@@@@person
275.50817,C rinses the noodles in water with his right hand.,person
281.77477,C adds the noodles from the bowl into the sieve with his right hand.,strainer@@@@@bowl
288.53412,C closes the kitchen tap with his right hand.,person@@@@@faucet
289.91048,C picks the bowl with water from the kitchen sink with his right hand.,sink@@@@@kitchen_sink@@@@@bowl
293.63516,C pours water from the bowl into the sieve with his right hand.,strainer@@@@@bowl
296.64703,C drops the bowl into the kitchen sink with his right hand.,sink@@@@@kitchen_sink@@@@@bowl
297.54022,C shakes the sieve with his both hands.,strainer@@@@@person
302.76033,C picks a bowl from the countertop,bowl@@@@@person
303.86345,C turns the noodles into the bowl with his right hand.,bowl@@@@@person
306.30065,C drops the sieve into the kitchen sink with his right hand.,sink@@@@@kitchen_sink@@@@@strainer
308.50493,C drops the noodles bowl on the gas cooker top with his left hand.,stove@@@@@bowl
308.83548,C transfers the napkin from his right hand to his left hand.,person@@@@@napkin
310.7559,C adjust the saucepan on the gas cooker with a napkin in his left hand.,saucepan@@@@@napkin
312.81121,C picks the oil bottle from the countertop with his right hand.,bottle@@@@@person
315.61752,C pours oil into the saucepan on the gas cooker with his right hand.,saucepan@@@@@person
317.79608,C drops the oil bottle on the cutting board with his right hand.,chopping_board@@@@@bottle
318.68476,C lifts the saucepan on the gas cooker with a napkin in his left hand.,saucepan@@@@@napkin
320.13924,C picks the stainless tray from the cutting board with his right hand.,chopping_board@@@@@tray
320.84292,C transfers the stainless tray from his right hand to his left hand.,tray@@@@@person
321.74448,C adds the chopped celery into the saucepan with his right hand.,saucepan@@@@@person
321.74448,C adds the chopped garlic into the saucepan with his right hand.,saucepan@@@@@garlic
324.98378,C transfers the stainless tray from his left hand to his right hand.,tray@@@@@person
325.80528,C drops the stainless tray on the cutting board with his right hand.,chopping_board@@@@@tray
326.38623,C wipes his right hand with the napkin.,person@@@@@napkin
326.88705,C shakes the saucepan with a napkin in his left hand.,saucepan@@@@@napkin
331.356,C picks the pepper jar from the countertop with his right hand.,jar@@@@@person
332.02264,C adds pepper into the saucepan with his right hand.,saucepan@@@@@person
333.55653,C drops the pepper jar on the countertop with his right hand.,jar@@@@@person
333.94256,C picks the sauce jar from the countertop with his right hand.,jar@@@@@person
334.4092,C adds sauce into the saucepan with his right hand.,saucepan@@@@@person
335.43462,C drops the sauce jar on the countertop with his right hand.,jar@@@@@person
335.81216,C shakes the saucepan with a napkin in his left hand.,saucepan@@@@@napkin
340.65826,C turns the vegetables into the noodles in the bowl with a napkin in his left hand.,bowl@@@@@napkin
345.66943,C opens the kitchen tap with his right hand.,person@@@@@faucet
345.90276,C rinses the saucepan with water from the kitchen tap.,sink@@@@@kitchen_sink@@@@@saucepan
350.19061,C closes the kitchen tap with his right hand.,person@@@@@faucet
354.14138,C turns off the gas cooker with his right hand.,stove@@@@@person
354.34137,C drops the saucepan on the gas cooker with a napkin in his left hand.,stove@@@@@saucepan
355.97852,C picks the noodles bowl from the gas cooker with his left hand.,stove@@@@@bowl
358.65529,C picks a soy sauce jar from the countertop with his right hand.,jar@@@@@person
360.10241,C adds soy sauce into the noodles in the bowl with his right hand.,bowl@@@@@person
362.84065,C drops the soy sauce jar on the countertop with his right hand.,jar@@@@@person
364.77239,C shakes the noodles bowl with his both hands.,bowl@@@@@person
381.62791,C picks a spoon from the countertop with his right hand.,spoon@@@@@person
382.66122,C stirs the noodles in the bowl with a spoon in his right hand.,spoon@@@@@bowl
396.45257,C transfers the noodles into the plate with a spoon in his right hand.,spoon@@@@@plate
404.35162,C drops the spoon into the bowl with his right hand.,spoon@@@@@bowl
404.81687,C picks the plate from the countertop with his right hand.,person@@@@@plate
407.67864,C drops the plate on the countertop with his right hand.,person@@@@@plate
408.71536,C picks the celery from the cutting board with his right hand.,chopping_board@@@@@person
410.34437,C drops the celery onto the noodles in the plate with his right hand.,person@@@@@plate
414.12102,C opens the kitchen tap with his right hand.,person@@@@@faucet
414.93244,C picks the sieve from the kitchen sink with his right hand.,sink@@@@@kitchen_sink@@@@@strainer
