timestamp,narration,object
2.34315,C loosens the screw on the wheel using his right hand,wheel
7.14625,C shakes the bicycle on the stand with his right hand,bicycle
8.13566,C gets the bicycle pump with his right hand,bicycle
11.15806,C pumps the inner tube valve with the bicycle pump using his right hand,bicycle
13.16882,C returns the bicycle pump to the bicycle stand using his right hand,bicycle
19.00553,C places the inner tube valve on the pedal on the bicycle stand using his right hand,bicycle
20.82798,C fixes the tire on the bicycle rim using his hands,bicycle
27.45502,C gets the inner valve from the bicycle pedal using his right hand,bicycle
29.05109,C attempts to fix the inner valve on the bicycle rim and tire using his hands,bicycle
35.23385,C fixes the tire and inner valve on the bicycle rim using his hands,bicycle
57.09061,C gets the bicycle pump from the bicycle stand using his right hand,bicycle
58.74834,C pumps the tire using the bicycle pump,bicycle
69.82446,C pumps the tire using the bicycle pump,bicycle
76.82724,C pumps the tire using the bicycle pump,bicycle
82.49065,C places the bicycle pump on the bicycle stand using his right hand,bicycle
