timestamp,narration,object
1.97644,C holds a thru axle with his right hand.,wheel
6.36473,C holds the left thru axle with his left hand.,wheel
7.59807,C holds the right thru axle with his right hand.,wheel
10.50196,C turns the right thru axle to the seat stay with his right hand.,wheel
12.76265,C turns the left thru axle with his left hand.,wheel
15.4428,C turns the right thru axle with his right hand.,wheel
16.22924,C takes a socket wrench from an apron with his right hand.,wrench
18.3251,C turns the right thru axle with a socket wrench in his right hand.,wrench@@@@@wheel
22.28736,C transfers the socket wrench from his right hand to his left hand.,wrench
24.6812,C turns the left thru axle with the socket wrench in his left hand.,wrench@@@@@wheel
29.16074,C turns the right thru axle with the socket wrench in his right hand.,wrench@@@@@wheel
34.63598,C turns the right thru axle with the socket wrench in his right hand.,wrench@@@@@wheel
46.17014,C pushes down the bicycle with both hands.,person@@@@@bicycle
58.81622,C touches the bicycle with his left hand.,person@@@@@bicycle
2.07667,C touches the wheel right axle with his right hand.,wheel
4.11111,C passes the wheel to his right hand from his left hand.,wheel
5.99035,C inserts the wheel in between the fork blades with both hands.,wheel
6.46922,C holds the left axle with his left hand.,wheel
7.63444,C holds the right axle with his right hand.,wheel
8.7289,C inserts the axles into the fork dropouts with both hands.,wheel
12.08571,C holds the wheel with his right hand.,wheel
14.81265,C holds the wheel with his left hands.,wheel
16.53336,C picks a socket wrench from his apron pocket with his right hand.,wrench
18.3822,C turns the right hub nut with the socket wrench in his right hand.,wrench@@@@@wheel
22.29121,C passes the socket wrench from his right hand to his left hand.,wrench
24.67357,C turns the left hub nut with the socket wrench in his left  hand.,wrench
28.1327,C holds the wheel with his left hand.,person@@@@@wheel
29.0648,C turns the right hub nut with the socket wrench in his right hand.,wrench@@@@@wheel
34.61187,C turns the right hub nut with the socket wrench in his right hand.,wrench@@@@@wheel
41.47396,C tilts the wheel to the right with his right hand.,person@@@@@wheel
46.19064,C presses the bike basket with both hands.,basket@@@@@person
58.85938,C touches the bike basket with his left hand.,basket@@@@@person
59.81191,C touches the bike basket with the back of his right hand.,basket@@@@@person
