timestamp,narration,object
2.59777,C holds the wheel with his left hand.,wheel@@@@@bicycle
3.02873,C spins the wheel with his both hands.,wheel
8.17079,C pushes one bead of bicycle wheel towards rim centre with his left hand.,person@@@@@wheel
8.63521,C pulls lever to lift next section of bead off rim with his right hand.,wheel
14.92867,C removes the tyre from the rim with his right hand.,wheel
16.9853,C places the rim on the floor with his left hand.,wheel
71.99447,C picks up a new tube from the box with his right hand.,box
75.03566,C places the wheel on the floor with his left hand.,wheel
77.03991,C removes the rubber band from the tube with his right hand.,bicycle
79.06602,C spreads out the tube with his both hands.,bicycle
80.65954,C touches the bicycle with his left hand.,bicycle
81.52854,C passes the tube from his right hand to left hand.,bicycle
82.25163,C spreads out the tube with his right hand.,bicycle
82.27163,C spreads out the tube with his both hands.,bicycle
87.35094,C loosens the valve cap from the valve with his right hand.,bicycle
94.0184,C picks up an air nozzle from the steel pole with his right hand.,pole
99.99872,C disconnects the air nozzle from the valve with his right hand.,watering_can@@@@@water_jug@@@@@wheel@@@@@can@@@@@bicycle
103.37157,C hangs the air nozzle on the steel pole with his right hand.,pole
104.8219,C lifts up the wheel from the floor with his left hand.,wheel@@@@@bicycle
111.32121,C places the wheel on his foots with his left hand.,wheel
112.87193,C lifts up the wheel from his foots with his left hand.,wheel
114.33058,C examines the tyre with his right hand.,person@@@@@wheel
117.49706,C places the wheel on the floor with his left hand.,wheel
118.63874,C pushes one bead of bicycle wheel towards rim centre with his left hand.,person@@@@@wheel
119.412,C inserts the valve into the rim with his right hand.,person@@@@@wheel
122.1,C inserts the tube into the rim with his both hands.,person@@@@@wheel
133.07947,C lifts up the wheel from the floor with his both hands.,person@@@@@wheel
133.51993,C examines the wheel with his both hands.,person@@@@@wheel
136.27522,C places the wheel on his foots with his both hands.,person@@@@@wheel
137.43699,C examines the wheel with his both hands.,person@@@@@wheel
139.70394,C turns the wheel with his both hands.,person@@@@@wheel
140.95827,C holds the valve with his right hand.,person@@@@@wheel
141.95566,C bounces the wheel on the floor with his both hands.,wheel
145.26289,C lifts up the wheel from the floor with his left hand.,wheel@@@@@bicycle
154.24269,C picks up an air nozzle from the steel pole with his right hand.,pole
156.51341,C places the wheel on the floor with his left hand.,wheel
158.3927,C inflates the wheel with an air pump in his right hand.,wheel@@@@@bicycle
160.80731,C disconnects the air nozzle from the valve with his right hand.,watering_can@@@@@water_jug@@@@@wheel@@@@@can@@@@@bicycle
161.91196,C turns the wheel to the right side with his left hand.,wheel@@@@@bicycle
163.11929,C turns the wheel to the left side with his left hand.,person@@@@@wheel
164.10401,C inflates the wheel with an air pump in his right hand.,wheel@@@@@bicycle
166.50853,C disconnects the air nozzle from the valve with his right hand.,watering_can@@@@@water_jug@@@@@wheel@@@@@can@@@@@bicycle
166.72946,C turns the wheel to the right side with his left hand.,wheel@@@@@bicycle
168.17438,C places the wheel on his knees with his left hand.,wheel@@@@@bicycle
169.56764,C lifts up the wheel from his knees with his left hand.,wheel@@@@@bicycle
171.35598,C inflates the wheel with an air pump in his right hand.,wheel@@@@@bicycle
172.89896,C disconnects the air nozzle from the valve with his right hand.,watering_can@@@@@water_jug@@@@@wheel@@@@@can@@@@@bicycle
174.84948,C flips the cable of the air pump with his right hand.,watering_can@@@@@water_jug@@@@@wheel@@@@@can@@@@@bicycle
180.47466,C holds the wheel with his left hand.,wheel@@@@@bicycle
182.14374,C inflates the wheel with an air pump in his right hand.,wheel@@@@@bicycle
187.90243,C disconnects the air nozzle from the valve with his right hand.,watering_can@@@@@water_jug@@@@@wheel@@@@@can@@@@@bicycle
188.18695,C bends the wheel to the right side with his left hand.,wheel@@@@@bicycle
190.54657,C inflates the wheel with an air pump in his right hand.,wheel@@@@@bicycle
193.28112,C disconnects the air nozzle from the valve with his right hand.,watering_can@@@@@water_jug@@@@@wheel@@@@@can@@@@@bicycle
193.87875,C lifts up the wheel from the floor with his left hand.,wheel@@@@@bicycle
195.48877,C hangs the air nozzle on the steel pole with his right hand.,pole
196.65774,C raises up the wheel with his left hand.,wheel@@@@@bicycle
197.6188,C holds the wheel with his right hand.,wheel@@@@@bicycle
2.05083,C turns a bike tire with both hands.,wheel@@@@@bicycle
8.70927,C places the tire lever between the tire and the tire rim with his right hand.,wheel
10.19593,C moves the tire lever between the tire and the tire rim with his right hand,wheel
15.45427,C removes the tire from the rim with his right hand.,wheel
17.11361,C places the tire rim on the floor against his legs with his left hand.,wheel
24.12265,C places the tire lever in the tool apron on his body with his right hand.,apron
76.14428,C transfers the bike tube from his right hand to his left hand.,bicycle
76.67419,C removes a rubber band from the bike tube with his right hand.,hat@@@@@can@@@@@bicycle
79.13615,C unrolls the bike tube with both hands.,bicycle
80.15377,C transfers the bike tube from his left hand to his right hand.,bicycle
80.61034,C touches a brake caliper on the bike frame.,bicycle
81.45094,C transfers the bike tube from his right hand to his left hand.,bicycle
82.09206,C shakes the bike tube with his left hand.,bicycle
82.67964,C unrolls the bike tube with both hands.,bicycle
87.49727,C unscrews a dust cap from the bike tube valve with his right hand.,bicycle
89.3337,C unscrews a nut from the bike tube valve with his right hand.,bicycle
94.55011,C picks a bike pump from its stand with his right hand.,bicycle
100.93853,C transfers the bike pump from his right hand to his left hand.,bicycle
102.25964,C transfers the bike tube from his left hand to his right hand.,bicycle
103.66373,C places the bike pump on its stand with his left hand.,bicycle
107.49382,C removes the tire from the rim with his right hand.,wheel
111.01949,C fixes the tire on the tire rim with his right hand.,wheel
117.35453,C places the bike tire on his feet with his left hand.,person@@@@@wheel
117.93026,C holds the rim spokes with his right hand.,person@@@@@wheel
118.66425,C pulls the tire from the rim with his left hand.,person@@@@@wheel
119.87752,C places the valve stem in the valve hole on the tire rim with his right hand.,person@@@@@wheel
122.10502,C fixes the bike tube between the tire and the rim with both hands.,person@@@@@wheel
132.78987,C lifts the bike tire from his feet with both hands.,person@@@@@wheel
136.78058,C places the bike tire on his feet with both hands.,person@@@@@wheel
137.41244,C moves the bike tire with both hands.,person@@@@@wheel
140.84153,C pulls the valve stem under the tire rim with his right hand.,person@@@@@wheel
144.74155,C lifts the bike tire from his feet with his left hand.,person@@@@@bicycle
156.51213,C places the bike tire on the floor with his left hand.,bicycle
158.10892,C places the bike pump head on the bike tube valve under the tire rim with his right hand.,wheel@@@@@bicycle
160.88881,C removes the bike pump head from the bike tube valve under the tire rim with his right hand.,wheel@@@@@bicycle
161.80806,C moves the bike tire with his left hand.,bicycle
164.22055,C places the bike pump head on the bike tube valve under the tire rim with both hands.,watering_can@@@@@water_jug@@@@@wheel@@@@@can@@@@@bicycle
166.63215,C removes the bike pump head from the bike tube valve under the tire rim with his right hand.,wheel@@@@@bicycle
166.95882,C moves the bike tire with his left hand.,bicycle
171.52829,C places the bike pump head on the bike tube valve under the tire rim with both hands.,watering_can@@@@@water_jug@@@@@wheel@@@@@can@@@@@bicycle
172.89292,C removes the bike pump head from the bike tube valve under the tire rim with his right hand.,wheel@@@@@bicycle
177.02303,C rests the bike tire against his right leg with his left hand.,wheel@@@@@bicycle
180.48745,C holds the bike tire with his left hand.,wheel@@@@@bicycle
182.15581,C places the bike pump head on the bike tube valve under the tire rim with his right hand.,wheel@@@@@bicycle
187.6939,C removes the bike pump head from the bike tube valve under the tire rim with his right hand.,wheel@@@@@bicycle
188.14376,C moves the bike tire with his left hand.,bicycle
190.66597,C places the bike pump head on the bike tube valve under the tire rim with his right hand.,wheel@@@@@bicycle
193.32842,C removes the bike pump head from the bike tube valve under the tire rim with his right hand.,wheel@@@@@bicycle
193.82802,C lifts the bike tire from the floor with his left hand.,bicycle
197.70852,C holds the bike tire with both hands.,bicycle
