timestamp,narration,object
1.49089,C picks the recipe manual from the countertop with his left hand.,book
2.08909,C holds the recipe manual in his left hand with his right hand.,book@@@@@person
2.89916,C reads the recipe manual.,book
6.89381,C places the recipe manual on the countertop with both hands.,book
8.38869,C picks the saucepan on the gas cooker with his right hand.,cooker@@@@@saucepan
8.72201,C picks the skillet on the gas cooker with his left hand.,cooker@@@@@pan_(for_cooking)
10.38633,C places the skillet on the gas cooker with his left hand.,cooker@@@@@pan_(for_cooking)
11.021,C passes the saucepan from his right hand to his left hand.,saucepan@@@@@person
12.32187,C picks a measuring cup from the countertop with his right hand.,ring@@@@@measuring_cup@@@@@cup
13.75515,C turns the knob of the faucet with his right hand.,knob@@@@@faucet
15.06517,C fetches water from the faucet with the measuring cup in his right hand.,ring@@@@@measuring_cup@@@@@faucet@@@@@cup
16.97846,C adds water into the saucepan with the measuring cup in his right hand.,ring@@@@@measuring_cup@@@@@cup@@@@@saucepan
18.03735,C fetches water from the faucet with the measuring cup in his right hand.,ring@@@@@measuring_cup@@@@@faucet@@@@@cup
19.99223,C adds water into the saucepan with the measuring cup in his right hand.,ring@@@@@measuring_cup@@@@@cup@@@@@saucepan
21.11884,C fetches water from the faucet with the measuring cup in his right hand.,ring@@@@@measuring_cup@@@@@faucet@@@@@cup
23.07433,C adds water into the saucepan with the measuring cup in his right hand.,ring@@@@@measuring_cup@@@@@cup@@@@@saucepan
24.10512,C fetches water from the faucet with the measuring cup in his right hand.,ring@@@@@measuring_cup@@@@@faucet@@@@@cup
26.03878,C adds water into the saucepan with the measuring cup in his right hand.,ring@@@@@measuring_cup@@@@@cup@@@@@saucepan
27.4689,C turns the knob of the faucet with his right hand.,knob@@@@@faucet
29.36587,C places the measuring cup on the chopping board with his right hand.,ring@@@@@measuring_cup@@@@@oar@@@@@cup@@@@@chopping_board
32.4637,C places the saucepan on the gas cooker with his left hand.,cooker@@@@@saucepan
32.92034,C turns the knob of the gas cooker with his right hand.,knob@@@@@cooker
37.69752,C moves the skillet on the gas cooker with his left hand.,cooker@@@@@pan_(for_cooking)
41.36171,C picks a salt container from the countertop with his left hand,saltshaker
42.40947,C holds the salt container in his left hand with his right hand.,saltshaker
42.98571,C opens the salt container in his right hand with his left hand.,saltshaker
46.04023,C adds salt to the saucepan on the gas cooker with his right hand.,saltshaker@@@@@saucepan
49.39285,C closes the salt container with his left hand.,saltshaker
49.95933,C passes the salt container from his right hand to his left hand.,saltshaker@@@@@person
50.94748,C places the salt container on the countertop with his left hand.,saltshaker
54.21933,C picks a spoon from the countertop with his left hand.,spoon
54.99721,C holds the spoon in his left hand with his right hand.,spoon
56.36874,C turns the knob of the faucet with his left hand.,knob@@@@@faucet
56.81362,C rinses the spoon under the faucet with his right hand.,faucet@@@@@spoon
57.24408,C turns the knob of the faucet with his left hand.,knob@@@@@faucet
59.18084,C stirs the water in the saucepan with the spoon in his right hand.,spoon@@@@@saucepan
65.06657,C places the spoon on the countertop with his right hand.,spoon
66.24853,C holds the saucepan on the gas cooker with his left hand.,cooker@@@@@saucepan
66.3152,C hovers his right hand over the saucepan with his right hand.,saucepan@@@@@person
67.99112,C moves the fork on the countertop with his right hand.,fork
71.15505,C picks the recipe manual from the countertop with his left hand.,book
72.35653,C holds the recipe manual in his right hand with his left hand.,book@@@@@person
72.55653,C reads the recipe manual.,book
73.7667,C turns the knob of the gas cooker with his right hand.,knob@@@@@cooker
75.09702,C reads the recipe manual.,book
89.13867,C opens the drawer cabinet with his right hand.,drawer@@@@@cabinet
90.39093,C picks a white bowl from the drawer cabinet.,bowl@@@@@cabinet
91.58403,C closes the cabinet drawer with his thigh.,drawer
92.80206,C places the white plate on the countertop with his right hand.,plate
93.76182,C reads the recipe manual.,book
97.26311,C places the recipe manual on the countertop with his left hand.,book
99.51064,C picks the recipe manual from the countertop with his left hand.,book
100.17777,C holds the recipe manual in his left hand with his right hand.,book@@@@@person
101.1116,C places the recipe manual on the countertop with his left hand.,book
101.74873,C picks a measuring spoon from the countertop with his right hand.,spoon
104.75003,C moves an oyster sauce bottle on the countertop with his left hand.,bottle
105.48728,C picks a soy sauce bottle from the countertop with his left hand.,bottle
106.7421,C holds the soy sauce bottle in his left hand with his right hand.,bottle@@@@@condiment
107.53277,C opens the soy sauce bottle in his right hand with his left hand.,bottle@@@@@bottle_opener@@@@@pen
109.71115,C places the soy sauce cap on the countertop with his left hand.,bottle@@@@@can@@@@@bottle_cap
110.36048,C passes the soy sauce bottle from his right hand to his left hand.,bottle
112.74809,C pours soy sauce into the measuring spoon with his left hand.,ring@@@@@measuring_cup@@@@@spoon@@@@@cup
116.89916,C pours soy sauce into the white bowl with the measuring spoon in his right hand.,bowl@@@@@spoon
118.91041,C pours soy sauce into the measuring spoon with his left hand.,ring@@@@@measuring_cup@@@@@spoon@@@@@cup
122.2426,C pours soy sauce into the white bowl on the countertop with the measuring spoon in his right hand.,bowl@@@@@spoon
124.20999,C places the measuring spoon on the countertop with his right hand.,spoon
124.77882,C picks the soy sauce cap from the countertop with his right hand.,bottle@@@@@bottle_cap
125.57508,C covers the soy sauce bottle with the cap in his right hand.,bottle@@@@@bottle_cap
127.87566,C places the soy sauce bottle on the countertop with his right hand.,bottle
128.63839,C picks the recipe manual from the countertop with his left hand.,book
129.52497,C holds the recipe manual in his left hand with his right hand.,book@@@@@person
129.86584,C reads the recipe manual.,book
133.12115,C places the recipe manual on the chopping board with his left hand.,book@@@@@oar@@@@@chopping_board
134.59442,C picks the measuring spoon from the countertop with his right hand.,spoon
137.43055,C places the measuring spoon on the countertop with his right hand.,spoon
138.21293,C touches the oyster sauce bottle on the countertop with his left hand.,bottle
138.93372,C picks a sesame oil bottle from the countertop with his left hand.,bottle
139.98635,C holds the sesame oil bottle in his left hand with his right hand.,bottle
140.81828,C opens the sesame oil cap with his left hand.,bottle@@@@@bottle_cap
142.19766,C places the sesame oil cap on the chopping board with his left hand.,bottle@@@@@bottle_cap@@@@@oar@@@@@chopping_board
142.75881,C passes the sesame oil bottle from his right hand to his left hand.,bottle
143.56573,C picks the measuring spoon from the countertop with his right hand.,spoon
145.07154,C pours sesame oil into the measuring spoon with his left hand.,ring@@@@@measuring_cup@@@@@spoon@@@@@cup
147.84721,C pours sesame oil into the white plate with the measuring spoon in his right hand.,plate@@@@@spoon
149.45497,C pours sesame oil into the measuring spoon with his left hand.,ring@@@@@measuring_cup@@@@@spoon@@@@@cup
151.96522,C pours sesame oil into the white bowl with measuring spoon in his right hand.,bowl@@@@@spoon
153.59593,C places the measuring spoon on the countertop with his right hand.,spoon
155.95827,C picks the sesame oil cap on the countertop with his right hand.,bottle@@@@@bottle_cap
156.7389,C covers the sesame oil with the sesame oil cap in his right hand.,bottle@@@@@bottle_cap
158.51224,C places the sesame oil bottle on the countertop with his right hand.,bottle
158.57086,C picks the recipe manual from the countertop with his left hand.,book
159.43487,C holds the recipe manual in his left hand with his right hand.,book@@@@@person
159.60154,C reads the recipe manual.,book
164.19203,C places the recipe manual on the countertop with his left hand.,book
165.12407,C picks a measuring spoon from the countertop with his right hand.,spoon
165.82267,C picks the oyster sauce bottle from the countertop with his left hand.,bottle
166.69068,C passes the oyster sauce from his left hand to his right hand.,condiment
166.99839,C opens the oyster sauce cap with his left hand.,bottle@@@@@bottle_cap
168.41944,C places the oyster sauce cap on the countertop with his left hand.,bottle@@@@@bottle_cap
168.95531,C passes the oyster sauce bottle from the his right hand to his left hand.,bottle
171.6347,C pours oyster sauce into the measuring spoon with his left hand.,ring@@@@@measuring_cup@@@@@cup@@@@@saucepan
177.68336,C pours oyster sauce into the white bowl with the measuring spoon in his right hand.,bowl@@@@@spoon
181.57958,C places the measuring spoon on the countertop with his right hand.,spoon
182.30503,C picks the oyster sauce cap from the countertop with his right hand.,bottle@@@@@bottle_cap
183.90874,C covers the oyster sauce bottle with the cap in his right hand.,bottle@@@@@bottle_cap
185.65099,C places the oyster sauce bottle on the countertop with his right hand.,bottle
186.75611,C picks the recipe manual from the countertop with his left hand.,book
187.32025,C holds the recipe manual in his left hand with his right hand.,book@@@@@person
188.00712,C reads the recipe manual.,book
192.24564,C places the recipe manual on the countertop with his left hand.,book
194.79171,C picks a honey bottle from the countertop with his left hand.,bottle
195.92887,C holds the honey bottle in his left hand with his right hand.,bottle
196.97333,C opens the honey bottle with his left hand.,bottle
198.52211,C picks a measuring spoon from the countertop with his left hand.,spoon
199.74446,C pours honey into the measuring spoon with his right hand.,spoon
209.37093,C closes the honey bottle with his right hand.,bottle
209.50426,C places the honey bottle on the countertop with his right hand.,bottle
210.84613,C passes the measuring spoon from his left hand to his right hand.,spoon
211.62321,C pours honey into the white bowl with the measuring spoon in his right hand.,bowl@@@@@spoon
216.79953,C picks the recipe manual from the countertop with his left hand.,book
217.76854,C reads the recipe manual.,book
220.04274,C places the measuring spoon on the countertop with his right hand.,spoon
221.14779,C reads the recipe manual.,book
222.19593,C picks the measuring spoon from the countertop with his right hand.,spoon
223.00086,C places the recipe manual on the countertop with his left hand.,book
226.75863,C picks a ketchup bottle from the countertop with his left hand.,bottle
226.96619,C places the measuring spoon on the countertop with his right hand.,spoon
227.89952,C passes the ketchup bottle from his left hand to his right hand.,bottle
228.28154,C opens the ketchup bottle with his left hand.,bottle
229.53637,C picks the measuring spoon from the countertop with his left hand.,ring@@@@@measuring_cup@@@@@spoon@@@@@cup
231.1546,C pours ketchup in the measuring spoon with his right hand.,ring@@@@@measuring_cup@@@@@cup
236.21762,C pours the ketchup in the white bowl with the measuring spoon in his left hand.,bowl@@@@@spoon
238.03517,C places the ketchup bottle on the countertop with his right hand.,bottle
238.62047,C holds the measuring spoon in his left hand with his right hand.,ring@@@@@measuring_cup@@@@@spoon@@@@@cup
239.39807,C picks the ketchup bottle from the countertop with his right hand.,bottle
240.64236,C pours ketchup in the measuring spoon with his right hand.,ring@@@@@measuring_cup@@@@@cup
245.29776,C places the ketchup bottle on the countertop with his right hand.,bottle
245.91127,C passes the measuring spoon from his left hand to his right hand.,spoon
246.83902,C holds the white bowl on the countertop with his left hand.,bowl
246.87235,C stirs the ketchup into the ingredient mix in the white bowl with his right hand.,bowl@@@@@spoon
257.68881,C holds the ketchup container with his right hand.,condiment
257.89567,C closes the ketchup bottle with his left hand.,bottle
258.31257,C picks the ketchup bottle from the countertop with his right hand.,bottle
259.51952,C places the ketchup bottle on the countertop with his right hand.,bottle
260.85832,C holds the white bowl on the countertop with his left hand.,bowl
261.42358,C moves the white bowl on the countertop with his left hand.,bowl
263.31549,C hovers his right hand over the skillet.,pan_(for_cooking)@@@@@person
264.87331,C picks the recipe manual from the countertop with his left hand.,book
265.61889,C holds the recipe manual in his left hand with his right hand.,book@@@@@person
266.20454,C reads the recipe manual.,book
275.83175,C places the recipe manual on the countertop with his right hand.,book
278.16911,C moves the spring onion on the chopping board with his left hand.,onion@@@@@oar@@@@@chopping_board
279.1479,C moves the chopping board on the countertop with his left hand.,oar@@@@@chopping_board
280.77675,C moves a scooping spoon from the chopping board with his right hand.,oar@@@@@spoon@@@@@chopping_board
281.94923,C moves the spatula on the chopping board with his left hand.,oar@@@@@spatula@@@@@chopping_board
283.50544,C picks the spring onion on the countertop with his right hand.,onion
284.56012,C passes the spring onion from his right hand to his left hand.,onion@@@@@person
284.92678,C picks a spring onion from his left hand with his right hand.,onion
286.96191,C places the spring onion on the countertop with his left hand.,onion
287.87315,C passes the spring onion from his right hand to his left hand.,onion@@@@@person
288.36936,C turns the knob of the faucet with his right hand.,knob@@@@@faucet
289.07315,C washes the spring onion under the faucet with both hands.,onion@@@@@faucet
290.46105,C turns the knob of the faucet with his right hand.,knob@@@@@faucet
291.49138,C picks the knife on the chopping board with his right hand.,knife@@@@@oar@@@@@chopping_board
292.06932,C places the spring onion on the chopping board with his left hand.,onion@@@@@oar@@@@@chopping_board
292.7864,C slices the spring onion on the chopping board with the knife in his right hand.,knife@@@@@oar@@@@@chopping_board
304.67234,C picks the spring onion from the chopping board with his left hand.,onion@@@@@oar@@@@@chopping_board
305.90566,C places the spring onion on the countertop with his left hand.,onion
308.80574,C picks a garlic bag from the work table with his right hand.,plastic_bag@@@@@garlic
310.06023,C opens the garlic bag with both hands.,plastic_bag@@@@@garlic
313.84129,C picks garlic from the garlic bag with his right hand.,garlic
316.17332,C places the garlic on the chopping board with his right hand.,oar@@@@@garlic@@@@@chopping_board
316.70867,C closes the garlic bag in his left hand with his right hand.,plastic_bag@@@@@garlic
318.18495,C places the garlic bag on the work table with his left hand.,garlic
319.54358,C picks the recipe manual from the work table with his right hand.,book
320.50696,C reads the recipe manual.,book
323.3349,C places the recipe manual on the work table with his left hand.,book@@@@@kitchen_table
324.51457,C picks the garlic bag from the work table with his right hand.,garlic
325.36796,C holds the garlic bag in his right hand with his left hand.,garlic
328.22186,C opens the garlic bag with both hands.,plastic_bag@@@@@garlic
329.90866,C picks garlic from the garlic bag with his right hand.,garlic
333.53041,C places the garlic on the chopping board with his right hand.,oar@@@@@garlic@@@@@chopping_board
334.10823,C closes the garlic bag with both hands.,plastic_bag@@@@@garlic
335.46384,C places the garlic bag on the work table with his left hand.,garlic
337.04453,C picks the knife on the chopping board with his right hand.,knife@@@@@oar@@@@@chopping_board
337.29071,C holds the garlic on the chopping board with his left hand.,oar@@@@@garlic@@@@@chopping_board
338.54748,C slices the garlic on the chopping board with the knife in his right hand.,knife@@@@@oar@@@@@garlic@@@@@chopping_board
356.17309,C places the knife on the chopping board with his right hand.,knife@@@@@oar@@@@@chopping_board
365.06392,C picks noodles from the noodle pack with his right hand.,plastic_bag@@@@@can@@@@@plate@@@@@paperweight@@@@@canister@@@@@paper_plate
373.49354,C places the noodles in the saucepan on the gas cooker with his right hand.,cooker@@@@@saucepan
375.9867,C picks noodles from the noodle pack with his right hand.,plastic_bag@@@@@can@@@@@plate@@@@@paperweight@@@@@canister@@@@@paper_plate
382.85379,C places the noodles in the saucepan on the gas cooker with his right hand.,cooker@@@@@saucepan
389.12271,C places the noodle pack on the countertop with his right hand.,can@@@@@kitchen_sink@@@@@kitchen_table@@@@@sink
391.26943,C pushes the noodles into the saucepan with his right hand.,saucepan
391.51881,C holds the saucepan on the gas cooker with his left hand.,cooker@@@@@saucepan
392.94489,C turns the saucepan on the gas cooker with his left hand.,cooker@@@@@saucepan
395.24339,C pushes the noodle into the saucepan with his right hand.,saucepan@@@@@pan_(for_cooking)
403.44715,C holds the saucepan on the gas cooker with his left hand.,cooker@@@@@saucepan
415.77966,C picks a spoon from the countertop with his left hand.,spoon
416.859,C passes the spoon from his left hand to his right hand.,spoon@@@@@person
417.53143,C holds the saucepan on the gas cooker with his left hand.,cooker@@@@@saucepan
417.53206,C pushes the noodles into the saucepan with the spoon in his right hand.,spoon@@@@@saucepan
453.46872,C places the spoon on the countertop with his right hand.,spoon
461.3358,C picks a lid from the gas cooker with his right hand.,can@@@@@cooker@@@@@ladle@@@@@saucepan@@@@@pan_(for_cooking)
462.6126,C places the lid on the saucepan on the gas cooker with his right hand.,cooker@@@@@saucepan
466.08721,C adjusts lid on the saucepan with his right hand.,ladle@@@@@saucepan
539.5554,C turns the saucepan on the gas cooker with his left hand.,cooker@@@@@saucepan
832.45236,C picks the skillet on the gas cooker with his left hand.,cooker@@@@@pan_(for_cooking)
835.99921,C turns the knob of the faucet with his right hand.,knob@@@@@faucet
836.44459,C rinses the skillet under the faucet with his left hand.,faucet@@@@@pan_(for_cooking)
838.73245,C turns the knob of the faucet with his right hand.,knob@@@@@faucet
843.6826,C passes the skillet from his left hand to his right hand.,pan_(for_cooking)
845.27884,C places the skillet on the gas cooker with his right hand.,cooker@@@@@pan_(for_cooking)
848.1109,C turns the knob of the gas cooker with his right hand.,knob@@@@@cooker
853.31712,C holds the saucepan on the gas cooker with his left hand.,cooker@@@@@saucepan
855.32529,C picks the lid from the saucepan with his right hand.,saucepan
855.52529,C lifts the saucepan from the gas cooker with his left hand.,cooker@@@@@saucepan
856.54304,C places the saucepan on the gas cooker with his left hand.,cooker@@@@@saucepan
858.23649,C picks the fork on the countertop with his left hand.,fork
860.35049,C places the fork on the chopping board with his left hand.,fork@@@@@oar@@@@@chopping_board
861.03498,C picks a skillet from the gas cooker with his right hand.,cooker@@@@@pan_(for_cooking)
862.27391,C places the skillet on the gas cooker with his right hand.,cooker@@@@@pan_(for_cooking)
863.62723,C turns the knob of the gas cooker with his left hand.,knob@@@@@cooker
867.43396,C turns the knob of the gas cooker with his right hand.,knob@@@@@cooker
869.64433,C hovers his right hand over the skillet.,pan_(for_cooking)@@@@@person
873.01777,C picks the recipe manual from the work table with his left hand.,book
873.47921,C holds the recipe manual in his left hand with his right hand.,book@@@@@person
873.99638,C reads the recipe manual.,book
879.7439,C hovers his right hand over the skillet.,pan_(for_cooking)@@@@@person
882.23089,C places the recipe manual on the work table with his left hand.,book@@@@@kitchen_table
885.80968,C holds the measuring cup on the countertop with his right hand.,ring@@@@@measuring_cup@@@@@cup
885.94301,C picks a measuring spoon from the countertop with his left hand.,spoon
887.08651,C passes the measuring spoon from his left hand to his right hand.,spoon
889.78755,C picks an oil bottle from the countertop with his left hand.,bottle
890.94493,C passes the oil bottle from his left hand to his right hand.,bottle
891.98167,C turns the knob of the gas cooker with his left hand.,knob@@@@@cooker
894.00758,C opens the oil bottle in his right hand with his left hand.,bottle@@@@@bottle_opener@@@@@pen
897.62106,C passes the oil bottle from his right hand to his left hand.,bottle
899.50898,C passes the measuring spoon from his right hand to his left hand.,spoon
900.3872,C turns the knob of the gas cooker with his right hand.,knob@@@@@cooker
901.56818,C hovers his right hand over the skillet.,pan_(for_cooking)@@@@@person
903.2884,C passes the measuring spoon from his left hand to his right hand.,spoon
904.23841,C passes the measuring spoon from his right hand to his left hand.,spoon
905.2331,C turns the knob of the gas cooker with his right hand.,knob@@@@@cooker
906.42782,C passes the measuring spoon from his left hand to his right hand.,spoon
909.0386,C pours oil from the oil bottle into the measuring spoon in his right hand.,bottle@@@@@ring@@@@@measuring_cup@@@@@cup
912.41185,C pours oil in the skillet with the measuring spoon in his right hand.,ring@@@@@measuring_cup@@@@@cup@@@@@pan_(for_cooking)
914.28076,C pours oil from the oil bottle into the measuring spoon in his right hand.,bottle@@@@@ring@@@@@measuring_cup@@@@@cup
915.75266,C pours oil in the skillet with the measuring spoon in his right hand.,ring@@@@@measuring_cup@@@@@cup@@@@@pan_(for_cooking)
918.72962,C places the measuring spoon on the chopping board with his right hand.,ring@@@@@measuring_cup@@@@@oar@@@@@cup@@@@@chopping_board
920.09222,C covers the oil bottle with the oil cap in his right hand.,bottle
924.40974,C places the oil bottle on the countertop with his right hand.,bottle
926.32772,C swirls the skillet on the gas cooker with his right hand.,cooker@@@@@pan_(for_cooking)
930.48971,C hovers his right hand over the skillet.,pan_(for_cooking)@@@@@person
932.10874,C scoops the sliced garlic on the chopping board with his right hand.,oar@@@@@garlic@@@@@chopping_board
934.30551,C adds the sliced garlic to the skillet with his right hand.,garlic@@@@@pan_(for_cooking)
939.61759,C picks the recipe manual from the work table with his left hand.,book
940.67363,C reads the recipe manual.,book
943.21411,C scoops the sliced spring onion on the chopping board with his right hand.,onion@@@@@oar@@@@@chopping_board
945.282,C adds the sliced spring onion to the skillet with his right hand.,onion@@@@@pan_(for_cooking)
946.56911,C scoops the sliced spring onion on the chopping board with his right hand.,onion@@@@@oar@@@@@chopping_board
948.37989,C adds the sliced garlic to the skillet with his right hand.,garlic@@@@@pan_(for_cooking)
949.24383,C reads the recipe manual.,book
954.60017,C places the recipe manual on the work table with his left hand.,book@@@@@kitchen_table
957.0225,C picks the spatula from the chopping board with his left hand.,oar@@@@@spatula@@@@@chopping_board
957.84145,C passes the spatula from his left hand to his right hand.,spatula
958.53676,C stirs the ingredients in the skillet with the spatula in his right hand.,spatula@@@@@pan_(for_cooking)
964.44326,C turns the knob of the gas cooker with his left hand.,knob@@@@@cooker
997.7148,C places the spatula on the chopping board with his right hand.,oar@@@@@spatula@@@@@chopping_board
1001.41695,C turns the knob of the gas cooker with his left hand.,knob@@@@@cooker
1014.52806,C hovers his right hand over the skillet.,pan_(for_cooking)@@@@@person
1020.42917,C picks the spatula from the chopping board with his left hand.,oar@@@@@spatula@@@@@chopping_board
1021.328,C passes the spatula from his left hand to his right hand.,spatula
1021.97312,C turns the knob of the gas cooker with his left hand.,knob@@@@@cooker
1022.2955,C stirs the ingredients in the skillet with the spatula in his right hand.,spatula@@@@@pan_(for_cooking)
1040.06385,C passes the spatula from his right hand to his left hand.,spatula
1040.81714,C places the spatula on the chopping board with his left hand.,oar@@@@@spatula@@@@@chopping_board
1041.52933,C hovers his right hand over the skillet.,pan_(for_cooking)@@@@@person
1048.34989,C swirls the skillet with his right hand.,ladle@@@@@pan_(for_cooking)
1058.06155,C turns the knob of the gas cooker with his right hand.,knob@@@@@cooker
1068.67055,C picks the spatula from the chopping board with his left hand.,oar@@@@@spatula@@@@@chopping_board
1069.40531,C passes the spatula from his left hand to his right hand.,spatula
1069.92798,C stirs the ingredients in the skillet with the spatula in his right hand.,spatula@@@@@pan_(for_cooking)
1075.6631,C places the spatula on the chopping board with his right hand.,oar@@@@@spatula@@@@@chopping_board
1076.58965,C picks the white bowl from the countertop with his left hand.,bowl
1076.85631,C holds the spoon in the white bowl with his right hand.,bowl@@@@@spoon
1077.94777,C pours the sauce mix in the skillet from the white bowl in his left hand with the spoon in his right hand.,bowl@@@@@spoon@@@@@pan_(for_cooking)
1082.5832,C places the spoon in his right hand in the white bowl.,bowl@@@@@spoon
1083.03254,C places the white bowl on the countertop with his left hand.,bowl
1084.14021,C picks the spatula from the chopping board with his left hand.,oar@@@@@spatula@@@@@chopping_board
1084.58585,C passes the spatula from his left hand to his right hand.,spatula
1085.03952,C stirs the ingredients in the skillet with the spatula in his right hand.,spatula@@@@@pan_(for_cooking)
1088.88171,C passes the spatula from his right hand to his left hand.,spatula
1089.54958,C places the spatula on the chopping board with his left hand.,oar@@@@@spatula@@@@@chopping_board
1090.03282,C turns the knob of the gas cooker with his right hand.,knob@@@@@cooker
1091.53113,C picks the saucepan from the gas cooker with his left hand.,cooker@@@@@saucepan
1096.30896,C covers the saucepan with the lid in his right hand.,saucepan@@@@@pan_(for_cooking)
1096.80704,C drains the water from the saucepan into the sink.,sink@@@@@saucepan
1117.25753,C opens the saucepan lid with his right hand.,saucepan@@@@@person
1120.24389,C places the saucepan on the gas cooker with his left hand.,cooker@@@@@saucepan
1120.57726,C covers the saucepan with the lid in his right hand.,saucepan@@@@@pan_(for_cooking)
1121.77965,C picks the spatula from the chopping board with his left hand.,oar@@@@@spatula@@@@@chopping_board
1122.6717,C passes the spatula from his left hand to his right hand.,spatula
1123.16365,C turns the skillet on the gas cooker with his left hand.,cooker@@@@@pan_(for_cooking)
1123.26364,C stirs the noodles in the skillet with the spatula in his right hand.,spatula@@@@@pan_(for_cooking)
1141.67071,C turns the knob of the gas cooker with his left hand.,knob@@@@@cooker
1143.00672,C holds the skillet on the gas cooker with his left hand.,cooker@@@@@pan_(for_cooking)
1143.10198,C stirs the noodles in the skillet with the spatula in his right hand.,spatula@@@@@pan_(for_cooking)
1148.65764,C picks the spoon from the plate on the countertop with his left hand.,plate@@@@@spoon
1149.41988,C places the spoon on the chopping board with his left hand.,oar@@@@@spoon@@@@@chopping_board
1150.04691,C picks the white bowl on the countertop with his left hand.,bowl
1150.7515,C scoops the sauce mix in the white bowl into skillet with the spatula in his right hand.,bowl@@@@@spatula
1153.54358,C stirs the noodles in the skillet with the spatula in his right hand.,spatula@@@@@pan_(for_cooking)
1153.67691,C places the white bowl on the countertop with his left hand.,bowl
1155.1903,C holds the skillet with his left hand.,pan_(for_cooking)
1162.41762,C picks the spatula from the chopping board with his right hand.,oar@@@@@spatula@@@@@chopping_board
1163.43581,C picks a salt container from the countertop with his right hand.,can@@@@@canister@@@@@saltshaker
1164.50557,C opens the salt container in his right hand with his left hand.,saltshaker
1167.02257,C adds salt to the noodles in the skillet with his right hand.,saltshaker@@@@@pan_(for_cooking)
1170.8114,C closes the salt jar with his right hand.,saltshaker
1171.24123,C tightens the salt container with his left hand.,can@@@@@canister@@@@@saltshaker
1172.37322,C places the salt container on the countertop with his right hand.,saltshaker
1174.63622,C picks the recipe manual from the work table with his right hand.,book
1175.42988,C holds the recipe manual in his right hand with his left hand.,book@@@@@person
1176.05299,C reads the recipe manual.,book
1183.63355,C places the recipe manual on the work table with his right hand.,book@@@@@kitchen_table
1185.34731,C picks the spatula from the chopping board with his left hand.,oar@@@@@spatula@@@@@chopping_board
1186.21881,C passes the spatula from his left hand to his right hand.,spatula
1186.83814,C holds the skillet on the gas cooker with his left hand.,cooker@@@@@pan_(for_cooking)
1187.05677,C stirs the noodles in the skillet with the spatula in his right hand.,spatula@@@@@pan_(for_cooking)
1215.61414,C picks a black bowl from the countertop with his left hand.,bowl
1219.11534,C places the black bowl on the countertop with his left hand.,bowl
1219.93141,C holds the skillet on the gas cooker with his left hand.,cooker@@@@@pan_(for_cooking)
1219.99711,C stirs the noodles in the skillet with the spatula in his right hand.,spatula@@@@@pan_(for_cooking)
1222.04096,C moves the white bowl on the countertop with his left hand.,bowl
1222.941,C holds the skillet on the gas cooker with his left hand.,cooker@@@@@pan_(for_cooking)
1233.7186,C picks the skillet from the gas cooker with his left hand.,cooker@@@@@pan_(for_cooking)
1236.06316,C pours the noodles into the black bowl with the spatula in his right hand.,bowl@@@@@spatula
1245.43213,C places the spatula in the skillet with his right hand.,spatula@@@@@pan_(for_cooking)
1246.04788,C turns the knob of the gas cooker with his right hand.,knob@@@@@cooker
1247.34051,C places the skillet on the gas cooker with his left hand.,cooker@@@@@pan_(for_cooking)
1250.73139,C picks the spatula from the skillet with his right hand.,spatula@@@@@pan_(for_cooking)
1251.87713,C places the spatula in a white bowl on the countertop with his right hand.,bowl@@@@@spatula
