timestamp,narration,object
2.87537,C holds the handlebar of the bicycle with his right hand.,bicycle@@@@@handle
10.62926,C picks a lubricant bottle from a work table with his right hand.,bottle
11.5461,C holds the lubricant bottle with both hands.,bottle
12.66852,C holds the lubricant bottle with his left hand.,bottle
13.5587,C adds some lubricant to the bicycle chain with the lubricant bottle in his left hand.,bicycle@@@@@bottle
24.47491,C takes the lubricant bottle from his left hand with his right hand.,bottle
26.04381,C places the lubricant bottle on the work table with his right hand.,bottle
26.97644,C picks a hand towel from the work table with his right hand.,towel
27.83183,C holds the hand towel with both hands.,towel
28.48199,C spreads the hand towel with both hands.,towel
29.35188,C places the hand towel on his right hand with his left hand.,towel
29.79466,C moves the hand towel on his right hand with his left hand.,towel
31.23671,C passes the hand towel from his right hand to his left hand.,towel
32.47528,C moves the hand towel in his left hand with his right hand.,towel
45.7578,C holds the bicycle chain with the hand towel in his left hand.,towel@@@@@bicycle
53.95995,C holds the bicycle chain with the hand towel in his left hand.,towel@@@@@bicycle
63.75776,C holds the bicycle chain with the hand towel in his left hand.,towel@@@@@bicycle
74.157,C holds the bicycle chain with the hand towel in his left hand.,towel@@@@@bicycle
85.083,C holds the bicycle chain with the hand towel in his left hand.,towel@@@@@bicycle
96.16375,C holds the hand towel with both hands.,towel
96.97826,C holds the hand towel with his left hand.,towel
97.377,C holds the bicycle chain with the hand towel in his left hand.,towel@@@@@bicycle
106.92981,C holds the hand towel with both hands.,towel
107.815,C holds the hand towel with his left hand.,towel
108.315,C holds the bicycle chain with the hand towel in his left hand.,towel@@@@@bicycle
116.78555,C holds the hand towel with both hands.,towel
117.42578,C cleans both hands with the hand towel.,towel
120.24376,C holds the hand towel with his right hand.,towel
120.89729,C places the hand towel on the work table with his right hand.,towel
