timestamp,narration,object
3.32786,C holds the quick release skewer of the rear wheel hub with his left hand.,wheel@@@@@handle
4.225,C holds the spokes of the rear wheel with his right hand.,wheel@@@@@can
5.13389,C pulls the quick release skewer outward to an open position with his left hand.,wheel@@@@@handle
5.84958,C holds the quick release skewer and the seat stay together with his left hand.,wheel@@@@@handle
7.14848,C loosens the adjustable nut of the quick release skewer on the rear wheel hub with his right hand.,wheel@@@@@handle
14.56222,C touches the bicycle's rear brake with his left hand.,wheel@@@@@bicycle@@@@@can
16.98774,C holds the rear wheel with his left hand.,wheel
17.56854,C removes the rear wheel from the bicycle frame with his left hand.,wheel
21.09749,C holds the rear wheel with both hands.,wheel
23.10984,C places the rear wheel on the ground with both hands.,wheel
24.3531,C touches the valve of the rear wheel with his right hand.,wheel@@@@@can
25.22048,C unscrews the valve cap on the valve of the rear wheel with his right hand.,wheel@@@@@can
29.60803,C places the rear wheel on the ground with his left hand.,wheel
29.65931,C holds the rear wheel with his right hand.,wheel
