timestamp,narration,object
3.5756,C squeezes the caliper rim brakes together with both hands.,handle@@@@@wheel
6.80933,C holds the front wheel with his left hand.,person@@@@@wheel
7.04171,C pulls the lever outward with his right hand.,handle@@@@@person
9.40447,C holds the axle with his left hand.,wheel
9.96132,C turns the lever counter clockwise with his right hand.,handle@@@@@person
13.83369,C removes the wheel from the bicycle frame with his right hand.,person@@@@@bicycle@@@@@wheel
15.44779,C holds the wheel with both hands.,person@@@@@wheel
