timestamp,narration,object
4.72926,C touches a box of jars on the table with her left hand.,box@@@@@jar
7.5842,C picks a pair of tire levers from a jar on the table with her right hand.,jar
14.33367,C touches wrenches in a shelf with her right hand.,wrench
15.39352,C picks a wrench from the shelf with her left hand.,wrench
15.6274,C lifts a wrench from the shelf with her right hand.,wrench
17.31424,C holds a wrench with both hands.,wrench
20.26084,C passes the wrench from her right hand to her left hand.,wrench
32.04248,C passes the wrench from her left hand to her right hand.,wrench
33.02296,C fits the wrench on the axle nut with her right hand.,wrench
34.87115,C fits the wrench on the axle nut with her left hand.,wrench
35.86858,C unscrews the axle nut with the wrench in her left hand.,wrench
36.57384,C unscrews the axle nut with the wrench in her right hand.,wrench
41.99789,C unscrews the axle nut with the wrench in her left hand.,wrench
42.68584,C unscrews the axle nut with the wrench in her right hand.,wrench
44.62205,C unscrews the axle nut with the wrench in her left hand.,wrench
46.40369,C unscrews the axle nut with the wrench in her right hand.,wrench
84.57106,C removes the bike wheel from the bike fork with both hands.,wheel
85.4059,C places the bike wheel on the floor with both hands.,wheel
86.3849,C passes the wrench from her left hand to her right hand.,wrench
87.08192,C moves the bike wheel on the floor with her left hand.,wheel
88.53196,C places a pair of wrenches on the table with her right hand.,wrench
89.96884,C moves the bike wheel on the floor with her left hand.,wheel
91.38438,C lifts the bike wheel from the floor with her left hand.,wheel
91.55105,C holds the bike wheel with both hands.,wheel
