timestamp,narration,object
0.0,C lifts the bicycle from the table with his both hands.,table@@@@@bicycle
0.53102,C moves the bicycle backward with his both hands.,bicycle
2.4679,C places the bicycle beside the table with his both hands.,table@@@@@bicycle
42.111,C removes the wheel from the bicycle with his left hand.,bicycle
45.03018,C places the bicycle beside the table with his right hand.,table@@@@@bicycle
51.42062,C places the wheel beside the bicycle with his left hand.,wheel@@@@@bicycle
4.04517,C rests the bike by the side of a table with both hands.,table@@@@@bicycle
45.70089,C rests the bike by the side of the table with his right hand.,table@@@@@bicycle
51.2824,C places the bike tire by the side of the bike with his left hand.,bicycle
