timestamp,narration,object
1.58775,C opens the pot lid in his left hand with his right hand.,pot
2.51541,C places the pot lid in the sink with his right hand.,pot@@@@@sink
4.30591,C turns the knob of the faucet with his right hand.,knob@@@@@faucet
4.82438,C fetches water from the faucet with the pot in his left hand.,pot@@@@@faucet
5.48397,C holds the pot with both hands.,pot
23.8365,C turns the knob of the faucet with his right hand.,knob@@@@@faucet
29.33482,C places the pot on the electric cooker with both hands.,pot@@@@@cooker
35.32075,C turns the knob of the electric cooker with his right hand.,knob@@@@@cooker
40.38874,C picks the pot lid from the sink with his right hand.,pot@@@@@sink
42.1949,C covers the pot on the electric cooker with the pot lid in his right hand.,pot@@@@@cooker
45.34865,C turns the recipe manual on the countertop with his right hand.,book
46.79386,C reads the recipe manual.,book
48.76382,C touches a plastic bowl on the countertop with both hands.,bowl
51.25807,C opens a kitchen cabinet drawer with his right hand.,drawer
52.9558,C closes the kitchen cabinet drawer with his right hand.,cabinet@@@@@drawer
57.38078,C picks a spoon from the countertop with his left hand.,spoon
59.06624,C touches the spoon with his right hand.,spoon
61.56835,C turns the knob of the faucet with his right hand.,knob@@@@@faucet
62.11926,C washes the spoon in his left hand under the faucet with both hands.,spoon@@@@@faucet
65.13179,C turns the knob of the faucet with his right hand.,knob@@@@@faucet
66.71473,C picks a blue sponge from the sink with his right hand.,sink@@@@@sponge
67.24984,C washes the spoon in his left hand with the blue sponge in his right hand.,sponge@@@@@spoon
69.54662,C places the blue sponge on the sink with his right hand.,sink@@@@@sponge
70.19534,C turns the knob of the faucet with his right hand.,knob@@@@@faucet
70.67613,C rinses the spoon under the faucet with both hands.,spoon@@@@@faucet
72.58149,C turns the knob of the faucet with his right hand.,knob@@@@@faucet
73.87652,C picks the blue sponge from the sink with his right hand.,sink@@@@@sponge
75.77181,C turns the knob of the faucet with his left hand.,knob@@@@@faucet
75.85125,C washes the blue sponge under the faucet with his right hand.,sponge@@@@@faucet
77.094,C turns the knob of the faucet with his left hand.,knob@@@@@faucet
79.4632,C picks a white ceramic bowl from the countertop with his left hand.,bowl
80.15068,C wipes the countertop with the blue sponge in his right hand.,sponge
82.67495,C places the white ceramic bowl on the countertop with his left hand.,bowl
83.49296,C scoops dirt from the countertop with the blue sponge in his right hand into his left hand,sponge
85.90472,C turns the knob of the faucet with his left hand.,knob@@@@@faucet
86.2966,C picks the spoon from the sink with his right hand.,sink@@@@@spoon
86.5878,C washes the spoon under the faucet with his right hand.,spoon@@@@@faucet
87.71979,C turns the knob of the faucet with his left hand.,knob@@@@@faucet
89.10903,C passes the spoon in his right hand to his left hand.,spoon
90.23713,C picks a towel from the electric cooer handle with his right hand.,towel@@@@@handle
90.77457,C wipes the spoon in his left hand with the towel in his right hand.,towel@@@@@spoon
95.97317,C passes the spoon in his left hand to his right hand.,spoon
96.49925,C moves the plastic container on the countertop with his left hand.,crate@@@@@plastic_bag
97.34721,C drops the spoon in his right hand on the counter top.,spoon
98.53747,C picks a soy sauce bottle from the countertop with his left hand.,bottle
99.39726,C holds the soy sauce bottle in his left hand with his right hand.,bottle
100.49752,C opens the soy sauce bottle in his left hand with his right hand.,bottle_opener@@@@@bottle@@@@@pen
102.10821,C places the soy sauce cap on the countertop with his right hand.,bottle@@@@@bottle_cap
102.7315,C passes the soy sauce bottle in his left hand to his right hand.,bottle
103.70512,C picks the spoon from the countertop with his left hand.,spoon
105.59109,C measures soy sauce from the bottle in his right hand to the spoon in his left hand.,bottle@@@@@spoon
109.86656,C adds the soy sauce in the spoon into the plastic container on the counter top.,spoon
111.74545,C measures soy sauce from the bottle in his right hand to the spoon in his left hand.,bottle@@@@@spoon
113.839,C adds the soy sauce in the spoon into the plastic container on the counter top.,spoon
115.72263,C places the soy sauce bottle on the counter top with his right hand.,bottle@@@@@table@@@@@kitchen_table
116.48951,C picks the soy sauce cap from the countertop with his right hand.,bottle@@@@@bottle_cap
117.04929,C covers the soy sauce bottle with the cap in his right hand.,bottle@@@@@bottle_cap
121.41201,C picks an oil bottle from the countertop with his right hand.,bottle
122.6281,C places the oil bottle on the countertop with his right hand.,bottle
123.34417,C places the spoon on the plastic container with both hands.,spoon@@@@@plastic_bag
125.59596,C picks the oil bottle on the countertop with his right hand.,bottle
125.91716,C opens the oil bottle in his right hand with his left hand.,bottle
127.40546,C places the oil bottle cap on the countertop with his left hand.,bottle@@@@@bottle_cap
128.93867,C picks the spoon from the plastic container with his left hand.,spoon@@@@@plastic_bag
130.88859,C measures oil from the bottle in his right hand to the spoon in his left hand.,bottle@@@@@spoon
135.20591,C adds the oil in the spoon into the plastic container on the counter top.,canister@@@@@spoon@@@@@can
136.82584,C measures oil from the bottle in his right hand to the spoon in his left hand.,bottle@@@@@spoon
144.201,C adds the oil in the spoon into the plastic container on the counter top.,canister@@@@@spoon@@@@@can
146.9871,C places the oil bottle on the countertop with his right hand.,bottle
147.86138,C picks the oil cap on the countertop with his right hand.,bottle@@@@@bottle_cap
149.99572,C covers the oil bottle with the oil cap in his right hand.,bottle@@@@@bottle_cap
149.99572,C places the spoon in his left hand on the plastic container with his left hand.,spoon@@@@@plastic_bag
155.85714,C holds the oil bottle with his left hand.,bottle
156.08443,C closes the oil bottle on the counter top with the cap in his right hand.,bottle@@@@@bottle_cap
157.98795,C moves the oil bottle on the countertop with his right hand.,bottle
159.64099,C picks a hot sauce bottle from the countertop with his left hand.,bottle
160.34099,C passes the hot sauce bottle in his left hand to his right hand.,bottle
160.71594,C opens the hot sauce cap in his right hand with his left hand.,bottle@@@@@bottle_cap
163.0269,C places the hot sauce cap on the countertop with his left hand.,bottle@@@@@bottle_cap
165.56966,C picks the spoon on the plastic container with his left hand.,spoon@@@@@plastic_bag
169.72291,C adds the oil in the spoon into the plastic container on the counter top.,canister@@@@@spoon@@@@@can
172.3682,C measures hot sauce from the bottle in his right hand to the spoon in his left hand.,bottle@@@@@spoon
202.445,C places the hot sauce bottle on the countertop with his right hand.,bottle
204.26503,C adds the hot sauce in the spoon into the plastic container on the counter top.,spoon@@@@@plastic_bag
206.94986,C taps the spoon in his left hand with his right hand.,spoon
210.04947,C reads the recipe manual on the countertop.,book
211.50964,C scoops the hot sauce in the spoon into the plastic container with his right hand.,spoon@@@@@plastic_bag
214.08995,C adds the hot sauce into the plastic container on the counter top with his right hand.,bottle@@@@@plastic_bag
216.27182,C scoops the hot sauce in the spoon with his right hand.,spoon
217.39711,C adds the hot sauce into the plastic container on the counter top with his right hand.,bottle@@@@@plastic_bag
220.34471,C holds the spoon in his left hand with his right hand,spoon
221.64628,C places the spoon on the plastic container with his left hand.,crate@@@@@spoon
225.78196,C picks the hot sauce cap from the countertop with his left hand.,bottle@@@@@bottle_cap
226.45057,C passes the hot sauce cap from his left hand to his right hand.,bottle@@@@@bottle_cap
227.35226,C holds the hot sauce bottle with his left hand.,bottle
227.35226,C closes the hot sauce bottle with the cap in his right hand.,bottle@@@@@bottle_cap
230.02921,C moves the hot sauce bottle on the countertop with his left hand.,bottle
232.38125,C turns the knob of the faucet with his left hand.,knob@@@@@faucet
232.75323,C washes his right hand under the faucet.,faucet
233.74259,C turns the knob of the faucet with his left hand.,knob@@@@@faucet
235.22552,C picks the spoon from the plastic container with his left hand.,spoon@@@@@plastic_bag
236.23349,C picks a jar of honey from the countertop with his right hand.,jar
237.00583,C holds the honey jar in his right hand with his left hand.,jar
239.19323,C turns the honey jar in his left hand with his right hand.,jar
244.76962,C opens the honey jar in his left hand with his right hand.,jar
246.61193,C passes the honey jar in his left hand to his right hand.,jar
249.7377,C measures honey from the jar in his right hand to the spoon in his left hand.,jar@@@@@spoon
261.44906,C places the honey jar on the table with his right hand.,jar@@@@@table
262.1614,C closes the honey jar with his right hand.,jar
263.46999,C adds the honey in the spoon into the plastic container on the counter top.,spoon
270.41724,C holds the spoon in his left hand with his right hand.,spoon
271.43219,C taps the spoon in his left hand with his right hand.,spoon
273.707,C scoops the honey in the spoon with his right hand.,spoon
275.40912,C adds honey into the plastic container with his right hand.,plastic_bag
278.79428,C scoops the honey in the spoon with his right hand.,spoon
282.24438,C adds honey into the plastic container with his right hand.,plastic_bag
287.76115,C places the spoon on the plastic container with his left hand.,crate@@@@@spoon
293.84495,C moves the honey jar on the countertop with his right hand.,jar
294.82556,C picks a ketchup bottle from the countertop with his left hand.,bottle
295.8775,C opens the ketchup bottle in his left hand with his right hand.,bottle
296.76988,C passes the ketchup bottle in his left hand to his right hand.,bottle
298.3631,C picks the spoon on the plastic container with his left hand.,spoon@@@@@plastic_bag
299.99271,C measures ketchup from the bottle in his right hand to the spoon in his left hand.,bottle@@@@@spoon
321.61073,C adds the ketchup in the spoon into the plastic container on the counter top.,spoon@@@@@plastic_bag
324.19329,C places the ketchup bottle on the countertop with his right hand.,bottle@@@@@table@@@@@kitchen_table
325.49247,C closes the ketchup bottle with his right hand.,bottle
326.45912,C moves the ketchup bottle on the countertop with his right hand.,bottle
329.98538,C passes the spoon in his left hand to his right hand.,spoon
330.79556,C stirs the ingredients in the plastic container with the spoon in his right hand.,spoon@@@@@plastic_bag
335.75003,C taps the spoon on the edge of the plastic container.,spoon
336.95962,C places the spoon on the plastic container with his right hand.,spoon
357.31608,C opens the pot lid on the electric cooker with his right hand.,pot@@@@@cooker
378.49019,C opens the pot lid on the electric cooker with his left hand.,pot@@@@@cooker
379.33001,C adds the noodles in his left hand into the pot of boiling water.,pot
380.8427,C places the pot lid on the countertop with his left hand.,pot
382.48527,C opens a kitchen cabinet drawer with his right hand.,drawer
383.70043,C closes the kitchen cabinet drawer with his right hand.,cabinet@@@@@drawer
385.13822,C opens a kitchen cabinet drawer with his right hand.,drawer
385.65495,C opens a kitchen cabinet drawer with his left hand.,cabinet@@@@@drawer
386.48902,C picks a cooking spoon from the kitchen cabinet drawer with his right hand.,drawer@@@@@spoon
387.35424,C closes the kitchen cabinet drawer with his right thigh.,cabinet@@@@@drawer
387.58864,C closes the kitchen cabinet drawer with his left hand.,cabinet@@@@@drawer
388.2323,C stirs the noodles in the boiling water with the cooking spoon in his right hand.,spoon
399.33809,C places the cooking spoon on the countertop with is right hand.,table@@@@@kitchen_table@@@@@spoon
403.31697,C reads the recipe manual on the countertop.,book
403.81465,C turns the recipe manual on the countertop with his right hand.,book
412.62761,C turns the recipe manual on the countertop with his right hand.,book
413.98277,C turns the recipe manual on the countertop with his right hand.,book
419.24386,C turns the recipe manual on the countertop with his right hand.,book
420.41719,C picks the spoon from the plastic container with his left hand.,spoon@@@@@plastic_bag
422.5494,C turns the knob of the faucet with his right hand.,knob@@@@@faucet
422.93676,C washes the spoon in his left hand under the faucet.,spoon@@@@@faucet
423.78853,C picks a blue sponge from the sink with his right hand.,sink@@@@@sponge
424.90956,C washes the spoon in his left hand with the blue sponge in his right hand.,sponge@@@@@spoon
428.1994,C places the blue sponge in the sink with his right hand.,sink@@@@@sponge
428.26607,C rinses the spoon in his left hand under the faucet.,spoon@@@@@faucet
429.78403,C rinses his right hand under the faucet.,faucet
430.64591,C turned the knob of the faucet with his right hand.,knob@@@@@faucet
431.77004,C passes the spoon in his left hand to his right hand.,spoon
432.08271,C flicks the spoon in his right hand.,spoon
432.92533,C passes the spoon in his right hand to his left hand.,spoon
437.26534,C gets a towel from the electric cooker handle with his right hand.,towel@@@@@cooker
437.93667,C wipes the spoon in his left hand with the towel in his right hand.,towel@@@@@spoon
441.87235,C places the towel on the electric cooker handle with his right hand.,towel@@@@@cooker
444.44007,C picks a bottle of oil from the countertop with his right hand.,bottle
445.62804,C opens the bottle of oil in his right hand with his left hand.,bottle
447.44593,C places the oil cap on the countertop with his left hand.,bottle@@@@@bottle_cap
449.42539,C measures oil from the bottle in his right hand to the spoon in his left hand.,bottle@@@@@spoon
454.62832,C adds the oil in the spoon into the skillet on the electric cooker.,cooker@@@@@spoon
457.36913,C places the oil bottle on the countertop with his right hand.,bottle
458.73809,C picks the oil cap from the countertop with his right hand.,bottle@@@@@bottle_cap
459.35584,C closes the oil bottle with the oil cap in his right hand.,bottle@@@@@bottle_cap
464.20464,C passes the spoon in his left hand to his right hand.,spoon
466.09948,C places the spoon in his right hand in the sink.,sink@@@@@spoon
468.65777,C picks the cooking spoon on the countertop with his right hand.,spoon
469.74377,C holds the pot on the electric cooker with his left hand.,pot@@@@@cooker
469.77711,C stirs the noodle with the cooking spoon in his right hand.,pan_(for_cooking)@@@@@spoon
478.04028,C places the cooking spoon on the countertop with his right hand.,spoon
484.70386,C picks a salt container from the countertop with his right hand.,saltshaker@@@@@shaker
485.9,C opens the salt container in his right hand with his left hand.,saltshaker@@@@@shaker
487.36439,C adds salt to the noodles in the pot with his right hand.,saltshaker@@@@@pot@@@@@shaker
490.24128,C closes the salt container in his right hand with his left hand.,saltshaker@@@@@shaker
498.91758,C passes the salt container in his right hand to his left hand.,saltshaker@@@@@shaker
500.09918,C places the salt container on the countertop with his left hand.,saltshaker@@@@@shaker
502.06389,C opens a kitchen cabinet drawer with his right hand.,drawer
503.87547,C touches a utensil in the kitchen cabinet drawer with his right hand.,spatula@@@@@fork@@@@@spoon
504.69941,C picks a fork from the kitchen cabinet drawer with his right hand.,cabinet@@@@@fork
505.32353,C closes the kitchen cabinet with his left hand.,cabinet
507.1997,C holds the salt container with his left hand.,saltshaker@@@@@shaker
507.39224,C opens the salt container with the fork in his right hand.,saltshaker@@@@@fork@@@@@shaker
511.67877,C opens the salt container with his left hand.,saltshaker@@@@@shaker
514.58348,C places the fork on the countertop with his right hand.,fork
518.1258,C picks a cooking spoon from the countertop with his right hand.,spoon
519.58183,C stirs the noodle in the pot with the spoon in his right hand.,pot@@@@@spoon
528.6149,C places the cooking spoon on the countertop with his right hand.,spoon
531.7054,C opens a kitchen cabinet door with his right hand.,cabinet
532.00941,C opens the kitchen cabinet door with his left hand.,cabinet
533.53935,C picks a white drainer from the kitchen cabinet with his right hand.,strainer@@@@@cabinet
534.25478,C closes the kitchen cabinet door with his left hand.,cabinet
535.38444,C closes the kitchen cabinet door with his left hand.,cabinet
536.57989,C passes the white drainer from his right hand to his left hand.,strainer
537.69913,C picks a spatula from the sink with his right hand.,sink@@@@@spatula
538.9953,C places the spatula in his right hand in the sink.,sink@@@@@spatula
539.0953,C places the white drainer in the sink with his left hand.,colander@@@@@sink
552.18394,C adjust the camera glasses on his face with both hands.,spectacles
565.44564,C picks the cooking spoon on the countertop with his right hand.,spoon
567.07567,C stirs the noodles in the pot with the cooking spoon in his right hand.,pot@@@@@spoon
570.78801,C holds the pot on the electric cooker with his left hand.,pot@@@@@cooker
575.43523,C places the cooking spoon on the countertop with his right hand.,spoon
585.38601,C moves the plastic container on the countertop with his left hand.,crate@@@@@plastic_bag
585.75267,C turns the recipe manual on the countertop with his right hand.,book
588.78133,C picks the recipe manual with his right hand.,book
589.36958,C reads the recipe manual in his hands.,book
591.37282,C places the recipe manual on the countertop with both hands.,book@@@@@table@@@@@kitchen_table
592.01178,C swabs an ingredient on the chopping board with his right hand.,chopping_board
593.65996,C holds the plastic container on the countertop with his left hand.,box@@@@@bottle@@@@@crate@@@@@table@@@@@bowl@@@@@can
593.66689,C adds the ingredient in his right hand into the plastic container.,crate@@@@@plastic_bag
596.58802,C swabs the chopping board with his right hand.,chopping_board
597.70761,C holds the plastic container on the countertop with his left hand.,box@@@@@bottle@@@@@crate@@@@@table@@@@@bowl@@@@@can
597.80761,C adds the ingredient in his right hand to the plastic container.,crate@@@@@plastic_bag
599.25425,C turns the knob of the faucet with his left hand.,knob@@@@@faucet
599.76309,C washes his right hand under the faucet.,faucet
600.26657,C turns the knob of the faucet with his left hand.,knob@@@@@faucet
605.0662,C wipes his hand with the towel on the electric cooker handle.,towel@@@@@cooker
607.56413,C picks the garlic from the countertop with his left hand.,garlic
608.31484,C places the garlic on the chopping board with his left hand.,garlic@@@@@chopping_board
608.86552,C picks a knife from the countertop with his right hand.,knife
610.04406,C wipes the knife in his right hand with his left hand.,knife
611.0978,C moves the garlic on the chopping board with his left hand.,garlic@@@@@chopping_board
613.44995,C slices the garlic on the chopping board with the knife in his right hand.,knife@@@@@chopping_board
679.44097,C places the knife on the chopping board with his right hand.,knife@@@@@chopping_board
680.62129,C moves the plastic container of ingredients on the countertop with his right hand.,box@@@@@crate@@@@@table@@@@@can
681.47963,C moves the noodle pack on the countertop with his right hand.,box@@@@@table@@@@@dining_table@@@@@kitchen_table@@@@@plastic_bag
683.04406,C reads the recipe manual on the countertop.,book
686.40436,C picks a garlic clove from the countertop with his right hand.,garlic
688.17253,C peels the garlic clove with both hands.,garlic
700.46807,C places the garlic peel on the chopping board with his left hand.,garlic@@@@@chopping_board
700.46807,C places the garlic on the chopping board with his right hand.,garlic@@@@@chopping_board
703.31225,C picks the knife on the chopping board with his right hand.,knife@@@@@chopping_board
703.60994,C moves the garlic on the chopping board with his left hand.,garlic@@@@@chopping_board
705.70788,C slices the garlic on the chopping board with the knife in his right hand.,knife@@@@@chopping_board
760.75896,C moves the garlic on the chopping board with his left hand.,garlic@@@@@chopping_board
761.68037,C slices the garlic on the chopping board with the knife in his right hand.,knife@@@@@chopping_board
792.91035,C places the knife in his right hand on the chopping board.,knife@@@@@chopping_board
795.44028,C turns the knob of the faucet with his left hand.,knob@@@@@faucet
795.74028,C washes his left hand under the faucet.,faucet
796.18121,C turns the knob of the faucet with his right hand.,knob@@@@@faucet
797.8981,C picks the cooking spoon from the countertop with his right hand.,spoon
798.88017,C stirs the noodle in the pot with the cooking spoon in his right hand.,pot@@@@@spoon
817.92022,C places cooking spoon on the countertop with his right hand.,spoon
826.004,C picks the cooking spoon from the countertop with his right hand.,spoon
826.86323,C holds the pot on the electric cooker with his left hand.,pot@@@@@cooker
826.99656,C stirs the noodle in the with the cooking spoon in his right hand.,pan_(for_cooking)@@@@@spoon
830.1478,C places the cooking spoon on the countertop with his right hand.,spoon
833.38384,C picks a garlic clove from the countertop with his right hand.,garlic
834.25597,C peels the garlic with both hands.,garlic
837.33266,C places the garlic peel on the chopping board with his right hand.,garlic@@@@@chopping_board
838.2606,C peels the garlic with both hands.,garlic
850.1813,C places the garlic peel on the chopping board with his right hand.,garlic@@@@@chopping_board
852.53039,C peels the garlic with both hands.,garlic
857.24828,C places the garlic peel on the chopping board with his left hand.,garlic@@@@@chopping_board
858.24691,C sweeps the garlic peels on the chopping board with his left hand.,garlic@@@@@chopping_board
859.52235,C places the garlic on the chopping board with his right hand.,garlic@@@@@chopping_board
860.18477,C picks the knife from the chopping board with his right hand.,knife@@@@@chopping_board
861.14458,C holds the garlic on the chopping board with his left hand.,garlic@@@@@chopping_board
861.88447,C slices the garlic on the chopping board with the knife in his right hand.,knife@@@@@chopping_board
917.10739,C places the knife in his right hand on the countertop.,knife
922.23183,C picks the cooking spoon from the countertop with his right hand,spoon
923.31733,C stirs the noodle in the pot with the cooking spoon in his right hand.,pot@@@@@spoon
930.50981,C places the cooking spoon on the countertop with his right hand.,spoon
932.58478,C turns the recipe manual on the countertop with his right hand.,book
934.09578,C reads the recipe manual on the countertop.,book
937.88083,C swirls the skillet on the electric cooker with his right hand.,pan_(for_cooking)@@@@@cooker
943.96206,C places the skillet on the electric cooker with his right hand.,pan_(for_cooking)@@@@@cooker
946.21129,C turns the knob of the electric cooker with his right hand.,knob@@@@@cooker
952.63536,C turns the knob of the electric cooker with his right hand.,knob@@@@@cooker
956.23643,C picks a towel from the electric cooker handle with his right hand.,towel@@@@@handle
956.90568,C holds the towel in his right hand with his left hand.,towel@@@@@hand_towel
957.87403,C lifts the pot from the electric cooker with the towel in his hands.,towel@@@@@pot
960.84671,C pours the noodles through the drainer to remove the water with both hands.,strainer@@@@@bread@@@@@pita_(bread)@@@@@can
966.37079,C places the pot on the electric cooker with both hands.,pot@@@@@cooker
968.6457,C places the towel on the sink with his right hand.,towel@@@@@hand_towel@@@@@sink
969.30312,C picks the drainer from the sink with his left hand.,colander@@@@@sink@@@@@kitchen_sink
969.87548,C holds the drainer in his left hand with his right hand.,strainer
971.49953,C places the drainer on the pot with his right hand.,pot@@@@@strainer
973.53665,C lifts the drainer from the pot with both hands.,pan_(for_cooking)@@@@@strainer
977.59619,C places the drainer in the sink with his right hand.,strainer@@@@@sink
980.82316,C moves the pot on the electric cooker with both hands.,pot@@@@@cooker
983.62014,C swirls the skillet on the electric cooker with his right hand.,pan_(for_cooking)@@@@@cooker
988.50514,C places the skillet on the electric cooker with his right hand.,pan_(for_cooking)@@@@@cooker
989.60824,C hovers his right hand over the skillet to feel the heat.,pan_(for_cooking)
991.34556,C lifts the skillet on the electric cooker with his right hand.,pan_(for_cooking)@@@@@cooker
993.23327,C hovers his left hand over the electric cooker to feel the heat.,cooker
996.55944,C turns the knob of the electric cooker with his left hand.,knob@@@@@cooker
998.64445,C turns the knob of the electric cooker with his left hand.,knob@@@@@cooker
1002.03531,C hovers his left hand over the electric cooker to feel the heat.,cooker
1003.44581,C places the skillet on the electric cooker with his right hand.,pan_(for_cooking)@@@@@cooker
1005.11472,C lifts the pot from the electric cooker with both hands.,pot@@@@@cooker
1006.23551,C places the pot on the electric cooker with both hands.,pot@@@@@cooker
1007.53693,C swirls the skillet on the electric cooker with his right hand.,pan_(for_cooking)@@@@@cooker
1014.45338,C picks the pot on the electric cooker with both hands.,pot@@@@@cooker
1018.90244,C places the pot on the electric cooker with both hands.,pot@@@@@cooker
1022.4623,C swirls the skillet on the electric cooker with his right hand.,pan_(for_cooking)@@@@@cooker
1027.36306,C hovers his right hand over the skillet to feel the heat.,pan_(for_cooking)
1028.03646,C swirls the skillet with his right hand.,pan_(for_cooking)@@@@@spatula
1032.9757,C places the skillet on the electric cooker with his right hand.,pan_(for_cooking)@@@@@cooker
1038.84188,C hovers his right hand over the skillet to feel the heat.,pan_(for_cooking)
1045.31391,C reads the recipe manual on the countertop.,book
1049.58756,C moves the plastic container on the countertop with his left hand.,crate@@@@@plastic_bag
1049.87749,C sweeps the garlic peels on the chopping board with his right hand.,garlic@@@@@chopping_board
1052.15276,C picks a spring onion from the countertop with his left hand.,onion
1053.61643,C holds the spring onion in his left hand with his right hand.,onion
1056.77841,C picks a spring onion from the countertop with his right hand.,onion
1057.58375,C places the spring onion on the chopping board with his right hand.,onion@@@@@chopping_board
1058.24068,C picks a spring onion from the countertop with his right hand.,onion
1059.92932,C places the spring onion on the chopping board with his right hand.,onion@@@@@chopping_board
1060.53297,C moves the spring onion on the chopping board with his left hand.,onion@@@@@chopping_board
1061.67152,C places the spring onion in his right hand on the chopping board.,onion@@@@@chopping_board
1062.2926,C picks the knife on the chopping board with his right hand.,knife@@@@@chopping_board
1062.98726,C slices the spring onion on the chopping with the knife in his right hand.,knife@@@@@chopping_board
1095.06469,C moves the spring onion on the chopping board with his left hand.,onion@@@@@chopping_board
1095.87447,C slices spring onion on the chopping board with the knife in his right hand.,knife@@@@@chopping_board
1100.4782,C moves the blossoms end of the spring onion on the chopping board with his left hand.,onion@@@@@chopping_board
1101.74358,C cuts the spring onion on the chopping board with the knife in his right hand.,knife@@@@@chopping_board
1115.20639,C scoops the sliced spring onion on the chopping board with his left hand.,onion@@@@@chopping_board
1116.53596,C places the knife in his right hand on the chopping board.,knife@@@@@chopping_board
1118.81391,C hovers his right hand over the skillet to feel the heat.,pan_(for_cooking)
1123.40212,C moves the skillet on the electric cooker with his left hand.,pan_(for_cooking)@@@@@cooker
1125.32192,C swirls the skillet with his left hand.,pan_(for_cooking)@@@@@frying_pan@@@@@can@@@@@ski
1127.56788,C hovers his right hand over skillet to feel the heat.,pan_(for_cooking)
1135.11078,C reads the recipe manual on the countertop.,book
1139.80909,C turns the knob of the electric cooker with his right hand.,knob@@@@@cooker
1143.49568,C picks the knife on the chopping board with his right hand.,knife@@@@@chopping_board
1143.56234,C moves the chopping board on the countertop with his left hand.,chopping_board
1144.90704,C picks a spring onion from the countertop with his left hand.,onion
1146.61331,C slices the spring onion on the chopping board with the knife in his right hand.,knife@@@@@chopping_board
1148.0771,C moves the spring onion on the chopping board with his left hand.,onion@@@@@chopping_board
1148.91127,C moves the chopping board with his left hand.,chopping_board
1149.49133,C moves a container on the chopping board with his right hand.,chopping_board
1150.09351,C sweeps the garlic peel off the chopping board with his right hand.,garlic@@@@@chopping_board
1152.60187,C picks the chopping board with both hands.,chopping_board
1154.99939,C adds the sliced garlic into the skillet with the knife in his right hand.,knife@@@@@ski
1156.5818,C adds the sliced spring onion into the skillet with the knife in his right hand.,pan_(for_cooking)@@@@@knife
1159.87524,C places the chopping board on the countertop with his left hand.,chopping_board
1160.69977,C places the knife on the chopping board with his right hand.,knife@@@@@chopping_board
1160.69977,C reads the recipe manual on the countertop.,book
1162.79804,C turns the knob of the electric cooker with his right hand.,knob@@@@@cooker
1166.88503,C picks a spatula from the sink with his right hand.,sink@@@@@spatula
1167.46702,C turns the knob of the faucet with his left hand.,knob@@@@@faucet
1167.967,C washes the spatula under the faucet with his right hand.,spatula@@@@@faucet
1169.30657,C washes the spatula in his right hand with his left hand.,spatula
1171.42892,C turns the knob of the faucet with his left hand.,knob@@@@@faucet
1172.91997,C picks the towel on the sink with his left hand.,towel@@@@@hand_towel@@@@@sink
1173.25336,C wipes the spatula in his right hand with his left hand.,spatula
1175.26225,C places the towel in his left hand on the sink.,towel@@@@@hand_towel@@@@@sink
1176.77323,C stirs the ingredients in the skillet with the spatula in his right hand.,pan_(for_cooking)@@@@@spatula
1177.66983,C holds the skillet with his left hand.,pan_(for_cooking)
1184.05108,C turns the knob of the electric cooker with his left hand.,knob@@@@@cooker
1191.75232,C places the spatula on the countertop with his right hand.,spatula
1194.20425,C reads the recipe manual on the countertop.,book
1202.94568,C picks the spatula from the countertop with his right hand.,spatula
1204.02573,C holds the skillet on the electric cooker with his left hand.,pan_(for_cooking)@@@@@cooker
1204.32892,C stirs the ingredients in the skillet with the spatula in his right hand.,pan_(for_cooking)@@@@@spatula
1211.03041,C taps the skillet with the spatula in his right hand.,pan_(for_cooking)@@@@@spatula
1212.74686,C places the spatula on the countertop with his right hand.,spatula
1215.07482,C reads the recipe manual on the countertop.,book
1220.48058,C hovers his left hand over the skillet to feel the heat.,pan_(for_cooking)
1221.65671,C stirs the ingredients in the skillet with the spatula in his right hand.,pan_(for_cooking)@@@@@spatula
1222.73859,C holds the skillet on the electric cooker with his left hand.,pan_(for_cooking)@@@@@cooker
1229.67796,C taps the skillet with the spatula in his right hand.,pan_(for_cooking)@@@@@spatula
1231.19781,C places the spatula on the countertop with his right hand.,spatula
1233.88121,C reads the recipe manual on the countertop.,book
1237.57781,C hovers his left hand over the skillet to feel the heat.,pan_(for_cooking)
1242.09976,C picks the drainer from the sink with his right hand.,colander@@@@@sink
1242.51468,C shakes the drainer with his right hand.,strainer
1245.93662,C adds the noodles into the skillet with his right hand.,pan_(for_cooking)@@@@@spoon
1248.31206,C places the drainer in the sink with his right hand.,strainer@@@@@sink
1248.98394,C picks the plastic container on the countertop with his left hand.,bottle_opener@@@@@box@@@@@bottle@@@@@crate@@@@@pen@@@@@plastic_bag@@@@@can
1250.19087,C passes the plastic container in his left hand to his right hand.,plastic_bag
1251.65353,C adds the ingredients in the plastic container into the noodles with his right hand.,bowl@@@@@plastic_bag
1254.95938,C places the plastic container on the countertop with his right hand.,box@@@@@crate@@@@@plastic_bag@@@@@can
1255.44034,C picks the spatula on the countertop with his right hand.,spatula
1256.37173,C holds the skillet with his left hand.,pan_(for_cooking)
1256.87657,C stirs the noodle with the spatula in his right hand.,spatula
1302.71333,C picks a white ceramic bowl from the countertop with his left hand.,bowl
1303.63213,C places the spatula in his right hand on the countertop.,spatula
1304.51065,C scoops the ingredient in the ceramic bowl into the skillet with his right hand.,pan_(for_cooking)@@@@@bowl
1308.77671,C places the ceramic bowl on the countertop with his left hand.,table@@@@@bowl@@@@@kitchen_table
1308.81004,C picks the spatula on the countertop with his right hand.,spatula
1309.73502,C holds the skillet on the electric cooker with his left hand.,pan_(for_cooking)@@@@@cooker
1310.04352,C stirs the noodles in the skillet with the spatula in his right hand.,pan_(for_cooking)@@@@@spatula
1326.06107,C places the spatula in his right hand on the countertop.,spatula
1328.18243,C reads the recipe manual on the countertop.,book
1331.373,C picks the plastic container on the countertop with his right hand.,plastic_bag
1332.55436,C adds the ingredients in the plastic container into the noodles.,bowl@@@@@plastic_bag
1335.89452,C places the plastic container on the countertop with his right hand.,box@@@@@crate@@@@@plastic_bag@@@@@can
1336.50441,C picks the spatula on the countertop with his right hand.,spatula
1337.314,C holds the skillet on the electric cooker with his left hand.,pan_(for_cooking)@@@@@cooker
1337.63225,C stirs the noodles in the skillet with the spatula in his right hand.,pan_(for_cooking)@@@@@spatula
1351.12015,C places the spatula in his right hand on the countertop.,spatula
1353.5337,C moves the salt container on the countertop with his left hand.,saltshaker@@@@@shaker
1353.56703,C moves the ceramic bowl on the countertop with his right hand.,bowl
1354.83718,C picks the pot lid on the countertop with his right hand.,pot@@@@@pan_(metal_container)@@@@@can
1360.85846,C opens the cabinet door with his left hand.,cabinet
1362.32069,C picks a ceramic plate from the cabinet with his right hand.,cabinet@@@@@plate
1363.28876,C closes the cabinet door with his left hand.,cabinet
1363.56697,C places the ceramic plate on the countertop with his right hand.,plate
1366.14574,C turns the knob of the electric cooker with his right hand.,knob@@@@@cooker
1367.57936,C picks the skillet on the electric cooker with his left hand.,pan_(for_cooking)@@@@@cooker
1369.39368,C moves the ceramic plate on the countertop with his left hand.,plate
1369.818,C pours the noodles in the skillet into the ceramic plate in his left hand.,pan_(for_cooking)@@@@@plate
1373.04181,C holds the skillet in his right hand with his left hand.,pan_(for_cooking)
1373.82231,C places the skillet on the electric cooker with both hands.,pan_(for_cooking)@@@@@cooker
1374.78745,C picks a a spatula from the countertop with his right hand.,spatula
1374.95138,C lifts the skillet from the electric cooker with his left hand.,pan_(for_cooking)@@@@@cooker
1375.8697,C scoops the noodle in the skillet with the spatula in his right hand.,pan_(for_cooking)@@@@@spatula
1378.67379,C adds the noodle in the skillet to the ceramic plate with the spatula in his right hand.,spatula@@@@@plate
1382.51933,C places the skillet on the electric cooker with his left hand.,pan_(for_cooking)@@@@@cooker@@@@@ski
1383.32141,C adjusts the noodle in the ceramic plate with the spatula in his right hand.,spatula@@@@@plate
1385.07804,C holds the ceramic plate on the countertop with his left hand.,plate
1387.06505,C touches the skillet with the spatula in his right hand.,pan_(for_cooking)@@@@@spatula
1388.7577,C places the spatula on the countertop with his right hand.,spatula
1391.44148,C reads the recipe manual on the countertop.,book
1392.7706,C picks a plactic container from the countertop with his right hand.,crate@@@@@plastic_bag
1393.44318,C holds the plastic container in his right hand with his left hand.,canister@@@@@plastic_bag@@@@@can
1394.61514,C passes the lid in his right hand to his left hand.,bottle@@@@@bottle_cap
1395.78486,C scoops garlic powder from the plastic container in his left hand with his right hand.,towel@@@@@hand_towel@@@@@canister@@@@@hand_glass@@@@@plastic_bag@@@@@can
1397.40291,C adds the garlic powder to the noodles in the ceramic plate with his right hand.,plate@@@@@spoon
1399.1912,C scoops garlic powder from the plastic container in his left hand with his right hand.,towel@@@@@hand_towel@@@@@canister@@@@@hand_glass@@@@@plastic_bag@@@@@can
1400.67691,C adds the garlic powder to the noodles in the ceramic plate with his right hand.,plate@@@@@spoon
1403.24143,C covers the plastic container in his right hand with the lid in his left hand.,bottle@@@@@bottle_cap
1.47896,C opens the hotpot in her left hand with her right hand.,pot
2.3319,C places the lid of the hotpot in her right hand on the sink.,sink@@@@@kitchen_sink
4.22014,C turns on the faucet with her left hand.,faucet
4.22014,C places the hotpot in her left hand under the faucet.,faucet
15.64527,C places his right hand on the sink.,sink
23.58014,C turns off the faucet with her right hand.,faucet
34.9489,C turns on the knob of the electric stove with her right hand.,knob@@@@@stove
42.10062,C covers the hotpot with the lid in her right hand.,pot
45.33949,C displaces the cookery sheet on the cutting board with her right hand.,chopping_board
48.61389,C displaces the small bowl on the cutting board with her hands.,bowl@@@@@chopping_board
51.13412,C draws out the base cabinet drawer with his right hand.,drawer
57.3932,C picks a spoon from the countertop with her left hand.,spoon
58.98891,C touches the spoon with his right hand finger.,spoon
61.35497,C turns on the faucet with his right hand.,faucet
61.73207,C places the spoon in his left hand on the faucet.,spoon@@@@@faucet
62.5506,C rinses the spoon from the faucet.,spoon@@@@@faucet
64.98273,C turns off the faucet with his right hand.,faucet
66.57097,C picks a plate scrubber the sink with her right hand.,sink@@@@@scrubbing_brush
67.10098,C scrubs the spoon in his left hand with the plate scrubber in his right hand.,scrubbing_brush@@@@@spoon
69.19295,C places the plate scrubber in her right hand on the sink.,sink@@@@@scrubbing_brush
70.0776,C turns on the faucet with his right hand.,faucet
70.0776,C places the spoon in his left hand on the faucet.,spoon@@@@@faucet
71.00217,C rinses the spoon with his right hand.,spoon
72.41906,C turns off the faucet with his right hand.,faucet
73.67709,C picks a plate scrubber the sink with her right hand.,sink@@@@@scrubbing_brush
74.5647,C places the plate scrubber in his right hand on the faucet.,dishrag@@@@@faucet
75.56051,C turns on the faucet with his right hand.,faucet
76.07745,C rinses the plate scrubber in her right hand from the faucet.,dishrag@@@@@faucet
79.35459,C picks a white bowl from the countertop with her left hand.,bowl
80.00757,C wipes the countertop with the plate scrubber in her right hand.,scrubbing_brush
82.32406,C places the white bowl in her left hand on a plate.,plate@@@@@bowl
83.46793,C slides the scrubber on the countertop into his right hand.,scrubbing_brush
85.18157,C turns his left hand into the sink.,sink
85.66824,C places the plate scrubber in his right hand in the sink.,sink@@@@@scrubbing_brush
86.14352,C picks the spoon from the sink with his right hand.,sink@@@@@spoon
86.73099,C rinses the spoon in his right hand from the faucet.,spoon@@@@@faucet
87.11879,C turns off the faucet with his left hand.,faucet
88.09054,C shakes the spoon in his right hand into the sink.,sink@@@@@spoon
89.01226,C passes the spoon from her right hand to her left hand.,spoon
90.10716,C holds a napkin on the electric stove with his right hand.,stove@@@@@napkin
90.6665,C wipes the spoon in his left hand with the napkin on the electric stove.,stove@@@@@spoon@@@@@napkin
95.23336,C points his right hand to the egg carrier on the countertop.,egg@@@@@crate
95.88796,C passes the spoon from her left hand to her right hand.,spoon
96.38169,C displaces the small bowl on the cutting board with his left hand.,bowl@@@@@chopping_board
97.22162,C places the spoon in his right hand on the cutting board.,spoon@@@@@chopping_board
98.3279,C picks a bottle of soy sauce from the countertop with his left hand.,bottle
100.38584,C opens the bottle of soy sauce with his right hand.,bottle
103.26153,C holds the cookery sheet on the cutting board with his left hand.,chopping_board
103.29623,C picks the spoon from the cutting board with his left hand.,spoon@@@@@chopping_board
104.64122,C turns the soy sauce in his right hand into the spoon in his left hand.,spoon@@@@@saucepan
109.6333,C turns the oil from the spoon in his left hand into the small bowl.,bowl@@@@@spoon
115.13492,C places the bottle of soy sauce in his right hand on the cutting board.,bottle@@@@@chopping_board
116.24755,C picks up the lid of the bottle of soy sauce from the countertop.,bottle_opener@@@@@bottle@@@@@pen
116.9746,C covers the soy sauce bottle with his right hand.,bottle
121.23704,C picks a bottle of olive oil from the countertop with his right hand.,bottle
122.59868,C places the bottle of olive oil in his right hand on the cutting board.,bottle@@@@@chopping_board
123.07737,C places the spoon in his left hand on the small bowl.,bowl@@@@@spoon
125.43767,C picks the bottle of olive oil from the cutting board with his right hand.,bottle@@@@@chopping_board
125.9737,C opens the bottle of olive oil with his left hand.,bottle
127.22091,C places the lid of the bottle of olive oil in his left hand on the countertop.,bottle@@@@@table@@@@@kitchen_table@@@@@can
128.7956,C picks the spoon from the small bowl with his left hand.,bowl@@@@@spoon
129.78442,C turns the olive oil in his right hand into the spoon in his left hand.,spoon
135.49604,C turns the oils from the spoon into the small bowl on the cutting board.,bowl@@@@@spoon
146.80968,C places the olive oil in his right hand on the cutting board.,chopping_board
147.65907,C picks up the lid of the olive oil from the cutting board with his right hand.,bottle@@@@@jar@@@@@bottle_cap
149.04218,C covers the bottle of olive oil with the lid in his right hand.,bottle@@@@@bottle_cap
151.32312,C holds the spoon on the small bowl with his left hand.,bowl@@@@@spoon
155.2048,C places the spoon in his left hand on the small bowl.,bowl@@@@@spoon
155.61212,C holds the bottle of virgin oil with his left hand.,bottle
156.07503,C covers the olive oil with the lid in his right hand.,saucepan
158.10169,C picks the bottle of olive oil from the cutting board with his rigth hand.,bottle@@@@@chopping_board
158.59314,C places the olive oil in his right hand on the countertop.,bottle@@@@@table@@@@@kitchen_table
159.51699,C picks a bottle of sesame oil from the countertop with his left hand.,bottle
160.28765,C opens the bottle of sesame oil with her left hand.,bottle
162.55845,C places the lid of the bottle of sesame oil in his left hand on the countertop.,bottle@@@@@table@@@@@kitchen_table@@@@@can
165.26262,C picks up the spoon on the small bowl with his left hand.,bowl@@@@@spoon
166.74482,C turns the sesame oil in his right hand into the spoon in his left hand.,spoon
169.62188,C turns the sesame oil from the spoon into the small bowl on the cutting board.,bowl@@@@@spoon
202.11309,C places the bottle of sesame oil in his right hand on the cutting board..,bottle@@@@@chopping_board
206.82828,C touches the spoon in his left hand with his right hand.,spoon
211.13997,C removes the oil from the spoon into the small bowl with his right hand.,bowl@@@@@spoon
220.3109,C holds the spoon with his left hand.,spoon
221.45867,C places the spoon in his left hand on the small bowl.,bowl@@@@@spoon
225.56661,C picks the lid of the bottle of sesame oil from the countertop with his left hand.,bottle
232.21569,C turns on the faucet with his left hand.,faucet
232.7177,C rinses his right hand from the faucet.,faucet
233.64837,C turns off the faucet with his left hand.,faucet
235.05156,C picks up the spoon from the small bowl with his left hand.,bowl@@@@@spoon
236.13131,C picks up a bottle of honey from the countertop with his right hand.,bottle
241.45758,C opens the lid of the bottle of honey with his right hand.,bottle_opener@@@@@bottle@@@@@pen
246.38101,C passes the bottle of honey from his left hand to his right hand.,bottle
249.11721,C turns the honey in his right hand into the spoon in his left hand.,spoon
260.69718,C places the bottle of honey in his left hand on the countertop.,bottle
262.00174,C closes the lid of the bottle of honey with his left hand.,bottle
264.0069,C points his right hand to the cookery sheet on the cutting board.,cooker
268.68647,C touches the spoon in his left hand with his right hand.,spoon
288.36208,C places the spoon in his left hand on the small bowl.,bowl@@@@@spoon
293.07249,C displaces the bottle of honey on the countertop with his right hand.,bottle
294.82827,C picks a bottle of mushroom sauce from the countertop with his left hand.,bottle
296.16827,C opens the lid of the bottle of mushroom sauce in his left hand with his right hand.,bottle
296.72177,C passes the bottle of the mushroom sauce from his left hand to his right hand.,bottle
298.22661,C picks up the spoon from the small bowl with his left hand.,bowl@@@@@spoon
299.80329,C turns the mushroom sauce in his right hand into the spoon in his left hand.,spoon@@@@@saucepan
305.27989,C turns the mushroom sauce in her right hand into the spoon in his left hand.,spoon
323.4036,C places the bottle of the mushroom sauce in his right hand on the cutting board.,bottle@@@@@chopping_board
325.21826,C covers the bottle of the mushroom sauce with the lid in his right hand.,bottle@@@@@saucepan
326.4657,C picks up the bottle of the mushroom sauce from the cutting board with his right hand.,bottle
327.08201,C places the bottle of the mushroom sauce in his right hand on the countertop.,bottle
329.77743,C passes the spoon from his left hand to his right hand.,spoon
330.84456,C mixes the mixtures in the small bowl with the spoon in his right hand.,bowl@@@@@spoon
336.19144,C places the spoon in his right hand on the small bowl.,bowl@@@@@spoon
357.18161,C opens the hotpot with his right hand.,pot
358.259,C covers the hotpot with the lid in his right hand.,pot
379.10731,C places the noodles in his right hand into the hotpto.,pot@@@@@bread@@@@@pizza@@@@@pita_(bread)@@@@@can
382.541,C draws out the base cabinet drawer with his right hand.,drawer
386.2698,C picks a ladle from the base cabinet drawer with his right hand.,ladle@@@@@drawer
386.2698,C draws out the base cabinet drawer with his left hand.,cabinet@@@@@drawer
387.84853,C mixes the noodles in the hotpot with the ladle in his right hand.,ladle@@@@@pan_(for_cooking)
403.76938,C displaces the cookery sheet on the cutting board with his right hand.,chopping_board
420.18482,C picks up the spoon from the small bowl with his left hand.,bowl@@@@@spoon
422.41857,C turns on the faucet with his right hand.,faucet
422.41857,C places the spoon in his left hand on the faucet.,spoon@@@@@faucet
423.04793,C rinses the spoon from the faucet.,spoon@@@@@faucet
423.58462,C picks the plate scrubber from the sink with his right hand.,sink@@@@@scrubbing_brush
424.69228,C scrubs the spoon in his left hand with his right hand.,spoon
427.88629,C places the plate scrubber in his right hand in the sink.,sink@@@@@scrubbing_brush
428.55286,C rinses the spoon from the faucet with his right hand.,spoon@@@@@faucet
430.40234,C turns off the faucet with his right hand.,faucet
431.65732,C passes the spoon from his left hand to his right hand.,spoon
432.1185,C shakes the spoon in his right hand in the sink.,sink@@@@@spoon
432.77998,C passes the spoon from his right hand to his left hand.,spoon
433.31079,C shakes his right hand into the sink.,sink
436.92252,C pics the napkin on the electric stove hanger with his right hand.,stove@@@@@napkin
437.78004,C wipes the spoon in his left hand with the napkin in his right hand.,spoon@@@@@napkin
441.65976,C places the napkin in his right hand on the electric stove hanger.,stove@@@@@napkin
444.31847,C picks a bottle of vegetable oil from the countertop with his right hand.,bottle
445.29785,C opens the bottle of l vegetable oil with his left hand.,bottle_opener@@@@@bottle@@@@@pen
447.0118,C places the lid of the bottle of  vegetable oil in his left hand on the countertop.,bottle@@@@@bottle_cap
448.81723,C turns the  vegetable oil in his right hand into the spoon in his left hand.,lamp@@@@@table@@@@@oil_lamp@@@@@spoon
454.58949,C turns the vegetable oil from the spoon into the pan on the countertop..,pan_(for_cooking)@@@@@spoon
456.37752,C places the bottle of vegetable oil in his right hand on the countertop,bottle
458.59743,C picks the lid of the bottle of vegetable oil from the countertop with his right hand.,bottle@@@@@bottle_cap
459.3648,C covers the vegatbale oil with the kid in his right hand.,bottle
463.65684,C passes the spoon from his left hand to his right hand.,spoon
466.01828,C places the spoon in his right hand in the sink.,sink@@@@@spoon
468.57941,C picks the ladle from the countertop with his right hand.,ladle
469.61538,C mixes the noodle in the hotpot with the ladle in his right hand.,ladle@@@@@pot
475.95344,C removes the ladle in his right hand from the hotpot.,ladle@@@@@pot
477.79177,C places the ladle in his right hand on the countertop.,ladle
484.5805,C picks a jar of salt from the countertop with his right hand.,saltshaker@@@@@jar@@@@@shaker
485.685,C opens the seal of the jar of salt with his left hand.,saltshaker@@@@@shaker
487.0519,C turns the salt in his right hand into the hotpot.,saltshaker@@@@@pot@@@@@shaker
490.15426,C closes the seal of the jar with his right hand.,jar
498.77219,C passes the jar from his right hand to his left hand.,jar
499.7327,C places the jar in his left hand on the countertop.,jar
501.98947,C draws out the drawer of the base cabinet with his right hand.,cabinet@@@@@drawer
504.66005,C picks a fork from the drawer with his right hand.,drawer@@@@@fork
506.76611,C perforates the seal of the jar of sugar with the fork in his right hand.,jar@@@@@fork
511.4632,C opens the seal of the jar of sugar with his left hand.,jar
514.31916,C places the fork in his right hand on the countertop.,fork
518.0743,C picks the ladle from the countertop with his right hand.,ladle
519.2739,C inserts the ladle in his right hand into the hotpot.,ladle@@@@@pot
519.79523,C mixes the noodles in the hotpot with the ladle in his right hand.,ladle@@@@@pan_(for_cooking)
525.2727,C removes the ladle in his right hand from the hotpot.,ladle@@@@@pot
528.44955,C places the ladle in his right hand on the countertop.,ladle
531.71098,C opens the base cabinet door with his hands.,cabinet
533.28971,C picks a strainer from the base cabinet with his right hand.,strainer@@@@@cabinet
537.55882,C picks a spatula from the sink with his right hand.,sink@@@@@spatula
538.46053,C places the spatula in his right hand in the sink.,sink@@@@@spatula
565.32738,C picks the ladle from the countertop with his right hand.,ladle
566.78622,C mixes the noodle on the hotpot with the ladle in his right hand.,ladle@@@@@pot
572.44598,C removes the ladle in his right hand from the hotpot.,ladle@@@@@pot
575.17288,C places the ladle in his right hand on the countertop.,ladle
578.95699,C stands before the cookery sheet on the cutting board.,chopping_board
585.03059,C picks up the small bowl from the countertop with his left hand.,bowl
586.40494,C places the small bowl in his left hand on the countertop.,bowl
591.71265,C places his hands on the cutting board.,chopping_board
593.60879,C presses his right-hand finger against the small bowl.,bowl
598.9669,C places his right hand on the faucet.,faucet
599.0933,C turns on the faucet with his left hand.,faucet
601.90329,C picks a garlic clove from the countertop with his left hand.,garlic
603.32841,C shakes his right hand in the sink.,sink
604.97384,C holds the napkin with his right hand.,napkin
605.31325,C wipes his hands with the napkin.,towel@@@@@hand_towel@@@@@napkin
607.33295,C displaces the garlic clove on the cutting board with his right hand.,garlic@@@@@chopping_board
608.68721,C picks a cutting knife from the cutting board with his right hand,knife@@@@@chopping_board
610.91811,C holds the garlic clove on the cutting board with his left hand.,garlic@@@@@chopping_board
612.93962,C cuts the garlic clove on the cutting board with the cutting knife in his right hand.,knife@@@@@chopping_board
679.12393,C places the knife in his right hand on the cutting board.,knife@@@@@chopping_board
680.4875,C displaces the small bowl on the countertop with his left hand.,bowl
686.67959,C picks a garlic clove from the countertop with his right hand.,garlic
687.76441,C removes the peels from the spring onion with his hands.,onion
698.06097,C places spring onion in his right hand on the cutting board.,onion@@@@@chopping_board
698.908,C places peels in his right hand on the cutting board.,chopping_board
702.984,C picks the spring onion from the cutting board with his left hand.,onion@@@@@chopping_board
702.984,C picks up the cutting knife from the cutting,knife@@@@@chopping_board
704.38458,C cuts the spring onion on the cutting board with the knife in his right hand.,knife@@@@@chopping_board
779.12318,C scrapes the cutting knife with his left hand.,knife
792.47055,C places the cutting knife in his right hand on the cutting board.,knife@@@@@chopping_board
795.14789,C turns on the faucet with his right hand.,faucet
797.55282,C picks the ladle from the countertop with his right hand.,ladle
798.62416,C inserts the ladle in his right hand into the hotpot.,ladle@@@@@pot
812.13445,C picks the the noodle from the hotpot with the ladle in his right hand.,ladle
815.63441,C touches the noodles from the ladle with his left hand.,ladle
816.49176,C inserts the noodles in the ladle into the hotpot.,ladle@@@@@pot
816.77245,C removes the ladle in his right hand from the hotpot.,ladle@@@@@pot
817.6409,C places the ladle in her right hand on the countertop.,ladle
825.86344,C picks the ladle from the countertop with his right hand.,ladle
826.87007,C inserts the ladle in his right hand into the hotpot.,ladle@@@@@pot
827.44528,C mixes the noodles in the hotpot with the ladle in his right hand.,ladle@@@@@pan_(for_cooking)
832.94134,C picks a garlic clove from the countertop with his right hand.,garlic
834.63061,C removes the peels from the garlic clove with his right hand.,garlic
836.78207,C places the peels  in his right hand on the cutting board.,chopping_board
859.44345,C places the garlic clove in his right hand on the cutting board.,garlic@@@@@chopping_board
859.98897,C picks the cutting knife from the cutting board with his right hand.,knife@@@@@chopping_board
861.10853,C holds the garlic clove on the cutting board with his left hand.,garlic@@@@@chopping_board
861.75648,C cuts the garlic clove on the cutting board with the cutting knife in his right hand.,knife@@@@@chopping_board
863.17055,C shifts the garlic peels on cutting board with the knife in his right hand.,knife@@@@@garlic@@@@@chopping_board
864.80547,C cuts the garlic clove on the cutting board with the cutting knife in his right hand.,knife@@@@@chopping_board
916.99771,C places the cutting knife in his right hand on the cutting board.,knife@@@@@chopping_board
918.22961,C dusts his hands on the cutting board.,chopping_board
922.17276,C picks the ladle from the cutting board with his right hand.,ladle@@@@@chopping_board
923.03644,C inserts the ladle in his right hand into the hotpot.,ladle@@@@@pot
923.19338,C mixes the noodles in the hotpot with the ladle in his right hand.,ladle@@@@@pan_(for_cooking)
928.27097,C removes the ladle in his right hand from the hotpot.,ladle@@@@@pot
930.27634,C places the ladle in his right hand on the countertop.,ladle
937.75437,C picks the pan from the electric burner with his right hand.,pan_(for_cooking)
939.41892,C turns round the pan in his right hand.,pan_(for_cooking)@@@@@pan_(metal_container)
943.57529,C places the pan in his right hand on the electric stove.,pan_(for_cooking)@@@@@stove
946.13331,C turns on the knob of the electric stove with his right hand.,knob@@@@@stove
956.10629,C picks the napkin on the electric stove hanger with his right hand.,stove@@@@@napkin
956.4412,C holds the napkin with his left hand.,napkin
957.78432,C removes the hotpot from the electric stove with the napkin in his hands.,stove@@@@@napkin
960.75,C turns the noodles from the hotpot into the strainer in the sink.,pan_(for_cooking)@@@@@strainer@@@@@sink
966.14044,C places the hotpot in his hands on the electric stove.,pot@@@@@stove
968.6223,C picks up the strainer from the sink with his hands.,strainer@@@@@sink
971.22821,C places the strainer in his right hand on the hotpot.,pot@@@@@strainer
973.45482,C removes the strainer from the hotpot with his hands.,pot@@@@@strainer
977.13095,C places the strainer in his right hand in the sink.,strainer@@@@@sink
980.61226,C displaces the hotpot from the electric stove with his hands.,pot@@@@@stove
983.41325,C picks up the pan from the electric stove with his right hand.,pan_(for_cooking)@@@@@stove
985.21215,C turns around the pan in his right hand.,pan_(for_cooking)
988.11435,C places the pan in his right hand on the electric stove.,pan_(for_cooking)@@@@@stove
989.47126,C places his palm over the pan on the electric stove.,pan_(for_cooking)@@@@@stove
991.07972,C lifts up the pan from the electric stove with his right hand.,pan_(for_cooking)@@@@@stove
993.06093,C places his left hand over the electric stove.,stove
996.38589,C turns on the knob of the electric stove with his left hand.,knob@@@@@stove
998.43,C adjusts the knob of the electric stove is with his left hand.,knob@@@@@stove
1001.94891,C places his left hand over the electric stove.,stove
1002.99438,C places the pan in his right hand on the electric stove.,pan_(for_cooking)@@@@@stove
1004.91495,C displaces the hotpot on the electric stove with his hands.,pot@@@@@stove
1007.2536,C picks up the the pan from the electric stove with his right hand.,pan_(for_cooking)@@@@@stove
1009.3551,C turns the pan in his right hand around.,pan_(for_cooking)
1010.0231,C places the pan in his right hand on the electric stove.,pan_(for_cooking)@@@@@stove
1010.0231,C turns the pan around with his right hand.,pan_(for_cooking)
1010.64054,C places the pan in his right hand on the electric burner,pan_(for_cooking)@@@@@stove
1014.31539,C picks the hotpot from the electric stove with his hands.,pot@@@@@stove
1018.50171,C places the hotpot in his hands on the electric stove.,pot@@@@@stove
1022.42178,C picks up the pan from the electric stove with his right hand.,pan_(for_cooking)@@@@@stove
1024.6431,C places the hotpot in his right hand on the electric stove.,pot@@@@@stove
1027.20453,C places his right hand over the pan.,pan_(for_cooking)@@@@@pan_(metal_container)
1027.86247,C holds the pan on the electric stove with his right hand.,pan_(for_cooking)@@@@@stove
1031.83794,C picks the pan from the electric stove with his right hand.,pan_(for_cooking)@@@@@stove
1049.36472,C holds the small bowl on the countertop with his left hand.,bowl
1049.79842,C scoops the pieces of spring onion from the cutting board with his right hand.,onion
1051.9427,C picks the spring onion from the countertop with his left hand.,onion
1053.54981,C holds the spring onion in his left hand with his right hand.,onion
1056.88205,C places the spring onion in his hands on the cutting board.,onion@@@@@chopping_board
1061.97065,C picks the cutting knife from the cutting board with his rigth hand.,knife@@@@@chopping_board
1062.87517,C cuts the spring ds onion on the cutting board with the cutting knife in his right hand.,knife@@@@@onion@@@@@chopping_board
1115.00752,C gathers the spring onion on the cutting board with his hands.,onion@@@@@chopping_board
1116.74265,C places the cutting knife in his right hand on the cutting board.,knife@@@@@chopping_board
1118.6547,C places his right hand over the pan on the electric stove.,pan_(for_cooking)@@@@@stove
1123.17907,C adjusts the pan on the electric stove with his left hand.,pan_(for_cooking)@@@@@stove
1139.3414,C turns on the knob of the electric stove with his right hand.,knob@@@@@stove
1142.99034,C picks up the cutting knife from the cutting board with his right hand,knife@@@@@chopping_board
1144.6147,C picks up the spring onion from the cutting board with his left hand.,onion@@@@@chopping_board
1145.78299,C cuts the spring onion on the cutting board with the cutting knife in his right hand.,knife@@@@@chopping_board
1147.66152,C packs the spring onion from the cutting board to the countertop with his left hand.,onion@@@@@chopping_board
1148.72679,C holds the cutting board with his left hand.,chopping_board
1149.27369,C displaces the lid off the bottle from the cutting board to the countertop with his right hand.,bottle
1150.0452,C displaces the onion peels from the cutting board to the countertop with his right hand.,onion@@@@@chopping_board
1152.24418,C picks up the cutting  board from the countertop with his hands.,chopping_board
1154.80402,C turns the pieces of veggies with the cutting knife in his right hand from the cutting board into the pan.,pan_(for_cooking)@@@@@knife@@@@@chopping_board
1160.17675,C places the cutting knife in his right hand on the cutting board.,knife@@@@@chopping_board
1162.58408,C adjusts the knob of the electric stove with his right hand.,knob@@@@@stove
1166.70489,C picks up the silicone spatula from the sink with his right hand.,sink@@@@@spatula
1167.74288,C turns on the faucet with his left hand.,faucet
1169.14077,C scrubs the silicone spatula with his left hand.,spatula
1171.18784,C turns off the faucet with his left hand.,faucet
1172.84646,C picks up the napkin from the sink with his left hand.,sink@@@@@napkin
1173.20587,C wipes the silicone spatula with the napkin in his left hand.,spatula@@@@@napkin
1175.10123,C places the napkin in his left hand on the sink.,sink@@@@@napkin@@@@@kitchen_sink
1176.57827,C inserts the silicone spatula in his right hand in the pan on the electric stove.,pan_(for_cooking)@@@@@spatula
1177.04003,C mixes the veggies in the pan with the silicone spatula in his right hand.,pan_(for_cooking)@@@@@spatula
1177.27336,C holds the pan on the electric stove with his left hand.,pan_(for_cooking)@@@@@stove
1183.88829,C adjusts the knob of the electric stove with his left hand.,knob@@@@@stove
1190.43949,C removes the silicone spatula in his right hand from the pan.,pan_(for_cooking)@@@@@spatula
1191.42058,C places the spatula in his right hand on the countertop.,spatula
1202.83079,C picks the spatula from the countertop with his right hand.,spatula
1203.85916,C holds the pan with his left hand.,pan_(for_cooking)@@@@@pan_(metal_container)
1203.92583,C inserts the spatula in his right hand into the pan on the electric stove.,pan_(for_cooking)@@@@@spatula
1204.35658,C mixes the veggies in the pan with the spatula in his right hand.,pan_(for_cooking)@@@@@spatula
1211.0027,C removes the spatula in his right hand from the pan,pan_(for_cooking)@@@@@spatula
1212.29515,C places the spatula in his right hand on the countertop.,spatula
1218.73006,C picks the spatula from the countertop with his right hand.,spatula
1220.28162,C places his left hand over the pan on the electric stove.,pan_(for_cooking)@@@@@stove
1221.38851,C inserts the spatula in his right hand into the pan on the electric stove.,pan_(for_cooking)@@@@@spatula
1221.77344,C mixes the veggies on the pan with the spatula in his right hand.,pan_(for_cooking)@@@@@spatula
1222.39582,C holds the pan with his left hand.,pan_(for_cooking)@@@@@pan_(metal_container)
1229.96155,C removes the spatula in his right hand from the pan.,pan_(for_cooking)@@@@@spatula
1231.12191,C places the spatula in his right hand on the countertop,spatula
1237.41339,C places his left hand over the pan on the electric stove.,pan_(for_cooking)@@@@@stove
1241.7539,C picks the strainer from the sink with his right hand.,strainer@@@@@sink
1245.24615,C turns the noodles from the strainer into the pan on the electric stove.,pan_(for_cooking)@@@@@strainer
1248.2911,C places the strainer in his right hand in the sink.,strainer@@@@@sink
1248.95044,C picks the small bowl from the countertop with his left hand.,bowl
1250.02713,C passes the small bowl from his left hand to his right hand.,bowl
1251.29314,C turns the mixtures from the small bowl into the pan.,pan_(for_cooking)@@@@@bowl
1254.54299,C places the small bowl in his right hand on the countertop.,bowl
1255.33124,C picks the spatula from the countertop with his right hand.,spatula
1256.42756,C inserts the spatula in his right hand into the pan.,pan_(for_cooking)@@@@@spatula
1256.93661,C mixes the noodles in the pan with the spatula in his right hand.,pan_(for_cooking)@@@@@spatula
1301.93413,C removes the spatula in his right hand from the pan.,pan_(for_cooking)@@@@@spatula
1302.13413,C picks the white bowl from the plate on the countertop with his left hand.,plate@@@@@bowl
1303.32077,C places the spatula in his right hand on the countertop.,spatula
1304.29605,C scoops the veggie from the white bowl into the pan with his right hand.,pan_(for_cooking)@@@@@bowl
1308.26424,C places the white bowl in his left hand on the plate.,plate@@@@@bowl
1308.57054,C picks the spatula from the countertop with his right hand.,spatula
1309.57026,C holds the pan with his left hand.,pan_(for_cooking)@@@@@pan_(metal_container)
1309.69179,C inserts the spatula in his right hand in the pan.,pan_(for_cooking)@@@@@spatula
1310.38662,C mixes the noodle in the pan with the spatula in his right hand.,pan_(for_cooking)@@@@@spatula
1324.70301,C removes the spatula in his right hand from the pan.,pan_(for_cooking)@@@@@spatula
1325.63043,C places the spatula in his right hand on the countertop.,spatula
1331.23361,C picks the  bowl of pepper from the countertop with his right hand.,bowl@@@@@pepper_mill
1332.26829,C turns the pepper in his right hand into the noodle in the pan.,pan_(for_cooking)@@@@@pepper_mill
1335.74193,C places the bowl of pepper in his right hand on the countertop.,bowl
1336.30797,C picks the spatula from the countertop with his right hand.,spatula
1337.14564,C inserts the spatula in his right hand in the pan.,pan_(for_cooking)@@@@@spatula
1337.64187,C mixes the noodle in the pan with the spatula in his right hand.,pan_(for_cooking)@@@@@spatula
1349.58607,C removes the spatula in hid right hand from the pan.,pan_(for_cooking)@@@@@spatula
1350.75502,C places the spatula in his left hand on the countertop.,spatula
1353.12077,C displaces the plates on the countertop with his left hand.,plate
1354.623,C picks the lid of the hot pot from the countertop with his right hand.,pot
1357.65527,C places the lid in his right hand in the sink.,sink
1361.2234,C opens the wall cabinet with his left hand.,cabinet
1361.95735,C picks a white plate from the wall cabinet with his right hand.,cabinet@@@@@plate
1363.28472,C closes the wall cabinet with his left hand.,cabinet
1363.3474,C places the white plate in his right hand on the countertop.,plate
1365.9754,C turns off the knob of the electric stove with his right hand.,knob@@@@@stove
1367.52783,C picks up the pan from the countertop with his left hand,pan_(for_cooking)
1368.21775,C passes the pan from his left hand to his right hand.,pan_(for_cooking)
1369.17213,C picks up the white plate from the ocuntertop with his left hand.,plate
1369.43874,C turns the noodles from the pan into the white plate in his left hand.,pan_(for_cooking)@@@@@plate
1373.21748,C places the pan in his right hand on the electric stove.,pan_(for_cooking)@@@@@stove
1374.80523,C picks up the spatula from the countertop with his right hand.,spatula
1375.70053,C scrapes the pan with the spatula on his right.,pan_(for_cooking)@@@@@spatula
1382.44632,C places the pan in his left hand on the countertop.,pan_(for_cooking)@@@@@table@@@@@kitchen_table@@@@@can
1383.20284,C sets the noodle in the white plate with the spatula in his right hand.,spatula@@@@@plate
1388.662,C places the spatula in his right hand on the countertop,spatula
1392.64215,C picks a bottle salt from the countertop with his right hand,saltshaker@@@@@bottle@@@@@shaker
1395.48026,C gets a pinch of salt from the bottle with his right hand.,saltshaker@@@@@bottle@@@@@shaker
1397.0864,C puts the salt in his right hand into the white plate on the countertop.,saltshaker@@@@@plate@@@@@shaker
1403.13937,C covers the bottle of salt with the lid in his left hand.,saltshaker@@@@@bottle@@@@@shaker
