timestamp,narration,object
5.813,C takes a wheel from the floor with her right hand.,person@@@@@wheel
7.823,C holds the wheel with both hands.,person@@@@@wheel
10.44231,C puts the wheel into the fork of the bicycle with both hands.,wheel@@@@@bicycle
13.55014,C moves her left hand on the wheel.,person@@@@@wheel
26.74865,C presses the spokes of the wheel with her right hand.,person@@@@@wheel
31.24828,C presses the spokes of the wheel with her right hand.,person@@@@@wheel
37.99835,C presses the spokes of the wheel with her right hand.,person@@@@@wheel
41.23237,C places her hands on the brake of the bicycle.,person@@@@@bicycle
41.50636,C moves both hands on the brake of the bicycle.,person@@@@@bicycle
42.24074,C presses the brake of the bicycle with both hands.,person@@@@@bicycle
44.72653,C rolls the tire of the front wheel with her right hand.,person@@@@@wheel
47.25913,C rolls the tire of the front wheel with her left hand.,person@@@@@wheel
5.68219,C picks the wheel off the floor with her right hand.,person@@@@@wheel
7.81987,C passes the wheel from her right hand to her left hand.,person@@@@@wheel
9.36822,C holds the wheel with both hands.,person@@@@@wheel
11.25381,C adjusts her left hand on the wheel.,person@@@@@wheel
11.91576,C centers the wheel axle into the fork dropouts with her right hand.,wheel@@@@@bicycle
13.5582,C holds the wheel at the spokes with her left hand.,person@@@@@wheel
14.28476,C holds the wheel with both hands.,person@@@@@wheel
15.48548,C fixes the wheel axle firmly in the dropouts with her right hand.,wheel@@@@@bicycle
17.75241,C fixes the wheel axle firmly in the dropouts with both hands.,wheel@@@@@bicycle
44.68773,C rolls the wheel with her right hand.,person@@@@@wheel
46.75495,C rolls the wheel with her left hand.,person@@@@@wheel
49.75549,C kicks a tire on the floor with her right foot.,person@@@@@wheel
