timestamp,narration,object
2.28005,C lifts the bike wheel with his right hand.,wheel@@@@@eel
6.75734,C picks the tire lever on the table with his left hand.,wrench
11.91197,C places the tire lever in his left hand in the workshop drawer.,wrench@@@@@drawer
13.05669,C holds the bike wheel with both hands.,wheel@@@@@eel
14.57981,C places the bike wheel in his left hand on the ground.,wheel@@@@@handcart@@@@@eel@@@@@cart
15.14791,C picks the tire lever in the workshop drawer with his right hand.,wrench@@@@@drawer
16.84639,C inserts the tire lever in his right hand in the bike wheel.,wheel@@@@@eel
18.67792,C uses the tire lever in his right hand round the rim until the inner tube is off the wheel.,wheel@@@@@wrench@@@@@eel
21.92686,C holds the bike wheel with both hands.,wheel@@@@@eel
23.53901,C pulls the inner tube out of the wheel with his right hand.,wheel@@@@@eel
33.65733,C holds the bike wheel with both hands.,wheel@@@@@eel
35.01066,C holds the bike wheel with his left hand.,wheel@@@@@eel@@@@@person
42.42576,C places the bike wheel in his left hand on the ground.,wheel@@@@@handcart@@@@@eel@@@@@cart
47.65415,C inserts the valve stem of the inner tube in his right hand into its hole in the rim.,wheel@@@@@eel@@@@@can
50.14428,C fits the inner tube into the wheel with both hands.,wheel@@@@@eel
77.08311,C tightens the valve stem of the rim with his right hand.,wheel@@@@@eel@@@@@can
85.96929,C holds the bike wheel with both hands.,wheel@@@@@eel
86.80921,C positions the bike wheel in his both hands in an erect position on the bike stand.,wheel@@@@@eel
93.767,C holds the air hose of the bike pump with his left hand.,hose
94.40417,C passes the air hose of the bike pump in his left hand to his right hand.,hose
103.08165,C moves forward the bike wheel on the ground with his left hand.,wheel@@@@@eel
104.72559,C engages the pump nozzle in his right hand to the valve stem of the rim.,hose@@@@@wheel@@@@@eel
108.97539,C engages the pump nozzle to the valve stem of the rim with both hands.,hose@@@@@wheel@@@@@eel
111.322,C holds the bike wheel with his left hand.,wheel@@@@@eel@@@@@person
119.13022,C fits the inner tube into the wheel with both hands.,wheel@@@@@eel
132.39508,C fits the inner tube into the wheel with both hands.,wheel@@@@@eel
139.25682,C stands the bike wheel in an erect position with both hands.,wheel@@@@@eel
140.85147,C fits the tire into the wheel with both hands.,wheel@@@@@eel@@@@@can
165.10165,C uses the tire lever in his right hand round the rim.,wheel@@@@@eel@@@@@can
172.09157,C drops the tire lever in his right hand on the ground.,wrench@@@@@can
172.46616,C fits the tire into the wheel with both hands.,wheel@@@@@eel@@@@@can
173.28711,C holds the bike wheel with both hands.,wheel@@@@@eel
173.50715,C bounces the bike wheel in his both hands on the ground.,wheel@@@@@eel@@@@@person
176.21791,C holds the air hose of the bike pump with his right hand.,hose@@@@@person
177.54761,C picks the pump nozzle on the ground with his right hand.,hose@@@@@can
179.5705,C engages the pump nozzle in his right hand to the valve stem of the rim.,hose@@@@@wheel@@@@@eel
179.86892,C engages the pump nozzle to the valve stem of the rim with both hands.,hose@@@@@wheel@@@@@eel
185.34495,C holds the bike wheel with his left hand.,wheel@@@@@eel@@@@@person
186.403,C moves the bike pump forward with his right hand.,hose@@@@@can
189.14336,C steps his left foot on the base of the bike pump.,person
189.70045,C steps his right foot on the base of the bike pump.,person
189.84685,C inflates the wheel with the bike pump in his right hand.,hose@@@@@wheel@@@@@eel@@@@@hat
194.51722,C positions the bike wheel in his left hand in an erect position in front of the workshop rack.,wheel@@@@@handcart@@@@@eel@@@@@cart
195.85022,C inflates the wheel with the bike pump in both hands.,wheel@@@@@eel@@@@@can
202.29117,C holds the bike wheel with his right hand.,wheel@@@@@eel
203.20757,C holds the bike wheel with both hands.,wheel@@@@@eel
209.09224,C positions the bike wheel in his right hand in an erect position in front of the workshop rack.,wheel@@@@@handcart@@@@@eel@@@@@cart
209.63547,C inflates the wheel with the bike pump in both hands.,wheel@@@@@eel@@@@@can
212.95436,C holds the bike wheel with his right hand.,wheel@@@@@eel
215.03484,C drops the pump nozzle in his left hand on the ground.,can
215.86422,C holds the bike wheel with both hands.,wheel@@@@@eel
223.7928,C places the bike wheel in his left hand on the ground.,wheel@@@@@handcart@@@@@eel@@@@@cart
225.33472,C picks a deflating needle from the workshop shelf with his right hand.,needle@@@@@can
228.89929,C inserts the deflating needle in his right hand in the valve stem of the wheel.,needle@@@@@wheel@@@@@eel
234.76281,C deflate the wheel with the deflating needle in his right hand.,needle@@@@@wheel@@@@@eel
249.52924,C picks the tire lever on the ground with his right hand.,can
250.92681,C inserts the tire lever in his right hand in the bike wheel.,wheel@@@@@eel
252.99013,C picks the tire lever on the ground with his right hand.,can
254.25947,C inserts the tire lever in his right hand in the bike wheel.,wheel@@@@@eel
255.71323,C uses the tire lever in his right hand round the rim of the bike wheel.,wheel@@@@@wrench@@@@@eel
262.913,C loosens the valve stem of the rim with his right hand.,handle@@@@@wheel@@@@@eel@@@@@can
264.21107,C holds the bike wheel with both hands.,wheel@@@@@eel
266.15327,C inserts the tire lever in his right hand in the bike wheel.,wheel@@@@@eel
266.87211,C uses the tire lever in his right hand round the rim of the bike wheel.,wheel@@@@@wrench@@@@@eel
267.93653,C fits the tire to the wheel with both hands.,wheel@@@@@eel
290.46071,C drops the tire lever in his right hand on the ground.,wrench@@@@@can
291.10306,C holds the bike wheel with his right hand.,wheel@@@@@eel
292.2142,C picks the pump nozzle on the ground with his left hand.,hose@@@@@can@@@@@garden_hose
295.25619,C engages the pump nozzle in his left hand to the valve stem of the rim,hose@@@@@wheel@@@@@eel@@@@@can@@@@@garden_hose
298.45472,C holds the bike pump with his left hand.,can
299.76819,C moves the bike pump on the ground with his left hand.,can
301.71944,C inflates the wheel with the bike pump in both hands.,wheel@@@@@eel@@@@@can
314.191,C holds the bike wheel with his right hand.,wheel@@@@@eel
316.31,C inflates the wheel with the bike pump in both hands.,wheel@@@@@eel@@@@@can
321.30355,C holds the bike wheel with his right hand.,wheel@@@@@eel
322.72809,C inflates the wheel with the bike pump in both hands.,wheel@@@@@eel@@@@@can
326.70809,C holds the bike wheel with his right hand.,wheel@@@@@eel
328.00248,C removes the pump nozzle from the valve stem of the rim with his left hand,wheel@@@@@eel
330.05705,C drops the pump nozzle in his left hand on the ground.,can
330.89797,C lifts the bike wheel in his right hand.,wheel@@@@@eel
