timestamp,narration,object
2.60321,C touches the handlebar of the bike with her left hand.,handle@@@@@bicycle
3.28776,C lifts the bike tire into the bike fork with her right hand.,fork@@@@@bicycle
11.01015,C lifts the bike tire hub into the bike fork with both hands.,fork@@@@@bicycle
39.89119,C holds the bike fork with her right hand.,fork@@@@@bicycle
47.17171,C adjusts the bike tire hub firmly in the bike fork with both hands.,fork@@@@@bicycle
55.05463,C picks a wrench from a work table with her right hand.,wrench
57.06792,C holds the bike tire with her left hand.,bicycle
58.05329,C tightens the left axle nut with the wrench in her right hand.,wrench
66.55943,C moves the bike handlebar with her left hand.,handle@@@@@bicycle
68.16673,C tightens the right axle nut with the wrench in her right hand.,wrench
70.09345,C holds the bike fork with her left hand.,fork@@@@@bicycle
72.08303,C holds the bike fork with her left hand.,fork@@@@@bicycle
75.8,C holds the wrench with both hands.,wrench
76.2203,C places the wrench on the right axle nut with both hands.,wrench
77.05161,C holds the bike fork with her left hand.,fork@@@@@bicycle
82.62836,C places the wrench on the table with her right hand.,wrench
88.50679,C rotates the bike tire with her left hand.,bicycle
111.54093,C pumps the bike tire with the bike pump with both hands.,bicycle
117.83216,C presses the bike tire with her right hand.,bicycle
118.75598,C pumps the bike tire with the bike pump with both hands.,bicycle
127.34511,C presses the bike tire with her right hand.,bicycle
130.95579,C holds the bike tire with her left hand.,bicycle
