timestamp,narration,object
2.0629,C holds the wheel with his both hands.,wheel@@@@@person
2.72447,C places the wheel on the floor with his both hands.,wheel@@@@@person
3.26576,C lifts up the wheel from the floor with his both hands.,wheel
3.9832,C places the wheel on the floor with his both hands.,wheel@@@@@person
5.32042,C presses the valve with his right hand.,person
9.30856,C presses the valve with his right hand.,person
11.28975,C picks up the lever from the floor with his left hand.,person
12.9475,C flips the lever with his left hand.,person
14.1962,C flips the lever with his left hand.,person
15.209,C inserts the lever into the wheel with his left hand.,wheel@@@@@person
18.06565,C holds the lever with his right hand.,person
18.92555,C picks up the lever from the floor with his left hand.,person
19.90651,C inserts the lever into the wheel with his left hand.,wheel@@@@@person
22.52444,C uses the lever around the rim with his left hand.,wheel@@@@@person
24.87064,C uses the lever around the rim until the tube is complete off the wheel with his left hand.,wheel@@@@@person
33.21878,C removes the lever from the wheel with his left hand.,wheel@@@@@person
34.13529,C places the levers on the floor with his left hand.,person
37.23424,C removes the inner tube from the wheel with his right hand.,wheel@@@@@person
61.60752,C spreads out the inner tube with his both hands.,person
65.03999,C places the inner tube on the floor with his both hands.,person
70.93566,C holds the wheel on the floor with his right hand.,wheel
75.44759,C spreads the tube on the wheel with his both hands.,wheel
77.87466,C inserts the valve stem into the rim with his both hands.,wheel
107.91338,C fits the new inner tube to the wheel with his both hands.,wheel
148.25359,C inspects the bead seat line for irregularities with his both hands.,wheel
162.58969,C picks up the lever from the floor with his left hand.,person
164.59291,C fits the new inner tube into the wheel with the lever in his left hand.,wheel
188.21953,C places the levers on the floor with his left hand.,person
189.58104,C lifts up the wheel from the floor with his both hands.,wheel
199.86926,C connects the air nozzle to the wheel with his right hand.,wheel
210.8101,C places the wheel in between his legs with his left hand.,wheel
213.23578,C places his right foot on the base of the air pump.,wheel@@@@@hat@@@@@bicycle@@@@@can
214.05095,C places his left foot on the base of the air pump.,wheel@@@@@bicycle@@@@@handle@@@@@handcart@@@@@cart@@@@@can
215.46685,C inflates the wheel with the air pump.,wheel@@@@@can
222.03973,C examines the wheel with his right hand.,wheel
224.24243,C adjusts the air nozzle with his both hands.,can
236.16744,C inflates the wheel with the air pump.,wheel@@@@@can
244.36813,C examines the wheel with his right hand.,wheel
245.81707,C inflates the wheel with the air pump.,wheel@@@@@can
251.17369,C examines the wheel with his right hand.,wheel
252.57246,C inflates the wheel with the air pump.,wheel@@@@@can
257.53943,C examines the wheel with his right hand.,wheel
260.15081,C disconnects the air nozzle from the wheel with his right hand.,wheel@@@@@can
262.78181,C places the air nozzle on the floor with his right hand.,can
263.81156,C lifts up the wheel from the floor with his left hand.,wheel
266.65066,C places the wheel beside the table with his left hand.,wheel@@@@@dining_table@@@@@can
