timestamp,narration,object
28.27439,C moves the spring onions on the egg crate on the countertop with her right hand.,egg@@@@@onion
29.66772,C opens the egg tray on the countertop with her left hand.,egg@@@@@tray
30.70343,C picks an egg from the egg crate on the countertop with her right hand.,egg
31.72146,C closes the egg tray on the countertop with her left hand.,egg@@@@@tray
32.4678,C picks the bowl from the plate on the countertop with her left hand.,plate@@@@@bowl
32.82186,C moves the plate on the countertop with her right hand.,plate
33.65888,C places the bowl on the countertop with her left hand.,kitchen_table@@@@@kitchen_sink@@@@@can@@@@@dining_table@@@@@sink@@@@@bowl
34.2332,C cracks the egg on the countertop with her right hand.,egg
35.79512,C cracks the egg on the countertop with her right hand.,egg
36.33292,C holds the egg with both hands.,egg
36.99516,C pours the egg from the egg shell into the bowl on the countertop with both hands.,egg@@@@@bowl
42.2233,The egg shell drops into the bowl on the countertop.,egg@@@@@bowl
42.92646,C picks the egg shell from the bowl with her left hand.,egg@@@@@bowl
44.46062,C places the egg shell in her left hand onto the egg shell in her right hand.,hand_glass
46.39243,C places the egg shell beside the sink on the countertop with her right hand.,sink@@@@@egg
48.22412,C turns on the sink tap with her right hand.,sink@@@@@faucet
49.161,C washes her hands under running water in the sink.,sink@@@@@faucet
53.82758,C adjusts the skillet on the stove top with her right hand.,stove@@@@@pan_(for_cooking)
55.92596,C turns the gas knob with her right hand.,knob
59.663,C turns off the sink tap with her left hand.,sink@@@@@faucet
62.28608,C picks the plastic spoon from the countertop with her right hand.,spoon
63.38716,C holds the plastic spoon in her right hand with her left hand.,spoon
64.5238,C turns on the sink tap with her left hand.,sink@@@@@faucet
65.8666,C fetches water from the tap with the plastic spoon in her right hand.,spoon@@@@@faucet
67.82828,C turns off the sink tap with her left hand.,sink@@@@@faucet
70.58189,C pours the water from the plastic spoon into the egg in the bowl with her right hand.,spoon@@@@@egg@@@@@bowl
71.88058,C places the plastic spoon on the countertop with her left hand.,kitchen_table@@@@@can@@@@@spoon@@@@@cabinet
72.39,C picks the spoon on the countertop with her right hand.,kitchen_table@@@@@can@@@@@spoon@@@@@cabinet
73.55682,C whisks the egg mixture in the bowl with the spoon in her right hand.,spoon@@@@@bowl
73.5998,C picks the bowl from the table with her left hand.,bowl
92.65631,C places the bowl on the table with her left hand.,bowl
92.79027,C places the spoon in the bowl with her right hand.,spoon@@@@@bowl
93.96407,C picks the plastic spoon on the countertop with her right hand.,spoon
95.49182,C picks the oil bottle from the countertop with her right hand.,bottle
96.26185,C transfers the oil bottle from her right hand to her left hand.,bottle
96.79749,C opens the oil bottle cap with her right hand.,bottle@@@@@bottle_cap@@@@@oil_lamp@@@@@lamp
98.83639,C places the oil bottle cap on the countertop with her right hand.,bottle@@@@@bottle_cap
99.85836,C checks the heat of the skillet on the stove top with her right hand.,stove@@@@@pan_(for_cooking)
100.52457,C transfers the oil bottle from her left hand to her right hand.,bottle
102.68934,C pours oil from the oil bottle into the plastic spoon in her left hand.,bottle@@@@@spoon
109.97031,C transfers the oil bottle from her right hand to her left hand.,bottle
110.44861,C picks the oil bottle cap from the countertop with her right hand.,bottle@@@@@bottle_cap
111.2952,C closes the oil bottle cap with her right hand.,bottle@@@@@bottle_cap
114.59262,C places the oil bottle on the countertop with her left hand.,bottle
115.89154,C tilts the skillet on the stove top with her right hand.,stove@@@@@pan_(for_cooking)
126.95596,C turns on the sink tap with her right hand.,sink@@@@@faucet
129.69521,C turns off the sink tap with her right hand.,faucet
130.49286,C picks the knife on the countertop with her right hand.,knife
131.39213,C places the tomato on the chopping board with her left hand.,chopping_board
131.94969,C cuts the tomato into two on the chopping board with the knife in her right hand.,chopping_board@@@@@knife
135.3582,C picks the cut tomato from the chopping board with her left hand.,chopping_board
136.86029,C holds the tomato on the chopping board with her left hand.,chopping_board
137.4958,C cuts the tomato on the chopping board with the knife in her right hand.,chopping_board@@@@@knife
144.65042,C lifts the cut tomato from the chopping board with her left hand.,chopping_board
145.12675,C shifts the cut tomato on the chopping board with the knife in her right hand.,chopping_board@@@@@knife
146.12571,C picks the cut tomato on the chopping board with her left hand.,chopping_board
146.15904,C shifts the cut tomato on the chopping board with the knife in her right hand.,chopping_board@@@@@knife
147.205,C places the cut tomato on the chopping board with her left hand.,chopping_board
148.40499,C dices the cut tomato on the chopping board with the knife in her right hand.,chopping_board@@@@@knife
157.06121,C flips the cut tomato on the chopping board with her left hand.,chopping_board
158.06015,C dices the cut tomato on the chopping board with the knife in her right hand.,chopping_board@@@@@knife
170.27016,C places the knife on the chopping board with her right hand.,chopping_board@@@@@knife
171.42131,C picks the bowl on the countertop with both hands.,can@@@@@saucepan@@@@@plate@@@@@bowl
171.45586,C holds the spoon in the bowl with her right hand.,spoon@@@@@bowl
174.03061,C turns the stove knob with her right hand.,stove@@@@@knob
179.65961,C picks the spoon in the bowl with her right hand.,spoon@@@@@bowl
180.19673,C whisks the egg mixture in the bowl with the spoon in her right hand.,spoon@@@@@bowl
182.45981,C pours the egg mixture from the bowl into the skillet with her left hand.,bowl
191.69021,C places the bowl on the countertop with her left hand.,kitchen_table@@@@@kitchen_sink@@@@@can@@@@@dining_table@@@@@sink@@@@@bowl
192.09021,C places the spoon in the bowl with her right hand.,spoon@@@@@bowl
199.11643,C picks the spatula from the countertop with her right hand.,kitchen_table@@@@@kitchen_sink@@@@@can@@@@@dining_table@@@@@sink@@@@@spatula
202.52289,C rotates the skillet on the stove top with her left hand.,stove@@@@@can@@@@@oven@@@@@cooker@@@@@frying_pan@@@@@pan_(for_cooking)
204.0302,C shifts the omelet in the skillet  with the spatula in her right hand.,can@@@@@frying_pan@@@@@pan_(for_cooking)@@@@@spatula
204.46886,C tilts the skillet on the stove top with her left hand.,stove
207.45132,C lifts the skillet from the stove top with her left hand.,stove@@@@@frying_pan
208.48684,C scrambles the omelet in the skillet with the spatula in her right hand.,omelet@@@@@spatula
211.88495,C places the skillet on the stove top with her left hand.,stove@@@@@frying_pan
250.99441,C stirs the scrambled egg in the skillet with the spatula in her right hand.,pan_(for_cooking)@@@@@spatula
251.14886,C holds the handle of the skillet on the stove top with her left hand.,saucepan
253.39373,C picks the skillet from the stove top with her left hand.,pan_(for_cooking)
254.95244,C transfers the scrambled egg from the skillet to the plate on the countertop with the spatula in her right hand.,egg@@@@@plate@@@@@spatula
286.05675,C places the skillet on the stove top with her left hand.,stove@@@@@frying_pan
286.2175,C lifts the skillet from the stove top with her left hand.,stove@@@@@frying_pan
287.83,C places the skillet on the stove top with her left hand.,stove@@@@@frying_pan
289.68725,C places the spatula on the plate on the countertop with her right hand.,plate@@@@@spatula
290.52518,C picks the oil bottle from the countertop with her left hand.,bottle@@@@@can
290.65253,C opens the oil bottle cap with her right hand.,bottle@@@@@bottle_cap@@@@@oil_lamp@@@@@lamp
293.14819,C places the oil bottle cap on the chopping board with her right hand.,bottle@@@@@bottle_cap@@@@@chopping_board
293.59388,C picks the plastic spoon from the countertop with herirght hand.,spoon
296.45906,C pours oil from the oil bottle into the plastic spoon in ger right hand.,bottle@@@@@spoon
302.95962,C picks the oil bottle cap from the chopping board with her right hand.,bottle@@@@@bottle_cap@@@@@chopping_board
303.37263,C closes the oil bottle cap with her right hand.,bottle@@@@@bottle_cap
306.058,C places the oil bottle on the countertop with her left hand.,bottle
306.15791,C picks the knife on the chopping board with her right hand.,chopping_board@@@@@knife
307.12233,C picks the garlic from the knife on the chopping board with her left hand.,garlic@@@@@chopping_board@@@@@knife
308.1625,C places the garlic on the chopping board with her left hand.,garlic@@@@@chopping_board
308.46118,C holds the garlic on the chopping board with her left hand.,garlic@@@@@chopping_board
308.88852,C chops the garlic on the chopping board with the knife in her right hand.,garlic@@@@@chopping_board@@@@@knife
319.64402,C picks the chopped garlic on the chopping board with her left hand.,garlic@@@@@chopping_board
319.84402,C places the knife on the chopping board board with her right hand.,chopping_board@@@@@knife
320.72858,C picks the chopped garlic on the knife blade with her right hand.,garlic@@@@@knife
325.725,C pours the chopped garlic into the skillet with her right hand.,garlic@@@@@pan_(for_cooking)
327.93762,C picks the spatula from the plate on the countertop with her right hand.,plate@@@@@spatula
328.82646,C stirs the garlic in the skillet with the spatula in her right hand.,spatula
350.18854,C stirs the garlic in the skillet with the spatula in her right hand.,spatula
352.4457,C holds the handle of the skillet on the stove top with her left hand.,saucepan
354.72645,C holds the handle of the skillet on the stove top with her left hand.,saucepan
357.62261,C places the spatula on the chopping board with her right hand.,chopping_board@@@@@spatula
358.19572,C picks a handful of diced tomatoes from the chopping board with her right hand.,chopping_board
359.99304,C pours the diced tomatoes into the skillet with her right hand.,pan_(for_cooking)
360.99404,C picks a handful of diced tomatoes from the chopping board with her right hand.,chopping_board
362.72335,C pours the diced tomatoes into the skillet with her right hand.,pan_(for_cooking)
363.5819,C picks a handful of diced tomatoes from the chopping board with her right hand.,chopping_board
365.0489,C picks chopped tomatoes from the chopping board with her left hand.,chopping_board
365.15926,C pours the diced tomatoes into the skillet with her right hand.,pan_(for_cooking)
366.69,C pours the diced tomatoes into the skillet with her right hand.,pan_(for_cooking)
367.2239,C picks the spatula from the chopping board with her right hand.,chopping_board@@@@@spatula
368.19358,C stirs the tomatoes in the skillet with the spatula in her right hand.,spatula
368.38679,C holds the handle of the skillet with her left hand.,can@@@@@pan_(metal_container)@@@@@pan_(for_cooking)
377.78427,C regulates the stove heat with her left hand.,stove
378.73932,C stirs the tomatoes in the skillet with the spatula in her right hand.,spatula
379.59083,C holds the handle of the skillet with her left hand.,can@@@@@pan_(metal_container)@@@@@pan_(for_cooking)
394.456,C places the spatula on the chopping board with her right hand.,chopping_board@@@@@spatula
397.59639,C picks the white measuring cup from the countertop with her right hand.,cup@@@@@measuring_cup@@@@@ring
399.65936,C places the white cup on the countertop with her right hand.,cup
400.36455,C picks the measuring cups on the countertop wit h her right hand.,cup@@@@@measuring_cup@@@@@ring
402.4214,C turns on the sink tap with her left hand.,sink@@@@@faucet
402.9899,C washes the measuring cup under running water with her right hand.,cup@@@@@measuring_cup@@@@@ring
404.38369,C pours the water from the measuring cup into the sink with her right hand.,sink@@@@@cup@@@@@measuring_cup@@@@@ring
406.32918,C washes the measuring cup under running water with both hands.,cup@@@@@measuring_cup@@@@@ring
408.16503,C pours the water from the measuring cup into the sink with her right hand.,sink@@@@@cup@@@@@measuring_cup@@@@@ring
408.78314,C regulates the sink tap pressure with her left hand.,faucet
409.92007,C fetches water from the sink tap into the measuring cup with her right hand.,sink@@@@@cup@@@@@measuring_cup@@@@@ring
411.00778,C regulates the sink tap pressure with her left hand.,faucet
411.48867,C turns off the sink tap with her left hand.,sink@@@@@faucet
411.93288,C pours the water from the measuring cup into the sink with her right hand.,sink@@@@@cup@@@@@measuring_cup@@@@@ring
412.6487,C turns on the sink tap with her left hand.,sink@@@@@faucet
412.7487,C fetches water from the sink tap into the measuring cup with her right hand.,sink@@@@@cup@@@@@measuring_cup@@@@@ring
414.5302,C turns off the sink tap with her left hand.,sink@@@@@faucet
416.45708,C pours water from the measuring cup into the skillet with her right hand.,cup@@@@@pan_(for_cooking)@@@@@measuring_cup@@@@@ring
418.58995,C places the measuring cups on the countertop with her right hand.,cup@@@@@measuring_cup@@@@@ring
420.29022,C picks the spatula from the chopping board with her right hand.,chopping_board@@@@@spatula
421.52805,C stirs the tomatoes in the skillet with the spatula in her right hand.,spatula
421.7273,C holds the handle of the skillet on the stove top with her left hand.,saucepan
442.99437,C holds the handle of the skillet on the stove top with her left hand.,saucepan
445.75406,C holds the handle of the skillet on the stove top with her left hand.,saucepan
447.15885,C places the spatula on the chopping board with her right hand.,chopping_board@@@@@spatula
456.42648,C picks out a spring onion from the bunch on the egg crate with her right hand.,onion
461.42546,C turns on the sink tap with her right hand.,sink@@@@@faucet
463.37086,C turns off the sink tap with her right hand.,faucet
465.22269,C picks the knife from the chopping board with her right hand.,chopping_board@@@@@knife
465.362,C places the spring onions on the chopping board with her left hand.,chopping_board@@@@@onion
466.19053,C cuts the end of the spring onions on the chopping board with the knife in her right hand.,chopping_board@@@@@onion@@@@@knife
467.30394,C picks the spring onions cut piece from the chopping board with her left hand.,can@@@@@chopping_board@@@@@onion@@@@@ring@@@@@knife
469.06187,C holds the spring onions on the chopping board with her left hand.,chopping_board@@@@@onion@@@@@ring
469.56985,C lifts the spring onions from the chopping board with her left hand.,chopping_board@@@@@onion
470.7679,C places the spring onions on the chopping board with her left hand.,chopping_board@@@@@onion
471.66146,C chops the spring onions on the chopping board with the knife in her right hand.,chopping_board@@@@@onion@@@@@knife
480.8802,C clears the chopped spring onions from the knife with her left hand.,can@@@@@onion@@@@@ring@@@@@knife
485.31757,C picks the spatula from the chopping board with her right hand.,chopping_board@@@@@spatula
486.23143,C stirs the tomatoes in the skillet with the spatula in her right hand.,spatula
486.56475,C holds the handle of the skillet on the stove top with her left hand.,saucepan
533.02441,C picks the plate on the countertop with her left hand.,plate
534.38636,C adds the scrambled eggs in the plate into the skillet with the spatula in her right hand.,plate@@@@@spatula
538.99539,C places the plate on the countertop with her left hand.,plate
540.11737,C stirs the tomato and egg mixture in the skillet with the spatula in her right hand.,saucepan@@@@@spatula
540.16568,C holds the handle of the skillet on the stove top with her left hand.,saucepan
544.39752,C hits the spatula in her right hand on the edge of the skillet.,pan_(for_cooking)@@@@@spatula
544.99287,C removes the egg mixture on the spatula in her right hand at the edge of the skillet.,pan_(for_cooking)@@@@@spatula
546.77462,C places the spatula on the chopping board with her right hand.,chopping_board@@@@@spatula
548.16048,C picks the small container on the salt container with her right hand.,can@@@@@saltshaker@@@@@canister@@@@@shaker
548.8344,C places the small container on the countertop with her right hand.,kitchen_table@@@@@bottle@@@@@can@@@@@dining_table@@@@@jar@@@@@canister
549.48885,C picks the salt container from the countertop with her right hand.,kitchen_table@@@@@can@@@@@saltshaker@@@@@dining_table@@@@@shaker
550.59807,C transfers the salt container from her right hand to her left hand.,saltshaker@@@@@shaker
551.12693,C opens the salt container lid with her right hand.,saltshaker@@@@@shaker
554.25427,C transfers the salt container from her left hand to her right hand.,can@@@@@saltshaker@@@@@shaker
555.98922,C adds salt to the tomato and egg mixture in the skillet with her right hand.,can@@@@@frying_pan@@@@@ring
561.62245,C closes the salt container lid with her left hand.,can@@@@@saltshaker@@@@@shaker
564.32122,C places the salt container on the countertop with her right hand.,saltshaker@@@@@shaker
564.89305,C picks the sugar container from the countertop with her left hand.,can@@@@@jar@@@@@canister@@@@@bowl@@@@@ring
565.9239,C opens the suagr container lid with her right hand.,bottle@@@@@can@@@@@bottle_cap@@@@@cork_(bottle_plug)@@@@@jar@@@@@canister
566.63122,C presses the sugar container lid with her right hand.,bottle@@@@@can@@@@@bottle_cap@@@@@cork_(bottle_plug)@@@@@jar@@@@@canister
567.62792,C transfers the sugar container from her left hand to her right hand.,bottle@@@@@can@@@@@jar@@@@@canister
568.30513,C shakes the sugar container with her right hand.,can@@@@@condiment@@@@@canister
572.39383,C presses the sugar container lid with her left hand.,can@@@@@condiment@@@@@canister
573.21729,C shakes the sugar container with her right hand.,can@@@@@condiment@@@@@canister
576.19485,C presses the sugar container lid with her left hand.,can@@@@@condiment@@@@@canister
577.89631,C pours sugar into the skillet with her right hand.,condiment@@@@@saucepan
580.76391,C closes the sugar container lid with her left hand.,can@@@@@condiment@@@@@canister
581.80362,C transfers the sugar container from her right hand to her left hand.,can@@@@@canister
582.99333,C places the sugar container on the countertop with her left hand.,can@@@@@canister
584.48856,C picks the chopped spring onions on the chopping board with her right hand.,chopping_board
587.49937,C pours the chopped spring onions intot he skillet with her right hand.,can@@@@@saucepan
589.45811,C picks the chopped spring onions on the chopping board with her right hand.,chopping_board
592.33761,C picks the spatula from the chopping board with her right hand.,chopping_board@@@@@spatula
593.29174,C stirs the tomato and egg mixture in the skillet with the spatula in her right hand.,saucepan@@@@@spatula
594.29184,C holds the handle of the skillet on the stove top with her left hand.,saucepan
605.62776,C stirs the tomato and egg mixture in the skillet with the spatula in her right hand.,saucepan@@@@@spatula
605.723,C holds the handle of the skillet on the stove top with her left hand.,saucepan
621.23743,C cleans her left hand on the kitchen towel on the gas cooker.,towel
622.42466,C turns off the gas knob with her left hand.,knob
623.46513,C lifts the skillet from the stove top with her left hand.,stove@@@@@frying_pan
625.26079,C transfers the tomato and egg mixture from the skillet to the plate with the spatula in her right hand.,frying_pan@@@@@plate@@@@@spatula
636.25591,C places the skillet on the stove top with her left hand.,stove@@@@@frying_pan
637.95512,C places the spatula on the countertop with her right hand.,spatula
639.33356,C cleans her hands on the kitchen towel on the gas cooker.,towel@@@@@cooker
25.79427,C places the recipe paper behind the egg box with her hands.,egg
28.20532,C touches the bunch of spring onions on top of the egg box with her right hand.,egg@@@@@onion@@@@@box
29.6776,C opens the lid of the egg box with her left hand.,egg@@@@@box
30.91227,C picks an egg from the egg box with her right hand.,egg@@@@@box
31.79801,C covers the egg box with the lid in her left hand.,egg@@@@@box
32.68576,C picks a bowl from the plate on the countertop with her left hand.,plate@@@@@bowl
33.0627,C moves a plate on the countertop with her right hand.,plate
33.56501,C places the bowl on the countertop with her left hand.,kitchen_table@@@@@kitchen_sink@@@@@can@@@@@dining_table@@@@@sink@@@@@bowl
34.07291,C cracks the egg shell on the countertop with her right hand.,egg
35.05889,C touches the cracked egg shell with her left hand.,egg
35.77423,C cracks the egg shell on the countertop with her right hand.,egg
36.62183,C opens the egg shell with her hands.,egg
39.93979,C pours the egg into the bowl with her hands.,egg@@@@@bowl
42.34307,The egg shell slips off the left hand of C.,hand_glass
43.2107,C picks the egg shell from the bowl with her left hand.,egg@@@@@bowl
44.3563,C passes the egg shell in her left hand to her right hand.,hand_glass
46.46112,C drops the egg shell on the countertop with her right hand.,egg@@@@@hand_glass
48.32935,C turns on the tap with her right hand.,faucet
53.91195,C moves the saucepan on the stove top with her right hand.,stove@@@@@saucepan
56.21022,C turns on the stove with her right hand.,stove
59.88309,C turns off the tap with her left hand.,faucet
62.36776,C picks a measuring spoon from the countertop with her right hand.,spoon
63.29439,C touches the measuring spoon with her left hand.,spoon
64.88236,C turns on the tap with her left hand.,faucet
65.86773,C fetches water from the tap with the measuring spoon in her right hand.,spoon@@@@@faucet
67.73431,C turns off the tap with her left hand.,faucet
70.5074,C pours the water in the measuring spoon into the bowl with her right hand.,cup@@@@@spoon@@@@@measuring_cup@@@@@bowl@@@@@ring
71.76208,C drops the measuring spoon on the countertop with her right hand.,kitchen_table@@@@@can@@@@@cup@@@@@spoon@@@@@measuring_cup@@@@@ring@@@@@cabinet
72.44161,C picks a spoon from the countertop with her right hand.,kitchen_table@@@@@can@@@@@spoon@@@@@cabinet
73.54821,C holds the bowl with her left hand.,bowl
73.58155,C whisks the egg in the bowl with the spoon in her right hand.,spoon@@@@@egg@@@@@bowl
73.88192,C picks the egg bowl from the countertop with her left hand.,bowl
92.36412,C places the bowl on the countertop with her left hand.,kitchen_table@@@@@kitchen_sink@@@@@can@@@@@dining_table@@@@@sink@@@@@bowl
93.96669,C picks the measuring spoon from the countertop with her right hand.,spoon
94.78323,C passes the measuring from her right hand to her left hand.,cup@@@@@measuring_cup@@@@@ring
95.65302,C picks an oil bottle from the countertop with her right hand.,bottle
96.22442,C holds the oil bottle with her hands.,bottle
96.62041,C opens the oil bottle with her right hand.,bottle
98.7186,C drops the lid of the oil bottle on the countertop with her right hand.,bottle
99.70677,C places her right hand above the sauce pan.,saucepan
100.47949,C passes the oil bottle from her left hand to right hand.,bottle
102.21128,C pours oil from the bottle into the measuring spoon with her right hand.,bottle@@@@@spoon
105.25334,C pours the oil in the measuring spoon into the saucepan with her left hand.,saucepan@@@@@cup@@@@@measuring_cup@@@@@ring
108.87955,C drops the measuring spoon on the countertop with her left hand.,cup@@@@@measuring_cup@@@@@ring
109.90105,C passes the oil bottle from her right hand to her left hand.,bottle
110.62293,C picks the lid of the oil bottle from the countertop with her right hand.,bottle@@@@@bottle_cap
111.33535,C covers the oil bottle with the lid in her right hand.,bottle@@@@@bottle_cap
114.37709,C places the oil bottle on the countertop with her left hand.,bottle
115.97223,C rotates the sauce pan with her right hand.,saucepan
123.021,C places the sauce pan on the stove top with her right hand.,stove@@@@@saucepan
127.09461,C turns on the tap with her right hand.,faucet
129.76219,C turns off the tap with her right hand.,faucet
130.58494,C picks a knife from the countertop with her right hand.,knife
131.38485,C places the tomato on the chopping board with her left hand.,chopping_board
131.95102,C cuts the tomato on the chopping board with the knife in her right hand.,chopping_board@@@@@knife
135.71253,C picks the cut tomato from the chopping board with her left hand.,chopping_board
136.90884,C turns the cut tomato on the chopping board with her left hand.,chopping_board
138.08669,C cuts the cut tomato on the chopping board with the knife in her right hand.,chopping_board@@@@@knife
144.5458,C picks the cut tomato from the chopping board with her left hand.,chopping_board
145.10982,C moves the cut tomato on the chopping board with the knife in her right hand.,chopping_board@@@@@knife
146.18115,C moves the cut tomato on the chopping board with the knife in her right hand and her left hand.,chopping_board@@@@@knife
146.77004,C picks the cut tomato from the chopping board with her left hand.,chopping_board
147.14766,C drops the cut tomato on the chopping board with her left hand.,chopping_board
148.53294,C slices the cut tomato on the chopping board with the knife in her right hand.,chopping_board@@@@@knife
152.3489,C turns the sliced tomato on the chopping board with her left hand.,can@@@@@potato@@@@@pot@@@@@cauliflower@@@@@chopping_board@@@@@mashed_potato
153.03233,C dices the sliced tomato on the chopping board with the knife in her right hand.,chopping_board@@@@@knife
157.07337,C turns the cut tomato on the chopping board with her left hand.,chopping_board
158.1341,C slices the cut tomato on the chopping board with the knife in her right hand.,chopping_board@@@@@knife
162.98326,C turns the sliced tomato on the chopping board with her left hand.,can@@@@@potato@@@@@pot@@@@@cauliflower@@@@@chopping_board@@@@@mashed_potato
163.85221,C dices the sliced tomato on the chopping board with the knife in her right hand.,chopping_board@@@@@knife
170.18253,C places the knife on the chopping board with her right hand.,chopping_board@@@@@knife
171.72079,C picks the egg bowl from the countertop with her hands.,bowl
174.1332,C turns the stove knob with her right hand.,stove@@@@@knob
179.97216,C whisks the egg in the bowl with the spoon in her right hand.,spoon@@@@@egg@@@@@bowl
182.24077,C pours the egg into the sauce pan with her left hand and the spoon in her right hand.,spoon@@@@@egg
191.55718,C places the egg bowl on the countertop with her left hand.,bowl
191.82285,C drops the spoon in the egg bowl with her right hand.,spoon@@@@@bowl
199.29027,C picks the spatula from the countertop with her right hand.,kitchen_table@@@@@kitchen_sink@@@@@can@@@@@dining_table@@@@@sink@@@@@spatula
202.72995,C turns the sauce pan on the stove top with her left hand.,stove@@@@@can@@@@@oven@@@@@cooker@@@@@saucepan
204.19422,C gently moves the egg in the sauce pan with the spatula in her right hand.,egg@@@@@spatula
208.5582,C stirs the egg with the spatula in her right hand.,egg@@@@@spatula
211.95687,C places the sauce pan on the stove top with her left hand.,stove@@@@@saucepan
250.68645,C holds the sauce pan with her left hand.,saucepan
250.83869,C stirs the egg in the sauce pan with the spatula in her right hand.,saucepan@@@@@spatula
253.52809,C picks the sauce pan from the stove top with her left hand.,stove@@@@@saucepan
254.1604,C gathers the cooked egg in the sauce pan with the spatula in her right hand.,saucepan@@@@@egg@@@@@spatula
255.49268,C presses out the excess oil in the cooked egg with the spatula in her right hand.,egg@@@@@spatula
264.66458,C transfers the cooked egg to the plate with the spatula in her right hand.,egg@@@@@plate@@@@@spatula
265.89941,C gathers the cooked egg in the sauce pan with the spatula in her right hand.,saucepan@@@@@egg@@@@@spatula
268.90381,C presses out the excess oil in the cooked egg with the spatula in her right hand.,egg@@@@@spatula
270.73344,C transfers the cooked egg to the plate with the spatula in her right hand.,egg@@@@@plate@@@@@spatula
272.94719,C presses out the excess oil in the cooked egg with the spatula in her right hand.,egg@@@@@spatula
274.51656,C transfers the cooked egg to the plate with the spatula in her right hand.,egg@@@@@plate@@@@@spatula
277.07674,C presses out the excess oil in the cooked egg with the spatula in her right hand.,egg@@@@@spatula
279.26051,C transfers the cooked egg to the plate with the spatula in her right hand.,egg@@@@@plate@@@@@spatula
286.03198,C touches the stove top with the sauce pan in her left hand.,stove
286.64824,C touches the sauce pan with the spatula in her right hand.,saucepan@@@@@spatula
287.80322,C places the sauce pan on the stove top with her left hand.,stove@@@@@saucepan
289.69748,C places the spatula on top of the plate with her right hand.,plate@@@@@spatula
290.63834,C picks the oil bottle from the countertop with her left hand..,bottle@@@@@can@@@@@hat@@@@@hose
290.89844,C opens the oil bottle with her right hand.,bottle
293.07397,C drops the oil bottle lid on the chopping board with her right hand.,bottle@@@@@bottle_cap@@@@@chopping_board
293.76225,C picks the measuring spoon from the countertop with her right hand.,spoon
295.81643,C pours the oil in the bottle into the measuring spoon with her left hand.,bottle@@@@@spoon
299.31968,C pours the oil in the measuring spoon into the sauce pan with her right hand.,saucepan@@@@@cup@@@@@measuring_cup@@@@@ring
302.17677,C drops the measuring spoon on the countertop with her right hand.,kitchen_table@@@@@can@@@@@cup@@@@@spoon@@@@@measuring_cup@@@@@ring@@@@@cabinet
302.97304,C picks the oil bottle lid from the chopping board with her right hand.,bottle@@@@@bottle_cap@@@@@chopping_board
303.35582,C covers the oil bottle with the lid in her right hand.,bottle@@@@@bottle_cap
305.97733,C places the oil bottle on the countertop with her left hand.,bottle
306.62638,C picks the knife from the chopping board with her left hand.,chopping_board@@@@@knife
307.3005,C picks the ginger on top of the knife with her left hand.,knife
309.27527,C cuts off the ginger head with the knife in her right hand.,knife
310.64784,C moves the ginger head on the knife to the countertop with her left hand.,knife
311.20421,C slices the ginger on the chopping board with knife in her right hand.,chopping_board@@@@@knife
315.67229,C turns the ginger on the chopping board with her left hand.,chopping_board
316.4727,C dices the ginger on the chopping board with the knife in her right hand.,chopping_board@@@@@knife
319.66624,C places the knife on the chopping board with her right hand.,chopping_board@@@@@knife
319.96218,C packs the diced ginger from the chopping board with her left hand.,chopping_board
320.90466,C picks the diced ginger on the knife with her right hand.,knife
325.89638,C drops the diced ginger into the sauce pan with her left hand.,saucepan
328.11023,C picks the spatula from on top of the plate with her right hand.,plate@@@@@spatula
328.9005,C stirs the ginger in the saucepan with the spatula in her right hand.,saucepan@@@@@spatula
350.56379,C stirs the ginger in the saucepan with the spatula in her right hand.,saucepan@@@@@spatula
352.45876,C touches the handle of the sauce pan with her left hand.,saucepan
357.56463,C places the spatula on the chopping board with her right hand.,chopping_board@@@@@spatula
358.48136,C packs the diced tomatoes on the chopping board with her right hand.,chopping_board
360.06635,C drops the diced tomatoes into the sauce pan with her right hand.,saucepan
361.09435,C packs the diced tomatoes on the chopping board with her right hand.,chopping_board
362.74495,C drops the diced tomatoes into the sauce pan with her right hand.,saucepan
363.72724,C packs the diced tomatoes on the chopping board with her right hand.,chopping_board
365.3607,C drops the diced tomatoes into the sauce pan with her right hand.,saucepan
365.75828,C picks a diced tomato from the chopping board with her left hand.,chopping_board
366.79057,C drops the diced tomato into the sauce pam with her right hand.,saucepan
367.43904,C picks the spatula from the chopping board with her right hand.,chopping_board@@@@@spatula
368.21083,C holds the handle of the sauce pan with her left hand.,saucepan
368.30434,C stirs the diced tomatoes in the sauce pan with the spatula in her right hand.,spatula
378.06196,C turns the stove knob with her left hand.,stove@@@@@knob
378.75087,C stirs the diced tomatoes in the sauce pan with the spatula in her right hand.,spatula
379.48831,C places her left hand on the handle of the sauce pan.,saucepan@@@@@handle
379.71784,C stirs the diced tomatoes in the sauce pan with the spatula in her right hand.,spatula
391.53175,C places her left hand on the handle of the sauce pan.,saucepan@@@@@handle
394.196,C places the spatula on the chopping board with her right hand.,chopping_board@@@@@spatula
397.95686,C picks the white measuring cup from the countertop with her right hand.,cup@@@@@measuring_cup@@@@@ring
400.46645,C picks the measuring cups from the countertop with her right hand.,cup@@@@@measuring_cup@@@@@ring
402.6885,C turns on the tap with her left hand.,faucet
406.58878,C rinses the black measuring cup under running water with her left hand.,cup@@@@@measuring_cup@@@@@ring
408.31608,C pours the water in the black measuring cup in the sink with her right hand.,sink@@@@@cup@@@@@measuring_cup@@@@@ring
409.93894,C fetches water from the tap with the black measuring cup in her right hand.,cup@@@@@measuring_cup@@@@@ring@@@@@faucet
410.9494,C increases the pressure of the tap with her left hand.,faucet
411.53302,C turns off the tap with her left hand.,faucet
412.07711,C pours the water in the black measuring cup in the sink with her right hand.,sink@@@@@cup@@@@@measuring_cup@@@@@ring
412.78601,C turns on the tap with her left hand.,faucet
413.16748,C fetches water from the tap with the black measuring cup in her right hand.,cup@@@@@measuring_cup@@@@@ring@@@@@faucet
414.43478,C turns off the tap with her left hand.,faucet
416.54075,C pours the water in the black measuring cup into the saucepan with her right hand.,saucepan@@@@@cup@@@@@measuring_cup@@@@@ring
418.67563,C drops the measuring cups on the countertop with her right hand.,cup@@@@@measuring_cup@@@@@ring
420.29524,C picks the spatula from the chopping board with her right hand.,chopping_board@@@@@spatula
421.63322,C stirs the diced tomatoes in the sauce pan with the spatula in her right hand.,spatula
421.66393,C holds the handle of the sauce pan with her left hand.,saucepan
447.24457,C places the spatula on the chopping board with her right hand.,chopping_board@@@@@spatula
454.34468,C touches the bunch of spring onions on top of the egg box with her hands.,onion@@@@@box
458.49204,C cuts the spring onions leaves from the bunch of spring onions on top of the egg box with her right hand.,onion@@@@@box@@@@@knife
461.50718,C turns on the tap with her right hand.,faucet
463.45693,C turns off the tap with her right hand.,faucet
465.13348,C places the spring onions leaves on the chopping board with her left hand.,chopping_board@@@@@onion
465.40014,C picks the knife from the chopping board with her right hand.,chopping_board@@@@@knife
466.30655,C cuts off the rotten part of the spring onion leaves the with the knife in her right hand.,onion@@@@@knife
467.64734,C picks the rotten part of the spring onions leaves from the  chopping board with her left hand.,chopping_board@@@@@onion@@@@@ring
469.3698,C picks the spring onions leaves from chopping board with her left hand.,chopping_board@@@@@onion@@@@@ring
470.87432,C places the spring onions leaves on the chopping board with her hands.,chopping_board@@@@@onion
471.8398,C slices the spring onions leaves on the chopping board with the knife in her right hand.,chopping_board@@@@@onion@@@@@knife
481.12887,C wipes off the sliced spring onions leaves on the knife with her left hand.,onion@@@@@knife
482.31844,C wipes of the diced ginger on the knife with her left hand.,garlic@@@@@knife
484.81675,C places the knife on the chopping board with her right hand.,chopping_board@@@@@knife
485.42753,C picks the spatula from the chopping board with her right hand.,chopping_board@@@@@spatula
486.35019,C holds the handle of the sauce pan with her left hand.,saucepan
486.4819,C stirs the diced tomatoes in the sauce pan with the spatula in her right hand.,spatula
533.27296,C picks the plate from the countertop with her left hand.,plate
534.62737,C pours the cooked egg in the plate into the sauce pan with the spatula in her right hand.,pan_(for_cooking)@@@@@egg@@@@@plate@@@@@spatula
538.74738,C drops the plate on the countertop with her left hand.,plate
540.11005,C holds the handle of the saucepan with her left hand.,pan_(for_cooking)
540.68516,C stirs the mix of ingredients in the sauce pan with the spatula in her right hand.,saucepan@@@@@spatula
546.92426,C places the spatula on chopping board with her right hand.,chopping_board@@@@@spatula
548.29493,C picks a spice container from on top of a salt container with her right hand.,can@@@@@saltshaker@@@@@canister@@@@@shaker
548.78555,C drops the spice container on the countertop with her right hand.,kitchen_table@@@@@dining_table
549.72068,C picks the salt container from the countertop with her right hand.,kitchen_table@@@@@can@@@@@saltshaker@@@@@dining_table@@@@@shaker
550.58108,C passes the salt container from her right hand to her left hand.,saltshaker@@@@@shaker
551.24596,C opens the salt container with her right hand.,saltshaker@@@@@shaker
554.1461,C passes the salt container from her left hand to her right hand.,saltshaker@@@@@shaker
555.53435,C adds salt to the mix of ingredients in the sauce pan with her right hand.,saltshaker@@@@@saucepan@@@@@shaker
561.71312,C covers the salt container with her left hand.,towel@@@@@saltshaker@@@@@hand_towel@@@@@hand_glass@@@@@shaker@@@@@handcart
564.244,C drops the salt container on the countertop with her right hand.,saltshaker@@@@@shaker
565.23749,C picks a sugar container from the countertop with her left hand.,bottle@@@@@can@@@@@jar@@@@@canister
566.05806,C opens the sugar container with her right hand.,bottle@@@@@can@@@@@jar@@@@@canister
567.579,C passes the sugar container from her left hand to her right hand.,bottle@@@@@can@@@@@jar@@@@@canister
568.52434,C adds sugar to the mix of ingredients in the sauce pan with her right hand.,condiment@@@@@saucepan
572.38309,C opens the sugar container with her left hand.,can@@@@@condiment@@@@@canister
573.50971,C adds sugar to the mix of ingredients in the sauce pan with her right hand.,condiment@@@@@saucepan
576.51904,C opens the sugar container with her left hand.,can@@@@@condiment@@@@@canister
577.98459,C adds sugar to the mix of ingredients in the sauce pan with her right hand.,condiment@@@@@saucepan
580.86819,C closes the lid of the sugar container with her left hand.,can@@@@@canister
582.7319,C drops the sugar container on the countertop with her left hand.,can@@@@@canister
584.63498,C packs the sliced spring onions leaves on the chopping board with her right hand.,chopping_board
587.53164,C drops the sliced spring onions leaves into the mix of ingredients in the sauce pan with her right hand.,saucepan@@@@@chopping_board
588.37761,C turns the stove knob with her right hand.,stove@@@@@knob
589.6806,C packs the sliced spring onions leaves on the chopping board with her right hand.,chopping_board
591.62381,C drops the sliced spring onions leaves into the mix of ingredients in the sauce pan with her right hand.,saucepan@@@@@chopping_board
592.54523,C picks the spatula from the chopping board with her right hand.,chopping_board@@@@@spatula
593.45055,C stirs the mix of ingredients in the sauce pan with the spatula in her right hand.,saucepan@@@@@spatula
593.51721,C holds the handle of the sauce pan with her left hand.,saucepan
605.67371,C holds the handle of the sauce pan with her left hand.,saucepan
606.00704,C stirs the mix of ingredients in the sauce pan with the spatula in her right hand.,saucepan@@@@@spatula
621.34753,C cleans her left hand with the napkin on the stove handle.,napkin
623.71043,C picks the sauce pan from the stove top with her left hand.,stove@@@@@saucepan
625.47758,C transfers the cooked tomato and egg from the sauce pan to the plate with the spatula in her right hand.,saucepan@@@@@plate@@@@@spatula
636.18907,C places the sauce pan on the stove top with her left hand.,stove@@@@@saucepan
637.94813,C places the spatula on the chopping board with her right hand.,chopping_board@@@@@spatula
639.40086,C cleans her hands with the napkin on the stove handle.,stove@@@@@napkin
641.25457,C touches the napkin on the stove handle with her right hand.,stove@@@@@napkin
