timestamp,narration,object
2.90566,C holds a bunch of celery on the countertop with his left hand.,person@@@@@celery
4.41363,C takes celery from the bunch of celery with his right hand.,celery
7.31916,C transfers the celery from his right hand to his left hand.,person@@@@@celery
8.55672,C opens a tap with her right hand.,person@@@@@faucet
9.19051,C washes the celery in the sink with both hands.,sink@@@@@celery
13.52895,C closes the tap with her right hand.,person@@@@@faucet
14.30287,C transfers the celery from his left hand to his right hand.,person@@@@@celery
14.8604,C flicks the celery with his right hand.,person@@@@@celery
17.00895,C transfers the celery from his right hand to his left hand.,person@@@@@celery
27.96303,C opens the tap with his right hand.,person@@@@@faucet
28.358,C washes his right hand in the sink.,sink@@@@@person
29.44308,C closes the tap with his right hand.,person@@@@@faucet
31.27514,C holds a pack of carrot on the countertop with his left hand.,carrot
33.27529,C takes a carrot from the pack of carrot with his right hand.,carrot
36.92,C transfers the carrot from his right hand to his left hand.,carrot@@@@@person
41.2152,C puts the carrot on the countertop with his left hand.,carrot
46.72739,C takes an onion from the countertop with his left hand.,onion
49.8059,C transfers the onion from his left hand to his right hand.,person@@@@@onion
50.49319,C places the onion on the countertop with his right hand.,onion
60.22227,C takes a kitchen towel from the countertop with his right hand.,hand_towel@@@@@towel
61.01089,C wipes both hands with the kitchen towel.,person@@@@@towel
62.694,C places the kitchen towel on the countertop with his right hand.,towel
62.98561,C takes a salt container from the countertop with his left hand.,saltshaker@@@@@person
67.90643,C places the sesame seed container on a cooker with his right hand.,stove
68.7133,C places the salt container on the cooker with his left hand.,stove@@@@@saltshaker
70.84314,C takes a chopping board from a bowl on the countertop with his left hand.,bowl@@@@@chopping_board@@@@@oar
71.4628,C transfers the chopping board to his left hand to his right hand.,person@@@@@chopping_board@@@@@oar
72.09871,C puts the chopping board on the countertop with his right hand.,chopping_board@@@@@oar
73.45587,C takes the carrot from the countertop with his right hand.,carrot
74.07077,C holds the carrot on the chopping board with his right hand.,carrot@@@@@chopping_board@@@@@oar
74.15097,C moves the chopping board on the countertop with his left hand.,chopping_board@@@@@oar
79.06611,C puts the stainless tray on the countertop with his right hand.,tray
82.99047,C takes a grater from the countertop with his right hand.,person@@@@@grater
84.73683,C puts the grater on the stainless tray with his right hand.,grater@@@@@tray
85.47701,C takes the carrot from the chopping board with his left hand.,carrot@@@@@chopping_board@@@@@oar
86.10364,C holds the carrot with both hands.,carrot@@@@@person
86.70965,C transfers the carrot to his right hand from his left hand.,carrot@@@@@person
86.93577,C holds the grater with his left hand.,person@@@@@grater
87.20529,C shreds the carrot in his right hand with the grater.,carrot@@@@@grater
103.32566,C puts the grater on the countertop with his left hand.,grater
104.97449,C puts the carrot on the countertop with his right hand.,carrot
110.44746,C takes the grater from the countertop with his left hand.,person@@@@@grater
112.39807,C holds the grater on the stainless tray with his left hand.,grater@@@@@tray
113.3552,C shreds the ginger in his right hand with the grater.,grater
125.56686,C takes the grater from the stainless tray with his left hand.,grater@@@@@tray
126.44718,C moves the ginger slices from the grater in hi left hand into the stainless stray with his right hand.,grater@@@@@tray
137.725,C puts the grater on the countertop with his left hand.,grater
137.744,C packs the shredded ginger from the stainless tray with his right hand.,can@@@@@pan_(for_cooking)@@@@@tray@@@@@pan_(metal_container)
144.526,C takes a small stainless bowl from a blue mixing bowl on the countertop with his left hand.,bowl
146.47233,C adds the shredded ginger into the small stainless cowl with his right hand.,pan_(for_cooking)@@@@@grater
149.58663,C transfers the small stainless bowl to his right hand from his left hand.,bowl@@@@@person
150.68428,C puts the small stainless bowl on the countertop with his right hand.,bowl
151.98789,C wipes his right hand with the kitchen towel on the countertop.,hand_towel@@@@@person@@@@@towel
153.28892,C takes a garlic from the countertop with his left hand.,garlic
155.73175,C peels the garlic skin to the countertop with both hands.,person@@@@@garlic
162.33376,C peels the garlic skin to the countertop with his right hand.,peeler_(tool_for_fruit_and_vegetables)@@@@@garlic
182.98214,C takes a knife from the countertop with his right hand.,knife
183.70464,C holds the garlic on the chopping board with his left hand.,chopping_board@@@@@garlic@@@@@oar
186.0725,C slices the garlic on the chopping board with the knife in his right hand.,chopping_board@@@@@garlic@@@@@knife@@@@@oar
202.68342,C puts the knife on the chopping board with his right hand.,chopping_board@@@@@knife@@@@@oar
203.57706,C moves the garlic slices on the chopping board with both hands.,chopping_board@@@@@garlic@@@@@oar
204.28039,C packs the garlic slices from the chopping board with his right hand.,chopping_board@@@@@garlic@@@@@oar
205.354,C adds the garlic slices into his left hand with his right hand.,garlic
207.3227,C packs the garlic slices from the chopping board with his right hand.,chopping_board@@@@@garlic@@@@@oar
209.457,C adds the garlic slices into his left hand with his right hand.,garlic
211.16575,C packs the garlic slices from the chopping board with his right hand.,chopping_board@@@@@garlic@@@@@oar
212.70673,C adds the garlic slices into his left hand with his right hand.,garlic
213.43363,C picks the garlic slices from the chopping board with his right hand.,chopping_board@@@@@garlic@@@@@oar
214.37884,C adds the garlic slices into his left hand with his right hand.,garlic
216.78899,C adds the garlic slices from his left hand into the small stainless bowl with his right hand.,bowl@@@@@garlic
233.82864,C holds the bunch of cilantro on the chopping board with his left hand.,can@@@@@chopping_board@@@@@oar@@@@@celery
234.33478,C takes the knife from the chopping board with his right hand.,chopping_board@@@@@knife@@@@@oar
234.94738,C slices the bunch of cilantro on the chopping board with the knife in his right hand.,chopping_board@@@@@knife@@@@@oar
250.99437,C puts the knife on the chopping board with his right hand.,chopping_board@@@@@knife@@@@@oar
251.69333,C packs the cilantro slices from the chopping board with his right hand.,spatula@@@@@chopping_board@@@@@spoon@@@@@knife@@@@@oar
253.83868,C adds the cilantro slices into the stainless tray on the countertop with his right hand.,tray@@@@@plate
256.59377,C takes the knife from the chopping board with his right hand.,chopping_board@@@@@knife@@@@@oar
257.13529,C places the knife on the countertop with his right hand.,knife
257.59181,C takes the chopping board from the countertop with his right hand.,chopping_board@@@@@oar
258.41472,C transfers the chopping board to his left hand from his right hand.,person@@@@@chopping_board@@@@@oar
258.94709,C moves the cilantro slices from the chopping board into the stainless tray on the countertop with his right hand.,chopping_board@@@@@tray@@@@@oar
263.101,C places the chopping board on the countertop with his left hand.,chopping_board@@@@@oar
264.53733,C takes the celery from the countertop with his left hand.,person@@@@@celery
265.89708,C takes the knife from the countertop with his right hand.,knife
266.87488,C holds the celery on the chopping board with his left hand.,chopping_board@@@@@oar@@@@@celery
267.78898,C slices the celery on the chopping board with the knife in his right hand.,chopping_board@@@@@knife@@@@@oar@@@@@celery
287.32329,C puts the knife on the chopping board with his right hand.,chopping_board@@@@@knife@@@@@oar
288.03413,C moves the celery slices on the chopping board with both hands.,chopping_board@@@@@oar@@@@@celery
290.24744,C packs the celery slices from the chopping board with his right hand.,chopping_board@@@@@oar@@@@@celery
292.29226,C adds the celery slices into the stainless tray with his right hand.,tray@@@@@celery
293.38656,C packs the celery slices from the chopping board with his right hand.,chopping_board@@@@@oar@@@@@celery
295.38088,C adds the celery slices into the stainless tray with his right hand.,tray@@@@@celery
295.482,C picks the celery slices from the chopping board with his left hand.,chopping_board@@@@@oar@@@@@celery
296.89875,C adds the celery slices into the stainless tray with his left hand.,tray@@@@@celery
297.62617,C takes the celery from the chopping board with his left hand.,chopping_board@@@@@oar@@@@@celery
297.63,C takes the knife from the chopping board with his right hand.,chopping_board@@@@@knife@@@@@oar
298.52583,C holds the celery on the chopping board with his left hand.,chopping_board@@@@@oar@@@@@celery
299.73712,C slices the celery on the chopping board with the knife in his right hand.,chopping_board@@@@@knife@@@@@oar@@@@@celery
310.02763,C puts the knife on the chopping board with his right hand.,chopping_board@@@@@knife@@@@@oar
310.1907,C packs the celery slices from the chopping board with his right hand.,chopping_board@@@@@oar@@@@@celery
311.96375,C adds the celery slices into the stainless tray on the countertop with his right hand.,tray@@@@@celery
313.12837,C packs the celery slices from the chopping board with his right hand.,chopping_board@@@@@oar@@@@@celery
314.15967,C adds the celery slices into the stainless tray on the countertop with his right hand.,tray@@@@@celery
314.35353,C takes the celery from the chopping board with his left hand.,chopping_board@@@@@oar@@@@@celery
315.70838,C transfers the celery to his right hand from his left hand.,person@@@@@celery
317.37453,C puts the celery on the chopping board with his right hand.,chopping_board@@@@@oar@@@@@celery
319.594,C takes the onion from the countertop with his left hand.,onion
320.46419,C holds the onion on the chopping board with his left hand.,chopping_board@@@@@onion@@@@@oar
322.86934,C moves the onion on the chopping board with his left hand.,chopping_board@@@@@onion@@@@@oar
326.46725,C cuts a portion of the onion on the chopping board with the knife in his right hand.,chopping_board@@@@@onion@@@@@knife@@@@@oar
329.17922,C takes the portion of onion from the chopping board with his right hand.,chopping_board@@@@@onion@@@@@oar
332.009,C takes the onion from the chopping board with his left hand.,chopping_board@@@@@onion@@@@@oar
332.84546,C puts the onion on the countertop with his left hand.,onion
333.80593,C holds the portion of onion on the chopping board with his left hand.,chopping_board@@@@@onion@@@@@oar
337.25084,C slices the portion of onions on the chopping board with the knife in his right hand.,chopping_board@@@@@onion@@@@@knife@@@@@oar
399.60656,C picks onion slices from the countertop with his left hand.,onion
400.68133,C adds the onion slices into the chopping board with his left hand.,chopping_board@@@@@onion@@@@@oar
402.52213,C puts the knife on the countertop with his right hand.,knife
402.528,C takes the chopping board from the countertop with his left hand.,oar
403.95814,C adds the onion slices from the chopping board in his left hand into the stainless tray on the countertop with his right hand.,chopping_board@@@@@tray@@@@@oar
409.55354,C places the chopping board on the countertop with his left hand.,chopping_board@@@@@oar
411.49486,C takes the onion from the chopping board with his right hand.,chopping_board@@@@@onion@@@@@oar
414.37626,C places the onion on the countertop with his right hand.,onion
418.34054,C takes the knife from the countertop with his right hand,knife
418.346,C places the tomato on the chopping board with his left hand,chopping_board@@@@@oar
425.01838,C cuts a portion of the tomato on the chopping board with the knife in his right hand.,chopping_board@@@@@knife@@@@@oar
426.61246,C moves the tomato from the chopping board to the countertop with his left hand.,chopping_board@@@@@oar
428.15657,C moves the portion of tomato on the chopping board with his left hand.,chopping_board@@@@@oar
431.335,C slices the portion of tomato on the chopping board with the knife in his left hand.,chopping_board@@@@@knife@@@@@oar
457.004,C places the knife on the countertop with his right hand.,knife
457.50499,C packs the tomato slices from the chopping board with his right hand.,chopping_board@@@@@oar
459.42221,C adds the tomato slices into the stainless tray on the countertop with his right hand.,tray@@@@@plate
460.6184,C packs the tomato slices from the chopping board with his right hand.,chopping_board@@@@@oar
462.01749,C adds the tomato slices into the stainless tray on the countertop with his right hand.,tray@@@@@plate
462.2977,C picks tomato slices from chopping board with his left hand.,chopping_board@@@@@oar
463.04874,C adds the tomato slices into the stainless tray on the countertop with his left hand.,tray@@@@@plate
468.41139,C moves the bunch of celery on the countertop with bis right hand.,person@@@@@celery
468.80736,C moves the onion on the chopping board with his right hand.,chopping_board@@@@@onion@@@@@oar
469.94691,C pick the carrot from the countertop with his right hand.,carrot
470.77939,C puts the carrot on the countertop with his right hand.,carrot
474.71216,C takes a sugar container from the countertop with his right hand.,bowl@@@@@person@@@@@sugar_bowl
475.71599,C opens the lid of the sugar container with his left hand.,bowl@@@@@person@@@@@sugar_bowl
479.65911,C holds the small stainless bowl on the countertop with his left hand.,bowl
479.95267,C adds sugar into the small stainless bowl on the countertop from the sugar container in his right hand.,bowl@@@@@sugar_bowl
482.58599,C covers the lid of the sugar container in his right and with his left hand.,bowl@@@@@person@@@@@sugar_bowl
483.92104,C puts the sugar container on the countertop with his right hand.,bowl@@@@@sugar_bowl
489.0,C picks a spoon from the blue mixing bowl on the countertop with his left hand.,bowl@@@@@spoon
490.32357,C transfers the spoon to his right hand from his left hand.,person@@@@@spoon
491.98606,C holds a lemon bottle on the countertop with his left hand.,bottle
492.29308,C opens the lid of the lemon bottle with his right hand.,bottle@@@@@person
494.45406,C transfers the lid of the lemon bottle to his left hand from his right hand.,bottle
494.98151,C places the lid of the lemon bottle on the countertop with his left hand.,bottle
495.49395,C transfers the spoon to his left hand from his right hand.,person@@@@@spoon
496.15617,C takes the lemon bottle from the countertop with his right hand.,bottle
497.41976,C adds lemon from the lemon bottle in his right hand into the spoon in his left hand.,bottle@@@@@spoon
500.74052,C adds lemon into the small stainless bowl on the countertop with the spoon in his left hand.,bowl@@@@@spoon
502.042,C puts the lemon bottle on the countertop with his right hand.,bottle
503.06223,C takes a bottle of honey from the countertop with his right hand.,bottle
503.52297,C holds the bottle of honey with both hands.,bottle
503.571,C opens the lid of the bottle of honey with his right hand.,bottle
505.95055,C puts the lid of the bottle of honey on the countertop with his right hand.,bottle
506.57261,C transfers the bottle of honey to his right hand from his left hand.,bottle@@@@@person
510.52418,C adds honey into the spoon in his left hand from the bottle of honey in his right hand.,bottle@@@@@spoon
513.80958,C adds honey into the small stainless bowl on the countertop with the spoon in his left hand.,bowl@@@@@spoon
515.12408,C puts the bottle of honey on the countertop with his right hand.,bottle@@@@@person
515.99634,C takes the lid of the bottle of honey from the countertop with his right hand.,pen@@@@@bottle@@@@@bottle_opener
516.984,C fits the lid of the bottle of honey with his right hand.,bottle
518.994,C moves the bottle of honey on the countertop with his right hand.,bottle
519.93137,C takes a soy sauce bottle on the countertop with his right hand.,bottle
520.69418,C holds the bottle of soy sauce with both hands.,bottle@@@@@person
521.32845,C opens the lid of the soy sauce bottle with his right hand.,pen@@@@@bottle@@@@@bottle_opener
523.0185,C places the lid of the soy sauce bottle on the countertop with his right hand.,bottle
523.77395,C transfers the bottle of soy sauce bottle to his right hand from his left hand.,bottle@@@@@person
525.633,C adds soy sauce from the soy sauce bottle in his right hand into the spoon in his left hand.,bottle@@@@@spoon
527.704,C adds soy sauce into the small stainless bowl on the countertop with the spoon in his left hand.,bowl@@@@@spoon
528.306,C places the soy sauce bottle on the countertop with his right hand.,bottle
529.58706,C moves an oil bottle on the countertop with his right hand.,bottle
530.22149,C holds the oil bottle with both hands.,lamp@@@@@person@@@@@oil_lamp
530.667,C opens the lid of the oil bottle with his right hand.,bottle@@@@@lamp@@@@@oil_lamp
533.156,C takes the oil bottle from the countertop with his right hand.,bottle@@@@@lamp@@@@@oil_lamp
535.437,C adds oil into the spoon in his left hand from the oil bottle in his right hand.,bottle@@@@@spoon
536.992,C adds oil into the small stainless bowl on the countertop with the spoon in his left hand.,bowl@@@@@spoon
538.61113,C puts the oil bottle on the countertop with his right hand.,bottle@@@@@can@@@@@kitchen_table
540.58216,C transfers the spoon from his left hand to his right hand.,person@@@@@spoon
540.9202,C takes the small stainless bowl from the countertop with his left hand.,bowl
541.32094,C stirs the mix of ingredients in the small stainless bowl with the spoon in his right hand.,bowl@@@@@spoon
550.90393,C puts the small stainless bowl on the countertop with his left hand.,bowl
552.73873,C takes the blue mixing bowl from the countertop with his left hand.,bowl
553.68458,C moves the chopping board on the countertop with his right hand.,chopping_board@@@@@oar
554.67737,C takes the stainless tray from the countertop with his right hand.,tray
555.69063,C puts the blue mixing bowl on the countertop with his left hand.,sink@@@@@kitchen_sink@@@@@bowl@@@@@kitchen_table
556.27277,C transfers the stainless tray from his right hand to his left hand,person@@@@@tray
557.05888,C transfers the salad from the stainless tray in his left hand into the blue mixing bowl on the countertop with his right hand.,bowl@@@@@tray
569.68,C holds the stainless tray with both hands.,person@@@@@tray
571.86227,C takes the salt container from the cooker with his left hand.,stove@@@@@saltshaker
572.75148,C opens the lid of the salt container in his left hand with his right hand.,saltshaker@@@@@person
573.99371,C adds salt from the salt container in his left hand into the salad in the blue mixing bowl on the countertop.,saltshaker@@@@@bowl
578.74996,C covers the lid of the salt container in his left hand with his right hand.,saltshaker
579.94069,C places the salt container on the cooker with his left hand.,stove@@@@@saltshaker
582.43711,C adds sesame seed from the sesame seed container in his left hand into the blue mixing bowl with salad on the countertop.,bowl@@@@@spoon
589.22105,C places the sesame seed container on the cooker with his left hand.,stove
589.72878,C holds the spoon in the small stainless bowl on the countertop with his right hand.,bowl@@@@@spoon
590.19526,C takes the small stainless bowl from the countertop with his left hand.,bowl
591.19152,C transfers the mix of ingredients in the small stainless bowl in his left hand into the blue mixing bowl with salad on the countertop with the spoon in his right hand.,bowl@@@@@spoon
601.8,C places the small stainless bowl on the countertop with his left hand.,bowl
602.111,C stirs the salad in the blue mixing bowl with the spoon in his right hand.,bowl@@@@@spoon
602.261,C holds the blue mixing bowl with salad on the countertop with his left hand.,bowl@@@@@spoon@@@@@fork
614.48462,C picks an onion slice from the countertop with his left hand.,onion
615.05573,C adds the onion slice into the blue mixing bowl with salad with his left hand.,bowl@@@@@onion
615.22646,C stirs the salad in the blue mixing bowl with the spoon in his right hand.,bowl@@@@@spoon
628.769,C takes the blue mixing bowl from the countertop with both hands.,bowl
630.13006,C places the blue mixing bowl on the cooker with both hands.,stove@@@@@bowl
