timestamp,narration,object
2.20825,C holds the handle bar with his right hand.,bicycle@@@@@handle
2.47241,C holds the right pedal with his left hand.,bicycle
5.45704,C turns the pedal backwards with his right hand.,bicycle
9.312,C holds the right grips with his right hand.,bicycle@@@@@handle
14.77715,C moves the bicycle with the right grips with his right hand.,bicycle@@@@@handle
21.574,C picks the jar of degreaser from the table with his right hand.,table@@@@@jar
23.311,C passes the jar of degreaser from his right hand to his left hand.,person@@@@@jar
24.43903,C applies the degreaser on the chain with his left hand.,jar
24.96692,C turns the pedal backwards with his right hand.,bicycle
45.50599,C passes the jar of degreaser from his left hand to his right hand.,person@@@@@jar
47.43528,C places the jar of degreaser on the table with his right hand.,table@@@@@jar
49.28039,C picks a cloth from the table with his right hand.,table
50.3,C holds the cloth with his left hand.,person
53.28624,C adjusts the cloth on his right hand with his left hand.,person
54.1806,C holds the cloth with his left hand.,person
64.52272,C passes the cloth from his right hand to his left hand.,person
72.40106,C turns the pedal backwards with his right hand.,bicycle
100.56741,C holds the cloth with his right hand.,person
101.31847,C tosses the cloth with both hands.,person
105.6567,C turns the pedal backwards with his right hand.,bicycle
123.8244,C slides his right hand on the chain.,person
126.009,C holds the cloth with his right hand.,person
126.69549,C adjusts the cloth with both hands.,person
132.67351,C turns the pedal backwards with his right hand.,bicycle
154.11843,C adjusts the cloth with his left hand.,person
156.62808,C turns the pedal backwards with his right hand.,bicycle
163.25627,C adjusts the cloth with his left hand.,person
165.14777,C turns the pedal backwards with his right hand.,bicycle
170.10633,C slides his right hand on the chain.,person
173.38245,C wipes his right hand on the cloth.,person
175.38806,C slides his right hand on the chain.,person
179.224,C wipes his right hand on the cloth.,person
179.92077,C folds the cloth with both hands.,person
186.93411,C drops the cloth on the table with his right hand.,table
