timestamp,narration,object
1.64017,C holds the wheel with his right hand.,wheel@@@@@person
1.76102,C loosens the nut with the wrench in his left hand.,wrench@@@@@person
6.67046,C loosens the nut with the wrench in his left hand.,wrench@@@@@person
11.17844,C holds the wrench in his left hand with his right hand.,wrench@@@@@person
14.75597,C places the wrench in his right hand on the floor.,wrench@@@@@person
15.52609,C holds the wrench in his left hand with his right hand.,wrench@@@@@person
16.2329,C loosens the nut with the wrench in his hands.,wrench@@@@@person
23.14678,C loosens the nut with the wrench in his right hand.,wrench@@@@@person
27.87397,C passes the wrench in his right hand to his left hand.,wrench@@@@@person
31.03581,C loosens the nut with the wrench in his left hand.,wrench@@@@@person
33.89267,C loosens the nut with the wrench in his left hand.,wrench@@@@@person
41.34985,C loosens the nut with the wrench in his left hand.,wrench@@@@@person
46.93252,C loosens the nut with the wrench in his left hand.,wrench@@@@@person
56.20202,C holds the wheel with his left hand.,wheel@@@@@person
62.26518,C loosens the nut with the wrench in his left hand.,wrench@@@@@person
68.34549,C holds the wheel with his left hand.,wheel@@@@@person
90.5014,C holds the wheel in his left hand with his right hand.,wheel@@@@@person
90.78101,C places the wheel in his hands on the floor.,wheel@@@@@person
