timestamp,narration,object
2.64055,C turns the wheel to his left with his right hand.,wheel
3.07387,C holds the wheel with his left hand.,wheel
5.60817,C turns the wheel to his left with his left hand.,wheel
13.74858,C passes the wheel from his right hand to his left hand.,wheel
19.77392,C holds the wheel with his left hand.,wheel
24.24056,C shakes the wheel with his right hand.,wheel
26.22087,C holds the wheel with his right hand.,wheel
27.90522,C removes the wheel from the fork slot with his right hand.,wheel
29.06849,C places the wheel on the floor with his right hand.,wheel
