timestamp,narration,object
2.57334,C picks a wrench from the tool rack with his right hand.,handsaw@@@@@screwdriver@@@@@can
3.74459,C holds the wrench with both hands.,handsaw@@@@@screwdriver@@@@@can
5.2426,C holds the axle nut with the wrench in his right hand.,handsaw@@@@@screwdriver@@@@@can
7.76422,C loosens the axle nut with the wrench in his right hand.,handsaw@@@@@screwdriver@@@@@can
13.4337,C passes the wrench in his right hand to his left hand.,handsaw@@@@@screwdriver@@@@@can
14.71678,C holds the bicycle wheel with his right hand.,wheel@@@@@bicycle@@@@@can
14.84363,C holds the axle nut with the wrench in his left hand.,handsaw@@@@@screwdriver@@@@@can
17.19282,C loosens the axle nut with the wrench in his left hand.,handsaw@@@@@screwdriver@@@@@can
23.32133,C holds the bicycle wheel with his left hand.,wheel@@@@@bicycle@@@@@can
27.60292,C holds the bicycle wheel with both hands.,wheel@@@@@bicycle@@@@@can
28.7538,C pushes the bicycle wheel with both hands.,wheel@@@@@bicycle@@@@@can
29.54368,C removes the bicycle wheel with his left hand.,wheel@@@@@bicycle@@@@@can
2.4609,C picks a combination wrench from a tool rack with his right hand.,handsaw@@@@@screwdriver@@@@@can
3.75813,C holds the combination wrench with both hands.,handsaw@@@@@screwdriver@@@@@can
5.09466,C places the combination wrench on a right axle nut with his right hand.,handsaw@@@@@screwdriver@@@@@can
5.51852,C fixes the combination spanner on the right axle nut with both hands.,handsaw@@@@@screwdriver@@@@@can
7.79953,C turns the combination spanner on the right axle nut anticlockwise with his right hand.,handsaw@@@@@screwdriver@@@@@can
13.3978,C transfers the combination wrench from his right hand to his left hand.,handsaw@@@@@screwdriver@@@@@can
14.4743,C holds a rear tire of the bike with his right hand.,wheel@@@@@can
14.82826,C places the combination wrench on the left axle nut with his left hand.,handsaw@@@@@screwdriver@@@@@can
16.58437,C turns the combination wrench on the left axle nut anticlockwise with his left hand.,handsaw@@@@@screwdriver@@@@@can
23.03235,C holds the rear tire of the bike with his left hand.,wheel@@@@@can
27.50868,C places both hands on the rear tire.,wheel@@@@@can
28.5302,C pushes the rear tire downwards with both hands.,wheel@@@@@can
29.68236,C removes the rear tire from the bike frame with his left hand.,wheel@@@@@can
33.9496,C transfers the rear tire from his left hand to his right hand.,wheel@@@@@can
