timestamp,narration,object
0.0,C picks a cutting board from the base cabinet with her hands.,cabinet
2.94266,C picks a pan from the base cabinet with her left hand.,pan_(for_cooking)@@@@@cabinet
7.24236,C picks an egg from the base cabinet with her left hand.,cabinet@@@@@egg
8.37779,C picks a cup from the base cabinet with her let hand.,cup@@@@@cabinet
12.26105,C picks an onion from the base cabinet with her right hand.,onion@@@@@cabinet
14.71826,C picks a knife with her right hand from the plate dryer.,knife@@@@@plate
15.03046,C places the onion in her left hand on the cutting board.,onion
16.35744,C cuts the onion on the cutting board with the knife in her right hand.,knife@@@@@onion
44.80694,C places the knife in her right hand on the cutting board.,knife
46.4367,C picks a plate from the base cabinet with her hands.,plate@@@@@cabinet
49.30019,C places the plate in her left hand on the gas burner.,plate@@@@@stove
50.39852,C picks a box of spinach from the base cabinet with her right hand.,cabinet@@@@@box
52.6408,C opens the box of spinach in her left hand with her right hand.,box
57.81787,C covers the spinach box with the lid in her right hand.,box
58.72164,C places the spinach box in her right hand on the base cabinet.,cabinet@@@@@box
60.63017,C picks a lighter from the  countertop with her right hand.,igniter
61.03811,C turns on the knob of gas burner with her left hand.,knob@@@@@stove
63.88017,C rekindles the gas burner with the lighter in her right hand.,stove
65.61814,C places the lighter in her right hand on the countertop.,kitchen_table
66.77454,C picks the egg from the countertop with her left hand.,egg
68.88364,C picks a fork from the cup with her right hand.,fork@@@@@cup
69.89357,C places the fork in her right hand on the countertop.,fork
74.10159,C places the lighter in her right hand on the countertop.,kitchen_table
74.86052,C breaks the egg with her hands.,egg
75.63841,C turns the egg into a cup on the countertop.,cup@@@@@egg
78.01813,C puts the eggshell in his hands together.,egg
80.49212,C disposes of the eggshell in his right hand on the wastebin.,egg
81.8869,C scoops the onion from the cutting board with her right hand.,onion
83.04832,C turns the onion in her right hand into the cup on the countertop.,onion@@@@@cup
83.99421,C scoops the onion from the cutting board with her right hand.,onion
86.76109,C turns the onion in her hands into the cup on the countertop.,onion@@@@@cup
87.77437,C picks up the knife from the cutting board with her right hand.,knife
88.32309,C cuts the spinach on the cutting board with the knife in her right hand.,knife
96.15737,C places the knife in her right hand on the cutting board.,knife
99.35621,C picks up a bottle of pepper with his right hand from the countertop.,bottle
100.14792,C opens the bottle of pepper with his right hand.,bottle
100.45992,C places the lid of the bottle of pepper in her right hand on the countertop.,bottle
100.94264,C picks a small spoon from the bottle of pepper with her right hand.,spoon@@@@@bottle
101.49149,C scoops the pepper from the bottle with the small spoon in her right hand.,spoon@@@@@bottle
103.40927,C turns the pepper from the small spoon in his left hand into the cup.,spoon@@@@@cup
104.05066,C places the small spoon in her right hand in the bottle,spoon@@@@@bottle
105.34724,C covers the jar of pepper with the lid in her right hand.,jar
106.04212,C picks a jar of salt with her left hand from the countertop.,jar
106.82002,C opens the bottle of salt with his right hand.,bottle
107.68962,C picks a small spoon from the jar of salt with her right hand.,spoon@@@@@jar
108.59743,C scoops the salt from the jar with the spoon in her right hand.,spoon@@@@@jar
111.34431,C turns the salt from the spoon in his right hand into the cup on the countertop.,spoon@@@@@cup
114.691,C places the small spoon in her right hand in the jar of the salt.,spoon@@@@@jar
115.186,C picks the fork in the cup with her right hand.,fork@@@@@cup
116.27186,C mixes the omelet in the cup with the fork in her right hand,omelet@@@@@fork@@@@@cup
134.92972,C picks a stainless bowl of oil from the countertop with her right hand.,bowl
136.72155,C picks a spoon from the bowl of oil with her right hand.,spoon@@@@@bowl
137.051,C scoops oil from the bowl with the spoon in her right hand.,spoon@@@@@bowl
138.12094,C turns the oil from the spoon in her right hand into the pan on the gas burner.,spoon
139.52881,C places the spoon in her right hand in the bowl of oil in her left hand.,spoon@@@@@bowl
140.28456,C places the bowl of oil in her left hand on the countertop.,bowl
142.5863,C picks up the cup from the countertop with her hands.,cup
143.76882,C adjusts the knob of the gas burner with her left hand.,knob
146.04067,C turns the omelet in her right hand into the pan on the gas burner.,omelet
151.3285,C scrapes the omelet in the bowl into the pan with the fork in her right hand.,omelet@@@@@fork@@@@@bowl
154.20052,C spreads the omelet in the pan with the fork in her right hand.,fork
160.37394,C places the fork in her right hand in the bowl in her left hand.,fork@@@@@bowl
161.62532,C places the bowl in her right hand on the countertop.,can@@@@@sink@@@@@kitchen_table@@@@@kitchen_sink@@@@@bowl
162.87189,C holds the pan on the gas burner with her hands.,stove
163.97197,C tilts the pan on the gas burner with her hands.,stove
171.91389,C adjusts the knob of the gas burner with her right hand.,knob@@@@@can@@@@@control
174.41014,C picks an iron spatula from the base cabinet with her right hand.,spatula@@@@@cabinet
192.79085,C scrapes the omelet in the pan with the iron spatula in her right  hand.,spatula
232.60787,C scoops the omelet from the pan with the iron spatula in her right hand.,spatula
235.30611,C serves the omelet into the plate on the gas burner.,plate@@@@@spatula@@@@@can@@@@@omelet
235.99954,C turns off the knob of the gas burner with her left hand.,knob@@@@@can@@@@@control
237.56929,C places the iron spatula in her right hand in the pan.,spatula
