timestamp,narration,object
0.403,C picks an onion from a chopping board with his left hand.,papaya@@@@@banana@@@@@tortilla@@@@@fishbowl@@@@@gourd@@@@@sandwich@@@@@pita_(bread)@@@@@pie@@@@@chopping_board@@@@@bread@@@@@pizza@@@@@doughnut@@@@@lasagna@@@@@cake@@@@@apple@@@@@can@@@@@egg@@@@@melon@@@@@sausage@@@@@pumpkin@@@@@bowl@@@@@boiled_egg
2.11387,C places the onion on the chopping board with his left hand.,papaya@@@@@banana@@@@@tortilla@@@@@fishbowl@@@@@gourd@@@@@sandwich@@@@@pita_(bread)@@@@@pie@@@@@chopping_board@@@@@bread@@@@@pizza@@@@@doughnut@@@@@lasagna@@@@@cake@@@@@apple@@@@@can@@@@@egg@@@@@melon@@@@@sausage@@@@@pumpkin@@@@@bowl@@@@@boiled_egg
2.63645,C slices the onion on the chopping board with the knife in his right hand.,papaya@@@@@banana@@@@@tortilla@@@@@fishbowl@@@@@gourd@@@@@sandwich@@@@@pita_(bread)@@@@@pie@@@@@chopping_board@@@@@bread@@@@@pizza@@@@@knife@@@@@doughnut@@@@@lasagna@@@@@cake@@@@@apple@@@@@can@@@@@egg@@@@@melon@@@@@sausage@@@@@pumpkin@@@@@bowl@@@@@boiled_egg
4.773,C adjusts the onions on the chopping board with his left hand.,papaya@@@@@banana@@@@@tortilla@@@@@fishbowl@@@@@gourd@@@@@sandwich@@@@@pita_(bread)@@@@@pie@@@@@chopping_board@@@@@bread@@@@@pizza@@@@@doughnut@@@@@lasagna@@@@@cake@@@@@apple@@@@@can@@@@@egg@@@@@melon@@@@@sausage@@@@@pumpkin@@@@@bowl@@@@@boiled_egg
5.3488,C gathers the onions on the chopping board with the knife in his right hand.,papaya@@@@@banana@@@@@tortilla@@@@@fishbowl@@@@@gourd@@@@@sandwich@@@@@pita_(bread)@@@@@pie@@@@@chopping_board@@@@@bread@@@@@pizza@@@@@knife@@@@@doughnut@@@@@lasagna@@@@@cake@@@@@apple@@@@@can@@@@@egg@@@@@melon@@@@@sausage@@@@@pumpkin@@@@@bowl@@@@@boiled_egg
6.06209,C dices the onions on the chopping board with the knife in his right hand.,papaya@@@@@banana@@@@@tortilla@@@@@fishbowl@@@@@gourd@@@@@sandwich@@@@@pita_(bread)@@@@@pie@@@@@chopping_board@@@@@bread@@@@@pizza@@@@@knife@@@@@doughnut@@@@@lasagna@@@@@cake@@@@@apple@@@@@can@@@@@egg@@@@@melon@@@@@sausage@@@@@pumpkin@@@@@bowl@@@@@boiled_egg
8.90367,C holds the onions on the chopping board with his left hand.,papaya@@@@@banana@@@@@tortilla@@@@@fishbowl@@@@@gourd@@@@@sandwich@@@@@pita_(bread)@@@@@pie@@@@@chopping_board@@@@@bread@@@@@pizza@@@@@doughnut@@@@@lasagna@@@@@cake@@@@@apple@@@@@can@@@@@egg@@@@@melon@@@@@sausage@@@@@pumpkin@@@@@bowl@@@@@boiled_egg
9.28201,C dices the onions on the chopping board with the knife in his right hand.,papaya@@@@@banana@@@@@tortilla@@@@@fishbowl@@@@@gourd@@@@@sandwich@@@@@pita_(bread)@@@@@pie@@@@@chopping_board@@@@@bread@@@@@pizza@@@@@knife@@@@@doughnut@@@@@lasagna@@@@@cake@@@@@apple@@@@@can@@@@@egg@@@@@melon@@@@@sausage@@@@@pumpkin@@@@@bowl@@@@@boiled_egg
10.68222,C gathers the onions on the chopping board with the knife in his right hand.,papaya@@@@@banana@@@@@tortilla@@@@@fishbowl@@@@@gourd@@@@@sandwich@@@@@pita_(bread)@@@@@pie@@@@@chopping_board@@@@@bread@@@@@pizza@@@@@knife@@@@@doughnut@@@@@lasagna@@@@@cake@@@@@apple@@@@@can@@@@@egg@@@@@melon@@@@@sausage@@@@@pumpkin@@@@@bowl@@@@@boiled_egg
10.78101,C holds the onions on the chopping board with his left hand.,papaya@@@@@banana@@@@@tortilla@@@@@fishbowl@@@@@gourd@@@@@sandwich@@@@@pita_(bread)@@@@@pie@@@@@chopping_board@@@@@bread@@@@@pizza@@@@@doughnut@@@@@lasagna@@@@@cake@@@@@apple@@@@@can@@@@@egg@@@@@melon@@@@@sausage@@@@@pumpkin@@@@@bowl@@@@@boiled_egg
11.88248,C picks a green pea from a bowl on the countertop with his left hand.,papaya@@@@@banana@@@@@tortilla@@@@@fishbowl@@@@@gourd@@@@@sandwich@@@@@pita_(bread)@@@@@pie@@@@@bread@@@@@pizza@@@@@doughnut@@@@@lasagna@@@@@cake@@@@@apple@@@@@can@@@@@egg@@@@@melon@@@@@sausage@@@@@pumpkin@@@@@bowl@@@@@boiled_egg
13.02567,C drops the green peas on the chopping board with his right hand.,papaya@@@@@banana@@@@@tortilla@@@@@fishbowl@@@@@gourd@@@@@sandwich@@@@@pita_(bread)@@@@@pie@@@@@chopping_board@@@@@bread@@@@@pizza@@@@@doughnut@@@@@lasagna@@@@@cake@@@@@apple@@@@@can@@@@@egg@@@@@melon@@@@@sausage@@@@@pumpkin@@@@@bowl@@@@@boiled_egg
13.59105,C places the green peas on the chopping board with his left hand.,papaya@@@@@banana@@@@@tortilla@@@@@fishbowl@@@@@gourd@@@@@sandwich@@@@@pita_(bread)@@@@@pie@@@@@chopping_board@@@@@bread@@@@@pizza@@@@@doughnut@@@@@lasagna@@@@@cake@@@@@apple@@@@@can@@@@@egg@@@@@melon@@@@@sausage@@@@@pumpkin@@@@@bowl@@@@@boiled_egg
14.03789,C slices the green peas on the chopping board with the knife in his right hand.,papaya@@@@@chopping_board@@@@@knife@@@@@can@@@@@pumpkin
22.29927,C picks an egg from the egg crate on the countertop with his left hand.,crate@@@@@egg
22.7549,C places the egg in the egg crate with his left hand.,crate@@@@@egg
23.23298,C picks an egg from the egg crate on the countertop with his left hand.,crate@@@@@egg
25.2633,C hits the egg in his left hand with the spoon in his right hand.,spoon@@@@@egg
26.29433,C drops the spoon in the bowl with his right hand.,spoon@@@@@bowl
26.85411,C pours egg from the egg shell into the bowl on the countertop with both hands.,egg@@@@@bowl
30.2912,C picks a napkin from the countertop with his right hand.,napkin
31.35762,C drops the napkin on the countertop with his right hand.,table-tennis_table@@@@@kitchen_table@@@@@napkin@@@@@can
32.01486,C picks a spoon of chili pepper from a chili pepper container with his right hand.,spoon
32.42,C picks a bowl of egg from the countertop with his left hand.,bowl
33.26452,C pours chili pepper from the spoon in his right hand into the bowl of egg in his left hand.,spoon@@@@@bowl
33.74535,C scoops chili pepper from the chili pepper container with the spoon in his right hand.,spoon
34.66017,C pours chili pepper from the spoon in his right hand into the bowl of egg in his left hand.,spoon@@@@@bowl
35.40167,C drops the spoon in the chili pepper container with his right hand.,spoon
35.83512,C places the bowl of egg on the countertop with his left hand.,bowl
36.53578,C opens the lid of a salt container on the countertop with his right hand.,saltshaker@@@@@can
36.618,C picks the salt container from the countertop with his left hand.,saltshaker
37.201,C places the lid of the salt container on the countertop with his right hand.,saltshaker
37.655,C picks a spoon from the salt container in his left hand with his right hand.,saltshaker@@@@@spoon
38.02315,C scoops salt from the salt container in his left hand with the spoon in his right hand.,saltshaker@@@@@spoon
39.26975,C pours salt from the spoon in his right hand into the bowl of egg on the countertop.,spoon@@@@@bowl
40.209,C drops the spoon in the salt container with his right hand.,saltshaker@@@@@spoon
41.81373,C picks the lid of the salt container from the countertop with his right hand.,saltshaker
42.17363,C closes the lid of the salt container in his left hand with his right hand.,saltshaker
42.23394,C places the salt container on the countertop with his left hand.,saltshaker
43.156,C opens the cabinet with his right hand.,cabinet
43.57963,C passes the cabinet door from his right hand to his left hand.,cabinet
44.965,C picks the salt container from the countertop with his left hand.,saltshaker
46.102,C places the salt container in the cabinet with his left hand.,saltshaker@@@@@cabinet
46.84867,C closes the cabinet with both hands.,cabinet
49.306,C holds the spoon in the bowl of egg mixture with his right hand.,spoon@@@@@bowl
49.36,C picks the egg bowl from the countertop with his left hand.,bowl
49.42,C whisks the egg mixture in the bowl with the spoon in his right hand.,spoon@@@@@bowl
50.22057,C places the bowl of egg on the countertop with his left hand.,bowl
50.668,C places the spoon in the bowl of egg mixture with his right hand.,spoon@@@@@bowl
51.202,C picks a cap from the stainless steel bowl on the countertop with his right hand.,bottle@@@@@bowl
51.9258,C picks a scoop of oil from the stainless steel bowl on the countertop with his right hand.,ladle@@@@@spoon@@@@@bowl
54.89121,C pours oil from the scoop in his right hand unto a skillet on a gas cooker.,saucepan@@@@@ladle@@@@@spoon
57.05607,C places the scoop in the stainless steel bowl on the countertop with his right hand.,ladle@@@@@spoon@@@@@bowl
57.324,C places the cap on the stainless steel bowl with his left hand.,bottle@@@@@bowl
62.021,C adjusts the knob of the gas cooker with his left hand.,knob
62.2611,C pours onions in the skillet with his right hand.,saucepan
63.527,C picks a spatula from the gas cooker with his right hand.,spatula
64.051,C stirs the onions in the skillet with the spatula in his right hand.,saucepan@@@@@spatula
65.74886,C adjusts the knob of the gas cooker with his left hand.,knob
66.43568,C places the spatula on the gas cooker with his right hand.,stove@@@@@spatula
67.20269,C holds the spoon in the bowl of egg mixture with his right hand.,spoon@@@@@bowl
67.32144,C picks the egg bowl from the countertop with his left hand.,bowl
67.85888,C whisks the egg mixture in the bowl with the spoon in his right hand.,spoon@@@@@bowl
68.9196,C places the spoon in the bowl of egg mixture with his right hand.,spoon@@@@@bowl
69.24272,C passes the bowl of egg from his left hand to his right hand.,bowl
70.19492,C pours egg mixture from the bowl in his right hand into the skillet on the gas cooker.,bowl
73.5665,C places the bowl on the countertop with his right hand.,bowl
74.44101,C picks the skillet from the gas cooker with his left hand.,frying_pan@@@@@stove
74.531,C picks the spatula from the gas cooker with his right hand.,stove@@@@@spatula
84.90283,C places the spatula on the ags cooker with his right hand.,spatula
86.19092,C places the skillet on the gas cooker with his left hand.,frying_pan@@@@@stove
88.34682,C adjusts a plate of egg on the countertop with his left hand.,plate
90.04176,C picks a spatula from the gas cooker with his right hand.,spatula
90.86824,C holds the skillet handle with his left hand.,spatula@@@@@pan_(for_cooking)
92.23909,C moves the omelet in the skillet with the spatula in his right hand.,spatula
93.35557,C adjusts the knob of the gas cooker with his left hand.,knob
93.84584,C drops omelet in the skillet with the spatula in his right hand.,spatula
95.64693,C holds the skillet handle with his left hand.,spatula@@@@@pan_(for_cooking)
95.72545,C moves the omelet in skillet with the spatula in his right hand.,spatula
100.8378,C flips the omelet in the skillet with the spatula in his right hand.,spatula
103.04786,C taps the omelet in the skillet with the spatula in his right hand.,spatula@@@@@pan_(for_cooking)
103.805,C places the spatula on the gas cooker with his right hand.,stove@@@@@spatula
105.58652,C holds the skillet handle with his left hand.,spatula@@@@@pan_(for_cooking)
108.17794,C picks the spatula from the gas cooker with his right hand.,stove@@@@@spatula
109.34947,C taps the omelet in the skillet with the spatula in his right hand.,spatula@@@@@pan_(for_cooking)
114.65295,C places the spatula on the gas cooker with his right hand.,stove@@@@@spatula
115.91529,C moves the bowl on the countertop with his left hand.,table-tennis_table@@@@@kitchen_table@@@@@can@@@@@bowl
116.21529,C picks the plate of egg from the countertop with his right hand.,table-tennis_table@@@@@kitchen_table@@@@@plate@@@@@can@@@@@egg
116.67859,C places the plate of egg on the countertop with his right hand.,table-tennis_table@@@@@kitchen_table@@@@@plate@@@@@can@@@@@egg
117.441,C picks the chopping board from the countertop with his left hand.,table-tennis_table@@@@@kitchen_table@@@@@chopping_board@@@@@can
118.42328,C moves the napkin on the countertop with his right hand.,table-tennis_table@@@@@kitchen_table@@@@@napkin@@@@@can
119.2704,C places the chopping board on the countertop with his left hand.,table-tennis_table@@@@@kitchen_table@@@@@chopping_board@@@@@can
119.87964,C picks the napkin from the countertop with his right hand.,table-tennis_table@@@@@kitchen_table@@@@@napkin@@@@@can
120.00023,C wipes his hands with the napkin in his right hand.,napkin
120.78217,C drops the napkin on the countertop with his right hand.,table-tennis_table@@@@@kitchen_table@@@@@napkin@@@@@can
122.264,C picks the napkin from the countertop with his right hand.,table-tennis_table@@@@@kitchen_table@@@@@napkin@@@@@can
122.63338,C wipes his hands with the napkin in his right hand.,napkin
123.57093,C drops the napkin on the countertop with his right hand.,table-tennis_table@@@@@kitchen_table@@@@@napkin@@@@@can
124.418,C picks the spatula from the gas cooker with his right hand.,stove@@@@@spatula
124.5184,C holds the skillet handle with his left hand.,spatula@@@@@pan_(for_cooking)
125.09635,C picks the omelet from the skillet with the spatula in his right hand.,spatula@@@@@pan_(for_cooking)
125.64565,C folds the omelet in the skillet with the spatula in his right hand.,spatula@@@@@pan_(for_cooking)
126.38242,C picks the omelet from the skillet with the spatula in his right hand.,spatula@@@@@pan_(for_cooking)
126.42238,C picks the skillet from the gas cooker with his left hand.,frying_pan@@@@@stove
127.92095,C places the skillet on the gas cooker with his left hand.,frying_pan@@@@@stove
128.48263,C turns the knob of the gas cooker with his left hand.,stove@@@@@knob
129.89292,C places the omelet on the plate of egg with the spatula in his right hand.,plate@@@@@spatula
131.02018,C places the spatula on the gas cooker with his right hand.,stove@@@@@spatula
