timestamp,narration,object
0.676,C picks a pot from the cabinet with his right hand.,cabinet@@@@@pot
3.931,C adjust the stovetop with his right hand.,stove
8.546,C picks up the pot from the countertop with his left hand.,pot
10.511,C places the pot on the stovetop with his left hand.,stove@@@@@pot
12.419,C picks up a cup from the countertop with his right hand.,cup
14.845,C places the cup under the tap with his left hand.,cup@@@@@faucet
14.99,C turns on the tap knob with his right hand.,knob@@@@@faucet
16.935,C turns off the tap knob with his right hand.,knob@@@@@faucet
19.659,C pours water into the pot with his right hand.,cup@@@@@pot
20.005,C holds the pot handle with his left hand.,person@@@@@saucepan
22.51013,C places the cup on the countertop with his left hand.,sink@@@@@cup@@@@@cabinet@@@@@kitchen_sink@@@@@can
25.05791,C opens the cabinet with his left hand.,person@@@@@cabinet
25.98041,C picks a sugar jar from the cabinet with his right hand.,person@@@@@jar
26.74244,C closes the cabinet door with his right hand.,person@@@@@cabinet
28.18186,C passes the sugar jar from his right hand to her left hand.,person@@@@@jar
28.79766,C opens the sugar jar with his right hand.,person@@@@@jar
30.32276,C picks up a spoon from the sugar jar with his right hand.,jar@@@@@spoon
31.07781,C scoops sugar from the sugar jar with the spoon.,jar@@@@@spoon
35.38535,C places the spoon into the sugar jar with his right hand.,jar@@@@@spoon
36.7198,C closes the sugar jar with his right hand.,person@@@@@jar
38.22996,C opens the cabinet with his left hand.,person@@@@@cabinet
39.39012,C places the sugar jar in the cabinet with his right hand.,jar@@@@@cabinet
39.70331,C closes the cabinet door with his left hand.,person@@@@@cabinet
42.23995,C adjusts the stove knob with his right hand.,knob@@@@@person@@@@@stove
43.09702,C picks up the pot from the stovetop with his right hand.,stove@@@@@pot
43.43292,C shakes the pot with his right hand.,person@@@@@pot
44.50269,C places the pot on the stovetop with his right hand.,stove@@@@@pot
44.93729,C shifts the pot to the right with his right hand.,person@@@@@pot
48.28328,C picks a tea jar from the countertop with his right hand.,person@@@@@jar
49.26665,C passes the tea jar from is right hand to his left hand.,person@@@@@jar
49.74798,C opens the tea jar with his right hand.,person@@@@@jar
50.82893,C lowers the tea jar towards the countertop with his right hand.,person@@@@@jar
51.60554,C places the tea jar lid on the tea jar with his right hand.,person@@@@@jar
52.83214,C places the tea jar on the countertop with his right hand.,jar
54.7686,C picks a spoon from the cutlery container in the cabinet.,person@@@@@spoon
58.76095,C opens the tea jar with his right hand.,person@@@@@jar
59.33662,C picks up the tea jar from the countertop with his right hand.,person@@@@@jar
60.12303,C places the tea jar lid on the countertop with his right hand.,jar@@@@@table@@@@@kitchen_table
61.14243,C passes the tea jar from his left hand to his right hand.,person@@@@@jar
61.6149,C passes the tea jar from his left hand to his right hand.,person@@@@@jar
62.646,C scoops tea from the tea jar with the spoon.,jar@@@@@spoon
65.22316,C scoops tea from the tea jar with the spoon.,jar@@@@@spoon
68.19331,C closes the tea jar with his right hand.,person@@@@@jar
70.13782,C passes the tea jar from his right hand to his left hand.,person@@@@@jar
70.80371,C places the tea jar on the countertop with his right hand.,jar
72.13738,C picks up the spoon from the countertop with his right hand.,table@@@@@spoon@@@@@kitchen_table
72.87973,C wipes the spoon with his left hand.,person@@@@@spoon
73.47347,C stirs the boiling tea with the spoon.,spoon@@@@@saucepan
73.72297,C holds the pot handle with her left hand.,handle@@@@@pot
77.70336,C passes the spoon from her right hand to her left hand.,person@@@@@spoon
78.33223,C places the spoon on the table with his left hand.,table@@@@@spoon
78.37209,C adjusts the stove knob with his right hand.,knob@@@@@person@@@@@stove
83.40826,C adjusts the stove knob with his right hand.,knob@@@@@person@@@@@stove
86.14741,C opens the refrigerator with his left hand.,refrigerator
87.16812,C moves the refrigerator door with his left to his right hand.,refrigerator
87.90732,C picks up a milk jar from the refrigerator with his left hand.,refrigerator@@@@@milk_can@@@@@can
89.0,C closes the refrigerator with his right hand.,person@@@@@refrigerator
90.77546,C passes the milk jar from his left hand to his right hand.,person@@@@@milk_can@@@@@can
91.95817,C passes the milk jar from his right hand to his left hand.,person@@@@@jar
92.7,C adjusts the stove knob with his right hand.,knob@@@@@person@@@@@stove
93.90766,C opens the milk jar with his right hand.,person@@@@@milk_can@@@@@can
98.51207,C places the tea jar lid on the countertop with his right hand.,jar@@@@@table@@@@@kitchen_table
99.27981,C passes the milk jar from his left hand to his right.,person@@@@@milk_can@@@@@can
99.76696,C holds the tea jar with both hands.,person@@@@@jar
101.65674,C pour milk into the boiling tea with both hands.,milk_can@@@@@saucepan@@@@@can
104.04871,C places the milk jar on the countertop.,table@@@@@kitchen_table@@@@@milk_can@@@@@can
105.24754,C picks up the milk jar lid from the countertop.,table@@@@@kitchen_table@@@@@milk_can@@@@@can
105.90816,C closes the milk jar with his right hand.,person@@@@@milk_can@@@@@can
107.41037,C adjust the stove knob with his right hand.,person@@@@@stove
109.22591,C picks up the spoon from the countertop with his right hand.,table@@@@@spoon@@@@@kitchen_table
110.07546,C stirs the milk tea with the spoon.,spoon@@@@@saucepan
111.41897,C holds the pot handle with his left hand.,person@@@@@saucepan
111.86915,C moves the pot the side with his left hand.,person@@@@@saucepan
114.22298,C shakes the spoon over the boiling milk tea with his right hand.,spoon@@@@@pot
115.33967,C picks up the milk jar from the countertop with his left hand.,jar
115.74783,C adjusts the stove knob with his right hand.,knob@@@@@person@@@@@stove
116.87992,C holds the milk jar with his right hand.,person@@@@@jar
118.01081,C adjusts the stove knob with his right hand.,knob@@@@@person@@@@@stove
119.25772,C holds the milk jar with his right hand.,person@@@@@jar
121.13491,C opens the refrigerator with his right hand.,person@@@@@refrigerator
123.00803,C passes the milk jar from his right hand to his left hand.,person@@@@@jar
123.54013,C places the milk jar in the refrigerator with his right hand.,jar@@@@@refrigerator
125.78396,C closes the refrigerator door with his right hand.,person@@@@@refrigerator
130.40094,C picks up a sieve from the cutlery bowl.,bowl
131.44566,C passes the sieve from his right hand to his left hand.,person
132.043,C picks up the cup from the countertop with his right hand.,cup
133.24385,C places the cup on the countertop with his right hand.,cup
134.69391,C picks up the pot from the stovetop with his right hand.,stove@@@@@pot
134.89735,C shakes the pot with his right hand.,person@@@@@pot
135.70348,C places the pot on the stovetop with his right hand.,stove@@@@@pot
136.69309,C turns the stove knob with his right hand.,knob@@@@@stove
137.7963,C picks up the pot from the stovetop with his right hand.,stove@@@@@pot
138.81025,C places the sieve over the cup with his left hand.,cup
139.97565,C pours the milk tea into the cup.,cup
142.69441,C shakes the pot over the sieve.,pot
143.93535,C places the sieve into the pot with his left hand.,pot
144.53168,C passes the pot from his right hand to his left hand.,person@@@@@pot
145.24292,C picks up the cup from the countertop with his right hand.,cup
146.14393,C places the cup on the countertop with his right hand.,cup
147.09696,C places the pot on the stovetop with his left hand.,stove@@@@@pot
1.005,C grabs a saucepan from the kitchen cabinet.,cabinet@@@@@saucepan
2.99045,C places the saucepan on the kitchen counter.,saucepan
3.88351,C places his right hand on the knob of the stove.,person@@@@@stove
7.07746,C turns the knob of the stove with his left hand.,knob@@@@@stove
8.57771,C grabs the saucepan with his left hand.,saucepan
10.54843,C places the saucepan on the stove.,saucepan@@@@@stove
12.42114,C grabs a cup from the kitchen counter with his right hand.,cup
20.179,C pours the water in the cup into the saucepan.,cup@@@@@saucepan
22.07566,C places the cup on the kitchen counter with his left hand.,cup
25.02044,C opens the kitchen cabinet door with his left hand.,person@@@@@cabinet
27.43028,C closes the door of the kitchen cabinet with his left hand.,person@@@@@cabinet
32.434,C adds sugar to the water in the saucepan with a spoon.,spoon@@@@@saucepan
38.23799,C opens the door of the kitchen cabinet with his left hand.,person@@@@@cabinet
40.22231,C closes the door of the kitchen cabinet with his left hand.,person@@@@@cabinet
42.24077,C places his right hand on the knob of the stove.,person@@@@@stove
43.05292,C swirls the saucepan with his right hand.,person@@@@@saucepan
44.62011,C places the saucepan on the stove.,saucepan@@@@@stove
48.275,C grabs a jar of ground tea leaves from the kitchen counter.,person@@@@@jar
49.97724,C opens the lid of the ground tea leaves jar with his right hand.,person@@@@@jar
51.7276,C closes the lid of the ground tea leaves jar with his right hand.,person@@@@@jar
52.753,C places the ground tea leaves jar on the kitchen counter.,jar
56.007,C grabs a spoon from a utensil basket.,person@@@@@spoon
59.2103,C opens the lid of the ground tea leaves jar with his right hand.,person@@@@@jar
59.95732,C places the lid of the ground tea leaves jar on the kitchen counter.,jar
64.184,C adds ground tea leaves to the water in the saucepan with a spoon.,spoon@@@@@saucepan
68.1225,C closes the lid of the ground tea leaves jar with his right hand.,person@@@@@jar
70.56075,C places the ground tea leaves jar on the kitchen counter.,jar
71.93249,C grabs the spoon from the kitchen counter with his right hand.,table@@@@@spoon@@@@@kitchen_table
73.51344,C stirs the tea in the saucepan with the spoon.,spoon@@@@@saucepan
78.455,C regulates the heat of the stove with his right hand.,person@@@@@stove
83.011,C regulates the heat of the stove with his right hand.,person@@@@@stove
86.09897,C opens the door of the fridge with his left hand.,refrigerator
87.872,C grabs a milk jar from the fridge with his left hand.,refrigerator@@@@@milk_can@@@@@can
89.26374,C closes the door of the fridge with his right hand.,person@@@@@refrigerator
92.66118,C regulates the heat of the stove with his right hand.,person@@@@@stove
94.00925,C opens the lid of the milk jar with his right hand.,person@@@@@milk_can@@@@@can
98.24036,C places the lid of the milk jar on the kitchen counter.,table@@@@@kitchen_table@@@@@milk_can@@@@@can
101.631,C pours milk from the milk jar into the tea in the saucepan.,milk_can@@@@@saucepan@@@@@can
103.97827,C places the milk jar on the kitchen counter.,table@@@@@kitchen_table@@@@@milk_can@@@@@can
105.18742,C grabs the lid of the milk jar from the kitchen counter.,table@@@@@kitchen_table@@@@@milk_can@@@@@can
105.77045,C closes the lid of the milk jar with his right hand.,person@@@@@milk_can@@@@@can
107.33789,C regulates the heat of the stove with his right hand.,person@@@@@stove
109.20487,C grabs the spoon from the kitchen counter with his right hand.,table@@@@@spoon@@@@@kitchen_table
109.99154,C stirs the milk tea in the saucepan with the spoon.,spoon@@@@@saucepan
111.35143,C grabs the handle of the saucepan with his left hand.,person@@@@@saucepan
114.73631,C places the spoon on the kitchen counter with his right hand.,spoon
115.73721,C regulates the heat of the stove with his right hand.,person@@@@@stove
116.77385,C places his right hand on the milk jar.,person@@@@@jar
118.1144,C regulates the heat of the stove with his right hand.,person@@@@@stove
121.585,C opens the door of the fridge with his right hand.,person@@@@@refrigerator
123.146,C places the milk jar in the fridge with his right hand.,jar@@@@@refrigerator
125.80517,C closes the door of the fridge with his right hand.,person@@@@@refrigerator
130.2062,C grabs a fine-mesh sieve from the utensil basket.,basket
131.83317,C grabs the cup from the kitchen counter with his right hand.,cup
133.13272,C places the cup on the kitchen counter with his right hand.,cup
134.58921,C swirls the saucepan with his right hand.,person@@@@@saucepan
136.64856,C turns off the stove with his right hand.,person@@@@@jar@@@@@table@@@@@bowl@@@@@kitchen_table@@@@@basket@@@@@stove@@@@@can
137.69046,C grabs the saucepan from the stove with his right hand.,saucepan@@@@@stove
140.01241,C strains the milk tea through the fine-mesh sieve into the cup.,cup
143.53922,C places the fine-mesh sieve into the saucepan.,saucepan
145.15716,C moves the cup of milk tea on the kitchen counter with his right hand.,cup
146.77249,C places the saucepan on the stove with his left hand.,saucepan@@@@@stove
