timestamp,narration,object
0.46748,C picks the milk bowl from the countertop with her right hand.,bowl@@@@@person
2.10401,C pours milk from the milk bowl into the cup in her left hand.,bowl@@@@@cup
7.56084,C places the cup of milk on the countertop with her left hand.,cup
8.41489,C passes the milk bowl from her right hand to her left hand.,bowl@@@@@person
9.26104,C picks a plate from the countertop with her right hand.,plate@@@@@person
9.99726,C covers the cup of milk on the countertop with the plate in her right hand.,plate@@@@@cup
11.57582,C turns the knob of the stovetop with her right hand.,knob
14.28687,C places the milk bowl on the stovetop with her left hand.,bowl@@@@@stove
16.84242,C turns the knob of the stovetop with her right hand.,knob
17.37574,C opens the cabinet door with her left hand.,person@@@@@cabinet
18.131,C holds the cabinet door with her right hand.,person@@@@@cabinet
18.79637,C picks a cup from the cabinet with her left hand.,person@@@@@cup
19.20372,C closes the cabinet door with her right hand.,person@@@@@cabinet
20.26086,C passes the cup from her right hand to her left hand.,person@@@@@cup
22.08544,C opens the faucet of the water dispenser with her right hand.,person@@@@@faucet
22.52269,C adds water from the dispenser into the cup in her left hand.,cup@@@@@faucet
23.61172,C closes the faucet of the water dispenser with her right hand.,person@@@@@faucet
25.47727,C adds the water to the milk bowl on the stovetop with her left hand.,bowl@@@@@person
28.17419,C adds the water to the milk bowl on the stovetop with her left hand.,bowl@@@@@person
28.30752,C turns the knob of the stovetop with her right hand.,knob
29.52557,C places the cup on the countertop with her left hand.,cup
30.02095,C opens the cabinet door with her right hand.,person@@@@@cabinet
30.544,C holds the cabinet door with her left hand.,person@@@@@cabinet
34.77025,C turns the knob of the stovetop with her right hand.,knob
38.64899,C pours tea powder into the lid in her right hand.,bowl@@@@@spoon
39.97174,C adds tea powder to the milk bowl on the stovetop with her right hand.,bowl@@@@@spoon
42.24334,C adds tea powder to the milk bowl on the stovetop with her left hand.,bowl@@@@@spoon
46.00791,C holds the spoon in the sugar container with her right hand.,spoon
46.72308,C scoops sugar from the sugar container with the spoon in her right hand.,spoon
47.81108,C adds sugar to the tea in the bowl with her right hand.,bowl@@@@@spoon
48.702,C scoops sugar from the sugar container with the spoon in her right hand.,spoon
49.33377,C adds sugar to the tea in the bowl with her right hand.,bowl@@@@@spoon
50.59546,C places the spoon in the sugar container with her right hand.,spoon
54.59041,C places the sugar container in the cabinet with her right hand.,cabinet
58.00345,C closes the cabinet door with her right hand.,person@@@@@cabinet
59.80438,C touches a spoon in the cutlery holder on the countertop with her right hand.,spoon
61.2209,C picks a spoon from the cutlery holder on the countertop with her right hand.,spoon
63.41007,C stirs the tea in the bowl with the spoon in her right hand.,bowl@@@@@spoon
72.69773,C adds tea powder to the milk bowl on the stovetop with her left hand.,bowl@@@@@spoon
75.60826,C opens the cabinet door with her left hand.,person@@@@@cabinet
76.64158,C places the tea powder container in the cabinet with her right hand.,cabinet
79.26394,C stirs the tea in the bowl with the spoon in her right hand.,bowl@@@@@spoon
93.7111,C picks a cup from the countertop with her left hand.,cup
95.60649,C places the spoon in the cup on the countertop with her right hand.,cup@@@@@spoon
96.57826,C cleans the cup with her right hand.,cup
97.74491,C places the cup on the countertop with her left hand.,cup
103.00326,C turns the knob of the stovetop with her right hand.,knob
110.09873,C turns the knob of the stovetop with her right hand.,knob
111.70301,C picks a napkin from the sink with her left hand.,sink
113.23684,C turns the knob of the stovetop with her right hand.,knob
114.31801,C picks the spoon from the cup on the countertop with her right hand.,cup@@@@@spoon
115.10488,C stirs the tea in the bowl with the spoon in her right hand.,bowl@@@@@spoon
119.54443,C places the spoon in the cup on the countertop with her right hand.,cup@@@@@spoon
120.65498,C turns the knob of the stovetop with her right hand.,knob
127.19321,C turns off the knob of the stovetop with her right hand.,knob
130.83301,C turns the knob of the stovetop with the napkin in her right hand.,knob
135.09447,C turns the knob of the stovetop with the napkin in her right hand.,knob
138.45516,C turns off the knob of the stovetop with the napkin in her right hand.,knob
139.84078,C holds the bowl with the napkin in her right hand.,bowl
141.035,C places the strainer over the cup on the countertop with her left hand.,cup
142.0358,C strains the tea from the bowl into the cup on the countertop with her right hand.,bowl@@@@@cup
144.205,C places the bowl on the stovetop with her right hand.,bowl@@@@@stove
146.927,C holds the bowl with the napkin in her right hand.,bowl
147.22733,C lifts the bowl from the stovetop with the napkin in her right hand.,bowl@@@@@stove
148.47589,C strains the tea from the bowl into the cup on the countertop with her right hand.,bowl@@@@@cup
153.65711,C places the strainer in the bowl with her left hand.,bowl
154.29347,C picks the cup of tea from the countertop with her left hand.,cup
154.3268,C places the bowl on the stovetop with her right hand.,bowl@@@@@stove
155.54334,C places the cup of tea on the countertop with her left hand.,cup
