timestamp,narration,object
1.49296,C grabs an onion in a basket with his right hand.,basket
2.1765,C drops the onion in the basket with his right hand.,basket
2.731,C grabs an onion from a net in the basket with his right hand.,basket
22.51865,C grabs a knife from a utensil basket with his right hand.,knife@@@@@basket
26.20065,C places the onion on the chopping board with his left hand.,chopping_board
26.75985,C cuts the onion on the chopping board with the knife in his right hand.,chopping_board@@@@@knife
31.35348,C places the knife on the chopping board with his right hand.,chopping_board@@@@@knife
38.03434,C grabs the knife from the chopping board with his right hand.,chopping_board@@@@@knife
38.36766,C places the onion on the chopping board with his left hand.,chopping_board
39.33216,C slices the cut onion on the chopping board with the knife in his right hand.,chopping_board@@@@@knife
45.58979,C dices the sliced onion on the chopping board with the knife in his right hand.,chopping_board@@@@@knife
49.5248,C slides the diced onion across the chopping board with the knife in his right hand.,chopping_board@@@@@knife
51.49418,C dices the green chili pepper on the chopping board with the knife in his right hand.,chopping_board@@@@@knife
60.85811,C slides the diced green chili pepper across the chopping board with the knife in his right hand.,chopping_board@@@@@knife
63.81688,C places the knife on the chopping board with his right hand.,chopping_board@@@@@knife
65.60724,C grabs a bowl from the kitchen cabinet with his right hand.,bowl
67.50253,C grabs the knife from the chopping board with his right hand.,chopping_board@@@@@knife
68.49266,C lifts the chopping board from the kitchen counter with his right hand.,chopping_board
69.2883,C places the bowl on the kitchen counter with his left hand.,dining_table@@@@@table@@@@@bowl@@@@@can@@@@@kitchen_table
69.86318,C grabs the chopping board with his left hand.,chopping_board
71.33937,C slides the diced vegetables from the chopping board into the bowl with the knife in his right hand.,chopping_board@@@@@knife@@@@@bowl
77.34516,C places the chopping board on the kitchen counter with his left hand.,chopping_board
77.73456,C places the knife on the chopping board with his right hand.,chopping_board@@@@@knife
78.88757,C grabs a jar of salt from the kitchen counter with his right hand.,jar
79.96905,C places the jar of salt in his left hand.,jar
80.15163,C opens the lid of the jar of salt with his right hand.,jar
81.43123,C grabs the spoon in the jar of salt with his right hand.,hat@@@@@spoon@@@@@jar
82.23547,C adds salt to the diced vegetables in the bowl with the spoon in his right hand.,spoon@@@@@bowl@@@@@saltshaker@@@@@can
84.473,C places the spoon in the jar of salt with his right hand.,spoon@@@@@can@@@@@jar
85.19923,C closes the lid of the jar of salt with his right hand.,can@@@@@jar
86.6764,C places the jar of salt on the kitchen counter with his right hand.,can@@@@@jar
92.37281,C grabs a fork from the utensil basket with his right hand.,fork@@@@@can@@@@@basket
94.89954,C grabs an egg from an egg carton with his right hand.,can@@@@@carton@@@@@egg
97.47553,C places the egg on the kitchen counter with his right hand.,egg
98.46906,C mixes the diced vegetables in the bowl with the fork in his right hand.,fork@@@@@bowl@@@@@can
101.43549,C grabs the egg from the kitchen counter with his right hand.,egg
102.12271,C places the egg in his left hand.,egg
102.48451,C grabs the knife from the kitchen counter with his right hand.,knife
103.34144,C cracks the egg with the knife in his right hand.,knife@@@@@egg
104.55378,C places the knife on the kitchen counter with his right hand.,knife
105.6508,C cracks the egg into the bowl of diced vegetables with both hands.,bowl@@@@@egg
108.76549,C places the egg shell on the kitchen counter with his left hand.,egg
109.16838,C grabs the fork from the kitchen counter with his right hand.,fork
110.47996,C whisks the egg mixture in the bowl with the fork in his right hand.,fork@@@@@bowl
121.906,C grabs a saucepan in the kitchen cabinet with his right hand,saucepan@@@@@cabinet
122.77855,C grabs a skillet from the kitchen cabinet with his left hand.,cabinet
123.88401,C drops the saucepan in the kitchen cabinet with his right hand.,saucepan@@@@@cabinet
125.39246,C turns the knob of the stove with his right hand.,stove
127.71896,C lights the stove with the lighter in his right hand.,stove
128.39807,C places the skillet on the stove with his left hand.,stove
130.108,C regulates the heat of the stove with his right hand.,stove
132.9797,C grabs a spatula from the utensil basket with his right hand.,spatula@@@@@basket
138.29083,C rubs the surface of the skillet with the spatula in his right hand.,spatula
140.49105,C regulates the heat of the stove with his right hand.,stove
141.44801,C rubs the surface of the skillet with the spatula in his right hand.,spatula
145.76874,C places the spatula on the chopping board with his right hand.,chopping_board@@@@@spatula
146.97834,C grabs a bottle of oil from the kitchen counter with his right hand.,bottle
147.73107,C opens the cap of the bottle of oil with his left hand.,bottle
149.01061,C grabs the skillet handle with his left hand.,frying_pan
150.96269,C pours oil from the bottle of oil into the skillet with his right hand.,bottle
154.89286,C closes the cap of the bottle of oil with his left hand.,bottle
156.55262,C places the bottle of oil on the kitchen counter with his right hand.,bottle
157.67482,C grabs the spatula from the chopping board with his right hand.,spatula
158.61133,C grabs the skillet handle with his left hand.,frying_pan
159.01254,C tilts the skillet on the stove with the skillet handle in his left hand.,handle@@@@@stove
169.98356,C removes his left hand from the skillet handle.,frying_pan
170.95964,C places the spatula in his left hand.,spatula
171.36913,C grabs the fork in the bowl of egg mixture with his right hand.,fork@@@@@bowl
172.00966,C places the spatula on the chopping board with his right hand.,chopping_board@@@@@spatula
172.33652,C grabs the bowl of egg mixture from the kitchen counter with his left hand.,bowl
172.73611,C whisks the egg mixture in the bowl with the fork in his right hand.,fork@@@@@bowl
176.54098,C pours the egg mixture from the bowl into the skillet with his left hand.,bowl
178.76799,C scrapes the egg mixture from the bowl into the skillet with the fork in his right hand.,fork@@@@@bowl
179.84473,C places the fork into the bowl with his right hand.,fork@@@@@bowl
180.56012,C places the bowl on the kitchen counter with his left hand.,dining_table@@@@@table@@@@@bowl@@@@@can@@@@@kitchen_table
181.54386,C regulates the heat of the stove with his right hand.,stove
182.19791,C grabs the skillet handle with his left hand.,frying_pan
183.09268,C tilts the skillet with the skillet handle in his left hand.,handle
189.64103,C removes his left hand from the skillet handle.,frying_pan
191.90752,C grabs the spatula from the chopping board with his right hand.,spatula
192.85123,C grabs the skillet handle with his left hand.,frying_pan
193.06916,C spreads the omelet in the skillet with the spatula in his right hand.,frying_pan@@@@@spatula
205.098,C tilts the skillet with the skillet handle in his left hand.,handle
209.51882,C spreads the omelet in the skillet with the spatula in his right hand.,frying_pan@@@@@spatula
214.9705,C flips the omelet in the skillet with the spatula in his right hand.,spatula
217.94969,C spreads the omelet in the skillet with the spatula in his right hand.,frying_pan@@@@@spatula
222.417,C drops the spatula in the skillet with his right hand.,spatula
222.92799,C removes his left hand from the skillet handle.,frying_pan
228.85567,C grabs the spatula in the skillet with his right hand.,spatula
229.00977,C grabs the skillet handle with his left hand.,frying_pan
229.55761,C presses on the omelet in the skillet with the spatula in his right hand.,spatula
233.092,C flips the omelet in the skillet with the spatula in his right hand.,spatula
235.42348,C presses on the omelet in the skillet with the spatula in his right hand.,spatula
236.06746,C removes his left hand from the skillet handle.,frying_pan
244.38295,C grabs the skillet handle with his left hand.,frying_pan
245.43521,C flips the omelet in the skillet with the spatula in his right hand.,spatula
247.87769,C presses on the omelet in the skillet with the spatula in his right hand.,spatula
248.65837,C removes his left hand from the skillet handle.,frying_pan
248.85429,C drops the spatula in the skillet with his right hand.,spatula
251.34723,C grabs a plate from a plate rack with his right hand.,plate
253.92995,C places the plate on the stovetop with both hands.,plate
256.67424,C grabs the spatula in the skillet with his right hand.,spatula
257.50706,C folds the omelet in the skillet with the spatula in his right hand.,spatula
259.96574,C flips the folded omelet in the skillet with the spatula in his right hand.,spatula
261.44529,C drops the spatula in the skillet with his right hand.,spatula
262.11406,C regulates the heat of the stove with his right hand.,stove
264.44072,C presses on the folded omelet in the skillet with the spatula in his right hand.,spatula
266.67528,C flips the folded omelet in the skillet with the spatula in his right hand.,spatula
267.86683,C presses on the folded omelet in the skillet with the spatula in his right hand.,spatula
268.70823,C drops the spatula in the skillet with his right hand.,spatula
269.26968,C turns off the stove with his right hand.,stove
270.73859,C grabs the spatula in the skillet with his right hand.,spatula
271.14078,C lifts the skillet with the skillet handle in his left hand.,handle
271.61828,C serves the omelet from skillet onto the plate with the spatula in his right hand.,spatula@@@@@plate
273.44054,C places the skillet on the stove with his left hand.,stove
274.98655,C places the spatula in the skillet with his right hand.,spatula
275.84752,C moves the plate of omelet from the stovetop to the kitchen counter with his right hand.,plate
0.24481,C works towards the kitchen cabinet.,cabinet
1.46644,C picks onions from a basket.,basket
22.64609,C picks up a knife.,knife
31.50387,C drops the knife on the chopping board.,chopping_board@@@@@knife
38.21941,C picks up the knife,knife
49.6153,C moves the onions to the edge of the chopping board with a knife.,chopping_board@@@@@knife
60.98463,C uses knife to gather the green pepper,knife
63.89666,C drops knife on the chopping board.,chopping_board@@@@@knife
65.65015,C picks up a bowl from the cabinet.,bowl
67.603,C picks up the knife.,knife
68.0784,C picks up the chopping board.,chopping_board
69.23451,C place the bowl on the counter top.,bowl
71.44403,C pours the sliced vegetables into the bowl.,bowl
77.46473,C drops the chopping board on the counter top.,chopping_board
78.01807,C drops the knife on the chopping board.,chopping_board@@@@@knife
78.94123,C picks up a jar of salt.,jar
80.0471,C opens the jar of salt.,jar
84.45445,C returns the spoon into the jar of salt.,spoon@@@@@can@@@@@jar
85.70897,C covers the jar of salt with a lid.,can@@@@@jar
86.72647,C returns the jar of salt.,can@@@@@jar
92.20221,C picks a fork from the rack.,fork@@@@@can
95.05025,C picks egg from a paper crate.,can@@@@@egg
97.50518,C place egg on the counter top.,egg
98.60501,C uses fork to stir vegetable in the bowl.,fork@@@@@bowl@@@@@can
101.20004,C drops fork in the bowl.,fork@@@@@bowl
101.5918,C picks up the egg from the counter top.,egg
102.23257,C moves the egg to her left hand.,egg
102.47025,C picks up the knife.,knife
103.40298,C cracks the egg with a knife.,knife@@@@@egg
104.64999,C drops the knife on the counter top.,knife
105.02657,C uses his hand to crack the egg into the bowl.,bowl@@@@@egg
109.11381,C picks up the fork.,fork
109.52916,C drops the egg shell on the counter top.,egg
110.50496,C whisk the egg with a fork.,fork@@@@@egg
120.26806,C drops the fork in the bowl.,fork@@@@@bowl
133.39948,C picks a spoon ladle from the rack.,ladle
138.46958,C moves the ladle in the skillet to check the heat temperature.,stove@@@@@ladle
140.28889,C drops the ladle in the skillet.,ladle
141.36868,C uses the ladle to check the temperature of the skillet.,ladle
145.92978,C drops the ladle on the chopping board.,ladle
147.0223,C grabs the cooking oil.,bottle
148.03982,C opens the cooking oil.,bottle
151.06682,C pours oil into skillet.,bottle
155.18993,C covers the cooking oil.,bottle
157.70852,C picks up the ladle.,ladle
171.00703,C moves the ladle to her left hand.,ladle
171.36093,C touched the fork in the bowl.,fork@@@@@bowl
171.94663,C moves the ladle to her right hand,ladle
172.31304,C drops the ladle on the counter top.,ladle
172.65599,C whisk egg with a fork.,fork
181.76766,C adjust the gas burner knob.,knob@@@@@can
192.2497,C picks up the ladle.,ladle
214.42307,C uses ladle to flip the egg to the other side to allow it cook.,ladle
222.81461,C drops the ladle on the skillet.,frying_pan@@@@@ladle
228.95883,C picks up ladle to check the egg.,ladle
251.79783,C picks up a plate.,plate
254.61698,C drops plate on the gas burner.,plate
261.58941,C drops ladle in the skillet.,ladle
264.52402,C press the ladle against the egg.,egg@@@@@ladle
271.0541,C serves omelette in a plate.,plate
275.18321,C place the ladle in the skillet.,ladle
275.87595,C place the plate of omelette on the counter top.,plate
