timestamp,narration,object
0.001,C opens a refrigerator with his right hand.,refrigerator
1.33726,C picks a cheese bag from the refrigerator with his left hand.,refrigerator
2.74309,C picks a butter carton from the refrigerator with his right hand.,refrigerator@@@@@carton
3.24724,C passes the butter carton from his right hand to his left hand.,carton
4.22269,C picks a tomato from the refrigerator with his right hand.,refrigerator
5.54027,C picks a spring onion from the refrigerator with his right hand.,refrigerator
6.48587,C holds the spring onion in the refrigerator with his left hand.,refrigerator
8.41084,C holds the spring onion in the refrigerator with his left finger.,refrigerator
10.53828,C pushes the spring onion in the refrigerator with his left finger.,refrigerator
12.04944,C closes the refrigerator with his right hand.,refrigerator
16.06145,C places the spring onion on a countertop with his right hand.,can
16.701,C places the tomato on the countertop with his right hand.,can
17.12568,C picks the cheese bag from his left hand with his right hand.,can
17.69126,C places the cheese bag on the countertop with his right hand.,can
17.76899,C places the butter carton on the countertop with his left hand.,butter@@@@@carton
21.906,C picks a knife from the countertop with his left hand.,knife
21.95616,C picks the tomato from the countertop with his right hand.,can
22.3116,C places the tomato on the chopping board with his right hand.,can
22.81192,C passes the knife from his left hand to his right hand.,knife
23.09836,C picks the tomato from the chopping board with his left hand.,chopping_board
23.9492,C places the tomato on the chopping board with his left hand.,chopping_board
24.58219,C slices the tomato on the chopping board with the knife in his right hand.,knife@@@@@chopping_board
26.3,C adjusts the sliced tomato on the chopping board with the knife in his right hand.,knife@@@@@chopping_board
27.21095,C slices the tomato on the chopping board with the knife in his right hand.,knife@@@@@chopping_board
36.71161,C picks the tomato from the chopping board with his left hand.,chopping_board
37.004,C places the tomato on the chopping board with his left hand.,chopping_board
37.154,C places the knife on the chopping board with his right hand.,knife
38.644,C turns the knob of a gas cooker on the countertop with his right hand.,knob@@@@@cooker
39.69932,C adjusts the knob of the gas cooker with his left hand.,stove@@@@@knob@@@@@cooker
42.16695,C ignites the gas cooker with the lighter in his right hand.,cooker
44.42194,C places the skillet on the gas cooker with his right hand.,cooker
47.145,C picks the butter carton from the countertop with his left hand.,carton
47.69786,C opens the carton of butter with his right hand.,carton
48.647,C pulls out butter sachet from the carton with his right hand.,hat@@@@@carton
49.69295,C takes the butter carton from his left hand with his right hand.,butter@@@@@carton
50.058,C holds the butter carton with his left hand.,butter@@@@@carton
50.753,C picks the knife from the chopping board with his right hand.,knife
52.09287,C cuts butter from the carton in his left hand with the knife in his right hand.,knife@@@@@butter@@@@@carton
54.29376,C drops butter into the skillet on the gas cooker with the knife in his right hand.,knife@@@@@butter
56.051,C places the butter carton on the countertop with his left hand.,butter@@@@@carton
56.404,C places the knife on the chopping board with his right hand.,knife
57.41409,C picks a spatula from the countertop with his right hand.,spatula
58.59558,C picks the skillet from the gas cooker with his right hand.,stove@@@@@saucepan@@@@@pan_(metal_container)@@@@@frying_pan@@@@@oven@@@@@pan_(for_cooking)@@@@@cooker
58.69558,C touches the knob of the gas cooker with his left hand.,knob
59.47787,C places the skillet on the gas cooker with his right hand.,cooker
59.675,C holds the skillet handle with his left hand.,handle@@@@@pan_(for_cooking)
60.27488,C stirs the butter in the skillet with the spatula in his right hand.,spatula@@@@@butter@@@@@pan_(for_cooking)
61.71557,C moves the spatula on the edge of the skillet with his right hand.,spatula@@@@@pan_(for_cooking)
62.49034,C stirs the butter in the skillet with the spatula in his right hand.,spatula@@@@@butter@@@@@pan_(for_cooking)
68.28524,C hits the spatula on the edge of the skillet with his right hand.,spatula@@@@@pan_(for_cooking)
70.16022,C places the spatula on the chopping board with his right hand.,chopping_board@@@@@spatula
72.885,C places the tomato into the skillet with his right hand.,pan_(for_cooking)@@@@@lettuce
74.109,C places the tomato into the skillet with his right hand.,pan_(for_cooking)@@@@@lettuce
74.81567,C places the tomato into the skillet with his right hand.,pan_(for_cooking)@@@@@lettuce
75.0304,C adjusts the tomato in the skillet with his right hand.,pan_(for_cooking)@@@@@lettuce
82.63141,C picks a skillet lid from the countertop with his right hand.,pan_(for_cooking)
84.4133,C closes the skillet with the lid in his right hand.,handle@@@@@pan_(for_cooking)
84.6133,C adjusts the knob of the gas cooker with his left hand.,stove@@@@@knob@@@@@cooker
88.35044,C holds the cheese bag on the countertop with his left hand.,plastic_bag
90.6032,C picks the spatula from the chopping board with his right hand.,chopping_board@@@@@spatula
91.81317,C picks the knife from the chopping board with his right hand.,knife
93.44474,C slices the spring onion on the chopping board with the knife in his right hand.,knife@@@@@chopping_board
95.27067,C slices the spring onion on the chopping board with the knife in his right hand.,knife@@@@@chopping_board
101.54439,C picks the spring onion from the chopping board with his left hand.,chopping_board
101.7564,C places the knife on the chopping board with his right hand.,knife
102.23994,C drops the spring onion on the chopping board with his left hand.,chopping_board
102.88073,C picks a bowl from the countertop with his left hand.,bowl
103.58308,C packs the sliced spring onion from the chopping board with his right hand.,bowl@@@@@chopping_board
104.4771,C drops the spring onion in the bowl with his right hand.,bowl
105.03585,C gathers the spring onion on the chopping board with his right hand.,chopping_board
105.65385,C packs the sliced spring onion from the chopping board with his right hand.,bowl@@@@@chopping_board
106.39499,C drops the spring onion in the bowl with his right hand.,bowl
106.90247,C picks the sliced spring onion from the chopping board with his right hand.,chopping_board
107.286,C drops the spring onion in the bowl with his right hand.,bowl
107.91581,C places the bowl on the countertop with his left hand.,bowl@@@@@kitchen_table@@@@@can@@@@@kitchen_sink@@@@@sink
109.27982,C holds the thyme container with both hands.,canister@@@@@can@@@@@jar
109.61151,C places the thyme container on the countertop with his right hand.,canister@@@@@can@@@@@jar
111.52726,C opens an egg crate in the cabinet with his left hand.,crate@@@@@cabinet@@@@@egg
112.395,C picks an egg from the egg crate with his right hand.,crate@@@@@egg
112.55556,C closes the egg crate in the cabinet with his left hand.,crate@@@@@cabinet
114.2953,C picks the knife from the chopping board with his right hand.,knife
115.08712,C hits the egg in his left hand with the knife in his right hand.,knife@@@@@egg
116.74585,C places the knife on the chopping board with his right hand.,knife
117.60557,C pours the egg into the bowl on the countertop with both hands.,bowl@@@@@egg
120.79863,C places the egg shell on the countertop with his right hand.,egg
124.13653,C opens the faucet lever with his left hand.,faucet
124.54047,C gets water into his right hand from the faucet.,faucet
125.28656,C closes the faucet lever with his left hand.,faucet
125.55,C rinses his hands into the sink.,sink
127.7099,C adjusts the knob of the gas cooker with his right hand.,knob@@@@@cooker
129.79185,C picks the thyme container from the countertop with his right hand.,canister@@@@@can@@@@@jar
130.10892,C opens the lid of the thyme container with his left hand.,bottle@@@@@bottle_cap@@@@@cover
132.90441,C places the lid on the countertop with his left hand.,bottle@@@@@bottle_cap@@@@@cover
133.55401,C holds the thyme container with both hands.,canister@@@@@can@@@@@jar
134.02189,C pours thyme into the egg in the bowl from the thyme container in both hands.,canister@@@@@bowl@@@@@can@@@@@jar@@@@@egg
140.45602,C places the thyme container on the countertop with his right hand.,canister@@@@@can@@@@@jar
140.59443,C picks the lid from the countertop with his left hand.,bottle@@@@@bottle_cap@@@@@cover
141.30567,C closes the thyme container with the lid in his left hand.,bottle@@@@@can@@@@@jar@@@@@bottle_cap@@@@@cork_(bottle_plug)
142.00895,C picks the chili pepper bottle from the countertop with his left hand.,bottle@@@@@can@@@@@jar
142.673,C opens the cap of the chili pepper bottle with his left hand.,bottle@@@@@can@@@@@jar@@@@@bottle_cap@@@@@cork_(bottle_plug)
143.875,C holds the cap of the chili pepper bottle with his left hand.,bottle@@@@@can@@@@@bottle_cap@@@@@cork_(bottle_plug)
144.185,C pours chili pepper into the egg bowl on the countertop with his right hand.,bottle@@@@@bowl@@@@@can@@@@@jar
146.27034,C closes the chili pepper with the cap in his left hand.,bottle@@@@@can@@@@@jar@@@@@bottle_cap@@@@@cork_(bottle_plug)
147.43472,C places the chili pepper bottle on the countertop with his right hand.,bottle@@@@@can@@@@@jar
148.607,C moves a salt container on the countertop with his right hand.,bottle@@@@@bowl@@@@@can@@@@@jar@@@@@egg@@@@@hat
149.39212,C opens the lid of the salt container on the countertop with his right hand.,saltshaker
150.73818,C picks a spoon from the countertop with his right hand.,spoon
151.785,C takes salt from the salt container on the countertop with the spoon in his right hand.,spoon@@@@@saltshaker
153.13746,C pours salt from the spoon in his right hand into the egg in the bowl.,bowl@@@@@spoon@@@@@egg
154.00076,C places the spoon on the chopping board with his right hand.,spoon@@@@@chopping_board
154.84194,C closes the salt container on the countertop with the lid in his left hand.,saltshaker
157.22449,C picks a fork from the countertop with his right hand.,fork
157.94,C picks the bowl from the countertop with his left hand.,bowl
158.10007,C stirs the egg mixture in the bowl with the fork in his right hand.,bowl@@@@@fork
161.72737,C places the fork in the bowl with his right hand.,bowl@@@@@fork
162.37576,C opens the lid of the skillet with his right hand.,pan_(for_cooking)
165.7872,C picks the spoon from the bowl of egg with his right hand.,bowl@@@@@spoon
166.38045,C stirs the egg mixture in the bowl with the fork in his right hand.,bowl@@@@@fork
168.97376,C pours egg mixture from the bowl into the skillet on the gas cooker with his left hand.,bowl
170.32894,C scrapes the egg mixture from the bowl into the skillet with the fork in his right hand.,bowl@@@@@fork
173.20919,C drops the fork into the bowl in his left hand with his right hand.,bowl@@@@@fork
174.03037,C places the bowl on the countertop with his left hand.,bowl@@@@@kitchen_table@@@@@can@@@@@kitchen_sink@@@@@sink
174.70296,C picks the skillet from the gas cooker with his right hand.,stove@@@@@saucepan@@@@@pan_(metal_container)@@@@@frying_pan@@@@@oven@@@@@pan_(for_cooking)@@@@@cooker
175.21671,C tilts the skillet with his right hand.,saucepan@@@@@pan_(metal_container)@@@@@frying_pan@@@@@pan_(for_cooking)
182.95175,C places the skillet on the gas cooker with his right hand.,cooker
184.32111,C picks the lid of the skillet from the countertop with his left hand.,handle@@@@@pan_(for_cooking)
185.06652,C passes the lid from his left hand to his right hand.,bottle@@@@@can@@@@@bottle_cap@@@@@cork_(bottle_plug)@@@@@cover
186.0983,C closes the skillet with the lid in his right hand.,handle@@@@@pan_(for_cooking)
187.19275,C adjusts the knob of the gas cooker with his right hand.,knob@@@@@cooker
189.87139,C picks the skillet from the gas cooker with his right hand.,stove@@@@@saucepan@@@@@pan_(metal_container)@@@@@frying_pan@@@@@oven@@@@@pan_(for_cooking)@@@@@cooker
191.10772,C places the skillet on the gas cooker with his right hand.,cooker
192.24525,C adjusts the skillet on the gas cooker with his right hand.,stove@@@@@saucepan@@@@@pan_(metal_container)@@@@@frying_pan@@@@@oven@@@@@pan_(for_cooking)@@@@@cooker
194.13512,C picks the skillet from the ags cooker with his right hand.,cooker
195.01146,C holds the lid handle with his left hand.,handle
195.59869,C tilts the skillet with his right hand.,saucepan@@@@@pan_(metal_container)@@@@@frying_pan@@@@@pan_(for_cooking)
197.42298,C places the skillet on the gas cooker with his right hand.,cooker
203.62253,C adjusts the knob of the gas cooker with his right hand.,knob@@@@@cooker
207.404,C holds a plate in a plate rack with his right hand.,plate
207.55696,C picks the plate from the plate rack with both hands.,plate
214.54852,C opens the lid of the skillet with his right hand.,pan_(for_cooking)
215.649,C holds the lid of the skillet with both hands.,pan_(for_cooking)
218.101,C picks the spatula from the countertop with his left hand.,spatula
219.57175,C lifts the skillet from the gas cooker with his left hand.,cooker
220.45825,C lifts tomato & eggs from the skillet with the spatula in his right hand.,spatula@@@@@egg
223.08314,C folds the tomato & eggs in the skillet with the spatula in his right hand.,spatula@@@@@egg
224.84565,C adjusts the tomato & eggs in the skillet with the spatula in his right hand.,spatula@@@@@egg
226.99741,C drops the skillet on the gas cooker with his left hand.,cooker
231.00716,C places the spatula on the plate with his right hand.,plate@@@@@spatula
231.93032,C picks the lid of the skillet from the countertop with his left hand.,handle@@@@@pan_(for_cooking)
232.34131,C passes the lid from his left hand to his right hand.,bottle@@@@@can@@@@@bottle_cap@@@@@cork_(bottle_plug)@@@@@cover
233.39214,C holds the skillet handle with his left hand.,handle@@@@@pan_(for_cooking)
233.5089,C closes the skillet with the lid in his right hand.,handle@@@@@pan_(for_cooking)
235.21465,C passes the skillet handle from his left hand to his right hand.,handle@@@@@pan_(for_cooking)
237.8529,C picks the cheese bag from the countertop with his left hand.,plastic_bag
238.845,C picks a particle from the cheese with his right hand.,food_processor
239.759,C opens the cheese bag with his right hand.,plastic_bag
240.98489,C shakes the cheese bag with his left hand.,plastic_bag
242.58727,C places the cheese bag on the countertop with his left hand.,plastic_bag
247.01512,C opens the lid of the skillet with his right hand.,pan_(for_cooking)
248.17243,C holds the lid of the skillet with both hands.,pan_(for_cooking)
249.92609,C adjust the knob of the gas cooker with his right hand.,knob@@@@@doorknob@@@@@cooker
256.2108,C pours cheese into the tomato & eggs in the skillet with his right hand.,pan_(for_cooking)
260.54362,C places the cheese bag on the countertop with both hands.,canister@@@@@box@@@@@kitchen_table@@@@@can@@@@@kitchen_sink@@@@@plastic_bag@@@@@sink
262.2227,C holds the skillet handle with his left hand.,handle@@@@@pan_(for_cooking)
262.3871,C adjusts the knob of the gas cooker with his right hand.,knob@@@@@cooker
263.62923,C picks the skillet from the gas cooker with his left hand.,pan_(for_cooking)@@@@@cooker
264.545,C picks the spatula from the plate with his right hand.,plate@@@@@spatula
265.72716,C lifts the tomato & eggs from the skillet with the spatula in his right hand.,spatula
267.05112,C drops the tomato & eggs in the skillet with the spatula in his right hand.,spatula
269.87723,C moves the tomato & eggs in the skillet with the spatula in his right hand.,spatula
271.60499,C pours the tomato & eggs from the skillet into the plate on the countertop.,plate@@@@@pan_(for_cooking)
272.86405,C adjusts the tomato & eggs in the plate with the spatula in his right hand.,plate@@@@@spatula
274.03307,C scrapes the tomato & eggs in the skillet into the plate with the spatula in his right hand.,plate@@@@@spatula
275.24994,C drops the spatula in the skillet with his right hand.,spatula
276.08619,C picks the plate of tomato & eggs from the countertop with his right hand.,plate
278.48064,C places the plate of tomato & eggs on the countertop with his right hand.,plate
