timestamp,narration,object
0.34068,C adjusts the mixing bowl with spoon on the countertop with his right hand.,spoon@@@@@bowl
0.68519,C picks the plate with omelet from the countertop with his left hand.,plate
2.56759,C places the plate with omelet in his right hand on the countertop.,plate
2.8785,C adjusts the skillet on the gas stove with his left hand.,stove
3.80767,C turns on the gas stove with his right hand.,stove
6.67161,C adjusts the mixing bowl with spoon on the countertop with his left hand.,spoon@@@@@bowl
13.7923,C picks the spoon from the mixing bowl with his right hand.,spoon@@@@@bowl
15.8347,C cracks the egg with the spoon in his right hand into the mixing bowl.,spoon@@@@@bowl
18.34414,C drops the spoon on the countertop with his right hand.,spoon
19.2273,C adds the egg mixture into the mixing bowl with both hands.,bowl
21.41362,C drops the egg shell into the trash sack with his right hand.,can@@@@@trash_can
21.66398,C holds the trash sack with his left hand.,can@@@@@trash_can
26.80699,C picks a knife from the countertop with his right hand.,knife
28.31754,C slices the chili pepper on the countertop with a knife in his right hand.,knife
32.29619,C drops the knife in his right hand on the countertop.,knife
33.81582,C adds the sliced chili pepper to the egg mixture in the mixing bowl with both hands.,spoon@@@@@bowl
34.51749,C holds the mixing bowl with egg mixture on the countertop with his left hand.,spoon@@@@@bowl
34.58416,C picks the spoon from the countertop with his right hand.,spoon
35.08843,C stirs the egg mixture and the sliced chili pepper with the spoon in his right hand.,spoon
38.8417,C picks the knife from the countertop with his right hand.,knife
39.74711,C slices the onion on the countertop with a knife in his right hand.,knife
47.9308,C slices the onion on the countertop with a knife in his right hand.,knife
51.09907,C drops the knife in his right hand on the countertop.,knife
52.84901,C adds the sliced onion to the egg mixture in the mixing bowl with both hands.,bowl
54.62594,C drops the onion skin into the trash sack with his right hand.,can@@@@@trash_can
55.85082,C picks an oil container from the countertop with his right hand.,bottle
56.64397,C holds the oil container with both hands.,bottle
56.84397,C removes the oil container lid with his right hand.,bottle@@@@@bottle_cap
57.56968,C places the oil container lid on the countertop with his right hand.,bottle@@@@@bottle_cap
58.48376,C picks the scoop in the oil container with his right hand.,spoon
59.53,C pours the oil in the scoop into the container with his right hand.,spoon
60.4127,C scoops the oil with his right hand.,spoon
62.3467,C pours oil into the skillet on the gas burner with a scoop in his right hand.,pan_(for_cooking)
64.75265,C drops the scoop in his right hand into the oil container.,can@@@@@canister
65.35147,C passes the oil container from his left hand to his right hand.,can@@@@@canister
66.6181,C places the oil container on the countertop with his right hand.,can@@@@@canister
67.99332,C picks the spoon from the mixing bowl with his right hand.,spoon@@@@@bowl
68.19332,C picks the mixing bowl from the countertop with his left hand.,bowl
68.45998,C stirs the egg mixture and the sliced onion with a spoon in his right hand.,spoon
77.18171,C pours the egg mixture into the oil in the skillet with a spoon in his right hand.,pan_(for_cooking)@@@@@spoon
82.75338,C places the mixing bowl with spoon on the countertop with his left hand.,spoon@@@@@bowl
83.72004,C picks the mixing bowl with spoon from the countertop with his right hand.,spoon@@@@@bowl
85.0685,C places the mixing bowl with spoon on the countertop with his right hand.,spoon@@@@@bowl
86.1854,C lifts the plate with an omelet on the countertop with his left hand.,plate
86.21873,C picks a spatula from the countertop with his right hand.,spatula
89.50094,C spreads the egg mixture in the skillet with a spatula in his right hand.,pan_(for_cooking)@@@@@spatula
100.22194,C gently pushes the omelet in the skillet with a spatula in his right hand.,spatula
105.4322,C spreads the egg mixture in the skillet with a spatula in his right hand.,pan_(for_cooking)@@@@@spatula
108.16773,C gently pushes the omelet in the skillet with a spatula in his right hand.,spatula
109.21911,C presses the omelet in the skillet with a spatula in his right hand.,spatula
110.72413,C passes the spatula from his right hand to his left hand.,spatula
111.65745,C turns off the gas stove with his right hand.,stove
114.0107,C picks the plate with an omelet from the countertop with his right hand.,plate
115.42758,C places the plate with an omelet on the countertop with his right hand.,plate
116.90281,C passes the spatula from his left hand to his right hand.,spatula
118.13242,C holds the skillet on the gas stove with his left hand.,stove
118.53241,C gently pushes the omelet in the skillet with a spatula in his right hand.,spatula
122.6276,C adjusts the skillet on the gas stove with his left hand.,stove
124.85591,C gently pushes the omelet in the skillet with a spatula in his right hand.,spatula
129.24025,C presses the omelet in the skillet with a spatula in his right hand.,spatula
131.60012,C gently pushes the omelet in the skillet with a spatula in his right hand.,spatula
141.64871,C flips the omelet to the other side with a spatula in his right hand.,spatula
142.88341,C presses the omelet in the skillet with a spatula in his right hand.,spatula
144.05911,C adjusts the skillet on the gas stove with his left hand.,stove
152.41528,C holds the skillet on the gas stove with his left hand.,stove
152.41528,C slides the omelet in the skillet on the spatula in his right hand.,spatula
154.26202,C dishes the omelet on the spatula in his right hand into the plate on the countertop.,spatula@@@@@plate
156.05884,C drops the spatula on the countertop with his right hand.,spatula
