timestamp,narration,object
24.03506,C picks a stainless pot.,pot
30.23031,C places the stainless pot on the stovetop.,stove@@@@@pot
30.82787,C turns the stove knob.,knob@@@@@stove
32.21961,C carries the milk pot.,pot
33.91385,C opens the milk pot.,pot
34.5645,C drops the pot lid on the countertop.,pot
35.48996,C picks a cup.,cup
37.5625,C adds milk to the cup.,cup
40.04369,C adds the milk to the stainless pot.,pot
41.38688,C drops the milk pot on the stovetop.,stove@@@@@pot
42.59314,C opens the water dispenser.,dispenser
42.70264,C adds water to the cup.,cup
45.82367,C closes the water dispenser.,dispenser
46.67585,C adds water to the stainless pot.,pot
49.99028,C moves the bowl on the shelf.,bowl
52.28146,C picks the tea container from the shelf.,cup
53.14687,C opens the tea container.,cup
53.55962,C holds the tea lid with her left hand.,bottle_cap@@@@@bottle
54.04602,C picks the spoon in the tea container.,spoon@@@@@cup
54.62731,C scoops the tea with the spoon.,spoon@@@@@cup
55.25916,C adds tea into the stainless pot.,cup@@@@@pot
56.01008,C drops the spoon in the tea container.,spoon@@@@@cup
56.45629,C removes the tea lid from her left hand.,bottle_cap@@@@@bottle
56.67249,C covers the tea container with the lid.,bottle_cap@@@@@bottle@@@@@cup
57.6791,C drops the tea container on the countertop.,cup
58.298,C picks the sugar container.,cup
59.32168,C opens the sugar container.,cup
59.83553,C holds the sugar lid with her left hand.,bottle_cap@@@@@bottle
60.21561,C picks the spoon.,spoon
60.741,C scoops the sugar from the sugar container with the spoon.,spoon
62.08247,C scoops the sugar from the sugar container with the spoon.,spoon
63.28273,C drops the spoon in the sugar container.,pitcher_(vessel_for_liquid)@@@@@teacup@@@@@bowl@@@@@saucepan@@@@@can@@@@@bottle_cap@@@@@spoon@@@@@pan_(for_cooking)@@@@@frying_pan@@@@@stove@@@@@crock_pot@@@@@bottle@@@@@jar@@@@@cooker@@@@@hotplate@@@@@cup@@@@@pot@@@@@milk@@@@@mug@@@@@bucket@@@@@ring
105.836,C picks the tong.,tongs
108.268,C picks the sieve.,colander
110.0586,C picks the cup from the shelf.,teacup@@@@@cup
111.05158,C drops the cup on the countertop.,teacup@@@@@cup
132.51284,C passes the tong to her right hand.,tongs
133.3603,C fixes the tong on the stainless pot.,tongs@@@@@pot
133.88656,C lifts the stainless pot.,pot
135.17837,C drops the stainless pot on the stovetop.,stove@@@@@pot
135.74847,C removes the tong from the stainless pot.,tongs@@@@@pot
136.87381,C drops the tong on the countertop.,tongs
137.28669,C picks the tong on the countertop.,tongs
138.487,C drops the sieve.,colander
155.993,C fixes the tong on the stainless pot.,tongs@@@@@pot
156.78997,C lifts the stainless pot.,pot
158.5196,C drops the stainless pot on the stovetop.,stove@@@@@pot
159.03138,C removes the tong from the stainless pot.,tongs@@@@@pot
162.53653,C fixes the tong on the stainless pot.,tongs@@@@@pot
162.76008,C lifts the stainless pot.,pot
164.67391,C drops the stainless pot on the stovetop.,stove@@@@@pot
164.89525,C removes the tong from the stainless pot.,tongs@@@@@pot
167.20208,C fixes the tong on the stainless pot.,tongs@@@@@pot
167.63464,C lifts the stainless pot.,pot
169.566,C drops the stainless pot on the stovetop.,stove@@@@@pot
169.91652,C removes the tong from the stainless pot.,tongs@@@@@pot
172.0,C fixes the tong on the stainless pot.,tongs@@@@@pot
172.27728,C lifts the stainless pot from the stovetop.,stove@@@@@pot
174.49653,C drops the stainless pot on the stovetop.,stove@@@@@pot
181.59316,C lifts the stainless pot from the stovetop.,stove@@@@@pot
182.50018,C picks the sieve.,colander
194.30611,C drops the stainless pot on the countertop.,stove@@@@@pot
194.81637,C removes the tong from the stainless pot.,tongs@@@@@pot
195.66914,C drops the tong on the countertop.,tongs
24.01887,C places right hand on a bowl in the kitchen cabinet.,bowl
25.18485,C picks the bowl in the kitchen cabinet with her right hand.,bowl
26.19,C places left hand on the bowl.,bowl
28.81216,C turns the gas knob with her right hand.,knob
30.09,C places the bowl on the gas burner.,bowl@@@@@stove
30.49331,C regulates the heat temperature with the gas knob.,knob
32.23116,C picks a bowl on the countertop with her right hand.,bowl
33.10214,C holds the bowl with her left hand.,bowl
36.19531,C picks a cup in the kitchen cabinet.,cup
37.2713,C holds the cup above the bowl on the gas burner with her right hand.,bowl@@@@@cup
37.37369,C pours milk into the cup.,cup
39.93573,C pours milk into the bowl from the cup.,bowl@@@@@cup
41.16996,C places the bowl on the gas burner.,bowl@@@@@stove
42.28592,C puts water into the cup by pressing the button on the water dispenser with her left hand.,dispenser@@@@@cup
46.60036,C pours the water in the cup into the bowl of milk.,bowl@@@@@cup
48.40133,C places the cup on the countertop with her right hand.,cup
50.04056,C picks a cup in the kitchen cabinet.,cup
50.46606,C places the cup in the kitchen cabinet.,cup
50.96802,C picks a cup in the kitchen cabinet.,cup
51.44713,C places the cup in the kitchen cabinet.,cup
53.54281,C places a lid on her left hand.,bottle_cap@@@@@bottle
53.90086,C picks a spoon in the container with her right hand.,spoon
54.45458,C scoops tea with the spoon on her right hand.,spoon@@@@@cup
55.196,C pours the tea into the bowl of milk.,bowl@@@@@cup
55.99,C places the spoon in the container.,spoon
56.21,C picks the lid on her left hand with her right hand.,bottle_cap@@@@@bottle
59.996,C places a lid on her left hand.,bottle_cap@@@@@bottle
60.28623,C picks a spoon in the container with her right hand.,spoon
60.65005,C scoops sugar with the spoon on her right hand.,spoon
62.02654,C scoops sugar with the spoon on her right hand.,spoon
63.23,C places the spoon in the container.,spoon
63.519,C picks the lid on her left hand with her right hand.,bottle_cap@@@@@bottle
68.15745,C regulates heat temperature of the gas burner using the gas knob.,knob@@@@@stove
74.91836,C places right hand on fridge handle.,handle@@@@@refrigerator
79.56942,C regulates heat temperature of the gas burner using the gas knob.,knob@@@@@stove
107.72675,C picks a sieve from the utensil rack with her right hand.,colander
109.185,C moves the sieve from her right hand to her left hand.,colander
109.80739,C picks a cup in the kitchen cabinet with her right hand.,teacup@@@@@cup
110.96705,C places the cup on the countertop.,teacup@@@@@cup
112.17991,C regulates heat temperature of the gas burner using the gas knob.,knob@@@@@stove
133.89175,C rotates the bowl with the picker.,bowl
135.067,C places the bowl on the gas burner.,bowl@@@@@stove
135.886,C removes the picker from the bowl.,bowl@@@@@spoon
140.50326,C regulates heat temperature of the gas burner using the gas knob.,knob@@@@@stove
156.025,C picks the bowl on the gas burner with the picker.,bowl@@@@@stove
157.06967,C rotates the bowl with the picker.,bowl
158.36831,C places the bowl on the gas burner.,bowl@@@@@stove
158.96487,C removes the picker from the bowl.,bowl@@@@@spoon
159.4725,C regulates heat temperature of the gas burner using the gas knob.,knob@@@@@stove
162.30607,C picks the bowl on the gas burner with the picker.,bowl@@@@@stove
163.09888,C rotates the bowl with the picker.,bowl
164.546,C places the bowl on the gas burner.,bowl@@@@@stove
164.95274,C removes the picker from the bowl.,bowl@@@@@spoon
165.20069,C regulates heat temperature of the gas burner using the gas knob.,knob@@@@@stove
167.058,C picks the bowl on the gas burner with the picker.,bowl@@@@@stove
167.80407,C rotates the bowl with the picker.,bowl
169.29,C places the bowl on the gas burner.,bowl@@@@@stove
169.88128,C removes the picker from the bowl.,bowl@@@@@spoon
170.17253,C regulates heat temperature of the gas burner using the gas knob.,knob@@@@@stove
171.96166,C picks the bowl on the gas burner with the picker.,bowl@@@@@stove
172.61471,C rotates the bowl with the picker.,bowl
174.551,C places the bowl on the gas burner.,bowl@@@@@stove
175.353,C regulates heat temperature of the gas burner using the gas knob.,knob@@@@@stove
181.068,C turns off the gas burner.,knob@@@@@stove
181.70807,C picks the bowl with the picker with her right hand.,bowl@@@@@spoon
194.16037,C places the bowl on the countertop with the picker.,bowl@@@@@spoon
195.061,C removes the picker from the bowl.,bowl@@@@@spoon
195.414,C places the picker on the countertop.,spoon
