timestamp,narration,object
23.2636,C picks the stainless bowl from the shelf with her right hand.,bowl
25.97261,C places the stainless bowl on the countertop with her left hand.,bowl
27.47564,C places the skillet on the stove top with her left hand.,stove
29.52195,C turns on the stove with her right hand.,stove
31.47888,C gets the jar of oil from the shelf with her right hand.,jar
32.52661,C removes the lid of the oil jar with her right hand.,jar
33.51944,C adds oil to the skillet from the oil jar with her right hand.,jar
38.09677,C closes the lid of the oil jar with her right hand.,jar
39.04869,C places the oil jar on the table with her right hand.,jar@@@@@table
40.04571,C opens the blue egg crate with her right hand.,egg
40.87138,C picks an egg from the crate with her right hand.,egg
43.1042,C picks a spoon from the plate rack with her right hand.,spoon@@@@@plate
44.53764,C cracks the egg with a spoon into the bowl.,egg@@@@@bowl@@@@@spoon
48.79618,C disposes the shell of the egg with her left hand.,egg
49.63015,C places the spoon on the countertop with her right hand.,spoon
50.3211,C picks the napkin from the countertop with her right hand.,napkin
50.98547,C cleans her hands with the napkin.,napkin
53.26472,C picks the spoon from the orange bowl on the shelf with her right hand.,bowl@@@@@spoon
55.98814,C adds salt to the egg in the bowl with her right hand.,egg@@@@@bowl
59.98818,C picks the container of pepper from the shelf with her right hand.,jar@@@@@wine_bucket@@@@@bottle_cap@@@@@wok@@@@@pitcher_(vessel_for_liquid)@@@@@bucket@@@@@canister@@@@@water_jug@@@@@thermos_bottle@@@@@saucepan@@@@@can@@@@@bottle@@@@@wineglass
61.07246,C opens the lid of the container with her right hand.,jar@@@@@wine_bucket@@@@@bottle_cap@@@@@wok@@@@@pitcher_(vessel_for_liquid)@@@@@bucket@@@@@canister@@@@@water_jug@@@@@thermos_bottle@@@@@saucepan@@@@@can@@@@@bottle@@@@@wineglass
61.4723,C places the lid on the countertop with her right hand.,table@@@@@kitchen_table@@@@@can@@@@@dining_table
62.14311,C adds pepper to the egg mixture in the bowl with her right hand.,bowl@@@@@mug@@@@@cup@@@@@can@@@@@glass_(drink_container)
64.32435,C picks the lid on the countertop with her right hand.,table@@@@@kitchen_table@@@@@can@@@@@dining_table
64.70797,C covers the container with its lid.,jar@@@@@wine_bucket@@@@@bottle_cap@@@@@wok@@@@@pitcher_(vessel_for_liquid)@@@@@bucket@@@@@canister@@@@@water_jug@@@@@thermos_bottle@@@@@saucepan@@@@@can@@@@@bottle@@@@@wineglass
65.59212,C places the container of pepper on the countertop with her right hand.,jar@@@@@wine_bucket@@@@@bottle_cap@@@@@wok@@@@@pitcher_(vessel_for_liquid)@@@@@bucket@@@@@canister@@@@@water_jug@@@@@thermos_bottle@@@@@table@@@@@saucepan@@@@@kitchen_table@@@@@can@@@@@bottle@@@@@wineglass@@@@@dining_table
67.02844,C picks the container of curry from the shelf with her right hand.,jar@@@@@wine_bucket@@@@@bottle_cap@@@@@wok@@@@@pitcher_(vessel_for_liquid)@@@@@bucket@@@@@canister@@@@@water_jug@@@@@thermos_bottle@@@@@saucepan@@@@@can@@@@@bottle@@@@@wineglass
67.81544,C opens the lid of the container with her right hand.,jar@@@@@wine_bucket@@@@@bottle_cap@@@@@wok@@@@@pitcher_(vessel_for_liquid)@@@@@bucket@@@@@canister@@@@@water_jug@@@@@thermos_bottle@@@@@saucepan@@@@@can@@@@@bottle@@@@@wineglass
69.11476,C adds curry to the egg mixture in the bowl with her right hand.,bowl@@@@@mug@@@@@cup@@@@@can@@@@@glass_(drink_container)
72.09327,C covers the container with its lid.,jar@@@@@wine_bucket@@@@@bottle_cap@@@@@wok@@@@@pitcher_(vessel_for_liquid)@@@@@bucket@@@@@canister@@@@@water_jug@@@@@thermos_bottle@@@@@saucepan@@@@@can@@@@@bottle@@@@@wineglass
73.09317,C places the container on the countertop with her right hand.,jar@@@@@wine_bucket@@@@@bottle_cap@@@@@wok@@@@@pitcher_(vessel_for_liquid)@@@@@bucket@@@@@canister@@@@@water_jug@@@@@thermos_bottle@@@@@table@@@@@saucepan@@@@@kitchen_table@@@@@can@@@@@bottle@@@@@wineglass@@@@@dining_table
74.35764,C picks the ginger powder container from the shelf with her right hand.,jar@@@@@wine_bucket@@@@@bottle_cap@@@@@wok@@@@@pitcher_(vessel_for_liquid)@@@@@bucket@@@@@canister@@@@@water_jug@@@@@thermos_bottle@@@@@saucepan@@@@@can@@@@@bottle@@@@@wineglass
75.77873,C opens the lid of the container with her right hand.,jar@@@@@wine_bucket@@@@@bottle_cap@@@@@wok@@@@@pitcher_(vessel_for_liquid)@@@@@bucket@@@@@canister@@@@@water_jug@@@@@thermos_bottle@@@@@saucepan@@@@@can@@@@@bottle@@@@@wineglass
76.70256,C adds the garlic powder to the egg mixture in the bowl.,bowl@@@@@mug@@@@@cup@@@@@can@@@@@glass_(drink_container)
80.08139,C covers the container with its lid.,jar@@@@@wine_bucket@@@@@bottle_cap@@@@@wok@@@@@pitcher_(vessel_for_liquid)@@@@@bucket@@@@@canister@@@@@water_jug@@@@@thermos_bottle@@@@@saucepan@@@@@can@@@@@bottle@@@@@wineglass
81.02343,C places the garlic powder container on the countertop with her right hand.,jar@@@@@wine_bucket@@@@@bottle_cap@@@@@wok@@@@@pitcher_(vessel_for_liquid)@@@@@bucket@@@@@canister@@@@@water_jug@@@@@thermos_bottle@@@@@table@@@@@saucepan@@@@@kitchen_table@@@@@can@@@@@bottle@@@@@wineglass@@@@@dining_table
81.78584,C picks the spoon on the countertop with her right hand.,table@@@@@ladle@@@@@kitchen_table@@@@@can@@@@@dining_table@@@@@spoon
82.36141,"C whisks the egg in the bowl with a spoon until the yolk, salt, pepper, curry, and garlic powder are well integrated.",bowl@@@@@mug@@@@@cup@@@@@ladle@@@@@can@@@@@spoon@@@@@glass_(drink_container)
98.74115,C pours the egg mixture in the skillet.,pan_(for_cooking)@@@@@wok@@@@@frying_pan@@@@@can@@@@@griddle@@@@@pan_(metal_container)
105.22314,C places the bowl on the countertop with her right hand.,bowl@@@@@mug@@@@@cup@@@@@table@@@@@kitchen_table@@@@@can@@@@@dining_table@@@@@glass_(drink_container)
106.89308,C adjusts the heat of the stove by turning the knob with her right hand.,handle@@@@@stove@@@@@cooker@@@@@oven@@@@@can@@@@@knob
112.84189,C picks the napkin on the countertop with her right hand.,paper_towel@@@@@table@@@@@kitchen_table@@@@@can@@@@@towel@@@@@napkin@@@@@dining_table
113.77428,C wipes her hand with the napkin.,hand_towel@@@@@towel@@@@@person
114.29385,C picks the spatula from the plate rack with her right hand.,spatula@@@@@plate
116.50473,C moves the egg in the skillet with the spatula.,egg@@@@@frying_pan@@@@@spatula
118.25033,C adjusts the heat of the stove by turning the knob with her left hand.,stove@@@@@knob
124.13112,C pushes the omelet in the skillet with a spatula.,omelet@@@@@frying_pan@@@@@spatula
129.6569,C moves the omelet in the skillet with a spatula.,omelet@@@@@frying_pan@@@@@spatula
133.94604,C moves the omelet in the skillet with the spatula.,omelet@@@@@frying_pan@@@@@spatula
138.78833,C moves the spatula to her left hand.,spatula@@@@@person
139.43781,C moves the spatula to her right hand.,spatula@@@@@person
140.60996,C picks the spoon from the stainless bowl with her left hand.,bowl@@@@@spoon
141.92189,C flips the omelet in the skillet with the spoon and spatula.,omelet@@@@@frying_pan@@@@@spatula@@@@@spoon
144.99023,C presses the egg in the skillet with a spatula.,egg@@@@@frying_pan@@@@@spatula
155.17757,C places the spoon in the stainless bowl with her left hand.,bowl@@@@@spoon
156.37455,C presses the omelet in the skillet with a spatula.,omelet@@@@@frying_pan@@@@@spatula
163.55712,C adjusts the heat of the stove by turning the knob with her left hand,stove@@@@@knob
165.03852,C places the spatula on the omelet in the skillet with her right hand.,omelet@@@@@frying_pan@@@@@spatula
166.00646,C gets a stainless plate from the kitchen shelf with her right hand.,person@@@@@plate
169.22941,C picks the spatula from the skillet with her right hand.,frying_pan@@@@@spatula
169.87136,C flips the omelet in the skillet with a spatula.,omelet@@@@@frying_pan@@@@@spatula
171.59653,C transfers the omelet to the plate with the spatula.,omelet@@@@@spatula@@@@@plate
179.92438,C places the spatula in the skillet with her right hand.,frying_pan@@@@@spatula
180.69021,C turns off the stove with her right hand.,stove@@@@@person
