timestamp,narration,object
0.48451,C picks a knife from the countertop with her right hand.,knife
1.546,C cuts the cucumber in her left hand with the knife in her right hand.,knife
7.066,C peels the cucumber slice in her left hand with the knife in her right hand.,knife
8.74091,C drops the cucumber peel into a bowl on the countertop with her right hand.,bowl
9.212,C peels the cucumber slice in her left hand with the knife in her right hand.,knife
11.75573,C drops the cucumber peel into a bowl on the countertop with her right hand.,bowl
12.29776,C peels the cucumber slice in her left hand with the knife in her right hand.,knife
15.47517,C drops the cucumber peel into a bowl on the countertop with her right hand.,bowl
15.93815,C peels the cucumber slice in her left hand with the knife in her right hand.,knife
16.52653,C drops the cucumber peel into a bowl on the countertop with her right hand.,bowl
17.131,C cuts the cucumber slice in her left hand with the knife inn her right hand.,knife
19.328,C cuts the cucumber slice in her left hand into a yellow bowl on the countertop with the knife in her right hand.,bowl@@@@@knife
22.995,C cuts the cucumber slice into the yellow bowl on the countertop with the knife in her right hand.,bowl@@@@@knife
28.31472,C drops the cucumber pieces into the yellow bowl on the countertop with both hands.,bowl
31.439,C cuts the tip of the tomato in her left hand with the knife in her right hand.,knife
34.28887,C drops the tomato tip into the bowl on the countertop  with her right hand.,bowl
34.9905,C cuts the tomato in her left hand with the knife in her right hand.,knife
37.71352,C cuts the tomato slice in her left hand into the yellow bowl with the knife in her right hand.,bowl@@@@@knife
47.52684,C drops the cut tomatoes into the yellow bowl on the countertop with her left hand.,bowl
49.9721,C adjusts the camera glasses on her face with her left hand.,hand_glass@@@@@glass_(drink_container)
50.62656,C places the knife on the countertop with her right hand.,knife
51.25332,C picks the salt container from the countertop with her right hand.,jar
51.74628,C holds the salt container with both hands.,jar
51.93216,C opens the lid of the salt container in her left hand with her right hand.,jar
52.42412,C passes the lid of the salt container from her right hand to her left hand.,jar
52.81455,C picks a spoon from the salt container in her left hand with her right hand.,jar@@@@@spoon
53.58431,C scoops some  salt from the salt container in her left hand with the spoon in her right hand.,jar@@@@@spoon
54.52858,C pours the salt into the tomato and cucumber mixture in the yellow bowl with the spoon in her right hand.,bowl@@@@@spoon
55.34189,C drops the spoon into the salt container in her left hand with her right hand.,jar@@@@@spoon
55.59741,C picks the lid of the salt container from her left hand with her right hand.,jar
55.92465,C closes the salt container in her left hand with the lid of the salt container in her right hand.,jar
56.33216,C picks the salt container from her left hand with her right hand.,jar
56.70812,C places the salt container on the countertop with her right hand.,jar
57.05467,C picks a pepper container from the countertop with her right hand.,jar
57.85751,C holds the pepper container with both hands.,jar
58.09116,C opens the lid of the pepper container in her left hand with her right hand.,jar
59.14818,C passes the lid of the pepper container from her right hand to her left hand.,jar
59.61617,C picks a spoon from the pepper container in her left hand with her right hand.,jar@@@@@spoon
60.62172,C scoops some pepper from the pepper container in her left hand with the spoon in her right hand.,jar@@@@@spoon
61.60317,C pours the pepper into the tomato and cucumber mixture in the yellow with the spoon in her right hand.,bowl@@@@@spoon
62.36992,C drops the spoon in the pepper container in her left hand with her right hand.,spoon
62.64431,C picks the lid of the salt container from her left hand with her right hand.,jar
64.626,C picks a spoon from the countertop with her right hand.,spoon
65.60498,C holds the yellow bowl on the countertop with her left hand.,bowl
65.94161,C stirs the tomato and cucumber mixture together in the yellow bowl with the spoon in her right hand.,bowl@@@@@spoon
66.41753,C picks the yellow bowl from the countertop with her left hand.,bowl
69.57269,C places the yellow bowl on the countertop with her left hand.,bowl
72.78974,C moves the yellow bowl on the countertop with her left hand.,bowl
73.42403,C places the spoon into the yellow bowl on the countertop with her right hand.,bowl@@@@@spoon
74.25607,C moves the yellow bowl on the countertop with her right hand.,bowl
74.32274,C drops the cucumber slice into the yellow bowl on the countertop with her left hand.,bowl
74.92651,C picks a spoon from the yellow bowl on the countertop with her right hand.,bottle@@@@@person@@@@@bowl@@@@@jar@@@@@spoon@@@@@can
