timestamp,narration,object
0.0,C opens the fridge with her right hand.,person@@@@@refrigerator
1.08817,C picks a bag of shredded cheese from the fridge with her left hand.,person@@@@@refrigerator
1.30522,C picks a pack of butter from the fridge with her right hand.,person@@@@@refrigerator
2.09858,C passes the pack of butter from her right hand to her left hand.,packet@@@@@person
3.25658,C picks a bunch of scallions from the fridge with her right hand.,person@@@@@refrigerator
5.85566,C picks a tomato from the fridge with her right hand.,person@@@@@refrigerator
6.82426,C closes the fridge with her right hand.,handle@@@@@refrigerator@@@@@hat
9.42763,C passes the bag of shredded cheese and the pack of butter from her left hand to her right hand.,packet
12.8117,C picks the cutting board from the countertop with her right hand.,chopping_board
13.82689,C places the cutting board on the countertop with her right hand.,kitchen_table@@@@@chopping_board
16.68206,C picks a bowl from the kitchen pantry with her right hand.,bowl
17.7747,C opens a crate of eggs in the kitchen pantry with her right hand.,egg@@@@@box
20.05396,C picks an egg from the crate of eggs with her right hand.,egg@@@@@bowl
22.08813,C touches the bowl in her left hand with her right hand.,bowl
22.6884,C places the bowl on the countertop with her left hand.,bowl
22.90725,C places the egg into the bowl with her right hand.,egg@@@@@bowl
25.72969,C picks a knife from the cutlery holder in the kitchen pantry with her right hand.,knife
26.35018,C passes the knife from her right hand to her left hand.,knife
26.69137,C picks a spoon from the cutlery holder in the pantry with her right hand.,spoon
27.73969,C passes the spoon from her right hand to her left hand.,spoon
28.1225,C picks a fork from the cutlery holder in the pantry with her right hand.,fork
29.21219,C holds the spoon with both hands.,spoon@@@@@person
29.96812,C places the spoon and knife on the cutting board with her left hand.,knife@@@@@spoon
29.96812,C places the fork on the cutting board with her right hand.,fork
36.25794,C places the skillet on the stovetop with her left hand.,stove
40.50816,C turns the stove knob with her left hand.,stove@@@@@knob
43.5365,C picks a knife and a spoon from the cutting board with her left hand.,knife@@@@@spoon
43.66983,C picks the fork from the cutting board with her right hand.,fork
45.49635,C places the spoon on countertop with her left hand.,spoon
45.5155,C places the fork on the cutting board with her right hand.,fork
46.16788,C passes the knife from her left hand to her right hand.,knife
48.64068,C cuts tomato on the cutting board with the knife in her right hand.,knife@@@@@chopping_board
57.98916,C places the knife on the cutting board with he right hand.,knife@@@@@chopping_board
58.46358,C adjusts the heat of the skillet with her right hand.,stove
59.56421,C picks an egg from the bowl on the countertop with her left hand.,egg@@@@@bowl
60.54158,C holds the bowl on the countertop with her left hand.,bowl
60.60825,C cracks the egg by the edge of the bowl with her right hand.,egg@@@@@bowl
61.54909,C pours the egg into the bowl with both hands.,egg@@@@@bowl
63.10852,C places the egg shell in her left hand into the egg shell in her right hand.,egg
64.60455,C places the egg shells on the countertop with her right hand.,egg@@@@@coffee_table@@@@@kitchen_table@@@@@can@@@@@dining_table@@@@@table-tennis_table
65.26169,C opens a jar of salt with her left hand.,person@@@@@can@@@@@jar
65.73857,C picks a spoon from a jar of salt with her right hand.,spoon@@@@@person@@@@@can@@@@@jar
66.07191,C scoops salt with the spoon in her right hand.,spoon@@@@@saltshaker@@@@@shaker@@@@@person@@@@@can
68.76723,C pours salt into the egg with her right hand.,saltshaker@@@@@shaker@@@@@egg@@@@@person@@@@@can
69.55604,C places the spoon into the jar of salt with her right hand.,spoon@@@@@jar
69.55604,C closes the jar of salt with the lid in her right hand.,jar
70.12375,C picks a jar of red pepper powder from a  bowl on the countertop with her right hand.,bowl@@@@@jar
70.95274,C opens the jar of red pepper powder with her right hand.,jar
71.8599,C holds the red pepper jar with her right hand.,jar
72.24417,C pours red pepper powder into the egg in the bowl with her right hand.,egg@@@@@bowl
73.85286,C adjusts the lid of red pepper powder jar with her left hand.,jar
76.16915,C closes the red pepper powder jar with her left hand.,jar
77.1564,C places the jar of red pepper powder in the bowl on the countertop with her right hand.,bowl@@@@@jar
77.77872,C picks a jar of black pepper powder from a bowl on the countertop with her right hand.,bowl@@@@@jar
78.40882,C passes the jar of black pepper powder from her right hand to her left hand.,can@@@@@jar
78.67417,C opens the jar of black pepper powder with her right hand.,jar
78.96896,C places the black pepper powder jar lid on the countertop with her right hand.,jar
79.40066,C shakes black pepper powder into the egg in the bowl with both hands.,bowl@@@@@pepper_mill
89.61829,C drops the black pepper powder jar on the countertop with her right hand.,jar
90.07885,C picks the black pepper powder jar from the countertop with her right hand.,jar
90.71645,C passes the jar of black pepper powder from her right hand to her left hand.,can@@@@@jar
91.03047,C picks the black pepper powder jar lid from the countertop with her right hand.,bottle@@@@@jar
91.46257,C closes the jar of black pepper powder with the lid in her right hand.,bottle@@@@@bottle_cap@@@@@jar
92.38315,C passes the jar of black pepper powder from her left hand to her right hand.,person@@@@@jar
93.02334,C places the black pepper powder jar in a bowl on the countertop with her right hand.,bowl@@@@@jar
95.51081,C places the pack of butter and the bag of shredded cheese on the countertop with her right hand.,packet@@@@@plastic_bag
99.28785,C places the scallion on the cutting board with her left hand.,chopping_board
99.48785,C picks a knife from the cutting board with her right hand.,knife@@@@@chopping_board
99.85185,C cuts scallion on the cutting board with the knife in her right hand.,knife@@@@@chopping_board
100.63311,C lifts the scallion from the cutting board with her left hand.,carrot@@@@@cauliflower@@@@@can@@@@@garlic@@@@@chopping_board
100.79978,C picks the scallion root from the cutting board with her right hand.,carrot@@@@@cauliflower@@@@@can@@@@@garlic@@@@@chopping_board
101.50007,C places the knife on the cutting board with her right hand.,knife@@@@@chopping_board
103.96837,C turns on the tap with her right hand.,faucet
104.12891,C washes scallion under running water with both hands.,faucet
105.61309,C turns off the tap with her right hand.,faucet
108.55031,C picks the knife from the cutting board with both hands.,knife@@@@@chopping_board
109.10701,C cuts the scallion on the cutting board with the knife in her right hand.,knife@@@@@chopping_board
117.02183,C places the knife on the cutting board with her right hand.,knife@@@@@chopping_board
117.28679,C picks the chopped scallions from the cutting board with her right hand.,fork@@@@@chopping_board
119.1024,C places the chopped scallions into the egg in the bowl with her right hand.,egg@@@@@bowl
120.09282,C adjusts the heat of the stove with her right hand.,stove
120.91138,C picks a fork from the cutting board with her right hand.,fork@@@@@chopping_board
120.99202,C picks the bowl  from the countertop with her left hand.,bowl
121.60014,C whisks the egg in the bowl with the fork in her left hand.,egg@@@@@fork@@@@@bowl
129.9962,C places the fork in the bowl with her right hand.,fork@@@@@bowl
130.65666,C places the bowl on the countertop with her left hand.,bowl
139.7375,C picks a spoon from the countertop with her right hand.,spoon
141.15719,C scoops butter from the stick of butter with a spoon in her right hand.,spoon
143.74548,C places the stick of butter on the cutting board with her left hand.,chopping_board
144.74481,C pours butter into the skillet with the spoon in her right hand.,spoon
146.62147,C places the spoon on the cutting board with her right hand.,spoon
148.99615,C picks a spatula from the pantry with her right hand.,spatula
150.34512,C holds the spatula with both hands.,spatula
151.02677,C stirs the butter in the skillet with the spatula in her right hand.,spatula
155.58488,C touches the cut tomatoes on the cutting board with her left hand.,chopping_board
155.69445,C places the spatula on the cutting board with her right hand.,spatula
156.39444,C picks cut tomato from the cutting board with her right hand.,chopping_board
157.564,C places the cut tomato in the skillet with her right hand.,pan_(for_cooking)
158.38092,C picks cut tomato from the cutting board with her right hand.,chopping_board
159.33442,C places the cut tomato in the skillet with her right hand.,pan_(for_cooking)
159.99892,C picks cut tomato from the cutting board with her right hand.,chopping_board
161.01071,C places the cut tomato in the skillet with her right hand.,pan_(for_cooking)
161.70246,C picks cut tomato from the cutting board with her right hand.,chopping_board
162.70194,C places the cut tomato in the skillet with her right hand.,pan_(for_cooking)
164.0636,C picks the bowl of egg mixture from the countertop with her left hand.,bowl
164.99769,C adjusts the heat of the skillet with her right hand.,stove
166.03415,C lifts the skillet from the stovetop with her right hand.,stove
167.5117,C places the skillet on the stovetop with her right hand.,stove@@@@@can
168.67071,C picks the spatula from the cutting board with her right hand.,spatula
169.50895,C stirs the tomatoes in the skillet with the spatula in her right hand.,spatula
174.50478,C places the spatula on the cutting board with her right hand.,spatula
175.13296,C picks the fork from the bowl with her right hand.,fork@@@@@bowl
175.58855,C whisks the egg mixture in the bowl with the fork in her right hand.,fork@@@@@bowl
185.41657,C places the fork into the bowl with her right hand.,fork@@@@@bowl
186.80378,C places the bowl on the countertop with her left hand.,bowl
188.30387,C picks shredded cheese from the bag with her right hand.,plastic_bag@@@@@hand_glass
192.47978,C pours shredded cheese on the egg in the skillet with her right hand.,spoon@@@@@frying_pan
195.53787,C picks shredded cheese from the bag with her right hand.,plastic_bag@@@@@hand_glass
196.94186,C pours shredded cheese on the egg in the skillet with her right hand.,spoon@@@@@frying_pan
199.99654,C places the bag of shredded cheese on the countertop with her right hand.,plastic_bag@@@@@grocery_bag@@@@@can
201.94441,C closes the skillet with the lid in her right hand.,pan_(for_cooking)
203.12031,C adjusts the heat of the stove with her right hand.,stove
205.33311,C adjusts the heat of the stove with her right hand.,stove
207.17908,C pick the stick of butter from the cutting board with her right hand.,chopping_board
207.93288,C places the stick of butter into the butter pack with her right hand.,packet
216.38908,C opens the fridge with her right hand.,person@@@@@refrigerator
219.48566,C places the pack of butter into the fridge with her right hand.,packet@@@@@refrigerator
221.46059,C places the bunch of scallions into the fridge with her right hand.,refrigerator
222.67695,C pushes the fridge compartment with her right hand.,refrigerator@@@@@hat
223.5929,C adjusts the pot in the fridge with her right hand.,pot@@@@@refrigerator
225.12622,C closes the fridge with her right hand.,handle@@@@@refrigerator@@@@@hat
225.78096,C touches the fridge door with her left hand.,refrigerator
233.50701,C opens the waste bin with her right foot.,trash_can@@@@@can
234.16716,C throws out the egg shells and the scallion root into the waste bin with her right hand.,trash_can@@@@@egg@@@@@can
235.14482,C picks a plate from the plate rack on the countertop with both hands.,cabinet@@@@@plate
236.92264,C holds the plate with both hands.,person@@@@@plate
239.02386,C places the plate on the countertop with both hands.,kitchen_table@@@@@plate
240.11953,C picks the knife from the cutting board with her right hand.,knife@@@@@chopping_board
240.81952,C removes scallions from the knife with her left hand.,knife
242.2484,C places the knife on the cutting board with her right hand.,knife@@@@@chopping_board
250.15398,C picks a bowl from the countertop with her left hand.,bowl
254.74297,C opens the waste bin with her right foot.,trash_can@@@@@can
256.30145,C touches the bowl in her left hand with her right hand.,bowl
257.14525,C turns on the tap with her right hand.,faucet
257.78288,C fills the bowl with water from the tap.,bowl@@@@@faucet
258.1434,C places the bowl into the sink with her left hand.,bowl@@@@@sink
259.61604,C turns off the tap with her right hand.,faucet
262.57141,C turns on the tap with her right hand.,faucet
263.73769,C picks the fork from the bowl with her right hand.,fork@@@@@bowl
265.19323,C picks the bowl from the sink with her right hand.,bowl@@@@@sink
266.20008,C picks a sponge from a bowl on the countertop with her right hand.,sponge@@@@@bowl
266.73786,C washes the bowl with the sponge in her right hand.,sponge@@@@@bowl
267.87377,C places the sponge into the bowl on the countertop with her right hand.,sponge@@@@@bowl
268.31944,C rinses the bowl under running water with her left hand.,bowl@@@@@sink
269.16776,C turns off the tap with her right hand.,faucet
269.874,C passes the bowl from her left hand to her right hand.,bowl
272.84575,C passes the fork from her left hand to her right hand.,fork
273.25901,C places the fork into the cutlery hold with her right hand.,fork@@@@@ring@@@@@can
275.26934,C picks the spatula from the countertop with her right hand.,spatula
276.08695,C lifts the lid on the skillet with her left hand.,cistern@@@@@bucket@@@@@can
278.87198,C holds the skillet with her left hand.,frying_pan@@@@@pan_(for_cooking)@@@@@can@@@@@saucepan
279.16798,C slides the spatula under the egg and tomatoes in the skillet with her right hand.,egg@@@@@frying_pan@@@@@spatula@@@@@pan_(for_cooking)@@@@@can@@@@@boiled_egg@@@@@saucepan
279.58664,C lifts the skillet from the stovetop with her left hand.,stove@@@@@frying_pan@@@@@pan_(for_cooking)@@@@@can@@@@@saucepan
284.50363,C transfers the tomatoes and egg from the skillet to the plate with the spatula in her right hand.,spatula@@@@@plate
290.02018,C places the spatula in the skillet with her right hand.,spatula
290.68231,C turns off the stove with her right hand.,stove
291.42205,C places the skillet on the stovetop with her left hand.,stove
292.02395,C passes the skillet from her left hand to her right hand.,pan_(for_cooking)
