timestamp,narration,object
24.69332,C adjust the gas burner.,urn
26.03183,C turns on the gas burner.,urn
27.62927,C picks the lighter from the kitchen cabinet.,igniter@@@@@cabinet@@@@@can
30.11553,C lights the gas burner.,urn
32.80617,C returns the lighter.,igniter@@@@@can
35.33406,C picks the skillet from the kitchen rack.,pan_(for_cooking)
38.28107,C places the skillet on the gas burner.,pan_(for_cooking)@@@@@stove
42.54996,C picks up a jar of oil.,jar
45.43612,C opens the jar of oil.,jar
46.31928,C drop the jar lid on the counter top.,jar
48.33125,C scopes oil from the jar.,jar
53.19998,C returns the scope ladle into the jar.,jar@@@@@ladle
54.90865,C covers the jar with the lid.,jar
57.09427,C returns the jar to the cabinet.,cabinet@@@@@jar
62.617,C picks up the chopping board.,chopping_board
64.73521,C drops the chopping board on the counter top.,chopping_board
66.68289,C opens the basket.,basket
69.11867,C picks up vegetables from the basket.,basket
69.70706,C closes the basket.,basket
71.94635,C places the onions on the chopping board.,chopping_board
73.25411,C places the green pepper on the chopping board.,chopping_board
96.58175,C picks up a bowl from the plate rack.,bowl@@@@@plate
98.44608,C drops the bowl on the counter top.,bowl
100.5579,C picks up the egg from a bowl.,eggbeater@@@@@bowl@@@@@can
104.04206,C picks up spoon from the plate rack.,spoon@@@@@plate
105.65514,C uses spoon to crack the egg.,spoon
107.15432,C drops the spoon in the bowl.,bowl@@@@@spoon
108.39031,C cracks the egg with her hands into the bowl.,bowl
113.1305,C adds the vegetables to the egg in the bowl.,bowl
119.13056,C picks up the bowl with the egg mixture.,bowl
120.398,C drops the bowl with the egg mixture on the counter top.,bowl
121.81408,C grabs a jar of salt.,jar
123.37219,C opens the jar of salt.,jar
124.75042,C scopes out salt from the jar.,jar
127.89922,C returns the jar of salt to the cabinet.,cabinet@@@@@jar
128.36488,C grabs a jar of pepper from the cabinet.,cabinet@@@@@jar
129.35585,C drops the jar of pepper on the counter top.,jar
129.76402,C opens the jar of pepper.,jar
130.65701,C scopes out pepper from the jar.,jar
133.36415,C adds pepper to egg mixture.,jar@@@@@bowl@@@@@spoon
135.9736,C closes the jar of pepper.,jar
137.91616,C returns jar of pepper to the cabinet.,cabinet@@@@@jar
139.3783,C whisks the egg with a spoon.,spoon
151.73799,C picks up the bowl with egg mixture.,bowl
153.11917,C drops the bowl of egg mixture on the counter top.,bowl
159.90625,C regulates the heat on the gas burner.,knob@@@@@cooker@@@@@stove@@@@@urn
166.58437,C regulates the heat on the gas burner.,knob@@@@@cooker@@@@@stove@@@@@urn
167.94106,C whisks the egg mixture with a spoon.,spoon
173.31677,C picks up the bowl of egg mixture.,bowl
175.48143,C pours the egg mixture into the skillet.,can
182.40543,C drops the bowl on the counter top.,bowl
183.60564,C moves the bowl across the counter top.,bowl
184.37836,C places the bowl on the counter top.,bowl
185.80373,C picks up a plate from the kitchen rack.,plate
187.55115,C places the plate on the counter top.,plate@@@@@hat
190.90354,C picks up a spatula.,spatula
194.34523,C regulates the heat on the gas burner.,knob@@@@@cooker@@@@@stove@@@@@urn
195.06756,C slips spatula under omelette.,spatula
204.92621,C slips spatula under omelette.,spatula
221.77486,C slips spatula under omelette.,spatula
226.14741,C flips omelette to the other side.,spatula@@@@@frying_pan@@@@@can
238.1391,C slips spatula under omelette.,spatula
242.86387,C flips omelette to the other side.,spatula@@@@@frying_pan@@@@@can
249.14286,C slips spatula under omelette.,spatula
263.37829,C regulates heat of the gas burner.,cooker@@@@@stove@@@@@urn@@@@@can
264.28698,C slips spatula under omelette.,spatula
266.39429,C flips omelette to the other side.,spatula@@@@@frying_pan@@@@@can
275.69806,C regulates heat of the gas burner.,cooker@@@@@stove@@@@@urn@@@@@can
276.8254,C flips omelette to the other side.,spatula@@@@@frying_pan@@@@@can
283.11708,C serves omelette into a plate.,plate
286.41675,C picks up the plate with omelette.,plate
288.24081,C drops the plate of omelette.,plate
19.3652,A Man O wears the camera glasses with both hands.,camera@@@@@spectacles@@@@@can
24.77859,C places his hands below the gas cooker on the countertop.,cooker
25.1536,C moves the gas cooker on the countertop with  both hands.,cooker
25.98958,C turns the knob of the gas cooker with his left hand.,knob@@@@@cooker@@@@@can
27.61435,C picks up the lighter on the shelf with his left hand.,igniter@@@@@can
28.62405,C passes the lighter from his left hand to his right hand.,igniter@@@@@can
30.37274,C lights the gas cooker with the lighter in his right hand.,igniter@@@@@can
31.97262,C holds the lighter with both hands.,igniter@@@@@can
32.72449,C places the lighter on the shelf with his right hand.,igniter@@@@@can
35.32696,C picks up a skillet from the rack with his right hand.,pan_(for_cooking)
37.453,C holds the skillet with both hands.,pan_(for_cooking)
38.20768,C places the skillet on the gas burner with both hands.,pan_(for_cooking)@@@@@stove@@@@@urn
40.04564,C moves the skillet on the gas burner with his right hand.,pan_(for_cooking)@@@@@stove
40.68597,C adjusts the gas cooker knob with his left hand.,knob@@@@@cooker
42.66765,C picks up an oil jar from the shelf with his left hand.,jar
44.22508,C holds the oil jar with both hands.,jar
44.60484,C places the oil jar on the countertop with both hands.,jar
45.36903,C opens the oil  jar with his right hand.,jar
46.34496,C places the lid of the oil  jar on the countertop with his right hand.,jar
47.28169,C dips his right hand into the oil  jar.,jar
47.46483,C picks up the ladle in the  oil jar with his right hand.,jar@@@@@ladle
48.34668,C scoops oil from the jar with the ladle in his right hand.,jar@@@@@ladle
49.57612,C lifts the oil jar with his left hand.,jar
50.62601,C pours the oil in the ladle into the skillet with his right hand.,ladle
53.09273,C drops the ladle into the oil jar with his right hand.,jar@@@@@ladle
53.78259,C places the oil jar on the countertop  with his left hand.,jar
54.0358,C picks up the lid of the oil jar with his right hand.,jar
54.84483,C covers the oil jar with the lid in his right hand.,jar
55.43968,C presses down the lid of the oil jar with his right hand.,jar
56.14655,C picks up the oil jar with his left hand and his right hand on top.,jar
57.30922,C places the jar on the shelf with his left hand.,jar
58.96632,C places his right hand on the oil jar in the shelf.,jar
59.96916,C moves the oil jar with his left hand.,jar
62.53545,C picks up a chopping board with his right hand.,chopping_board
63.78113,C holds the chopping board with both hands.,chopping_board
64.73246,C places the chopping board on the countertop with both hands.,chopping_board
66.82003,C opens a basket in the cabinet with both hands.,cabinet@@@@@basket
67.93544,C dips his right hand into the basket in the cabinet.,cabinet@@@@@basket
69.08266,C covers the lid of the basket in the cabinet  with his left hand.,cabinet@@@@@basket
70.00216,C picks up green chili from the lid of the silver bucket in the cabinet with his right hand.,cabinet@@@@@bucket
71.84894,C places the onion on the chopping board with his right hand.,chopping_board
72.42798,C raises the cutter in the chopping board with his left hand.,chopping_board
73.07668,C drops the green chili on the chopping board with his left hand.,chopping_board
73.49093,C places his left hand on the onion in the chopping board.,chopping_board
73.71403,C moves the onion on the chopping board with his left hand.,chopping_board
74.59682,C slices onion on the  chopping board with the cutter in his right hand.,chopping_board
83.70151,C turns the sliced onion on the chopping board with his left hand.,chopping_board
84.80756,C moves sliced onion on the chopping board with his right hand.,chopping_board
88.37293,C moves diced onion on the chopping board with his left hand.,chopping_board
90.13034,C moves the green chili on the chopping board with his left hand.,chopping_board
91.10431,C slices the green chili with the cutter in his right hand.,knife
91.68676,C moves the green chili on the chopping board with his left hand.,chopping_board
91.98666,C slices the green chili with the cutter in his right hand.,knife
95.38371,C drops the calyx of the green chili on the chopping board with his left hand.,chopping_board
97.20919,C picks up a bowl from the rack with his right hand.,bowl
98.24777,C moves the cutter on the chopping board with his left hand.,chopping_board
98.48806,C places the bowl on the countertop with his right hand.,bowl
100.44083,C picks up an egg from a bowl in the shelf with his left hand.,eggbeater@@@@@bowl@@@@@can
101.4097,C holds the bowl in the shelf with his right hand.,bowl
104.05001,C picks up a spoon from the rack with his right hand.,spoon
105.57188,C cracks the egg shell in his left hand with the spoon in his right hand.,spoon
106.99945,C drops the spoon into the bowl on the countertop with his right hand.,bowl@@@@@spoon
108.92308,C pours the egg into the bowl on the countertop with both hands.,bowl
111.68709,C gathers the diced onion with sliced green chili  on the chopping board with his right hand.,chopping_board
113.00373,C adds the diced onion with sliced green chili  to the bowl on the countertop with his right hand.,bowl
113.10029,C picks a sliced green chili  on the chopping board with his left hand.,chopping_board
113.91541,C packs the diced onion on the chopping board with his right hand.,chopping_board
114.7547,C adds sliced green chili to the bowl with his left hand.,bowl
114.80685,C adds the diced onion to the bowl with his right hand.,bowl
115.16088,C moves the cutter on the chopping board with his left hand.,chopping_board
115.27423,C gathers the diced onion with sliced green chili on the chopping board with his right hand.,chopping_board@@@@@bowl@@@@@can
115.66741,C gathers the diced onion with sliced green chili on the chopping board with his right hand.,chopping_board@@@@@bowl@@@@@can
115.8986,C picks up the diced onion on the chopping board with his right hand.,chopping_board
116.55466,C adds the diced onion with sliced green to the bowl on the countertop with his right hand.,bowl
117.28364,C picks up a diced onion on the chopping board with his right hand.,chopping_board
117.66905,C adds the diced onion to the bowl with his left hand.,bowl
118.22871,C picks the egg shell on the countertop with his left hand.,eggbeater@@@@@can
118.50344,C adds the diced onion to the bowl with his right hand.,bowl
118.76164,C drops the egg shell on the chopping board with his left hand.,eggbeater@@@@@can
119.22516,C picks up the bowl on the countertop with his right hand.,bowl
120.27023,C places the bowl on the countertop with his right hand.,bowl
121.86012,C picks up a salt jar from the shelf with his left hand.,jar
122.58244,C holds the salt jar with both hands.,jar
123.21978,C opens the salt  jar with his left hand.,jar
123.30476,C places the salt jar on the countertop with his right hand.,jar
124.03975,C dips his right hand into the salt jar.,jar
124.20221,C picks up the spoon in the salt jar with his right hand.,jar@@@@@spoon
124.83439,C scoops salt from the jar with the spoon in his right hand.,jar@@@@@spoon
125.80816,C adds  salt to the ingredients in the bowl with the spoon in his right hand.,bowl@@@@@spoon
126.35052,C drops the spoon into the salt jar with his right hand.,jar@@@@@spoon
126.84863,C places his right hand on the salt jar.,jar
126.99907,C picks up the salt jar with both hands.,jar
127.96058,C places the salt jar on the shelf with his left hand.,jar
128.18447,C picks up a pepper jar from the shelf with his right hand.,jar
129.07379,C places his left hand on the pepper jar in his right hand.,jar
129.27071,C places the pepper jar on the countertop with both hands.,jar
129.51498,C opens the pepper jar with his left hand.,jar
130.13795,C dips his right hand into the pepper jar.,jar@@@@@can
130.32353,C picks up the spoon inside the pepper jar with his right hand.,jar@@@@@spoon@@@@@can
130.62291,C scoops pepper from the pepper jar with the spoon in his right hand.,jar@@@@@spoon@@@@@can
131.94529,C removes excess pepper from the spoon in his right hand.,spoon
133.30522,C adds the pepper to the  ingredients in bowl with the spoon in his  right hand.,bowl@@@@@spoon
134.05632,C dips the spoon into the pepper jar with his right hand.,jar@@@@@spoon@@@@@can
134.30298,C scoops pepper from the pepper jar with the spoon in his  right hand.,jar@@@@@spoon@@@@@can
135.07005,C adds pepper to the  ingredients in the  bowl with the spoon in his right hand.,bowl@@@@@spoon
135.58918,C drops the spoon into the pepper jar with his right hand.,jar@@@@@spoon@@@@@can
135.96111,C covers the pepper jar with the lid in his left hand.,jar
136.25412,C covers the pepper jar with  both hands.,jar
137.31874,C picks up the pepper jar from the countertop with both hands.,jar
137.92769,C places the pepper jar on the shelf with both hands.,jar
139.18677,C picks up the spoon in the bowl with his right hand.,bowl@@@@@spoon
139.30138,C places his left hand on the bowl on the countertop.,bowl
139.44788,C stirs the  ingredients in the  bowl with the spoon in his right hand.,bowl@@@@@spoon
151.46202,C picks up the  egg mixture bowl with his left hand.,bowl
152.83914,C places the  egg mixture bowl on the countertop with his left hand.,bowl
159.34387,C drops the spoon into the  egg mixture bowl with his right hand.,bowl@@@@@spoon
159.91467,C adjusts the gas cooker  knob with his left hand.,knob@@@@@cooker
166.47422,C adjusts the gas cooker knob with his left hand.,knob@@@@@cooker
167.00616,C picks up the spoon in the egg mixture bowl with his right hand.,bowl@@@@@spoon
167.79727,C places his left hand on the egg mixture bowl.,bowl
167.88517,C stirs the egg mixture in bowl with the spoon in her right hand.,bowl@@@@@spoon
173.33508,C picks up the egg mixture  bowl on the countertop with his left hand.,bowl
173.54768,C drops the spoon into the egg mixture bowl with his right hand.,bowl@@@@@spoon
173.89179,C passes the egg mixture bowl from her left hand to her right hand.,bowl
175.64983,C pours the  egg mixture into the skillet with his right hand.,can
177.73377,C passes the bowl from his right hand to his left hand.,bowl
178.34246,C removes egg mixture from bowl with the spoon in his right hand.,bowl@@@@@spoon
180.56607,C shakes off the egg mixture in the bowl with his left hand.,bowl
181.88112,C drops the spoon in the bowl  in his left hand with his right hand.,bowl@@@@@spoon
182.47556,C places the bowl on the countertop with both hands.,bowl
182.97684,C picks up the bowl on the countertop with both hands.,bowl
184.14887,C places the bowl on the countertop with his right hand.,bowl
185.93329,C picks up a plate from the rack with his right hand.,plate
187.45983,C places the plate on the countertop with his right hand.,plate
190.91359,C picks up a spatula from the rack with his right hand.,spatula
194.41696,C adjusts the gas cooker knob with his left hand.,knob@@@@@cooker
194.95528,C moves the omelet in the skillet with the spatula in his right hand.,spatula@@@@@frying_pan
201.15609,C turns the spatula in his right hand.,spatula
201.88387,C moves the omelet  in the skillet with the spatula in his right hand.,spatula@@@@@pan_(for_cooking)
204.54012,C places his left hand on the gas cooker knob.,knob
204.92605,C moves the omelet  in the skillet with the spatula in his right hand.,spatula@@@@@pan_(for_cooking)
208.30804,C adjusts the gas cooker knob with his left hand.,knob@@@@@cooker
215.09117,C slips the omelet off the spatula with his right hand.,spatula
216.87634,C moves the omelet in skillet with the spatula in his right hand.,spatula
219.63914,C passes the spatula from his right hand to his left hand.,spatula
221.06849,C moves the omelet in the skillet with the spatula in his left hand.,spatula
224.26851,C passes the spatula from his left hand to his right hand.,spatula
225.14108,C flips the omelet in the  skillet with the spatula in his right hand.,spatula
228.51755,C moves the omelet in the skillet with the spatula in his right hand.,spatula@@@@@frying_pan
233.08068,C scrapes the egg at the edge of the skillet with spatula in his right hand.,spatula
233.49088,C adjusts the gas cooker knob with his left hand.,knob@@@@@cooker
235.54364,C moves the omelet in the skillet with the spatula in his right hand.,spatula@@@@@frying_pan
237.80946,C lifts the omelet  in the skillet with the spatula in his right hand.,spatula
239.77666,C moves the omelet in the skillet with the spatula in his right hand.,spatula@@@@@frying_pan
240.93368,C adjusts the gas cooker knob with his left hand.,knob@@@@@cooker
242.76126,C flips the omelet in the skillet with the spatula in his right hand.,spatula@@@@@frying_pan
244.08518,C adjusts the gas cooker knob with his left hand.,knob@@@@@cooker
244.60918,C flips the omelet in the skillet with the spatula in his right hand.,spatula@@@@@frying_pan
245.60881,C adjusts the gas cooker knob with his left hand.,knob@@@@@cooker
246.6629,C moves the omelet in the skillet with the spatula in his right hand.,spatula@@@@@frying_pan
247.19104,C presses the omelet in the skillet with the spatula in his right hand.,spatula@@@@@frying_pan
249.30068,C lifts the omelet in the skillet with the spatula in his right hand.,spatula@@@@@pan_(for_cooking)
250.56061,C presses the omelet in the skillet with the spatula in his right hand.,spatula@@@@@frying_pan
255.75273,C lifts the omelet in the skillet with the spatula in his right hand.,spatula@@@@@pan_(for_cooking)
256.98232,C moves the omelet in the skillet with the spatula in his right hand.,spatula@@@@@frying_pan
258.65348,C lifts the omelet in skillet with the spatula in his right hand.,spatula@@@@@pan_(for_cooking)
259.84979,C presses the omelet in the skillet with the spatula in his right hand.,spatula@@@@@frying_pan
261.05496,C moves the omelet in the skillet with the spatula in his right hand.,spatula@@@@@frying_pan
262.40396,C presses the omelet in the skillet with the spatula in his right hand.,spatula@@@@@frying_pan
263.48808,C adjusts the gas cooker knob with his left hand.,knob@@@@@cooker
264.05605,C moves the omelet in the skillet with the spatula in his right hand.,spatula@@@@@frying_pan
264.76904,C presses the omelet in the skillet with the spatula in his right hand.,spatula@@@@@frying_pan
266.39663,C flips the omelet in the skillet with the spatula in his right hand.,spatula@@@@@frying_pan
271.36503,C presses the omelet in the skillet with the spatula in his right hand.,spatula@@@@@frying_pan
273.30818,C places the spatula below the omelet in the skillet with his right hand.,spatula@@@@@frying_pan
275.52559,C  adjusts the gas cooker knob with his left hand.,knob@@@@@cooker
276.55111,C flips the  omelet in the skillet with the spatula in his right hand.,spatula
281.23921,C turns off the gas cooker with his left hand.,cooker
282.94289,C lifts the omelet with the spatula in his right hand.,spatula
283.78836,C places his left hand on the plate on the countertop.,plate
284.72598,C serves the omelet on the plate with the spatula in his right hand.,spatula@@@@@plate
286.1111,C picks up the plate of omelet on the counter top with his left hand.,plate
287.12103,C pushes the omelet from the skillet into the plate with the spatula in his right hand.,spatula@@@@@plate
288.15212,C drops the spatula on the plate of omelet with his right hand.,spatula@@@@@plate
288.18344,C places the plate of omelet on the countertop with his left hand.,plate
289.77179,C picks up the spatula in the plate of omelet with his right hand.,spatula@@@@@plate
289.82428,C picks up the plate of omelet on the countertop with his left hand.,plate
