timestamp,narration,object
0.0,C places the blue tray on the countertop,kitchen_table@@@@@tray
0.94423,C gets a knife from the kitchen cabinet and places it on the blue tray,tray@@@@@cabinet@@@@@knife
2.77034,C gets a lighter from the kitchen cabinet,cabinet
3.52591,C closes the kitchen cabinet,cabinet
5.02234,C places the lighter on the kitchen countertop,kitchen_table
7.21091,C gets the skillet from the trolley and places it on the countertop,frying_pan@@@@@kitchen_table
16.5826,C turns on the stove using a lighter,stove
18.22686,C turns the knob to regulate the heat,knob
18.88762,C places the skillet on the stovetop to heat,frying_pan@@@@@stove
23.40453,C cuts the onion in half with a knife on the cutting board,chopping_board@@@@@knife
29.82634,C cuts the onion into smaller pieces with a knife on the cutting board,chopping_board@@@@@knife
44.02173,C gets green peas from the bowl on the countertop,owl@@@@@bowl
45.86099,C cuts the green peas into smaller pieces on the cutting board with a knife,knife
54.36975,C puts the uncut green pea to the bowl on the countertop,owl@@@@@bowl
58.46055,C gets a stainless cup from the kitchen drawer,cup@@@@@drawer
60.70321,C closes the kitchen drawer,drawer
62.76109,C opens the kitchen drawer,drawer
64.5772,C closes the kitchen drawer,drawer
65.88103,C gets an egg from the crate,egg@@@@@crate
67.953,C cracks the egg with a spoon,egg@@@@@spoon
73.98367,C wipes his hand with a kitchen napkin,napkin
75.5896,C opens the kitchen cabinet,cabinet
76.65557,C gets the container of salt and pepper from the kitchen cabinet,cabinet
80.17629,C adds the pepper to the cracked egg in the stainless cup,cup@@@@@egg
84.24214,C picks the container of salt from the countertop,saltshaker@@@@@kitchen_table@@@@@shaker
85.23979,C adds salt to the cracked egg in the stainless cup using a spoon,cup@@@@@saltshaker@@@@@shaker@@@@@spoon
88.95755,C drops the container of salt on the countertop,saltshaker@@@@@kitchen_table@@@@@shaker
89.99697,C places the lid on the salt container,saltshaker@@@@@shaker
91.55111,C picks up the spoon from the countertop,kitchen_table@@@@@spoon
93.11022,C drops the spoon on the blue tray,tray@@@@@spoon
95.89255,C gets the spoon from the blue tray,tray@@@@@spoon
96.54427,"C whisks the egg, pepper, green peas and salt with a spoon till it is well integrated",spoon
110.44911,C turns the knob to regulate the heat,knob
116.70306,C opens the drawer,drawer
117.76957,C gets a spatula from the drawer,spatula@@@@@drawer
118.37174,C closes the drawer,drawer
119.09397,C stir fries the onion in the skillet while stirring with a spatula,spatula
128.02005,C gets the stainless cup containing the egg mixture from the countertop,cup
129.03582,C whisks the egg mixture with a spoon,spoon
134.69586,C drops the empty stainless cup on the countertop,cup
135.95036,C adjusts the knob to regulate the heat,knob
156.14614,C turns the knob to regulate the heat,knob
163.60353,C gets the spatula from the stove,stove@@@@@spatula
164.32581,C gently presses the egg in the skillet with a spatula,spatula
166.14467,C uses the spatula to move the egg in the skillet,spatula
177.38946,C flips the egg in the skillet with a spatula,spatula
180.5084,C gently presses the egg in the skillet with a spatula,spatula
186.50439,C drops the spatula on the stove,stove@@@@@spatula
187.29114,C opens the drawer,drawer
188.78769,C gets a plate from the drawer,plate@@@@@drawer
189.74229,C places the plate on the countertop,plate
192.06078,C gets the spatula from the stove,stove@@@@@spatula
193.47538,C gently presses the egg in the skillet with a spatula,spatula
194.95972,C turns off the stove,stove
195.88044,C flips the egg in the skillet with a spatula,spatula
197.66152,C folds the egg in half with a spatula,spatula
200.04556,C transfers the omelet into a plate with a spatula,plate@@@@@spatula
205.97218,C places the spatula on the stove,stove@@@@@spatula
