timestamp,narration,object
0.33124,C turns on the stove with a lighter with his right hand.,stove
3.73046,C places the skillet on the stove with his right hand.,stove
5.9409,C opens the cabinet with her right hand.,cabinet
6.89134,C gets the tray and cutting board from the cabinet with her right hand.,cabinet@@@@@tray
8.89005,C places the tray and cutting board on the countertop.,tray
9.85501,C picks a blue bowl from the cabinet with her right hand.,cabinet@@@@@bowl@@@@@owl
11.13235,C places the blue bowl on the cabinet with her right hand.,cabinet@@@@@bowl@@@@@owl
11.37769,C picks the stainless plate from the cabinet with her left hand.,cabinet@@@@@plate
12.35812,C places the stainless plate on the countertop with her right hand.,plate
13.68099,C closes the cabinet with her left hand.,cabinet@@@@@hat
13.94492,C opens the cabinet with her right hand.,cabinet
14.62676,C gets a knife from the cabinet with her right hand.,cabinet@@@@@knife
16.38798,C picks an egg from the crate with her left hand.,crate
17.41912,C adjusts the heat of the stove by turning the knob.,stove@@@@@knob
18.74753,C cracks the egg with a knife.,knife
20.54169,C places the knife on the cutting board with her right hand.,knife
21.12365,C pours the cracked egg into the blue bowl.,bowl@@@@@owl
27.90858,C wipes her right hand with the napkin on the countertop.,napkin
28.47374,C picks the knife on the cutting board with her right hand.,knife
29.21131,C picks the green onion from the white bowl with her left hand.,bowl@@@@@owl
29.83928,C cuts the green onion with a knife on the cutting board.,knife
33.00512,C returns the green onion to the white bowl with her left hand.,bowl@@@@@owl
34.47456,C adds the cut green onion to the egg in the bowl with her left hand.,spoon@@@@@bowl@@@@@owl@@@@@hat@@@@@ring
35.72848,C picks the onion from the bowl with her left hand.,bowl@@@@@owl@@@@@hat
37.35573,C cuts a part of the onion with a knife on the cutting board.,chopping_board@@@@@knife
38.74862,C places the onion in the bowl with her left hand.,bowl@@@@@owl@@@@@hat
39.40079,C cuts the onion into smaller pieces with a knife on the cutting board.,chopping_board@@@@@knife
42.51558,C adds the onions to the egg in the bowl with her left hand.,bowl@@@@@owl@@@@@hat
43.52013,C opens the cabinet with her left hand.,cabinet@@@@@hat
44.65561,C gets the container of salt from the cabinet with her right hand.,cabinet@@@@@hat
45.95703,C closes the cabinet with her left hand.,cabinet@@@@@hat
49.01001,C adds salt to the egg mixture in the blue bowl with her right hand.,bowl@@@@@owl@@@@@hat
52.62055,C opens the lid of the jar of salt with her right hand.,jar@@@@@hat
53.76299,C picks the jar of oil from the countertop with her left hand.,jar@@@@@hat
54.86091,C adds oil to the skillet with a spoon using her right hand.,spoon@@@@@hat
59.11341,C places the jar of oil on the countertop with her left hand.,jar@@@@@hat
59.77023,C picks the lid of the oil jar with her right hand.,jar
60.09787,C covers the lid of the jar of oil with her right hand.,jar
62.76161,C opens the cabinet with her left hand.,cabinet@@@@@hat
64.7207,C picks a spoon from the cabinet with her right hand.,cabinet@@@@@spoon
66.94452,C whisks the egg in the bowl with a spoon.,spoon@@@@@bowl@@@@@owl
76.82604,C places the blue bowl on the countertop with her right hand.,bowl@@@@@owl
78.12494,C adjusts the heat of the stove by turning the knob.,stove@@@@@knob
78.99965,C moves the knife into the blue tray with her right hand.,tray@@@@@knife
79.99693,C moves the tray on the countertop with her right hand.,tray
80.33992,C moves the container of salt with her right hand.,saltshaker
80.93434,C moves the tray on the countertop with her left hand.,tray
82.75959,C picks the spatula from the stainless bowl with her right hand.,spatula@@@@@bowl@@@@@owl
84.33594,C picks the stainless plate from the countertop with her left hand.,plate
85.65033,C places the plate on the countertop with her left hand.,plate
86.32946,C moves the egg in the skillet with the spatula.,pan_(for_cooking)@@@@@spatula
88.22653,C tilts the skillet to allow the egg flow.,pan_(for_cooking)
89.82533,C moves the egg in the skillet with a spatula.,pan_(for_cooking)@@@@@spatula
97.16004,C moves the egg in the skillet with the spatula.,pan_(for_cooking)@@@@@spatula
109.27455,C presses the egg in the skillet with a spatula.,pan_(for_cooking)@@@@@spatula
110.75728,C moves the egg in the skillet with the spatula.,pan_(for_cooking)@@@@@spatula
113.89149,C presses the egg in the skillet with the spatula.,pan_(for_cooking)@@@@@spatula
114.92545,C flips the egg in the skillet with the spatula.,pan_(for_cooking)@@@@@spatula
116.16302,C moves the egg in the skillet with the spatula.,pan_(for_cooking)@@@@@spatula
116.75519,C presses on the egg in the skillet with the spatula.,pan_(for_cooking)@@@@@spatula
121.54811,C flips the egg in the skillet with the spatula.,pan_(for_cooking)@@@@@spatula
122.36507,C presses on the egg in the skillet with a spatula.,pan_(for_cooking)@@@@@spatula
123.56402,C transfers the egg in the skillet to the stainless plate with a spatula.,pan_(for_cooking)@@@@@spatula@@@@@plate
125.33909,C places the spatula in the skillet with her right hand.,pan_(for_cooking)@@@@@spatula
125.83616,C turns off the stove with her right hand.,stove
127.40768,C places the plate containing egg on the countertop with her right hand.,plate
