timestamp,narration,object
0.0,C passes the door of the refrigerator from his left hand to his right hand.,refrigerator@@@@@doorknob@@@@@knob@@@@@can
1.07381,C pulls out the crisper drawer with his left hand.,refrigerator@@@@@drawer
2.32315,C holds the tomato package in the crisper drawer with his right hand.,drawer@@@@@tomato
3.51241,C picks the tomato in the crisper drawer with his left hand.,drawer@@@@@tomato
8.47212,C holds the scallions in the crisper drawer with both hands.,cauliflower@@@@@drawer@@@@@pear@@@@@garlic@@@@@can@@@@@tomato
8.9226,C cuts the scallion in the crisper drawer with his right hand.,cauliflower@@@@@pear@@@@@garlic@@@@@knife@@@@@can@@@@@tomato
10.13211,C pushes the crisper drawer into the refrigerator with both hands.,refrigerator@@@@@drawer
13.41931,C pushes the door of the refrigerator with his right hand to his left hand.,refrigerator
14.71586,C closes the door of the refrigerator with his left hand.,refrigerator
16.67956,C picks up the chopping board on the kitchen countertop with his right hand.,oar@@@@@chopping_board
17.88119,C holds the chopping board with both hands.,oar@@@@@chopping_board
18.52363,C places the chopping board in both hands on the kitchen countertop.,oar@@@@@chopping_board
19.44264,C places the scallion in his right hand on the chopping board.,hat@@@@@oar@@@@@chopping_board@@@@@garlic@@@@@knife@@@@@can
19.48629,C places the tomato in his left hand on the chopping board.,oar@@@@@chopping_board@@@@@tomato
20.60984,C picks the knife in the dish rack on the kitchen countertop with his right hand.,kitchen_sink@@@@@hat@@@@@sink@@@@@knife@@@@@can@@@@@cabinet
22.45936,C picks the tomato on the chopping board with his right hand.,oar@@@@@chopping_board@@@@@tomato
22.79055,C places the tomato in his right hand on the chopping board.,oar@@@@@chopping_board@@@@@tomato
23.43158,C cuts the tomato blossom end on the chopping board with the knife in his left hand.,oar@@@@@chopping_board@@@@@knife
26.12114,C moves the tomato blossom end on the chopping board with his left hand.,oar@@@@@chopping_board@@@@@tomato
26.96719,C slices the tomato on the chopping board with the knife in his left hand.,oar@@@@@chopping_board@@@@@knife@@@@@tomato
32.95622,C gathers the sliced tomatoes on the chopping board with his right hand.,oar@@@@@chopping_board@@@@@tomato
35.11413,C dices the sliced tomatoes on the chopping board with the knife in his left hand.,oar@@@@@chopping_board@@@@@knife@@@@@tomato
41.79244,C holds the sliced tomato on the chopping board with his right hand.,oar@@@@@chopping_board@@@@@tomato
42.32089,C dices the sliced tomato on the chopping board with the knife in his left hand.,oar@@@@@chopping_board@@@@@knife
44.76403,C holds the sliced tomato on the chopping board with his right hand.,oar@@@@@chopping_board@@@@@tomato
44.91148,C dices the sliced tomato on the chopping board with the knife in his left hand.,oar@@@@@chopping_board@@@@@knife
49.48317,C holds the sliced tomato on the chopping board with his right hand.,oar@@@@@chopping_board@@@@@tomato
49.59571,C dices the sliced tomato on the chopping board with the knife in his left hand.,oar@@@@@chopping_board@@@@@knife
50.55305,C gathers the diced tomatoes on the chopping board with his right hand.,oar@@@@@chopping_board@@@@@tomato
52.18572,C picks the tomato blossom end on the chopping board with his right hand.,oar@@@@@chopping_board
53.44635,C holds the scallion on the chopping board with his right hand.,oar@@@@@chopping_board
54.09365,C dices the scallion on the chopping board with the knife in his left hand.,oar@@@@@chopping_board@@@@@knife
67.36789,C picks the scallion on the chopping board with his right hand.,peeler_(tool_for_fruit_and_vegetables)@@@@@oar@@@@@chopping_board@@@@@knife
68.38595,C places the knife in his left hand on the cutting board.,oar@@@@@chopping_board@@@@@knife
69.87795,C presses the lever of the waste bin with his left foot.,trash_can@@@@@binoculars@@@@@can
71.07156,C drops the scallion in his left hand in the waste bin.,trash_can@@@@@can
72.97446,C picks up a two-handled skillet on the dish rack with his right hand.,pan_(for_cooking)
73.67464,C holds the steel bowl in the dish rack with his left hand.,bowl
76.73932,C holds the two-handled skillet with both hands.,saucepan@@@@@pan_(for_cooking)@@@@@person@@@@@can@@@@@frying_pan
77.68001,C places the two-handled skillet in his left hand on the kitchen countertop.,kitchen_sink@@@@@saucepan@@@@@kitchen_table@@@@@pan_(for_cooking)@@@@@sink@@@@@can@@@@@frying_pan
78.39168,C picks up the lighter on the kitchen countertop with his right hand.,igniter@@@@@kitchen_sink@@@@@matchbox@@@@@kitchen_table@@@@@sink@@@@@can@@@@@box
79.366,C passes the lighter from his right hand to his left hand.,igniter@@@@@matchbox@@@@@person@@@@@can@@@@@box
79.78898,C turns the knob of the stove with his right hand.,urn@@@@@doorknob@@@@@stove@@@@@oven@@@@@knob@@@@@can
82.96782,C lights the stovetop with the lighter in his left hand.,igniter@@@@@stove@@@@@oven@@@@@matchbox@@@@@can@@@@@box
83.41842,C turns the knob of the stove to regulate the stove's heat.,stove@@@@@knob
85.58851,C places the two-handled skillet in both hands on the stovetop.,stove
86.35281,C turns the knob of the stove to regulate the stove's heat.,stove@@@@@knob
89.47634,C picks up the white bowl on the kitchen countertop with his left hand.,bowl
89.82053,C picks up the wooden spatula in the dish rack on the kitchen countertop with his right hand.,spatula
91.33535,C places the wooden spatula in his right hand on the kitchen countertop.,spatula
92.29688,C places the white bowl in his left hand on the kitchen countertop.,bowl
94.25383,C opens the door of the refrigerator with his left hand.,refrigerator
95.44894,C holds the door of the refrigerator with his right hand.,refrigerator
95.95898,C touches the egg on the refrigerator door shelf with his left hand.,egg
96.9246,C picks up an egg on the refrigerator door shelf with his left hand.,egg
97.64144,C closes the door of the refrigerator with his right hand.,refrigerator@@@@@person
99.29546,C holds the egg with both hands.,egg
100.14356,C picks up the spoon in the white bowl on the kitchen countertop with his left hand.,spoon@@@@@bowl
101.14759,C cracks the egg in his right hand with the spoon in his left hand.,spoon@@@@@egg
101.65397,C holds the cracked egg with both hands.,egg
103.71578,C uses both hands to open the cracked egg into the white bowl on the kitchen countertop.,bowl@@@@@egg
106.72581,C places the egg shell in his right hand into the egg shell in his left hand.,egg
108.725,C presses the lever of the waste bin with his left foot.,trash_can@@@@@binoculars@@@@@can
109.63716,C drops the egg shell in his right hand in the waste bin.,egg@@@@@trash_can@@@@@can
111.41182,C cleans his right hand on the napkin on the kitchen countertop.,hand_glass@@@@@napkin
112.15419,C places the spoon in his left hand on the chopping board.,spoon@@@@@oar@@@@@chopping_board
112.65972,C picks up the salt container on the blue cover on the kitchen countertop with his right hand.,saltshaker
113.31185,C passes the salt container from his right hand to his left hand.,saltshaker
113.468,C opens the salt container with his right hand.,saltshaker
114.00206,C places the lid of the salt container in his right hand on the chopping board.,oar@@@@@chopping_board@@@@@saltshaker
114.72485,C picks up the measuring spoon in the salt container with his right hand.,ring@@@@@spoon@@@@@cup@@@@@saltshaker@@@@@measuring_cup
115.23412,C takes salt from the salt container with the measuring spoon in his right hand.,ring@@@@@spoon@@@@@cup@@@@@saltshaker@@@@@measuring_cup
116.14333,C pours the salt in the measuring spoon in his right hand into the egg in the white bowl on the kitchen countertop.,ring@@@@@spoon@@@@@bowl@@@@@cup@@@@@egg@@@@@measuring_cup
119.5132,C drops the measuring spoon in his right hand into the salt container in his left hand.,ring@@@@@spoon@@@@@cup@@@@@saltshaker@@@@@measuring_cup
120.27628,C picks the lid of the salt container on the chopping board with his right hand.,oar@@@@@chopping_board@@@@@saltshaker
120.73113,C covers the salt container with its lid in his right hand.,saltshaker
121.60622,C places the salt container in his left hand on the yellow cover.,tablecloth@@@@@saltshaker
124.73045,C pours the black pepper from the container in his left hand into the egg mixture in the white bowl on the kitchen countertop.,bowl
133.42788,C picks the spoon on the chopping board with his left hand.,spoon@@@@@oar@@@@@chopping_board
135.57666,C turns the knob of the stove with his left hand.,stove@@@@@knob
136.6027,C passes the spoon from his right hand to his left hand.,spoon
137.25787,C holds the white bowl of egg mixture on the kitchen countertop with his right hand.,bowl@@@@@kitchen_table@@@@@can
137.34173,C whisks the egg mixture in the white bowl on the kitchen countertop with the spoon in his left hand.,spoon@@@@@bowl
139.5473,C lifts the white bowl containing the egg mixture from the kitchen countertop with his right hand.,dining_table@@@@@bowl@@@@@kitchen_table@@@@@can
151.63393,C places the white bowl of egg mixture in both hands on the chopping board.,bowl@@@@@oar@@@@@chopping_board
152.55069,C picks up the oil container on the kitchen countertop with his right hand.,canister@@@@@can
153.08011,C holds the oil container with both hands.,canister@@@@@can
153.43275,C opens the oil container with his right hand.,canister@@@@@can
155.25061,C pours oil from the container in his left hand into the skillet on the stovetop.,pan_(for_cooking)@@@@@canister@@@@@can
157.53041,C covers the oil container with its lid in his right hand.,canister@@@@@can
158.81246,C places the oil container in his left hand on the kitchen countertop.,pitcher_(vessel_for_liquid)@@@@@dining_table@@@@@bottle@@@@@kitchen_table@@@@@can
159.9642,C turns the knob of the stove with his left hand to regulate the stove's heat.,stove@@@@@knob
160.88914,C lifts the white bowl containing the egg mixture from the kitchen countertop with his right hand.,dining_table@@@@@bowl@@@@@kitchen_table@@@@@can
160.93514,C whisks the egg mixture in the white bowl on the kitchen countertop with the spoon in his left hand.,spoon@@@@@bowl
177.2169,C places the white bowl of egg mixture in his right hand on the chopping board.,bowl@@@@@oar@@@@@chopping_board
177.76274,C places the spoon in his left hand in the egg mixture in the white bowl.,spoon@@@@@bowl
180.70266,C places the two-handled skillet in both hands on the stovetop.,stove
181.98306,C turns the knob of the stove with his left hand to regulate the stove's heat.,stove@@@@@knob
183.74567,C whisks the egg mixture in the white bowl on the chopping board with the spoon in his left hand.,spoon@@@@@bowl
183.83281,C holds the egg mixture in the white bowl on the chopping board with his right hand.,bowl@@@@@oar@@@@@chopping_board
193.68411,C places the spoon in his left hand in the egg mixture in the white bowl.,spoon@@@@@bowl
195.13314,C holds the knob of the stove with his left hand.,knob
197.073,C lifts the white bowl containing the egg mixture from the chopping board with his right hand.,bowl@@@@@oar@@@@@chopping_board
198.00255,C holds the spoon in the egg mixture in the white bowl with his left hand.,spoon@@@@@bowl
199.00445,C pours the egg mixture from the white bowl in his right hand into the oil in the skillet on the stovetop.,bowl
200.57177,C slides the egg mixture in the white bowl in his right hand into the skillet with the spoon in his left hand.,spoon@@@@@bowl
205.69284,C places the spoon in his left hand in the white bowl in his right hand.,spoon@@@@@bowl
206.38377,C places the white bowl in his right hand on the kitchen countertop.,bowl
207.38893,C picks up the wooden spatula on the kitchen countertop with his right hand.,spatula
210.22527,C stirs the egg mixture in the two-handled skillet on the stovetop with the wooden spatula in his left hand to form soft curds.,spatula
215.11396,C holds the right handle of the two-handled skillet on the stovetop with his right hand.,handle@@@@@pan_(for_cooking)
221.22249,C holds the right handle of the two-handled skillet on the stovetop with his right hand.,handle@@@@@pan_(for_cooking)
221.49194,C uses the wooden spatula in his left hand to break apart the egg mixture in the two-handled skillet on the stovetop into scrambled pieces.,spatula@@@@@pan_(for_cooking)
229.99725,C turns the knob of the stove with his right hand to regulate the stove's heat.,stove@@@@@knob
230.74507,C stirs the scrambled egg in the two-handled skillet on the stovetop with the wooden spatula in his left hand.,stove@@@@@spatula
233.9885,C holds the right handle of the two-handled skillet on the stovetop with his right hand.,handle@@@@@pan_(for_cooking)
243.93465,C places the wooden spatula in his left hand in the scrambled egg in the two-handled skillet on the stovetop.,spatula@@@@@pan_(for_cooking)@@@@@egg
245.53691,C picks up a white plate from the dish rack on the kitchen countertop with both hands.,plate
249.22525,C places the white plate in both hands on the kitchen countertop.,plate
250.14498,C holds the right handle of the two-handled skillet on the stovetop with his right hand.,handle@@@@@pan_(for_cooking)
250.16645,C stirs the scrambled egg in the two-handled skillet on the stovetop with the wooden spatula in his left hand.,stove@@@@@spatula
256.83611,C picks up the scrambled egg in the two-handled skillet on the stovetop with his right hand.,stove
257.52637,C gathers the scrambled egg in the two-handled skillet with the wooden spatula in his left hand.,spatula
258.90486,C moves the scrambled egg from the two-handled skillet held in his right hand to the white plate on the kitchen countertop with the wooden spatula in his left hand.,spatula@@@@@plate
266.12531,C places the two-handled skillet held in his right hand on the stovetop.,stove
267.42449,C picks up the white plate of scrambled egg on the kitchen countertop with his right hand.,plate
270.01401,C places the white plate of scrambled egg in his right hand on the kitchen countertop.,egg@@@@@plate
270.76846,C places the wooden spatula in his left hand on the chopping board.,spatula@@@@@oar@@@@@chopping_board
272.41254,C opens the door of the refrigerator with his left hand.,refrigerator
273.339,C holds the door of the refrigerator with his right hand.,refrigerator
274.33466,C picks up the garlic package in the refrigerator with his left hand.,refrigerator@@@@@garlic
275.60032,C picks up the bowl of butter in the refrigerator with his left hand.,refrigerator@@@@@bowl@@@@@butter
276.93183,C closes the door of the refrigerator with his right hand.,refrigerator@@@@@person
279.52478,C places the garlic package in his right hand on the kitchen countertop.,garlic
279.65028,C places the bowl of butter in his left hand on the kitchen countertop.,bowl@@@@@butter
280.38368,C picks up the spoon in the bowl of butter on the kitchen countertop with his left hand.,spoon@@@@@bowl@@@@@butter
280.38683,C holds the bowl of butter on the kitchen countertop with his right hand.,bowl@@@@@butter
281.92991,C cuts a piece of butter from the bowl of butter on the kitchen countertop with the spoon in his left hand.,spoon@@@@@bowl@@@@@butter
285.51262,C adds the butter on the spoon in his left hand to the two-handled skillet on the stovetop.,spoon@@@@@butter
286.74514,C moves the bowl of butter on the kitchen countertop with his right hand.,bowl@@@@@butter
287.05292,C places the spoon in his left hand in the bowl of butter on the kitchen countertop.,spoon@@@@@bowl@@@@@butter
287.84788,C shakes the two-handled skillet with both hands to spread the butter round the skillet.,butter
288.69134,C places the two-handled skillet in both hands on the stovetop.,stove
289.78337,C moves the bowl of butter on the kitchen countertop with his left hand.,bowl@@@@@butter
289.784,C picks up the garlic package on the kitchen countertop with his right hand.,garlic
290.48361,C holds the garlic package with both hands.,garlic
290.97856,C opens the garlic package with his right hand.,garlic
293.54181,C places the garlic package in both hands on the kitchen countertop.,garlic
294.08797,C picks the knife on the chopping board with his left hand.,oar@@@@@chopping_board@@@@@knife
294.73572,C packs the garlic from its package on the kitchen countertop with his right hand.,garlic
296.06268,C places the garlic in his right hand on the chopping board.,oar@@@@@chopping_board@@@@@garlic
297.57648,C moves the garlic on the chopping board with his right hand.,oar@@@@@chopping_board@@@@@garlic
298.54922,C holds the garlic on the chopping board with his right hand.,oar@@@@@chopping_board@@@@@garlic
298.91634,C dices the garlic on the chopping board with the knife in his left hand.,oar@@@@@chopping_board@@@@@garlic@@@@@knife
303.26337,C holds the garlic on the chopping board with his right hand.,oar@@@@@chopping_board@@@@@garlic
303.52872,C dices the garlic on the chopping board with the knife in his left hand.,oar@@@@@chopping_board@@@@@garlic@@@@@knife
305.0521,C holds the garlic on the chopping board with his right hand.,oar@@@@@chopping_board@@@@@garlic
305.57491,C dices the garlic on the chopping board with the knife in his left hand.,oar@@@@@chopping_board@@@@@garlic@@@@@knife
307.63028,C holds the garlic on the chopping board with his right hand.,oar@@@@@chopping_board@@@@@garlic
307.86094,C dices the garlic on the chopping board with the knife in his left hand.,oar@@@@@chopping_board@@@@@garlic@@@@@knife
310.42759,C slides his right hand on the knife in his left hand.,knife
311.24193,C gathers the diced garlic on the chopping board with his right hand.,oar@@@@@chopping_board@@@@@garlic
312.48215,C packs the diced garlic on the chopping board with his right hand.,oar@@@@@chopping_board@@@@@garlic
314.08936,C pours the diced garlic in his right hand into the oil in the two-handled skillet on the stovetop.,pan_(for_cooking)@@@@@garlic
315.37757,C gathers the diced garlic on the chopping board with his right hand.,oar@@@@@chopping_board@@@@@garlic
316.16088,C packs the diced garlic on the chopping board with his right hand.,oar@@@@@chopping_board@@@@@garlic
317.49161,C pours the diced garlic in his right hand into the oil in the two-handled skillet on the stovetop.,pan_(for_cooking)@@@@@garlic
318.41716,C places the knife in his left hand on the kitchen countertop.,kitchen_table@@@@@knife
318.80742,C turns the knob of the stove with his left hand to regulate the stove's heat.,stove@@@@@knob
319.33436,C picks the wooden spatula on the chopping board with his right hand.,spatula@@@@@oar@@@@@chopping_board
320.5496,C stirs the diced garlic in the two-handled skillet on the stovetop with the wooden spatula in his left hand.,spatula@@@@@person
320.5624,C holds the right handle of the two-handled skillet on the stovetop with his right hand.,handle@@@@@pan_(for_cooking)
328.7325,C places the wooden spatula in his left hand in the two-handled skillet on the stovetop.,spatula@@@@@pan_(for_cooking)
329.68321,C picks up the garlic package on the kitchen countertop with both hands.,plastic_bag@@@@@garlic
331.92153,C picks up the bowl of butter on the kitchen countertop with his right hand.,bowl@@@@@butter
332.69844,C holds the bowl of butter with both hands.,bowl@@@@@butter
334.13655,C opens the door of the refrigerator with his right hand.,refrigerator
335.9854,C places the bowl of butter in his left hand in the refrigerator.,refrigerator@@@@@bowl@@@@@butter
336.97441,C places the garlic package in his left hand in the refrigerator.,refrigerator@@@@@garlic
337.4385,C closes the door of the refrigerator with his right hand.,refrigerator@@@@@person
340.0589,C stirs the diced garlic in the two-handled skillet on the stovetop with the wooden spatula in his left hand.,spatula@@@@@person
340.92498,C holds the right handle of the two-handled skillet on the stovetop with his right hand.,handle@@@@@pan_(for_cooking)
343.05812,C turns the knob of the stove with his right hand to regulate the stove's heat.,stove@@@@@knob
346.75344,C gathers the diced tomatoes on the chopping board with his right hand.,oar@@@@@chopping_board@@@@@tomato
346.98674,C places the wooden spatula in his left hand in the diced garlic in the two-handled skillet on the stovetop.,spatula@@@@@pan_(for_cooking)@@@@@garlic
347.52316,C picks the knife on the chopping board with his left hand.,oar@@@@@chopping_board@@@@@knife
347.94115,C packs the diced tomatoes on the chopping board with his right hand.,oar@@@@@chopping_board@@@@@tomato
349.37767,C pours the diced tomatoes in his right hand into the diced garlic in the two-handled skillet on the stovetop.,pan_(for_cooking)@@@@@garlic@@@@@tomato
350.44123,C gathers the diced tomatoes on the chopping board with his right hand.,oar@@@@@chopping_board@@@@@tomato
351.63755,C packs the diced tomatoes on the chopping board with his right hand.,oar@@@@@chopping_board@@@@@tomato
352.98067,C pours the diced tomatoes in his right hand into the diced garlic in the two-handled skillet on the stovetop.,pan_(for_cooking)@@@@@garlic@@@@@tomato
353.55112,C packs the diced tomatoes on the chopping board with his right hand.,oar@@@@@chopping_board@@@@@tomato
354.06377,C places the knife in his left hand on the chopping board.,oar@@@@@chopping_board@@@@@knife
354.45761,C pours the diced tomatoes in his right hand into the diced garlic in the two-handled skillet on the stovetop.,pan_(for_cooking)@@@@@garlic@@@@@tomato
354.787,C stirs the tomato mixture in the two-handled skillet on the stovetop with the wooden spatula in his left hand.,spatula@@@@@pan_(for_cooking)
355.35495,C holds the right handle of the two-handled skillet on the stovetop with his right hand.,handle@@@@@pan_(for_cooking)
383.60866,C places the wooden spatula in his left hand in the two-handled skillet on the stovetop.,spatula@@@@@pan_(for_cooking)
384.4497,C picks the half-tomato on the chopping board with his right hand.,oar@@@@@chopping_board@@@@@tomato
384.46927,C picks the knife on the chopping board with his left hand.,oar@@@@@chopping_board@@@@@knife
385.6061,C places the half-tomato in his right hand on the blue cover.,tomato
386.1488,C places the knife in his left hand on the kitchen countertop.,kitchen_table@@@@@knife
387.84411,C picks the wooden spatula in the two-handled skillet on the stovetop with his left hand.,spatula@@@@@pan_(for_cooking)
388.49486,C stirs the tomato mixture in the two-handled skillet on the stovetop with the wooden spatula in his left hand.,spatula@@@@@pan_(for_cooking)
405.37039,C picks up the white plate of scrambled egg on the kitchen countertop with his right hand.,plate
407.14751,C transfers the scrambled egg from the white plate held in his right hand to the tomato mixture in the skillet with the wooden spatula in his left hand.,spatula@@@@@plate
410.00372,C places the white plate in his right hand on the kitchen countertop.,plate
410.55265,C stirs the tomato and egg in the two-handled skillet on the stovetop with the wooden spatula in his left hand.,spatula@@@@@pan_(for_cooking)
411.3431,C holds the right handle of the two-handled skillet on the stovetop with his right hand.,handle@@@@@pan_(for_cooking)
432.63822,C places the wooden spatula in his left hand in the two-handled skillet on the stovetop.,spatula@@@@@pan_(for_cooking)
433.23546,C packs the diced scallions on the chopping board with his right hand.,oar@@@@@chopping_board
434.45179,C picks up the wooden spatula in the two-handled skillet on the stovetop with his left hand.,spatula@@@@@pan_(for_cooking)
434.84154,C pours the diced scallions in his right hand into the tomato and egg in the two-handled skillet on the stovetop.,ladle@@@@@spoon@@@@@saucepan@@@@@spatula@@@@@pan_(for_cooking)@@@@@frying_pan
436.48546,C packs the diced scallions on the chopping board with his right hand.,oar@@@@@chopping_board
437.46206,C pours the diced scallions in his right hand into the tomato and egg in the two-handled skillet on the stovetop.,ladle@@@@@spoon@@@@@saucepan@@@@@spatula@@@@@pan_(for_cooking)@@@@@frying_pan
437.54287,C stirs the tomato and egg in the two-handled skillet on the stovetop with the wooden spatula in his left hand.,spatula@@@@@pan_(for_cooking)
438.42929,C turns the knob of the stove with his right hand to regulate the stove's heat.,stove@@@@@knob
441.55678,C holds the right handle of the two-handled skillet on the stovetop with his right hand.,handle@@@@@pan_(for_cooking)
449.70022,C lifts the two-handled skillet on the stovetop with his right hand.,stove@@@@@pan_(for_cooking)
450.18929,C moves the tomato and egg in the two-handled skillet with the wooden spatula in his left hand.,spatula@@@@@pan_(for_cooking)
451.67148,C transfers the tomato and egg mixture from the two-handled skillet to the white plate on the kitchen countertop with the wooden spatula in his left hand.,spatula@@@@@pan_(for_cooking)@@@@@plate
458.32499,C places the two-handled skillet in his right hand on the stovetop.,stove@@@@@pan_(for_cooking)
459.18795,C places the wooden spatula in his left hand into the two-handled skillet on the stovetop.,spatula@@@@@pan_(for_cooking)
459.82799,C picks the white plate of tomato and egg on the kitchen countertop with both hands.,plate@@@@@tomato
460.77175,C places the white plate of tomato and egg in both hands on the chopping board.,plate@@@@@oar@@@@@chopping_board
462.68672,C pours black pepper from its container in his left hand into the tomato and egg on the white plate on the chopping board.,egg@@@@@plate@@@@@oar@@@@@tomato
