timestamp,narration,object
33.30931,C opens a tap with her right hand.,faucet@@@@@can
36.43655,C turns off the tap.,faucet@@@@@can
39.4129,C gets out a chopping board.,chopping_board
40.80407,C drops the board on a table.,table@@@@@chopping_board
42.88379,C picks up a knife.,knife
44.45363,"C drops the carrot, onion and cucumber on the chopping board.",chopping_board
47.175,C picks up a small knife.,knife@@@@@can
48.82784,C drops the mini knife on the table.,knife@@@@@table@@@@@can
49.58603,C picks up the knife.,knife@@@@@can
51.4057,C drops the knife.,knife@@@@@can
51.86062,C picks up the small knife.,knife@@@@@can
64.90159,C drops the small knife on the table with her right hand.,knife@@@@@table@@@@@can
65.50815,C picks up the knife on the table with her right hand.,knife@@@@@table
108.02429,C throws the onion back into a bin.,can@@@@@trash_can
108.9,C cuts the onion back into the bin.,can@@@@@trash_can
111.96665,C peels off the onion back with her right hand into the bin.,can@@@@@trash_can
137.569,C gets a plate.,plate
139.96302,C drops the plate on the the table.,table@@@@@plate
140.56957,C picks up the chopping board.,chopping_board
141.78269,C pours the sliced vegetables into the plate.,plate
146.63294,C takes a bottle from a shelf.,bottle
148.27793,C opens the bottle.,bottle
155.49012,C closes the bottle.,bottle
158.12869,C takes a spoon.,spoon
163.15225,C picks up the plate with her left hand.,plate
167.38125,C drops the plate on the table.,table@@@@@plate
27.17932,C picks up a cucumber from the basket in the bottom shelf with her right hand.,pumpkin@@@@@gourd@@@@@basket@@@@@can
28.37802,C picks up a red onion from the basket in the bottom shelf with her right hand.,basket@@@@@onion
33.09866,C turns on the tap with her right hand.,faucet@@@@@can
36.51197,C turns off the tap with her right hand.,faucet@@@@@can
39.19128,C picks up the chopping board from the bottom kitchen shelf with her hand.,chopping_board
40.87605,C places the chopping board on the countertop.,chopping_board
42.8434,C picks up the knife from the countertop with her right hand.,knife
44.4559,C places the ingredients on the chopping board.,chopping_board
45.3111,C places the knife on the countertop.,knife
49.48291,C picks up the knife with her right hand,knife@@@@@can
51.38072,C places the knife on the countertop.,knife
65.47876,"C picks up the knife with her right hand,",knife@@@@@can
82.51222,C cuts the peeled cucumber into two halves with the knife.,knife
84.55091,C dices the peeled cucumber with the knife.,knife
105.89234,C peels off the skin of the red onion with the knife.,knife
116.31738,C dices the red onions with the knife.,knife
137.74951,C grabs a plate from the dish rack on the wall with her right hand.,plate
140.16473,C places the plate on the countertop.,plate
140.50368,C picks up the chopping board with her left hand.,chopping_board
141.61507,C pours the salad into the plate from the chopping board using her right hand.,chopping_board@@@@@plate
145.94696,C drops the chopping board on the countertop.,chopping_board
160.33122,C picks up the plate with her left hand.,plate
167.84102,C places the plate on the countertop.,plate
