timestamp,narration,object
0.0,C places the tray on the countertop with her right hand.,tray
0.908,C moves the bowl on the countertop with her right hand.,owl@@@@@bowl
2.06296,C picks the knife from the tray with her right hand.,tray@@@@@knife
2.29413,C picks the onion and green chili from the tray with her left hand.,tray@@@@@onion
3.28073,C puts the onion and green chili in the bowl with his left hand.,owl@@@@@onion@@@@@bowl
4.01343,C picks the tomato from the bowl with her left hand.,owl@@@@@bowl
5.61053,C cuts the tomato with the knife in her right hand.,knife
9.33954,C places the unsliced tomato on the tray with her left hand.,tray
10.382,C slices the tomato with the knife in her right hand.,knife
17.87064,C places the knife on the tray with her right hand.,tray@@@@@knife
18.82051,C picks the tray from the countertop with her left hand.,tray
19.55993,C puts the sliced tomato on the tray with her right hand.,tray
20.40383,C puts the sliced tomato on the tray with her right hand.,tray
21.228,C puts the sliced tomato on the tray with her right hand.,tray
21.982,C picks the cucumber from the bowl with her right hand.,owl@@@@@bowl
23.145,C picks the knife from the tray with her right hand.,tray@@@@@knife
24.00182,C cuts the cucumber with the knife in her right hand.,knife
26.46846,C puts the cucumber on the tray with her left hand.,tray
27.36781,C slices the cucumber with the knife in her right hand.,knife
32.16015,C places the knife on the tray with her right hand.,tray@@@@@knife
33.43178,C adds the sliced cucumber in the tray with both hands.,tray
34.7328,C opens the cabinet with her left hand.,cabinet
35.55068,C picks the salt container from the cabinet with her right hand.,cabinet
38.68542,C sprinkles the salt on the tray with her right hand.,tray
39.69668,C picks the salt container lid from her left hand with her right hand.,can@@@@@bottle_cap@@@@@bottle
40.024,C covers the salt container with the salt container lid in her right hand.,can@@@@@bottle_cap@@@@@bottle
42.53737,C picks the spice sachet from the cabinet with her left hand.,cabinet
42.54185,C puts the salt container in the cabinet with her right hand.,cabinet
45.73966,C sprinkles the spice on the tray with her right hand.,tray
47.7625,C puts the spice sachet in the cabinet with her right hand.,cabinet
47.788,C closes the cabinet with her left hand.,cabinet
48.65393,C touches the cabinet with her right hand.,cabinet
49.905,C holds the tray on the countertop with her left hand.,tray
50.046,C picks the tray from the countertop with both hands.,tray
51.1,C places the tray on the countertop with both hands.,tray
