timestamp,narration,object
0.0,C picks a hand towel from the countertop with her right hand.,hand_towel@@@@@towel
0.31451,C passes the hand towel from her right hand to her left hand.,hand_towel@@@@@towel
0.7898,C picks a matchbox from a plate rack.,box@@@@@matchbox
0.81747,C places the hand towel on the countertop with her left hand.,hand_towel@@@@@towel
3.08839,C picks a match stick from the matchbox in her left hand.,box@@@@@matchbox
7.61513,C strikes the match stick in her right hand against the matchbox.,box@@@@@matchbox
8.39777,C turns a stove knob with her left hand.,stove@@@@@knob
8.43435,C lights the stovetop with the match stick in her right hand.,stove
11.60049,C drops the matchbox on the countertop with her left hand.,box@@@@@matchbox
12.33251,C picks a skillet from the cabinet with her right hand.,cabinet
14.24958,C places the skillet on the stovetop with her left hand.,stove
15.24465,C turns the stove knob with her right hand.,knob
19.74896,C picks an onion from the plate rack with her left hand.,onion
21.53402,C turns the stove knob with her right hand.,knob
23.4526,C picks a knife from the countertop with her right hand.,egg@@@@@hat@@@@@knife
23.62442,C moves the hand towel on the countertop wit her left hand.,hand_towel@@@@@towel
24.89026,C cuts the onion tip with the knife in her right hand.,knife@@@@@onion
26.7952,C drops onion tip on the countertop with her right hand.,onion
27.6681,C cuts the onion with the knife in her right hand.,knife@@@@@onion
29.19381,C drops the onion slice on the countertop with her right hand.,onion
32.66067,C peels the onion with her right hand.,onion
32.90347,C drops the onion peel on the countertop with her right hand.,onion
33.25978,C cuts the onion with her right hand.,onion
36.17142,C drops the onion on the plate rack with her left hand.,onion
37.41825,C picks a tray from the cabinet with both hands.,tray@@@@@cabinet
38.93819,C places the tray on the countertop with her right hand.,tray
39.27926,C places the onion in the tray with her left hand.,tray@@@@@onion
39.91318,C holds the onion in the tray with her left hand.,tray@@@@@onion
40.41262,C cuts the onion in the tray with the knife in her right hand.,tray@@@@@knife@@@@@onion
43.81695,C moves the onion on the tray with her left hand.,tray@@@@@onion
44.3481,C cuts the onion in the tray with the knife in her right hand.,tray@@@@@knife@@@@@onion
53.59654,C picks a bowl from a shelf with her left hand.,bowl
54.48655,C picks the tray from the countertop with her left hand.,tray
54.78213,C places the bowl on the countertop with her right hand.,hat@@@@@bowl@@@@@can
55.18957,C pours the cut tomato from the tray into the bowl with her left hand.,bowl@@@@@tray
58.55419,C picks the knife from the countertop with her right hand.,knife
58.88979,C places the green pepper on the tray with her left hand.,tray
59.21675,C cuts the green pepper with the knife in her right hand.,knife
65.64019,C picks the cut green pepper from the tray with both hands.,tray
66.26369,C pours the cut green pepper in the bowl with both hands.,bowl
68.30993,C picks a jar of oil from the shelf with her right hand.,jar
69.94349,C places the jar of oil on the countertop with both hands.,jar
70.41324,C opens the lid of the jar of oil with her right hand.,jar
71.65176,C scoops oil from the jar of oil with the scooping spoon in her right hand.,jar@@@@@spoon
73.16485,C pours oil from the scooping spoon in her right hand into the skillet.,spoon
75.78889,C puts the scooping spoon in the jar of oil with her right hand.,jar@@@@@spoon
76.7449,C covers the jar of oil with the lid in her right hand.,jar
77.54944,C places the jar of oil on the shelf with her left hand.,jar
78.28896,C picks an egg from the plate rack with her right hand.,egg
79.65115,C picks a pink knife from the countertop with her right hand.,knife
80.9538,C drops the pink knife on the countertop with her right hand.,knife
81.20137,C picks the knife from the countertop with her right hand.,knife
81.76925,C cracks the egg into the bowl with the knife in her right hand.,egg@@@@@bowl@@@@@knife
82.74156,C drops the knife on the countertop with her right hand.,knife
84.30215,C shakes the eggshell over the bowl with both hands.,egg@@@@@bowl
88.0398,C picks salt from the salt container with her right hand.,saltshaker
88.81426,C adds salt to the egg in the bowl with her right hand.,egg@@@@@saltshaker@@@@@bowl
90.12967,C picks salt from the salt container with her right hand.,saltshaker
90.64852,C adds salt to the egg in the bowl with her right hand.,egg@@@@@saltshaker@@@@@bowl
93.3403,C turns the stovetop with her left hand.,stove
95.12063,C passes the ground chili pepper container lid from her right hand to her left hand.,bottle@@@@@canister@@@@@can@@@@@jar
95.41193,C picks ground chili pepper from the ground chili pepper container with her right hand.,bottle@@@@@canister@@@@@can@@@@@jar
96.175,C adds ground chili pepper to the egg in the bowl.,egg@@@@@bowl
97.18234,C picks ground chili pepper from the ground chili pepper container with her right hand.,bottle@@@@@canister@@@@@can@@@@@jar
97.8434,C adds ground chili pepper to the egg in the bowl.,egg@@@@@bowl
98.44215,C covers the ground chili pepper container with the ground chili pepper container lid in her right hand.,bottle@@@@@canister@@@@@can@@@@@jar
99.29087,C places the ground chili pepper container on the shelf with her right hand.,bottle@@@@@cabinet@@@@@canister@@@@@can@@@@@jar
99.88826,C picks a curry powder container from the shelf with her right hand.,bottle@@@@@cabinet@@@@@canister@@@@@can@@@@@jar
100.68367,C holds the curry powder container with both hands.,bottle@@@@@canister@@@@@can@@@@@jar
100.96246,C opens the curry powder container lid with her right hand.,bottle@@@@@canister@@@@@can@@@@@jar@@@@@bottle_cap
101.37927,C passes the curry powder container lid from her right hand to her left hand.,bottle@@@@@can@@@@@bottle_cap
101.66002,C picks curry powder from the curry powder container with her right hand.,bottle@@@@@canister@@@@@can@@@@@jar
102.23017,C adds curry powder to the egg in the bowl with her right hand.,bowl@@@@@can
102.74995,C picks the curry powder container lid from her left hand with her right hand.,bottle@@@@@can@@@@@bottle_cap
104.43276,C picks a spoon from the countertop with her left hand.,spoon
105.27591,C beats the egg in the bowl with the spoon in her right hand.,bowl@@@@@spoon
105.42698,C picks the bowl from the countertop with her left hand.,bowl
109.38508,C picks the bowl from the countertop with her right hand.,bowl
113.46884,C picks dirt from the egg from the bowl with her left hand.,bowl
115.24586,C beats the egg in the bowl with the spoon in her right hand.,bowl@@@@@spoon
116.34163,C holds the bowl with her left hand.,bowl
117.17998,C picks the bowl from the countertop with her left hand.,bowl
122.37332,C places the bowl on the countertop with her right hand.,hat@@@@@bowl@@@@@can
124.39986,C shakes the bowl with her right hand.,bowl
127.14009,C pours egg from the bowl into the frying pan with her right hand.,bowl
130.25113,C holds the bowl with her left hand.,bowl
130.55971,C scrape the bowl with the spoon in her right hand.,bowl@@@@@spoon
132.7055,C shakes the bowl over the skillet with her left hand.,frying_pan@@@@@bowl
133.51156,C places the spoon in the bowl with her right hand.,bowl@@@@@spoon
135.29637,C places the bowl on the countertop with her right hand.,hat@@@@@bowl@@@@@can
136.894,C picks the eggshell from the countertop with her right hand.,egg@@@@@hat@@@@@can
138.6813,C moves the pink knife on the countertop with her right hand.,knife
139.12159,C picks a knife from the countertop with her right hand.,egg@@@@@hat@@@@@knife
140.53062,C drops the eggshell and dirt in a waste bin if her left hand.,trash_can@@@@@egg@@@@@can
142.43678,C passes the knife from her right hand to her left hand.,knife
143.38652,C picks the oil jar from the shelf with her right hand.,jar
145.02583,C passes the oil jar from her right hand to her left hand.,jar
145.1925,C removes the oil jar lid from the oil jar with her right hand.,jar
146.64027,C picks a spatula from the stovetop with her right hand.,spatula
147.40227,C puts the spatula into the oil jar with her right hand.,spatula@@@@@jar
147.65668,C scoops oil from the oil jar with the spatula in her right hand.,spatula@@@@@jar
148.8593,C adds oil to the omelet in the skillet with the spatula in her right hand.,frying_pan@@@@@spatula
151.38331,C pus the spatula in the oil jar with her right hand.,spatula@@@@@jar
151.54997,C scoops oil from the oil jar with the spatula in her right hand.,spatula@@@@@jar
152.30103,C adds oil to the omelet in the skillet with the spatula in her right hand.,frying_pan@@@@@spatula
153.74625,C puts the spatula into the oil jar with her right hand.,spatula@@@@@jar
153.77958,C places the oil jar on the countertop with her left hand.,jar
154.23366,C shakes the spatula in the oil jar with her right hand.,spatula@@@@@jar
155.189,C covers the oil jar with the oil jar lid in her left hand.,jar
156.118,C picks the jar of oil from the countertop with her left hand.,jar
158.42897,C lifts the edges of the omelet in the skillet with the spatula in her right hand.,frying_pan@@@@@spatula
159.24435,C holds the skillet handle with her left hand.,handle@@@@@pan_(for_cooking)
169.46933,C passes the spatula from her right hand to her left hand.,spatula
169.90881,C turns the stove knob with her right hand.,knob
174.29562,C passes the spatula from her left hand to her right hand.,spatula
174.90551,C holds the skillet handle with her left hand.,handle@@@@@pan_(for_cooking)
174.90551,C lifts the edge of the omelet in the skillet with the spatula in her right hand.,pan_(for_cooking)@@@@@spatula
179.73732,C flips the omelet over in the skillet with the spatula in her right hand.,frying_pan@@@@@spatula
183.06531,C presses the omelet in the skillet with the spatula in her right hand.,spatula
188.43875,C hits the edge of the omelet with the spatula in her right hand.,pan_(for_cooking)@@@@@spatula
191.16007,C lifts the edges of the omelet in the skillet with the spatula in her right hand.,frying_pan@@@@@spatula
196.31121,C flips the omelet over in the skillet with the spatula in her right hand.,frying_pan@@@@@spatula
199.31253,C presses the omelet in the skillet with the spatula in her right hand.,spatula
201.38415,C flips the omelet over in the skillet with the spatula in her right hand.,frying_pan@@@@@spatula
203.60872,C presses the omelet in the skillet with the spatula in her right hand.,spatula
204.98153,C places the spatula in the skillet with her right hand.,spatula
207.07727,C picks the plate from the cabinet with both hands.,cabinet
209.11997,C picks the spatula from the skillet with her right hand.,spatula
209.21997,C holds the skillet handle with her left hand.,handle@@@@@pan_(for_cooking)
209.51611,C presses the omelet in the skillet with the spatula in her right hand.,spatula
211.99779,C flips the omelet over with the spatula in her right hand.,spatula
213.73218,C presses the omelet in the skillet with the spatula in her right hand.,spatula
214.7532,C turns the stove knob with her right hand.,knob
215.772,C picks the skillet from the stovetop with her left hand.,stove
215.77273,C picks the spatula from the skillet with her right hand.,spatula
216.42643,C picks the omelet from the skillet with the spatula in her right hand.,spatula
217.75543,C serves the omelet in the plate with the spatula in her right hand.,spatula
219.59745,C places the spatula in the skillet with her right hand.,spatula
219.6226,C places the spatula in the skillet with her right hand.,spatula
