timestamp,narration,object
2.41065,C picks an onion from the kitchen shelf with her right hand.,onion
5.92814,C picks a tomato from the bowl on the kitchen shelf with her right hand.,bowl
9.478,C picks a knife from the countertop with her right hand.,knife
10.03136,C places the knife in her right hand on the countertop.,knife
15.62298,C picks a sachet of butter from the kitchen shelf with her right hand.,butter
18.68872,C drops the sachet of butter in her right hand on the countertop.,butter
20.0493,C places the egg in her right hand on the countertop.,egg
22.26771,C picks the knife from the countertop with her right hand.,knife
22.88706,C picks the onion from the countertop with her left hand.,onion
23.76889,C places the onion in her left hand on the chopping board.,chopping_board@@@@@onion
24.28446,C moves the onion on the chopping board with her left hand.,chopping_board@@@@@onion
24.82582,C slices the onion on the chopping board with the knife in her right hand.,knife@@@@@chopping_board@@@@@onion
31.13445,C holds the sliced onion on the chopping board with her left hand.,chopping_board@@@@@onion
31.64466,C cuts the onion on the chopping board with the knife in her right hand.,knife@@@@@chopping_board@@@@@onion
34.67958,C arranges the sliced onion on the chopping board with both hands.,chopping_board@@@@@onion
37.71832,C slices the onion on the chopping board with the knife in her right hand.,knife@@@@@chopping_board@@@@@onion
43.32478,C arranges the sliced onion on the chopping board with both hands.,chopping_board@@@@@onion
44.07403,C holds the sliced onion on the chopping board with her left hand.,chopping_board@@@@@onion
44.28865,C chops the onion on the chopping board with the knife in her right hand.,knife@@@@@chopping_board@@@@@onion
50.16279,C places the green chili in her left hand on the chopping board.,chopping_board
50.50532,C cuts the green chili on the chopping board with the knife in her right hand.,knife@@@@@chopping_board
56.34816,C removes the pieces of onion on the knife with her left hand.,knife@@@@@onion
56.728,C drops the pieces of onion in her left hand into the chopping board.,chopping_board@@@@@onion
57.40648,C picks a bowl with a tablespoon from the kitchen shelf with her right hand.,bowl
58.82169,C removes the tablespoon from the bowl in her right hand with her left hand.,bowl@@@@@spoon
59.61922,C passes the bowl in her right hand to her left hand.,bowl
60.7165,C drops the knife in her right hand on the countertop.,knife
61.51388,C packs the chopped vegetables on the chopping board with her right hand.,chopping_board
62.06348,C sweeps the chopped vegetables on the chopping board with her right hand into the bowl.,can@@@@@chopping_board@@@@@bowl@@@@@onion@@@@@hat
63.51096,C picks the bowl of chopped vegetables in her left hand with her right hand.,bowl
64.51153,C places the bowl of chopped vegetables in her right hand on the countertop.,bowl
64.78295,C picks the bowl of chopped vegetables on the countertop with her right hand.,bowl
64.98799,C places the tablespoon in her left hand on the countertop.,spoon
66.0313,C picks the knife on the countertop with her left hand.,knife
67.08361,C picks the bowl of chopped vegetables on the countertop with her right hand.,bowl
67.69516,C wipes the chopped of onion on the knife with her right hand into the bowl of chopped vegetables.,knife@@@@@bowl
68.13462,C passes the knife in her left hand to her right hand.,knife
69.6068,C places the tomato in her left hand on the chopping board.,chopping_board
69.94288,C slices the tomato on the chopping board with the knife in her right hand.,knife
84.3693,C cuts the sliced tomato on the chopping board with the knife in her right hand.,knife
89.04993,C places the sliced tomato in her left hand on the chopping board.,chopping_board
89.26516,C slices the tomato on the chopping board with the knife in her right hand.,knife
93.26226,C places the knife in her right hand on the countertop.,knife
94.94246,C picks the egg from the countertop with her right hand.,egg
96.33038,C picks the knife from the countertop with her right hand.,knife
98.90081,C cracks the egg in her left hand with the knife in her right hand.,knife@@@@@egg
101.04256,C opens the egg with both hands.,egg@@@@@pen
101.80252,C pours the egg into the bowl with chopped vegetables with both hands.,egg@@@@@bowl
102.79294,C drops the egg shell in her right hand into the egg shell in her left hand.,egg
104.31876,C places the egg shell in her left hand on the countertop.,egg
104.319,C places the knife in her right hand on the countertop.,knife
104.86192,C picks the napkin on the countertop with her right hand.,napkin
105.30185,C wipes her hands with the napkin.,napkin
105.80466,C drops the napkin in her hands on the countertop.,napkin
111.87054,C picks a measuring spoon from the container of curry powder with her right hand.,spoon
112.53994,C scoops curry powder from the container with the measuring spoon in her right hand.,spoon
114.41917,C adds the curry powder in the measuring spoon in her right hand into the egg in the bowl.,bowl@@@@@spoon
114.98008,C drops the measuring spoon in her right hand into the container of curry powder.,spoon
121.98237,C picks a measuring spoon in the container of ground pepper with her right hand.,spoon
123.17454,C scoops ground pepper from the container with the measuring spoon in her right hand.,spoon
124.60123,C adds the ground pepper in the measuring spoon in her right hand into the egg in the bowl.,bowl@@@@@spoon
125.78556,C drops the measuring spoon in her right hand into the container of ground pepper.,spoon
126.41595,C covers the container of ground pepper with the lid in her right hand.,condiment@@@@@pepper
127.97391,C picks the container of ground pepper in her left hand with her right hand.,condiment@@@@@pepper
132.99486,C picks a measuring spoon in the container of salt with her right hand.,spoon
133.7286,C scoops salt from the container with the measuring spoon in her right hand.,spoon
134.65868,C reduces the salt in the measuring spoon in her right hand into the container of salt.,spoon
135.726,C adds the salt in the measuring spoon in her right hand into the egg in the bowl.,bowl@@@@@spoon
136.92461,C drops the measuring spoon in her right hand into the container of salt.,spoon
141.72878,C picks the tablespoon on the countertop with her right hand.,spoon
142.49628,C bends the bowl of egg on the countertop with her left hand.,egg@@@@@bowl
143.13958,C stirs the egg mixture in the bowl with the tablespoon in her right hand.,bowl@@@@@spoon
157.09784,C drops the tablespoon in her right hand into the bowl of egg mixture.,bowl@@@@@spoon
158.95211,C turns the gas stove knob with her left hand.,knob@@@@@stove
162.52114,C picks the skillet on the countertop with her right.,pan_(for_cooking)
164.82703,C holds the skillet with both hands.,pan_(for_cooking)
165.74523,C places the skillet in her hands on the heated gas stovetop.,stove@@@@@pan_(for_cooking)
166.97608,C passes the handle of the skillet in her left hand to her right hand.,pan_(for_cooking)
167.40866,C moves the skillet on heat with her right hand.,pan_(for_cooking)
173.0338,C picks the knife from the countertop with her right hand.,knife
174.2759,C moves the chopping board on the countertop with her left hand.,chopping_board
175.27606,C picks the sachet of butter from the countertop with her right hand.,butter
175.82163,C drops the butter in her right hand into her left hand.,butter
176.93371,C unwraps the sachet of butter with both hands.,butter
179.12927,C drops the sachet of butter in her hands on the countertop.,butter
179.89616,C unwraps the paket of butter on the countertop with both hands,butter
183.79738,C cuts the butter on the chopping board with the knife in her right hand.,knife@@@@@chopping_board@@@@@butter
184.74145,C scoops the butter with the knife in her right hand.,knife@@@@@butter
187.81863,C adds the butter on the knife in her right hand into the skillet.,knife@@@@@butter
191.77707,C spreads the butter in the skillet on heat with the knife in her right hand.,knife@@@@@butter
194.62488,C turns the knife with butter in her right hand.,knife@@@@@butter
195.1481,C moves the knife with butter in her right on the the edge of the skillet.,knife@@@@@butter
200.6383,C drops the knife in her right hand on the countertop.,knife
201.25802,C turns the skillet on heat with her right hand.,pan_(for_cooking)
207.79869,C picks the sachet of butter from the chopping board with both hands.,chopping_board@@@@@butter
208.99643,C places the sachet of butter in her hands on the countertop.,butter
210.90161,C picks the sliced tomato from the chopping board with her right hand.,chopping_board
212.38181,C drops the sliced tomato in her right hand into the skillet on heat.,frying_pan@@@@@pan_(for_cooking)
213.3657,C picks the sliced tomato from the chopping board with her right hand.,chopping_board
215.90164,C drops the sliced tomato in her right hand into the skillet on heat.,frying_pan@@@@@pan_(for_cooking)
217.09954,C drops the sliced tomato in her right hand into the skillet on heat.,frying_pan@@@@@pan_(for_cooking)
217.94677,C picks the sliced tomato from the chopping board with her right hand.,chopping_board
220.02697,C drops the sliced tomato in her right hand into the skillet on heat.,frying_pan@@@@@pan_(for_cooking)
221.18527,C drops the sliced tomato in her right hand into the skillet on heat.,frying_pan@@@@@pan_(for_cooking)
221.68613,C moves the sliced tomato in the skillet with her right hand.,frying_pan@@@@@pan_(for_cooking)
224.66846,C wipes her right hand on the napkin on the countertop.,napkin
225.24683,C picks the napkin from the countertop with her right hand.,napkin
226.36108,C passes the napkin in her right hand to her left hand.,napkin
226.87724,C wipes the chopping board with napkin her left hand.,chopping_board@@@@@napkin
227.57652,C picks the napkin on the chopping board with her left hand.,chopping_board@@@@@napkin
227.80814,C wipes both hands with the napkin.,napkin
228.25287,C drops the napkin in her hands on the chopping board on the countertop.,chopping_board@@@@@napkin
228.66386,C places both hands on the napkin on the countertop.,napkin
228.89509,C observes the tomato in the skillet on heat.,frying_pan@@@@@pan_(for_cooking)
232.96112,C picks the bowl of egg mixture with tablespoon on the countertop with her right hand.,bowl@@@@@spoon
233.92885,C passes the bowl of egg mixture with tablespoon in her right hand to her left hand.,bowl@@@@@spoon
234.56048,C picks the tablespoon in the bowl of egg mixture with her right hand.,bowl@@@@@spoon
235.06448,C stirs the egg mixture in the bowl with the tablespoon in her right hand.,bowl@@@@@spoon
240.18079,C places the tablespoon in her right hand into the bowl of egg mixture.,bowl@@@@@hat@@@@@spoon
240.40065,C observes the tomato in the skillet on heat.,frying_pan@@@@@pan_(for_cooking)
248.35905,C picks the tablespoon in the bowl of egg mixture with her right hand.,bowl@@@@@spoon
249.17098,C stirs the egg mixture in the bowl with the tablespoon in her right hand.,bowl@@@@@spoon
255.89519,C lifts the bowl of egg mixture on the napkin on the chopping board with her left hand.,chopping_board@@@@@bowl@@@@@napkin
256.33186,C stirs the egg mixture in the bowl with the tablespoon in her right hand.,bowl@@@@@spoon
258.09668,C pours the egg mixture in the bowl into the skillet with the tablespoon in her right hand.,bowl@@@@@pan_(for_cooking)@@@@@spoon
264.63099,C places the tablespoon in her right hand into the bowl.,bowl@@@@@spoon
265.24065,C drops the bowl with tablespoon in her right hand on the countertop.,bowl@@@@@spoon
266.06988,C moves the skillet on heat with her left hand.,pan_(for_cooking)
267.50243,C passes the skillet in her left hand to her right hand.,pan_(for_cooking)
268.04348,C turns the skillet on heat with her right hand.,pan_(for_cooking)
269.20275,C lifts the skillet on heat with her right hand.,pan_(for_cooking)
269.92959,C places the skillet in her right hand on the heated gas.,pan_(for_cooking)
271.77616,C picks a bowl from the kitchen shelf with her right hand.,bowl
271.80124,C turns the gas knob with her left hand.,knob
273.32372,C covers the skillet with the bowl in her right hand.,bowl@@@@@pan_(for_cooking)
278.0476,C places both hands on the napkin on the chopping board.,chopping_board@@@@@napkin
287.78332,C wipes the chopping board on the countertop with the napkin in her right hand.,chopping_board@@@@@napkin
289.48722,C places the napkin in her right hand on the chopping board on the countertop.,chopping_board@@@@@napkin
289.66693,C places her hands on the napkin on the chopping board.,chopping_board@@@@@napkin
325.89861,C places her right hand on the napkin on the chopping board.,chopping_board@@@@@napkin
330.81868,C moves the napkin on the chopping board with both hands.,chopping_board@@@@@napkin
335.7346,C picks the napkin on the chopping board with both hands.,chopping_board@@@@@napkin
336.46128,C removes the bowl on the skillet with the napkin in her hands.,bowl@@@@@napkin
339.19188,C places the bowl in her left hand on the gas stovetop.,bowl@@@@@stove
340.35766,C passes the napkin in her right hand to her left hand.,napkin
341.01772,C drops the napkin in her left hand on the chopping board on the countertop.,chopping_board@@@@@napkin
341.32254,C picks the knife on the countertop with her right hand.,knife
342.38578,C picks the sachet of butter on the countertop with her right hand.,butter
343.0535,C passes the sachet of butter in her right hand to her left hand.,butter
343.97926,C picks the sachet of butter on the countertop with her left hand.,butter
344.93601,C scoops the butter from the sachet with the knife in her right hand.,knife@@@@@butter
347.88061,C shakes the knife with butter in her right hand.,knife@@@@@butter
348.9551,C spreads the butter on the tomato and egg with the knife in her right hand.,knife@@@@@butter
354.68794,C moves the knife in her right hand on the edge of the skillet.,knife
356.28357,C places the knife in her right hand on the countertop.,knife
359.4726,C picks a spatula from the kitchen shelf with her right hand.,spatula
360.80349,C picks the napkin on the chopping board on the countertop with her left hand.,chopping_board@@@@@napkin
361.40911,C drops the napkin in her left hand on the countertop.,napkin
362.81174,C picks a plate from the kitchen shelf with her left hand.,plate
365.14274,C places the plate in her left hand on the chopping board on the countertop.,plate
365.80611,C moves the tomato and egg in the skillet with the spatula in her right hand.,spatula
373.23066,C places her right hand with the spatula on the countertop.,spatula
378.25548,C turns the gas stove knob with her left hand.,knob@@@@@stove
415.50075,C lifts the tomato and egg in the skillet with the spatula in her right hand.,spatula
419.28215,C places her right hand with the spatula on the countertop.,spatula
425.32315,C picks the plate on the countertop with her left hand.,plate
427.31202,C touches the tomato and egg in the skillet with the spatula in her right hand.,spatula
428.16429,C moves the spatula in her right hand on the edge of the skillet.,spatula
429.62799,C lifts the tomato and egg in the skillet with the spatula in her right hand.,spatula
452.90656,C turns the gas knob with her right hand.,person@@@@@knob
457.03401,C moves the cooked tomato and egg in the skillet into the plate with the spatula in her right hand.,spatula@@@@@plate
461.89157,C places the plate of cooked tomato and egg in her left hand on the countertop.,plate
462.90829,C passes the spatula in her right hand to her left hand.,spatula
463.44893,C turns the gas knob with her right hand.,person@@@@@knob
464.29267,C passes the spatula in her left hand to her right hand.,spatula@@@@@person
465.32144,C drops the spatula in her right hand into the kitchen shelf.,can@@@@@spatula@@@@@cabinet@@@@@person
