timestamp,narration,object
27.65247,C lights a stove.,stove
33.56863,C picks up a skillet.,ski
34.8013,C places a skillet on a stove.,ski@@@@@stove
36.87016,C drains water from a bowl.,bowl
39.78666,C places bowl on the table.,bowl@@@@@table
42.20423,C removes an egg from the table.,table
42.98249,C picks a spoon.,spoon
44.52591,C breaks an egg with a spoon.,spoon
45.79619,C places the spoon on a pot.,spoon@@@@@pot
47.60008,C breaks egg into the bowl with hand.,bowl
54.5639,C opens the tap.,faucet
55.09645,C washes hand in the sink.,sink
57.99326,C picks a bottle of pepper.,bottle
59.45863,C opens a bottle of pepper.,can@@@@@bottle_cap@@@@@hat@@@@@bottle
61.57061,C adds pepper to the egg mixture.,person
67.2284,C closes the bottle of pepper.,can@@@@@bottle_cap@@@@@hat@@@@@bottle
68.40167,C places a bottle of pepper on the cabinet.,cabinet@@@@@bottle
69.42026,C picks a bottle of salt.,person@@@@@bottle
80.28403,C opens a bottle of tumeric.,bottle
87.78816,C closes bottle of tumeric.,bottle
89.6376,C places the bottle of tumeric on the cabinet.,cabinet@@@@@bottle
91.31949,C picks a bottle of black pepper.,bottle
91.95809,C opens a bottle of black pepper.,bottle
93.43707,C adds black pepper to the egg mixture.,pepper_mill@@@@@bowl
96.24683,C places spoon on the pot cover.,cover@@@@@spoon
97.43189,C closes the bottle of black pepper.,bottle
98.8984,C places the bottle of black pepper on the cabinet.,cabinet@@@@@bottle
101.63887,C removes an onion from the cabinet.,cabinet@@@@@onion
104.5567,C picks a knife from the table.,knife@@@@@table
109.62083,C places chopping board from the cabinet.,cabinet@@@@@chopping_board@@@@@oar
112.39534,C places green peas on the chopping board.,chopping_board@@@@@oar
115.7908,C slices onion with knife on the chopping board.,knife@@@@@onion@@@@@chopping_board@@@@@oar
120.94215,C removes the outer layer of the onion.,onion
124.07064,C slices onion with a knife.,knife@@@@@onion
142.80464,C removes green peas from the chopping board.,can@@@@@onion@@@@@chopping_board@@@@@table@@@@@oar
146.92449,C dices the green peas with a knife.,knife@@@@@chopping_board@@@@@oar
157.32755,C removes peel from the chopping board,chopping_board@@@@@oar
161.56967,C places the chopping board on the table.,chopping_board@@@@@table@@@@@oar
163.66538,C removes a bottle of oil from the table.,bottle@@@@@table
164.7245,C opens the bottle of oil with her hand.,bottle
165.49147,C adds oil to the skillet on the cooker.,wok@@@@@saucepan@@@@@griddle@@@@@pan_(for_cooking)@@@@@ski@@@@@frying_pan
168.36247,C closes the bottle of oil.,bottle
170.38964,C places the bottle of oil on the table.,bottle@@@@@table
171.87818,C stirs the egg mixture with fork.,fork
187.76886,C pours the egg mixture to the skillet.,ski
194.99432,C places the bowl in the sink.,sink@@@@@bowl
203.05405,C opens the tap.,faucet
203.61308,C washes hand in the sink.,sink
204.71601,C picks a spoon from the pot cover.,spoon@@@@@pot
206.832,C removes a potholder from the table.,potholder@@@@@table@@@@@pot
209.24248,C spreads the egg in the skillet with a spoon.,spoon
238.59688,C turns the egg with a spoon.,spoon
245.23513,C presses the egg with a spoon.,spoon
250.02472,C removes a plate from the cabinet.,plate@@@@@cabinet
252.62841,C places the plate on the table.,plate@@@@@table
253.55656,C places knife on the table.,knife@@@@@table
256.21095,C places chopping board in the cabinet.,cabinet@@@@@chopping_board@@@@@oar
258.40956,C turns egg in the skillet.,ski
268.56637,C presses egg with spoon.,spoon
278.04152,C transfers egg to the plate.,plate
280.84181,C places spoon on the skillet.,ski@@@@@spoon
18.51963,C picks up the camera from the stool chair with her both hands.,chair@@@@@stool@@@@@camera
21.25167,C wears the camera on her head with both hands.,camera
29.30157,C picks up a lighter from the cabinet with her right hand.,cabinet
29.93805,C turns on the gas burner with her left hand.,urn
31.19384,C lights up the gas burner with a lighter in her right hand.,urn
32.71299,C drops down the lighter on the cabinet with her right hand.,cabinet
35.00681,C places the skillet on the gas burner with her both hands.,urn@@@@@ski
36.96263,C picks up a bowl from the shelf with her right hand.,bowl
37.68139,C switches the bowl from her right hand to left hand.,bowl
38.25694,C removes the fork from the bowl with her right hand.,fork@@@@@bowl
40.153,C places the bowl on the cabinet with her left hand.,cabinet@@@@@bowl
40.73823,C drops down a fork into the bowl with her right hand.,fork@@@@@bowl
42.87295,C picks up a spatula from a pot with her right hand.,spatula@@@@@pot
44.42893,C hits an egg with a spatula in her right hand.,spatula
45.97628,C places the spatula on the pot with her right hand.,spatula@@@@@pot
46.88519,C pours the egg yolk into the bowl with her both hands.,bowl
53.47561,C drops down the egg shell into the trash bin with her right hand.,can@@@@@trash_can
54.47779,C turns on the tap with her right hand.,can@@@@@faucet
55.76255,C turns off the tap with her right hand.,can@@@@@faucet
58.2617,C picks up a container of red pepper from the shelf with her right hand.,can@@@@@canister
59.15933,C places the container of red pepper on her left hand.,can@@@@@jar@@@@@hat@@@@@bottle
59.59885,C opens the lid of the container with her right hand.,can@@@@@bowl@@@@@cup
61.2188,C pours red pepper into the bowl with a spoon in her right hand.,bowl@@@@@spoon
66.71931,C covers the container of red pepper with the lid in her right hand.,can@@@@@jar@@@@@bottle
68.61829,C places the container of red pepper on the shelf with her right hand.,can@@@@@cabinet@@@@@jar@@@@@bottle
69.09763,C picks up a container of salt from the shelf with her right hand.,can@@@@@cabinet@@@@@jar@@@@@bottle
69.8667,C places the container of salt on her left hand.,can@@@@@jar@@@@@hat@@@@@bottle
70.17898,C opens the lid of the container with her right hand.,can@@@@@bowl@@@@@cup
79.28236,C places a container of turmeric powder in her left hand.,can@@@@@bowl@@@@@cup@@@@@spoon
79.5546,C opens the lid of the container with her right hand.,can@@@@@bowl@@@@@cup
81.00491,C picks up a spoon from the container of turmeric powder with her right hand.,spoon
81.3925,C scoops turmeric powder from the container with a spoon in her right hand.,spoon
84.0803,C pours turmeric powder into the bowl with a spoon in her right hand.,bowl@@@@@spoon
84.84858,C pours turmeric powder into the container with a spoon in her right hand.,can@@@@@bowl@@@@@cup
86.0714,C scoops turmeric powder from the container with a spoon in her right hand.,spoon
87.24,C pours turmeric powder into the bowl with a spoon in her right hand.,bowl@@@@@spoon
87.53575,C drops down the spoon into the turmeric powder container with her right hand.,can@@@@@bucket@@@@@pan_(metal_container)@@@@@bowl@@@@@spoon
88.10363,C covers the container of turmeric powder with the lid.,can@@@@@bucket@@@@@pan_(metal_container)@@@@@bowl
89.50505,C drops down the container of turmeric powder on the shelf with her right hand.,can@@@@@bucket@@@@@pan_(metal_container)@@@@@bowl
90.64947,C picks up a butter container from the shelf with her right hand.,can@@@@@bucket@@@@@pan_(metal_container)@@@@@bowl
91.82961,C opens the lid of the butter container with her right hand.,can@@@@@bucket@@@@@pan_(metal_container)@@@@@bowl
93.90828,C picks up a spoon from the pot with her right hand.,spoon@@@@@pot
94.56234,C scoops butter from the container with a spoon in her right hand.,butter@@@@@spoon
95.77253,C pours butter into the bowl with a spoon in her right hand.,bowl@@@@@spoon
96.72297,C places the spoon on the pot with her right hand.,spoon@@@@@pot
97.42369,C covers the butter container with the lid in her right hand.,cover@@@@@butter
99.19369,C drops down the butter container on the shelf with her right hand.,butter
101.50504,C picks up an onion with her right hand.,onion
103.4096,C drops down the onion into the basket with her left hand.,onion@@@@@basket
104.74042,C picks up a knife from the cabinet with her right hand.,knife@@@@@cabinet
105.93998,C peels the outer skin of the onion with her right hand.,onion
108.54806,C drops down the outer skin of the onion on the cabinet with her right hand.,cabinet@@@@@onion
109.05093,C switches the knife from her right hand to left hand.,knife
110.84664,C places the chopping board on the cabinet with her right hand.,cabinet@@@@@chopping_board@@@@@oar
112.20434,C picks up the green pepper with her right hand.,pepper_mill@@@@@table
113.96911,C places the green pepper on the chopping board with her right hand.,chopping_board@@@@@oar
114.4136,C switches the knife from her left hand to right hand.,knife
114.88003,C places the onion on the chopping board with her left hand.,onion@@@@@chopping_board@@@@@oar
115.22598,C cuts the onion with a knife in her right hand.,knife@@@@@onion
119.50936,C drops down the knife on the chopping board with her right hand.,knife@@@@@chopping_board@@@@@oar
119.92662,C peels the outer skin of the onion with her right hand.,onion
123.37731,C drops down the outer skin of the onion on the cabinet with her right hand.,cabinet@@@@@onion
123.79723,C picks up the knife from the chopping board with her right hand.,knife@@@@@chopping_board@@@@@oar
124.59311,C cuts the onion with a knife in her right hand.,knife@@@@@onion
142.86414,C picks up the green pepper from the chopping board with her right hand.,can@@@@@onion@@@@@chopping_board@@@@@table@@@@@oar
145.20097,C drops down the stalk of green pepper on the cabinet with her right hand.,can@@@@@cabinet@@@@@onion@@@@@table
146.35421,C slices the green pepper with the knife in her right hand.,knife@@@@@can@@@@@onion@@@@@table
148.65142,C moves the onions on the chopping board with knife in her right hand.,knife@@@@@chopping_board@@@@@oar
148.96269,C places the green pepper on the chopping board with her left hand.,chopping_board@@@@@oar
149.21655,C cuts the green pepper with a knife in her right hand.,knife@@@@@chopping_board@@@@@oar
157.97616,C places the knife on the cabinet with her right hand.,knife@@@@@cabinet
158.67673,C lifts up the chopping board from the cabinet with her left hand.,cabinet@@@@@chopping_board@@@@@oar
158.87835,C packs the vegetables on the chopping board with her right hand.,chopping_board@@@@@oar
159.93037,C pours the vegetables into the bowl with her right hand.,bowl
161.23787,C picks up a knife from the cabinet with her right hand.,knife@@@@@cabinet
161.76906,C places the knife on the chopping board with her right hand.,knife@@@@@chopping_board@@@@@oar
162.02942,C places the chopping board on the cabinet with her left hand.,cabinet@@@@@chopping_board@@@@@oar
163.11522,C picks up a container of oil from the cabinet with her right hand.,vase@@@@@crock_pot@@@@@pitcher_(vessel_for_liquid)@@@@@cabinet@@@@@oil_lamp@@@@@bottle_cap@@@@@bottle@@@@@lamp@@@@@pot
164.2549,C opens the lid of the oil container with her left hand.,vase@@@@@crock_pot@@@@@pitcher_(vessel_for_liquid)@@@@@oil_lamp@@@@@bottle_cap@@@@@hinge@@@@@latch@@@@@bottle@@@@@lamp@@@@@knob@@@@@handle@@@@@pot
165.68528,C pours oil into the skillet with her right hand.,wok@@@@@saucepan@@@@@griddle@@@@@pan_(for_cooking)@@@@@ski@@@@@frying_pan
167.7652,C covers the oil container with the lid in her left hand.,vase@@@@@crock_pot@@@@@pitcher_(vessel_for_liquid)@@@@@oil_lamp@@@@@bottle_cap@@@@@hinge@@@@@latch@@@@@bottle@@@@@lamp@@@@@knob@@@@@handle@@@@@pot
170.32342,C drops down the oil container on the cabinet with her right hand.,cabinet
172.00358,C lifts up the bowl from the cabinet with left hand.,cabinet@@@@@bowl
172.27825,C whisks the egg mixture in the bowl with a fork in her right hand.,fork@@@@@bowl
176.98983,C places the bowl on the cabinet with her left hand.,cabinet@@@@@bowl
186.43547,C lifts up the bowl from the cabinet with left hand.,cabinet@@@@@bowl
186.70421,C whisks the egg mixture in the bowl with a fork in her right hand.,fork@@@@@bowl
188.57923,C pours the egg mixture into the skillet.,ski
194.08623,C spreads an omelet with a fork in her right hand.,omelet@@@@@fork
195.11348,C drops down the fork into the bowl with her right hand.,fork@@@@@bowl
195.58504,C places the bowl into the washing base with her left hand.,can@@@@@sink@@@@@bowl
197.34854,C packs the trash from the cabinet with her both hands.,cabinet
201.32072,C throws the trash into the trash bin with her right hand.,can@@@@@trash_can
202.6915,C turns on the tap with her right hand.,can@@@@@faucet
203.83319,C turns off the tap with her right hand.,can@@@@@faucet
205.66761,C picks up a spatula from a pot with her right hand.,spatula@@@@@pot
206.32216,C switches the spatula from her right hand to left hand.,spatula
206.80829,C picks up a pot holder from the cabinet with her right hand.,cabinet@@@@@potholder@@@@@pot
207.44328,C switches the pot holder from her right hand to left hand.,potholder@@@@@pot
207.87776,C switches the spatula from her left hand to right hand.,spatula
208.81798,C presses an omelet with a spatula in her right hand.,omelet@@@@@spatula
237.43273,C turns the omelet with a spatula in her right hand.,omelet@@@@@spatula
244.61255,C presses an omelet with a spatula in her right hand.,omelet@@@@@spatula
249.07422,C switches the spatula from her right hand to left hand.,spatula
250.37454,C picks up a plate from the plates rack with her right hand.,plate
252.77497,C places the plate on the cabinet with her right hand.,plate@@@@@cabinet
253.51541,C picks up the knife from the chopping board with her right hand.,knife@@@@@chopping_board@@@@@oar
254.30375,C places the knife on the cabinet with her right hand.,knife@@@@@cabinet
255.00977,C picks up the chopping board from the cabinet with her right hand.,cabinet@@@@@chopping_board@@@@@oar
258.31889,C turns the omelet with a spatula in her right hand.,omelet@@@@@spatula
271.42334,C presses an omelet with a spatula in her right hand.,omelet@@@@@spatula
276.25803,C picks up the spatula from the skillet with her right hand.,spatula@@@@@ski
276.66137,C lifts up the omelet from the skillet with a spatula in her right hand.,omelet@@@@@spatula@@@@@ski
278.82776,C places the omelet into a plate with a spatula in her right hand.,omelet@@@@@plate@@@@@spatula
281.50207,C places the spatula on the pot with her right hand.,spatula@@@@@pot
