timestamp,narration,object
0.0,C opens the fridge.,person
9.70374,C closes the fridge.,person
13.99098,C picks up the chopping board.,oar
17.69232,C picks up a knife.,person@@@@@knife
19.72118,C drops knife on the counter top.,knife
21.34041,C picks up a vegetable peeler.,person
24.11131,C picks up the knife.,knife
25.29134,C places the cucumber on the chopping board.,chopping_board@@@@@oar
28.65457,C drops the knife.,person@@@@@knife
49.00827,C picks up the knife.,knife
49.3913,C places the cucumber on the chopping board.,chopping_board@@@@@oar
69.6942,C places the tomato on the chopping board.,chopping_board@@@@@oar
78.19637,C gathers the diced tomato with a knife.,knife
79.33425,C drops the knife on the counter top.,knife
81.70204,C picks up a bowl from the kitchen shelf.,bowl
84.67787,C washes the bowl under the water.,bowl
88.49929,C drops the bowl on the counter top.,bowl
89.48479,C picks up the chopping board.,oar
91.00017,C adjusts the bowl.,bowl
91.63221,C picks up the knife.,knife
92.36352,C pours the diced vegetables into the bowl.,bowl
101.20811,C drops the chopping board on the counter top.,oar
101.83375,C drops the knife on the chopping board.,knife@@@@@oar
102.87527,C picks the black pepper container.,pepper_mill
112.40501,C returns the black pepper container.,pepper_mill
113.81145,C picks up the bottle of olive oil.,bottle
114.53995,C opens the bottle of olive oil.,bottle
115.66454,C adds olive oil to the bowl of salad.,bottle@@@@@bowl
118.53916,C covers the bottle of olive oil.,bottle
119.94631,C returns the bottle of olive oil.,bottle
120.74949,C picks up the spoon.,spoon
120.94298,C picks up the bowl of salad.,bowl
126.91669,C drops the spoon on the chopping board.,chopping_board@@@@@spoon@@@@@oar
127.44634,C picks up the spoon.,spoon
128.34062,C drops the spoon in the bowl.,bowl@@@@@spoon
0.0,C opens a fridge door with his left hand.,person
1.32736,C holds the fridge door with his right hand.,person
2.50943,C picks up a half cucumber with his left hand.,person
2.54486,C removes his right hand from the fridge door.,person
7.58315,C picks a half tomato with his right hand.,person
8.11846,C uses his right hand to place the half tomato in his left hand.,person
8.92082,C closes the fridge with his right hand.,person
11.70525,C picks the half tomato from his left hand with his right hand.,person
14.09188,C picks a chopping board from the countertop with both of his hands.,chopping_board@@@@@person@@@@@oar
14.97679,C drops the chopping board on the countertop with both of his hands.,chopping_board@@@@@person@@@@@oar
15.36167,C drops the half tomato on the countertop with his right hand.,person
15.724,C switches the half cucumber from his left hand to his right hand.,person
16.21846,C drops the cucumber on the countertop with his right hand.,person
17.77831,C picks a yellow knife with his right hand.,person@@@@@knife
19.00599,C touches the yellow knife in his right hand with his left hand.,person@@@@@knife
19.89519,C drops the yellow knife on the countertop with his right hand.,person@@@@@knife
21.3625,C picks a vegetable peeler with his right hand.,person
23.79856,C drops the vegetable peeler on the countertop with his right hand.,person
24.14212,C picks the yellow knife with his right hand.,knife
24.68158,C switches the half cucumber from his left hand to his right hand.,person
25.38922,C places the half cucumber on the chopping board with his left hand.,chopping_board@@@@@oar
25.61502,C places the yellow knife on the half cucumber with his right hand.,knife
26.00449,C slices the half cucumber into two with the knife in his right hand.,knife
28.69142,C drops the yellow knife on the countertop with his right hand.,person@@@@@knife
48.96222,C picks the yellow knife with his right hand.,knife
49.16337,C holds the peeled cucumber on the chopping board with his left hand.,chopping_board@@@@@oar
50.16856,C slices the peeled cucumber with the yellow knife.,knife
50.73291,C slices the peeled cucumber with the yellow knife.,knife
51.22475,C slices the peeled cucumber with the yellow knife.,knife
52.07075,C slices the peeled cucumber with the yellow knife.,knife
53.42437,C places one half of the sliced cucumber on the chopping board with his right hand.,chopping_board@@@@@oar
53.48749,C places one half of the sliced cucumber on the chopping board with his left hand.,chopping_board@@@@@oar
53.68015,C moves one half of the sliced cucumber to the center of the chopping board with his left hand.,chopping_board@@@@@oar
54.59574,C slices the one half of the sliced cucumber with the knife in his right hand.,knife
55.13921,C slices the one half of the sliced cucumber with the knife in his right hand.,knife
55.57369,C slices the one half of the sliced cucumber with the knife in his right hand.,knife
56.01233,C slices the one half of the sliced cucumber with the knife in his right hand.,knife
57.5042,C slices the one half of the sliced cucumber with the knife in his right hand.,knife
58.13929,C slices the one half of the sliced cucumber with the knife in his right hand.,knife
58.69368,C slices the one half of the sliced cucumber with the knife in his right hand.,knife
59.16423,C slices the one half of the sliced cucumber with the knife in his right hand.,knife
59.53373,C slices the one half of the sliced cucumber with the knife in his right hand.,knife
60.05051,C pushes the cucumber slices up the chopping board with his left hand.,chopping_board@@@@@oar
60.51547,C pushes the cucumber slices to the left of the cutting board with his left hand.,oar
60.83851,C drags the half of the sliced cucumber towards the center of the chopping board with his left hand.,chopping_board@@@@@oar
61.22769,C pushes the half of the sliced cucumber to the right of the chopping board with his left hand.,chopping_board@@@@@oar
61.61816,C taps the knife on the sliced cucumber with his left hand.,knife
62.06362,C slices the one half of the sliced cucumber with the knife in his right hand.,knife
62.56734,C slices the one half of the sliced cucumber with the knife in his right hand.,knife
65.30147,C slices the one half of the sliced cucumber with the knife in his right hand.,knife
65.84942,C slices the one half of the sliced cucumber with the knife in his right hand.,knife
66.43968,C slices the one half of the sliced cucumber with the knife in his right hand.,knife
67.07345,C slices the one half of the sliced cucumber with the knife in his right hand.,knife
69.60891,C places the sliced tomato on the chopping board with his left hand.,chopping_board@@@@@oar
70.5036,C slices the sliced tomato with the knife in his right hand.,knife
72.81988,C slices the sliced tomato with the knife in his right hand.,knife
73.4967,C slices the sliced tomato with the knife in his right hand.,knife
74.92584,C slices the sliced tomato with the knife in his right hand.,knife
75.98597,C slices the sliced tomato with the knife in his right hand.,knife
76.86233,C slices the sliced tomato with the knife in his right hand.,knife
78.10106,C pushes the tomato slices to the left of the chopping board with the knife in his right hand.,chopping_board@@@@@knife@@@@@oar
78.55804,C touches the tomato slices with the knife in his right hand.,knife
78.70574,C taps the chopping board with the knife in his right hand.,chopping_board@@@@@knife@@@@@oar
78.9097,C taps the chopping board with the knife in his right hand.,chopping_board@@@@@knife@@@@@oar
79.22161,C pushes a cucumber peel from the chopping board to the countertop with his left hand.,chopping_board@@@@@oar
79.57749,C pushes a cucumber peel from the chopping board to the countertop with his left hand.,chopping_board@@@@@oar
79.67938,C places the knife on the countertop with his right hand.,knife
81.83898,C picks a brown bowl with his right hand.,bowl
82.64723,C passes the brown bowl from his right hand to his left hand.,bowl
84.69375,C places the brown bowl under the running water with his left hand.,bowl
84.92907,C touches the inside of the brown bowl with his right hand.,bowl
85.70046,C turns the brown bowl upside down with his left hand.,bowl
86.12146,C holds the brown bowl with his right hand.,bowl
86.35,C shakes the brown bowl with both of his hands.,bowl
87.16333,C passes the brown bowl from his left hand to his right hand.,bowl
88.55696,C places the brown bowl on the countertop with his right hand.,bowl
89.31423,C touches the chopping board with his left hand.,oar
89.49013,C raises the chopping board with both of his hands.,oar
90.35445,C moves his left hand to the right on the edge of the chopping board.,oar
90.84009,C lifts the chopping board off of the countertop with his left hand.,oar
91.11422,C drags the brown bowl down in his direction with his right hand.,bowl
91.78874,C picks the knife with his right hand.,knife
92.34021,C pushes the tomato slices into the brown bowl with the knife in his right hand.,bowl@@@@@knife
93.81694,C pushes a tomato cucumber mixture into the brown bowl with the knife in his right hand.,bowl@@@@@knife
95.37395,C pushes the cucumber slices into the brown bowl with the knife in his right hand.,bowl@@@@@knife
96.59389,C pushes the tomato cucumber mixture into the brown bowl with the knife in his right hand.,bowl@@@@@knife
98.83931,C pushes the cucumber slices into the brown bowl with the knife in his right hand.,bowl@@@@@knife
100.13434,C pushes a cucumber slice into the brown bowl with the knife in his right hand.,bowl@@@@@knife
100.47505,C shakes the knife in his right hand.,knife
101.52169,C places the chopping board on the counter top with his left hand.,oar
101.92746,C places the knife on the chopping board with his right hand.,knife@@@@@oar
102.9843,C picks a pepper grinder with his right hand.,pepper_mill
103.8,C passes the pepper grinder from his right hand to his left hand.,pepper_mill
104.19413,C starts turning the body of the pepper grinder clockwise with his right hand.,pepper_mill
105.47475,C places the opening of the pepper grinder over the brown bowl containing cucumber tomato mixture with both of his hands.,bowl@@@@@pepper_mill
111.4159,C removes the opening of the pepper grinder from over the brown bowl containing cucumber tomato mixture with both of his hands.,bowl@@@@@pepper_mill
111.59179,C stops turning the body of the pepper grinder clockwise with his right hand.,pepper_mill
112.06305,C removes his left hand from the pepper grinder.,pepper_mill
113.8351,C picks a bottle of vegetable oil with his right hand.,bottle
114.38355,C removes the lid of the vegetable oil bottle with his left hand.,bottle
117.40721,C pours vegetable oil from the vegetable oil bottle into the brown bowl of cucumber tomato mixture with his right hand.,bottle@@@@@bowl
118.53546,C replaces the lid on the vegetable oil bottle with his left hand.,bottle
120.84157,C picks a spoon with his right hand.,spoon
120.99139,C grabs the brown bowl of cucumber tomato mixture with his left hand.,bowl
121.47473,C mixes the cucumber tomato mixture with the spoon in his right hand.,bowl@@@@@spoon
124.31931,C shakes the spoon with his right hand.,spoon
124.87661,C mixes the cucumber tomato mixture with the spoon in his right hand.,bowl@@@@@spoon
127.02925,C places the spoon on the chopping board with his right hand.,chopping_board@@@@@spoon@@@@@oar
127.65,C picks the spoon from the chopping board with his right hand.,chopping_board@@@@@spoon@@@@@oar
128.33686,C places the spoon inside the brown bowl with his right hand.,bowl@@@@@spoon
128.7143,C passes the brown bowl from his left hand to his right hand.,bowl
129.92812,C places the brown bowl of cucumber tomato mixture on the countertop with his right hand.,kitchen_sink@@@@@cabinet@@@@@bowl@@@@@kitchen_table@@@@@sink@@@@@can
131.12097,C moves a gas lighter to the left with his right hand.,igniter
