timestamp,narration,object
21.17914,C picks up a stainless pot.,person@@@@@saucepan
22.77624,C removes the sieve from the stainless pot.,person@@@@@saucepan
23.76021,C drops the sieve on the countertop.,person
24.29924,C places the stainless pot on the stovetop.,person@@@@@stove@@@@@saucepan
25.36088,C holds the stainless pot with his left hand.,person@@@@@saucepan
27.54278,C picks a tong.,person@@@@@tongs
28.80632,C removes the pot lid with a tong.,person@@@@@tongs@@@@@saucepan
30.68541,C places the lid on the countertop.,person
32.34125,C fits the tong on the pot of milk.,person@@@@@tongs@@@@@saucepan
35.04816,C holds a stainless pot on the cooker.,person@@@@@stove@@@@@saucepan
35.16522,C removes the pot of milk with a tong.,person@@@@@tongs@@@@@saucepan
40.9107,C drops the pot of milk to the stovetop.,person@@@@@stove@@@@@saucepan
42.10775,C removes the tong from the pot.,person@@@@@tongs@@@@@saucepan
42.94806,C drops the tong on the countertop.,person@@@@@tongs
43.08492,C turns the stove knob.,person@@@@@stove@@@@@knob
43.82848,C picks a gas lighter.,person
44.93806,C holds the pot handle on the stovetop.,person@@@@@stove@@@@@handle
47.77406,C regulates the heat temperature of the stovetop.,stove
47.77667,C drops the lighter.,person
48.78839,C picks up a sieve.,person
49.46192,C passes the sieve to his right hand.,person
49.56506,C drops the sieve on the countertop.,person
50.16959,C drops the sieve on the countertop.,person
52.5093,C opens the drawer.,drawer
53.4663,C picks a tea flask from the cabinet.,drawer@@@@@cabinet@@@@@can
55.89825,C picks a sugar flask from the cabinet.,drawer@@@@@cabinet@@@@@can
56.93606,C drops the sugar flask on the countertop.,jar
57.66752,C closes the drawer.,drawer
60.18681,C regulates the heat temperature of the stovetop.,stove
71.009,C picks up the spoon.,spoon
74.03745,C adds tea into the pot.,pot
77.57235,C adds tea into the pot.,pot
81.68287,C picks a sugar flask on the countertop.,jar
82.17014,C holds the sugar flask with his left hand.,jar
82.31522,C opens the sugar flask.,jar
84.59091,C picks a spoon in the sugar flask.,jar@@@@@spoon
87.149,C scoops out the sugar with the spoon.,spoon
88.53432,C adds sugar to the pot.,pot
90.54655,C scoops out the sugar with the spoon.,spoon
91.18583,C adds sugar into the pot.,pot
92.67907,C drops the spoon into the sugar flask.,jar@@@@@spoon
93.07511,C removes the sugar flask lid from his left hand.,jar
93.43356,C covers the flask with the lid.,jar
96.32103,C drops the sugar flask on the countertop.,jar
96.99763,C regulates the heat temperature of the stovetop.,stove
97.82311,C regulates the heat temperature of the stovetop.,stove
136.72868,C picks a cup.,cup
139.05703,C removes a cup.,cup
140.25356,C drops the cup.,cup
141.23777,C puts the cup on the stovetop.,cup
149.50621,C removes the pot of tea from the stovetop.,pot
151.20183,C sieves the tea into the cup.,cup
160.54827,C drops the sieve into the pot.,pot
161.78439,C drops the pot on the stove top.,stove@@@@@pot
21.26586,C picks up the pot with sieve in it.,person@@@@@saucepan
22.90966,C removes the sieve from the pot.,person@@@@@saucepan
23.99959,C places the pot on the gas burner.,person@@@@@stove@@@@@saucepan
27.08627,C picks up the detachable pot handle.,person@@@@@handle
28.44058,C removes the lid from the pot of milk.,person@@@@@saucepan
30.2263,C grabs the sieve with her hand.,person
32.11269,C turns the pot of milk with the detachable handle.,person@@@@@saucepan@@@@@handle
34.6209,C picks up the pot of milk.,person@@@@@saucepan
35.11293,C grabs the pot on the gas burner.,person@@@@@stove@@@@@saucepan
40.83443,C returns the pot of milk to the gas burner.,person@@@@@stove@@@@@saucepan
41.77678,C removes the detachable handle from the pot of milk.,person@@@@@saucepan@@@@@handle
42.75089,C drops the detachable handle on the counter top.,person@@@@@handle
42.93578,C places his hand on the gas burner knob.,person@@@@@knob
43.55499,C picks up a lighter.,person
43.82781,C turns the gas knob.,person@@@@@stove@@@@@knob
46.46362,C lights the gas burner with the lighter.,person@@@@@stove
48.20912,C drops the lighter on the counter top.,person
48.68193,C picks up the sieve from the counter top.,person
51.80522,C opens the kitchen drawer.,drawer
53.34357,C removes the jar from the kitchen drawer.,jar@@@@@drawer
54.97756,C drops jar on the counter top.,jar
55.70939,C removes a smaller jar from the kitchen drawer.,jar@@@@@drawer
56.83224,C places the smaller jar on the counter top.,jar
57.3338,C closes the kitchen drawer with his leg.,drawer
58.068,C picks up the smaller jar.,jar
58.50472,C passes the jar to his right hand.,jar
60.02739,C adjust heat on the gas burner.,urn@@@@@stove@@@@@can
60.42877,C drops the smaller jar on the counter top.,jar
60.91435,C adjust heat on the gas burner.,urn@@@@@stove@@@@@can
65.05243,C adjusts the jar on the counter top.,jar
68.98488,C picks up the jar.,jar
69.21541,C passes the jar to his left hand.,jar
69.65859,C opens the jar.,jar
71.24895,C scoops tea from the jar.,jar@@@@@spoon
74.00404,C adds tea to the pot of milk.,pot@@@@@can
76.57619,C scoops tea from the jar.,jar@@@@@spoon
77.32256,C adds tea to the pot of milk.,pot@@@@@can
78.0433,C returns spoon to the jar.,jar@@@@@spoon
79.4697,C closes the jar.,jar
80.71764,C drops jar of tea on the counter top.,jar
81.40541,C picks up jar of sugar.,jar
82.13784,C passes jar of sugar to his left hand.,jar
82.79452,C opens jar of sugar.,jar
86.7577,C scoops sugar from the jar.,jar
88.22401,C adds sugar to the pot of milk tea.,pot
90.40184,C scoops sugar from the jar.,jar
91.11575,C adds sugar to the pot of milk tea.,pot
92.47257,C returns spoon to the jar.,jar@@@@@spoon
93.69967,C closes jar of sugar.,jar
96.08363,C drops jar of sugar on the counter top.,jar
97.7205,C adjust heat on the gas burner.,urn@@@@@stove@@@@@can
136.54545,C picks up cup from the shelf.,cup
138.5914,C removes a cup from the rest.,cup
139.62066,C returns the cup to the shelf.,cup
140.84858,C drops the cup on the gas burner.,cup
143.25622,C hits the jar of tea.,jar
143.96268,C picks the jar of tea.,jar
149.26279,C picks up the pot from the gas burner.,pot
151.29011,C strains the tea into a cup.,cup
160.41345,C drops the sieve into the pot.,pot
161.46163,C drops the pot on the gas burner.,urn@@@@@stove@@@@@pot
