timestamp,narration,object
0.0,C picks the cucumber from the bowl with her left hand.,owl@@@@@person@@@@@bowl
0.553,C places the cucumber on the chopping board with her left hand.,oar@@@@@chopping_board@@@@@person
0.96333,C slices the cucumber with the knife in her right hand.,knife@@@@@person
4.21014,C puts the cucumber in the bowl with her left hand.,owl@@@@@person@@@@@bowl
4.615,C moves the cucumber on the chopping board with her left hand.,oar@@@@@chopping_board@@@@@person
5.1839,C slices the cucumber with the knife in her right hand.,knife@@@@@person
6.97407,C packs the sliced cucumber from the chopping board with her left hand.,oar@@@@@chopping_board@@@@@person
7.69127,C picks the sliced cucumber from the chopping board with her right hand.,oar@@@@@chopping_board@@@@@person
7.929,C adds the sliced cucumber to the tray with her left hand.,tray@@@@@person
8.27604,C adds the sliced cucumber to the tray with her right hand.,tray@@@@@person
8.73416,C picks the sliced cucumber from the chopping board with her right hand.,oar@@@@@chopping_board@@@@@person
9.32626,C adds the sliced cucumber to the tray with her left hand.,tray@@@@@person
9.84089,C touches the bowl with her left hand.,owl@@@@@person@@@@@bowl
10.264,C picks the tomato from the bowl with her left hand.,owl@@@@@person@@@@@bowl
11.22634,C places the tomato on the chopping board with her left hand.,oar@@@@@chopping_board@@@@@person
11.38889,C slices the tomato with the knife in her right hand.,knife@@@@@person
13.09425,C picks the tomato from the chopping board with her left hand.,oar@@@@@chopping_board@@@@@person
14.47221,C drops the tomato on the chopping board with her right hand.,oar@@@@@chopping_board@@@@@person
14.52569,C drops the tomato in the bowl with her left hand.,owl@@@@@person@@@@@bowl
15.27288,C slices the tomato with the knife in her right hand.,knife@@@@@person
17.48292,C puts the sliced tomato in the tray with her left hand.,tray@@@@@person
18.54537,C puts the sliced tomatoes on the tray with both hands.,tray@@@@@person
19.28554,C places the knife on the chopping board with her right hand.,oar@@@@@knife@@@@@chopping_board@@@@@person
19.809,C picks the salt container from the countertop with her right hand.,saltshaker@@@@@person
20.45389,C holds the salt container with her left hand.,saltshaker@@@@@person
20.67474,C opens the salt container with her right hand.,saltshaker@@@@@person
21.544,C places the salt container lid on the countertop with her right hand.,saltshaker@@@@@person
21.902,C picks a pinch of salt from the salt container with her right hand.,saltshaker@@@@@person
22.493,C sprinkles the salt on the tray with her right hand.,tray@@@@@person
23.262,C wipes her right hand on the napkin on the countertop.,napkin@@@@@person
23.733,C picks the salt container lid from the countertop with her right hand.,saltshaker@@@@@person
24.027,C covers the salt container with the salt container lid in her right hand.,saltshaker@@@@@person
25.06231,C places the salt container on the countertop with her right hand.,saltshaker@@@@@person
25.44048,C wipes her left hand on the napkin on the countertop.,napkin@@@@@person
25.64406,C wipes her right hand on the napkin on the countertop.,napkin@@@@@person
26.279,C opens the cabinet with her right hand.,cabinet@@@@@person
27.33733,C picks the chili powder pack from the cabinet with her right hand.,person@@@@@condiment
28.32839,C picks the chili powder sachet from the chili powder pack with her right hand.,bagel
30.60027,C adds the chili powder to the tray from the chili powder sachet in her right hand.,tray@@@@@bagel
31.8509,C puts the chili powder sachet in the chili powder pack with her right hand.,bagel
33.386,C puts the chili powder pack in the cabinet with her right hand.,cabinet
34.0505,C closes the cabinet with her right hand.,cabinet@@@@@person
35.04651,C picks the tray from the countertop with her left hand.,tray@@@@@person
36.445,C places the tray on the bowl with her right hand.,owl@@@@@tray@@@@@bowl
