timestamp,narration,object
0.0,C adjust camera with both hands.,camera@@@@@camera_lens
0.748,C opens the kitchen cabinet with her right hand.,can@@@@@cabinet@@@@@kitchen_table
3.11266,C closes the kitchen cabinet with her right hand.,cabinet
4.47236,C adjusts camera with her right hand.,camera@@@@@camera_lens
5.44568,C holds the skillet with both hands.,can@@@@@frying_pan@@@@@pan_(for_cooking)
6.28443,C picks a gas cooker lighter from the  kitchen rack with her right hand.,can@@@@@igniter@@@@@cooker
8.03,C passes the gas cooker lighter from her right hand to her left hand.,can@@@@@igniter@@@@@cooker
8.4489,C passes the gas cooker lighter to her right hand from her left hand.,can@@@@@igniter@@@@@cooker
8.7,C turns the gas cooker knob clockwise with her left hand.,knob@@@@@stove
9.33973,C ignites the burner with the gas cooker lighter in her right hand.,igniter@@@@@stove
11.46093,C places the gas cooker lighter on the countertop with her right hand.,igniter
11.463,C picks the skillet on the countertop with her left hand.,frying_pan
12.98187,C adjusts the camera with her right hand.,camera
17.34542,C opens the refrigerator with her right hand.,refrigerator@@@@@person
20.15,C picks an egg from the refrigerator with her left hand.,egg@@@@@refrigerator
21.20557,C moves the bowl in the refrigerator with her left hand.,refrigerator@@@@@bowl
22.86431,C picks an onion from the bowl in the refrigerator with her right hand.,onion@@@@@refrigerator@@@@@bowl
27.75066,C closes the refrigerator with her right hand.,refrigerator
28.51287,C adjusts the camera with her left hand.,camera
31.20802,C opens the kitchen cabinet with her right hand.,can@@@@@cabinet@@@@@kitchen_table
33.49513,C picks a spatula from the kitchen cabinet with her right hand.,spatula@@@@@cabinet
35.49758,C places the spatula on the countertop with her right hand.,spatula
36.70993,C picks a stainless bowl from the kitchen cabinet with her right hand.,cabinet@@@@@bowl
38.14881,C closes the kitchen cabinet with her right hand.,cabinet
40.63285,C places the stainless bowl on the countertop with her right hand.,bowl
41.3356,C places the spoon on the countertop with her right hand.,spoon
42.20484,C passes the onion from her left hand to her right hand.,onion
45.51853,C places the onion on the countertop with her right hand.,can@@@@@kitchen_table@@@@@onion
47.31059,C picks a pepper container from the kitchen shelf with her left hand.,can@@@@@cabinet@@@@@kitchen_table@@@@@hat@@@@@jar
48.71693,C opens the pepper container with her right hand.,can@@@@@person@@@@@jar
49.3,C places the pepper container lid on the countertop with her right hand.,can@@@@@kitchen_table@@@@@jar
50.01552,C picks a spoon in the pepper container with her right hand.,spoon
53.41049,C places the spoon in the pepper container with her right hand.,spoon
53.92037,C picks the pepper container lid on the countertop with her right hand.,jar
54.29884,C closes the pepper container with her right hand.,jar
56.12842,C places the pepper container on the kitchen shelf with her left hand.,jar
57.03659,C picks a curry container on the kitchen shelf with her left hand.,jar
59.5,C opens the pepper container with her right hand.,can@@@@@person@@@@@jar
62.10338,C scoops curry in the curry container with her right hand.,can@@@@@person@@@@@spoon@@@@@bowl
65.4749,C pours curry into the stainless bowl on the countertop with her right hand.,can@@@@@person@@@@@bowl
66.0281,C places the spoon in the curry container with her right hand.,can@@@@@spoon@@@@@bowl
66.53479,C picks the curry container lid on the countertop with her right hand.,can@@@@@person@@@@@bowl
66.8738,C closes the curry container with her right hand.,can@@@@@person
69.00254,C places the curry container on the kitchen shelf with her left hand.,can@@@@@kitchen_table@@@@@dining_table
70.39313,C picks a knife from the kitchen rack with her left hand.,knife
71.85541,C passes the knife to her right hand with her left hand.,person
72.59507,C moves the stainless bowl on the countertop with her left hand.,bowl
72.67088,C moves the spoon on the countertop with her right hand.,can@@@@@kitchen_table@@@@@spoon
72.67088,C moves the onion on the countertop with her right hand.,can@@@@@kitchen_table@@@@@onion
72.67088,C moves the kitchen towel on the countertop with her right hand,can@@@@@kitchen_table@@@@@towel
73.70058,C moves the chili pepper on the countertop with her right hand.,can@@@@@handle@@@@@spoon@@@@@bowl
73.91999,C picks the chopping board on the countertop with her right hand.,chopping_board
75.42697,C passes the chopping board to her left hand with her right hand.,chopping_board
76.38465,C picks the spatula on the countertop with her right hand.,spatula
77.26636,C places the chopping board on the countertop with her left hand.,chopping_board
77.388,C places the spatula on the countertop with her right hand.,spatula
78.44196,C picks the onion on the kitchen counter with her right hand.,onion
80.05,C peels the onion with the knife in her right hand.,knife@@@@@onion
81.51068,C drops the onion peel on the chopping board with her right hand.,onion@@@@@chopping_board
82.20476,C peels the onion with the knife in her right hand.,knife@@@@@onion
83.32778,C drops the onion peel on the chopping board with her right hand.,onion@@@@@chopping_board
83.4308,C moves the onion peel on the chopping board with her right hand.,onion@@@@@chopping_board
84.2,C peels the onion with her right hand.,onion
85.22965,C moves the onion peel on the chopping board with her right hand.,onion@@@@@chopping_board
85.66092,C places the onion the chopping board with her left hand.,onion@@@@@chopping_board
86.40627,C cuts the onion in half on the chopping board with the knife her right hand.,knife@@@@@onion@@@@@chopping_board
87.6,C moves the onion half on the chopping board with her right hand.,onion@@@@@chopping_board
88.27421,C peels the onion with her right hand.,onion
89.5,C drops the onion peel on the chopping board with her right hand.,onion@@@@@chopping_board
89.7,C places the onion on the chopping board with her left hand.,onion@@@@@chopping_board
90.66992,C slices the onion on the chopping board with her right hand.,onion@@@@@chopping_board
100.25096,C drops the knife on the chopping board with her right hand.,knife@@@@@chopping_board
101.13221,C picks the sliced onion from the countertop with her right hand.,onion
101.5,C places the sliced onion in the stainless bowl with her right hand.,onion@@@@@bowl
102.58392,C picks the sliced onion on the chopping board with her right hand.,onion@@@@@chopping_board
104.49433,C pours the sliced onion in the stainless bowl on the countertop.,onion@@@@@bowl
105.31791,C picks the sliced onion on the chopping board with her right hand.,onion@@@@@chopping_board
106.0813,C pours the sliced onion in the stainless bowl on the countertop.,onion@@@@@bowl
108.94103,C slices the chili pepper with the knife in her right hand.,knife
116.81253,C places the knife on the chopping board with her right hand.,knife@@@@@chopping_board
117.12524,C moves the chili pepper on the chopping board with her left hand.,chopping_board
118.76256,C pours sliced chili pepper into the stainless bowl on the countertop with her right hand.,bowl
120.26856,C pours sliced chili pepper into the stainless bowl on the countertop with her right hand.,bowl
120.57357,C picks onion on the chopping board with her right hand.,onion
121.54182,C picks the knife from the chopping board with her left hand.,knife@@@@@chopping_board
123.18198,C places the onion on the countertop with her right hand.,can@@@@@kitchen_table@@@@@onion
123.69974,C picks the onion wrap on the chopping board with her right hand.,onion@@@@@chopping_board
124.92037,C picks the chopping board on the countertop with her left hand.,kitchen_table@@@@@chopping_board
125.47029,C holds the chopping board with both hands.,chopping_board
126.27246,C places the chopping board on the countertop with her hands.,kitchen_table@@@@@chopping_board
128.24447,C places the knife on the kitchen rack with her left hand.,knife
137.72411,C picks the spatula from the countertop with her right hand.,spatula
138.8045,C moves the stainless bowl on the countertop with her left hand.,bowl
139.43924,C holds the stainless bowl with her right hand.,bowl
146.85739,C pours vegetable oil into the stainless bowl on the countertop with her right hand.,spoon@@@@@bowl
150.7664,C pours vegetable oil into the stainless bowl on the countertop with her right hand.,spoon@@@@@bowl
152.24555,C places the spoon in the vegetable oil container with her right hand.,can@@@@@canister@@@@@spoon
153.02118,C picks the vegetable oil container lid on the countertop with her right hand.,jar
153.36452,C closes the vegetable oil container with the lid in her right hand.,jar
154.75792,C places the vegetable oil container on the countertop with her left hand.,jar
156.23229,C picks the spoon on the countertop with her right hand.,spoon
156.46351,C picks the egg on the kitchen towel with her left hand.,egg@@@@@towel
158.38928,C cracks the egg with the spoon in her right hand.,egg@@@@@spoon
166.04,C pours the egg into the stainless bowl on the countertop with her both hands.,egg@@@@@bowl
169.1,C places the egg shell on the countertop with her left hand.,can@@@@@egg
169.16718,C touches the kitchen towel on the countertop with her right hand.,towel_rack@@@@@hand_towel@@@@@towel
170.56853,C holds the stainless bowl on the countertop with her left hand.,bowl
171.058,C stirs the egg mix with the spoon in her right hand.,spoon
186.67421,C picks the egg shell on the countertop with her left hand.,seashell
189.889,C passes the egg shell to her right hand with her left hand.,seashell
191.25656,C disposes the egg shell into the waste bin with her right hand.,can@@@@@seashell@@@@@trash_can
197.268,C opens the refrigerator with her right hand.,refrigerator@@@@@person
198.39675,C places the onion into the bowl in the refrigerator.,person@@@@@bowl
198.397,C places the chili pepper into the bowl in the refrigerator.,person@@@@@bowl
199.31614,C closes the refrigerator with her right hand.,refrigerator
203.4788,C opens the vegetable oil container with her right hand.,bottle
204.74229,C places the vegetable oil container on the countertop with her right hand.,bottle
205.42374,C picks the spoon in the vegetable oil container with her right hand.,bottle@@@@@spoon
205.91551,C scoops vegetable oil from the vegetable oil container with her right hand.,bottle
211.5248,C places the vegetable oil container on the countertop with her right hand.,bottle
212.31063,C picks the spoon in the stainless bowl with her right hand.,spoon@@@@@bowl
212.44164,C picks the the stainless bowl on countertop with her left hand.,bowl
212.82562,C stirs the egg mix in the stainless bowl with her right hand.,egg@@@@@bowl
218.79357,C spreads the egg mix in the skillet with the spoon in her right hand.,egg@@@@@spoon
220.02127,C holds the skillet handle with her left hand.,pan_(metal_container)@@@@@handle
231.545,C places the spoon in the stainless bowl  with her right hand.,spoon@@@@@bowl
231.99,C scoops vegetable oil from the vegetable oil container with her right hand.,bottle
232.11635,C picks the vegetable oil container on the countertop with her left hand.,can@@@@@canister@@@@@lamp@@@@@oil_lamp
235.51453,C pours vegetable oil into the skillet on the burner with the spoon in her right hand.,frying_pan@@@@@spoon@@@@@saucepan
240.84679,C places the spoon in the vegetable oil container with her right hand.,can@@@@@canister@@@@@spoon
241.34272,C picks the vegetable oil container lid on the countertop with her right hand.,jar
241.84678,C closes the vegetable oil container with her right hand.,jar
243.33531,C places the vegetable oil container on the countertop with her left hand.,jar
244.09935,C touches the towel on the countertop with her right hand.,towel
246.063,C picks the spatula on the countertop with her right hand.,spatula
247.72632,C moves the fried eggs in the skillet with the spatula in her right hand.,spatula@@@@@egg
262.12527,C flips the fried egg in the skillet with the spatula in her right hand.,spatula@@@@@frying_pan
263.8,C spreads the fried eggs in the skillet with the spatula in her right hand.,spatula@@@@@frying_pan
265.58116,C holds the skillet handle with her left hand.,pan_(metal_container)@@@@@handle
268.66311,C places the spatula on the stainless bowl with her right hand.,spatula@@@@@bowl
268.81653,C turns the gas cooker knob with her left hand.,knob@@@@@cooker
273.54333,C places the gas cooker lighter on the burner with her right hand.,igniter@@@@@stove
275.839,C picks the skillet on the gas cooker with her left hand.,pan_(for_cooking)@@@@@cooker
276.84983,C places the gas cooker lighter on the burner with her right hand.,igniter@@@@@stove
278.79716,C places the skillet on the countertop with her left hand.,kitchen_table@@@@@frying_pan
280.3263,C turns the gas cooker knob with her left hand.,knob@@@@@cooker
281.61707,C places the gas cooker lighter on the burner with her right hand.,igniter@@@@@stove
287.19131,C turns the gas cooker knob with her left hand.,knob@@@@@cooker
292.35808,C turns the gas cooker knob with her left hand.,knob@@@@@cooker
293.23962,C ignites the gas cooker with the lighter in her right hand.,igniter
295.37826,C picks the skillet on the countertop with her left hand.,frying_pan
297.17,C places the skillet on the burner with her left hand.,frying_pan
299.26846,C turns the gas cooker knob with her left hand.,knob@@@@@cooker
303.65415,C places the gas cooker lighter in the kitchen rack with her right hand.,igniter@@@@@kitchen_table
306.52695,C opens the kitchen cabinet with her right hand.,can@@@@@cabinet@@@@@kitchen_table
307.79788,C picks a stainless bowl in the kitchen cabinet with her right hand.,cabinet@@@@@bowl
308.51267,C picks a plate in the kitchen cabinet with her left hand.,cabinet@@@@@plate
309.19179,C places the stainless bowl in the kitchen cabinet with her right hand.,cabinet@@@@@bowl
309.87887,C closes the kitchen cabinet with her right hand.,cabinet
312.1,C picks the spatula on the countertop with her right hand.,spatula
313.01305,C moves the fried eggs in the skillet with the spatula in her right hand.,spatula@@@@@egg
319.5,C picks the fried eggs in the skillet with the spatula in her right hand.,spatula@@@@@egg
320.13392,C places the fried egg in the plate with the spatula in her right hand.,spatula@@@@@plate
320.99709,C places the spatula on the plate with her right hand.,spatula@@@@@plate
321.99766,C turns the gas cooker knob with her right hand.,knob
324.05,C picks the spatula on the plate with her right hand.,spatula@@@@@plate
324.52636,C passes the plate in her left hand to her right hand.,plate
0.44932,C opens a cabinet door with her right hand.,cabinet
1.77752,C picks a frying pan from the cabinet with her left hand.,cabinet@@@@@frying_pan
2.95094,C closes the cabinet door with her right hand.,cabinet
4.45947,C adjusts the camera glasses with her right hand.,camera@@@@@camera_lens
5.3689,C touches the frying pan in her left hand with her right hand.,frying_pan
5.78298,C places the frying pan on the countertop with her left hand.,kitchen_table@@@@@frying_pan
6.93145,C picks a gas lighter from a cutlery container with her right hand.,can@@@@@igniter@@@@@cabinet@@@@@drawer
8.03639,C holds the gas lighter with both hands.,can@@@@@igniter
8.29265,C holds the gas lighter with her right hand,can@@@@@igniter
8.89902,C turns the stove knob with her left hand.,knob@@@@@stove
9.80377,C lights up the stovetop with the gas lighter in her right hand.,igniter@@@@@stove
11.51712,C picks up the frying pan from the countertop with her left hand.,frying_pan
11.57902,C places the gas lighter on the countertop with her right hand.,igniter
13.73943,C places the frying pan on the stovetop with her left hand.,frying_pan@@@@@stove
17.41609,C holds the refrigerator handle with her right hand.,refrigerator
18.55375,C opens the refrigerator door with her right hand.,refrigerator@@@@@person
20.23333,C picks up an egg from the refrigerator with her left hand.,egg@@@@@refrigerator
21.37963,C moves a white bowl in the refrigerator towards her with her left hand.,refrigerator@@@@@bowl
22.23314,C touches an onion in the white bowl with her left hand.,onion@@@@@bowl
22.98418,C picks an onion from the white bowl with her right hand.,onion@@@@@bowl
24.8556,C pushes the bowl with her left hand.,bowl
27.30989,C closes the refrigerator door with her right hand.,refrigerator
31.2868,C opens a cabinet drawer with her right hand.,cabinet@@@@@drawer
33.11409,C draws out the cabinet drawer with her left hand.,cabinet
33.31717,C picks a spatula from the cabinet drawer with her right hand.,spatula@@@@@cabinet
35.38086,C places the spatula on the countertop with her right hand.,spatula
36.76966,C picks a spoon from the cabinet drawer with her right hand.,cabinet@@@@@spoon
36.88496,C picks a bowl from the cabinet drawer.,cabinet@@@@@bowl
37.88043,C closes the cabinet drawer with her right hand.,cabinet@@@@@drawer
40.52787,C places the bowl on the countertop with her right hand.,bowl
41.28918,C places the spoon on the countertop with her right hand.,spoon
41.97836,C picks the onion from her left hand with her right hand.,onion
43.27228,C picks up a napkin from the countertop with her right hand.,napkin
44.05143,C places the napkin on the countertop with her right hand.,napkin
44.913,C places the egg on the napkin with her left hand.,egg@@@@@napkin
45.72135,C places the onion on the countertop with her right hand.,can@@@@@kitchen_table@@@@@onion
47.36584,C picks a chilli pepper jar from a shelf with her left hand.,can@@@@@cabinet@@@@@kitchen_table@@@@@hat
48.43439,C opens the chilli pepper jar with her right hand.,person@@@@@jar
49.44227,C places the chilli pepper jar lid on the countertop.,can@@@@@kitchen_table@@@@@jar
49.86153,C picks up a spoon from the chilli pepper jar with her right hand.,jar@@@@@spoon
50.48797,C scoops chilli pepper from the chilli pepper jar with a spoon in her right hand.,jar@@@@@spoon
52.97655,C pours chilli pepper into the bowl with the spoon in her right hand.,spoon@@@@@bowl
53.42663,C places the spoon in the chilli pepper jar with her right hand.,jar@@@@@spoon
53.80145,C picks up the chilli pepper jar lid from the countertop with her right hand.,jar
54.29912,C closes the chilli pepper jar with the chilli pepper jar lid in her right hand.,jar
56.17196,C places the chilli pepper jar on the shelf with her left hand.,jar
57.12416,C picks a seasoning jar from the shelf with her left hand.,jar
58.10322,C opens the seasoning jar with her right hand.,jar
60.7585,C places the seasoning jar lid on the countertop with her right hand.,jar
61.19943,C picks a spoon from the seasoning jar with her right hand.,jar@@@@@spoon
61.88938,C scoops seasoning from the seasoning jar with the spoon in her right hand.,jar@@@@@spoon
65.45624,C pours seasoning into the bowl with the spoon in her right hand.,spoon@@@@@bowl
66.06472,C places the spoon into the seasoning jar with her right hand.,can@@@@@jar@@@@@spoon
66.46636,C picks up the seasoning jar lid from the countertop with her right hand.,can@@@@@person@@@@@jar
66.82745,C closes the seasoning jar with the seasoning jar lid in her right hand.,jar
68.95052,C places the seasoning jar on the shelf with her left hand.,can@@@@@jar
70.30196,C picks a knife from the cutlery container with her left hand.,can@@@@@knife
72.01898,C passes the knife from her left hand to her right hand.,person
72.65319,C moves the bowl away from her with her left hand.,bowl
72.65319,C moves the napkin and the spoon away from her with her right hand.,napkin@@@@@spoon
73.6764,C picks the green beans on the countertop with her left hand.,can@@@@@plate@@@@@bowl
75.47729,C passes the chopping board from her right hand to her left hand.,chopping_board
76.28871,C picks the spatula from the countertop with her right hand.,spatula
76.99639,C places the spatula on the countertop with her right hand.,spatula
77.19639,C places the chopping board on the countertop with her left hand.,chopping_board
78.4992,C picks the onion from the countertop with her right hand.,onion
80.03216,C cuts off the onion base with the knife in her right hand.,knife@@@@@onion
81.617,C places the onion base on the chopping board with her right hand.,onion@@@@@chopping_board
82.10367,C cuts off the onion head with the knife in her right hand.,knife@@@@@onion
83.39035,C places the onion head on the chopping board with her right hand.,onion@@@@@chopping_board
83.61186,C moves the onion slices to the side of the chopping board with her right hand.,onion@@@@@chopping_board
84.44513,C places the peel on the chopping board with her right hand.,onion@@@@@chopping_board
85.21534,C moves an onion peel to the side of the chopping board with her right hand.,onion@@@@@chopping_board
85.70449,C places the onion on the chopping board with her left hand.,onion@@@@@chopping_board
86.03216,C cut the onion with the knife in her right hand.,knife@@@@@onion
87.40011,C moves an onion peel to the side of the chopping board with her right hand.,onion@@@@@chopping_board
87.74297,C moves an onion slice to the side of the chopping board with her right hand.,onion@@@@@chopping_board
88.22212,C peels the onion with her right hand.,onion
89.5675,C places the onion on the chopping board with her left hand.,onion@@@@@chopping_board
89.63704,C places an onion peel on the chopping board with her right hand.,onion@@@@@chopping_board
90.09759,C moves the onion on the chopping board with her left hand.,onion@@@@@chopping_board
90.76768,C cuts the onions into smaller slices with the knife in her right hand.,knife@@@@@onion
92.92348,C turns the onion slices with her left hand.,onion
93.46887,C cuts the onion slices into pieces with the knife in her right hand.,knife@@@@@onion
100.18537,C places the knife on the chopping board with her right hand.,knife@@@@@chopping_board
101.60006,C pours the onion pieces into the bowl with her right hand.,onion@@@@@bowl
102.49575,C moves the knife to the side of the chopping board with her right hand.,knife@@@@@chopping_board
102.76199,C packs the onion pieces on the chopping board with her right hand.,onion@@@@@chopping_board
104.52168,C pours the onion pieces into the bowl with her right hand.,onion@@@@@bowl
105.14191,C packs the onion pieces on the chopping board with her right hand.,onion@@@@@chopping_board
106.10325,C pours the onion pieces into the bowl with her right hand.,onion@@@@@bowl
108.11145,C picks up a knife from the chopping board with her right hand.,knife@@@@@chopping_board
108.83162,C cuts off the head of the green beans with the knife in her right hand.,knife
111.74034,C cuts the green beans into smaller pieces the knife in her right hand.,knife
116.73991,C places the knife on the chopping board with her right hand.,knife@@@@@chopping_board
116.73991,C places the green beans on the chopping board with her left hand.,chopping_board
117.46231,C packs the green beans from the chopping board with her right hand.,chopping_board@@@@@bowl
117.9283,C moves the green beans on the chopping board with her left hand.,chopping_board@@@@@bowl
118.89408,C pours the green beans into the bowl with her right hand.,bowl
119.30122,C packs the green beans from the chopping board with her right hand.,chopping_board@@@@@bowl
120.08077,C pours the green beans into the bowl with her right hand.,bowl
120.5988,C picks the cut onionfrom the chopping board with her right hand.,onion
121.50499,C picks up the knife from the chopping board with her left hand.,knife@@@@@chopping_board
123.70243,C packs the onion peel from the chopping board with her right hand.,onion@@@@@chopping_board
124.62997,C picks up the chopping board from the stovetop with her left hand.,stove@@@@@chopping_board
125.37359,C holds the chopping board with both hands.,chopping_board
125.68572,C places the chopping board on the countertop with both hands.,kitchen_table@@@@@chopping_board
128.39205,C places the knife in the cutlery container with her left hand.,knife
137.67911,C moves the spatula on the countertop with her right hand.,spatula@@@@@kitchen_table
138.71042,C moves the bowl on the countertop towards her with her left hand.,bowl
139.49302,C holds the bowl on the countertop with her right hand.,bowl
140.2829,C moves an oil jar from the edge of the countertop towards her with her left hand.,jar
142.19452,C opens the oil jar with her right hand.,jar
142.92382,C places the oil jar lid on the countertop with her right hand.,kitchen_table@@@@@jar
143.39297,C picks up a spoon from the oil jar with her right hand.,jar@@@@@spoon
144.78243,C scoops oil from the oil jar with the spoon in her right hand.,jar@@@@@spoon
145.36365,C pours oil from the spoon in her right hand into the oil jar.,jar@@@@@spoon
147.10385,C pours oil from the spoon in her right hand into the bowl.,spoon@@@@@bowl
148.73952,C scoops oil from the oil jar with the spoon in her right hand.,jar@@@@@spoon
149.67228,C pours oil from the spoon in her right hand into the oil jar.,jar@@@@@spoon
150.87194,C pours oil from the spoon in her right hand into the bowl.,spoon@@@@@bowl
152.30168,C places the spoon into the oil jar with her right hand.,jar@@@@@spoon
153.47857,C closes the oil jar with the oil jar lid in her right hand.,jar
154.87992,C places the oil jar on the countertop with her left hand.,jar
155.26494,C picks up a spoon from the countertop with her right hand.,spoon
156.21596,C picks the egg from the countertop with her left hand.,egg
156.94528,C spins the egg with both hands.,egg
158.00178,C hits the egg with the spoon in her right hand.,egg@@@@@spoon
159.76852,C spins the egg with both hands.,egg
160.55916,C hits the egg with the spoon in her right hand.,egg@@@@@spoon
161.0547,C spins the egg with both hands.,egg
161.905,C hits the egg with the spoon in her right hand.,egg@@@@@spoon
162.56101,C spins the egg with both hands.,egg
163.31191,C hits the egg with the spoon in her right hand.,egg@@@@@spoon
163.902,C cracks the egg open into the bowl with both hands.,egg@@@@@bowl
167.14065,C shakes the egg shells into the bowl with both hands.,can@@@@@egg@@@@@bowl
168.37432,C places the egg shells into each other with her right hand.,can@@@@@egg
169.1779,C cleans her right hand with the napkin on the countertop.,napkin
170.61419,C stirs the egg in the bowl with the spoon in her right hand.,spoon@@@@@bowl
170.67348,C picks up the bowl up from the countertop with her left hand.,bowl
172.43644,C places the bowl on the countertop with her left hand.,bowl
186.62683,C picks up the eggshell from the countertop with her left hand.,seashell
189.96273,C passes the eggshell from her left hand to her right hand.,seashell
191.43744,C drops the eggshell in the waste bin with her right hand.,can@@@@@seashell@@@@@trash_can
196.95603,C opens the refrigerator door with her right hand.,refrigerator@@@@@person
198.41683,C places the cut onion slices in the white bowl with her left hand.,onion@@@@@bowl
198.90899,C closes the refrigerator door with her right hand.,refrigerator
201.78175,C picks up the oil jar from the countertop with her right hand.,jar
202.95128,C places the oil jar on her left hand with her right hand.,jar
203.30233,C opens the oil jar with her right hand.,jar
204.75924,C places the oil jar lid on the countertop with her right hand.,kitchen_table@@@@@jar
205.32858,C picks up the spoon from the oil jar with her right hand.,bottle@@@@@spoon
206.0461,C pours oil from the spoon in her right hand into the oil jar.,jar@@@@@spoon
208.33493,C pours oil into the frying pan from the spoon in her right hand.,frying_pan@@@@@spoon@@@@@saucepan
211.08188,C places the spoon inside the oil jar with her right hand.,jar@@@@@spoon
212.29146,C picks up the spoon from the bowl with her right hand.,spoon@@@@@bowl
212.61742,C picks up the bowl from the countertop with her left hand.,bowl
214.8768,C pours the egg from the bowl in her left hand into the frying pan.,bowl
218.81471,C spreads the egg in the frying pan with the spoon in her right hand.,spoon
220.0462,C holds the frying pan handle with her left hand.,pan_(metal_container)@@@@@handle
230.96401,C shakes the spoon in her right hand over the frying pan.,frying_pan@@@@@pan_(for_cooking)@@@@@spoon
231.58393,C places the spoon in the bowl with her right hand.,spoon@@@@@bowl
231.96852,C picks the spoon from the oil jar with her right hand.,can@@@@@jar@@@@@canister@@@@@spoon
232.03857,C picks up the oil jar from the countertop with her left hand.,can@@@@@jar@@@@@canister
233.12059,C scoops oil from the oil jar with the spoon in her right hand.,jar@@@@@spoon
233.62772,C pours oil from the spoon in her right hand into the oil jar.,jar@@@@@spoon
235.64981,C pours oil into the frying pan from the spoon in her right hand.,frying_pan@@@@@spoon@@@@@saucepan
240.69425,C places the spoon in the oil jar with her right hand.,jar@@@@@spoon
241.28779,C picks up the oil jar lid with her right hand.,jar
241.75456,C closes the oil jar with the lid in her right hand.,jar
243.28606,C places the oil jar on the countertop with her left hand.,jar
244.1608,C cleans her right hand with the napkin on the countertop.,napkin
245.55507,C picks the spatula from the countertop with her right hand.,spatula
246.59767,C holds the spatula with both hands.,spatula
247.63613,C lifts the edges of the egg with the spatula in her right hand.,spatula@@@@@egg
253.19537,C places the spatula in her right hand under the egg.,spatula@@@@@egg
256.87255,C moves the egg to the right of the frying pan with the spatula in her right hand.,spatula@@@@@egg
261.85649,C flips the egg over in the frying pan with the spatula in her right hand.,spatula@@@@@egg
263.36366,C lifts the edge of the egg in the frying pan with the spatula in her right hand.,spatula@@@@@frying_pan
264.52481,C presses the egg in the frying pan with the spatula in her right hand.,spatula@@@@@frying_pan
265.59727,C holds the frying pan handle with her left hand.,pan_(metal_container)@@@@@handle
268.6554,C places the spatula on the bowl with her right hand.,spatula@@@@@bowl
268.74667,C adjusts the stove knob with her left hand.,knob@@@@@stove
273.3177,C presses the gas lighter with her right thumb.,igniter
275.64397,C picks up the frying pan from the stovetop with her left hand.,frying_pan@@@@@stove
278.82395,C places the frying pan on the countertop with her left hand.,kitchen_table@@@@@frying_pan
280.30861,C adjusts the stove knob with her left hand.,knob@@@@@stove
281.67007,C presses the gas lighter with her right thumb.,igniter
287.1379,C adjusts the stove knob with her left hand.,knob@@@@@stove
288.72053,C presses the gas lighter with her right thumb.,igniter
290.63314,C adjusts the stove knob with her left hand.,knob@@@@@stove
293.09587,C lights the smaller stovetop with the gas lighter in her right hand.,igniter
295.37275,C picks up the frying pan from the countertop with her left hand.,frying_pan
297.2921,C places the frying pan on the smaller stovetop with her left hand.,frying_pan@@@@@stove
299.27876,C adjusts the stove knob with her left hand.,knob@@@@@stove
303.86765,C places the gas lighter in the cutlery container with her right hand.,basket@@@@@igniter
305.2664,C adjusts the camera glasses on her face with her left hand.,camera@@@@@camera_lens
306.59546,C opens a cabinet drawer with her right hand.,cabinet@@@@@drawer
307.70229,C picks a plate from the cabinet drawer with her left hand.,cabinet@@@@@drawer@@@@@plate
307.98953,C picks a round bowl from the cabinet drawer with her right hand.,cabinet@@@@@drawer@@@@@bowl
309.02223,C places the round bowl in the cabinet drawer with her right hand.,cabinet@@@@@drawer@@@@@bowl
309.85211,C closes the cabinet drawer with her right hand.,cabinet@@@@@drawer
312.06104,C picks up the spatula from the countertop with her right hand.,spatula
312.86385,C slides the spatula under the egg in the frying pan.,spatula@@@@@egg@@@@@frying_pan
318.42464,C lifts the egg from the frying pan with the spatula in her right hand.,spatula@@@@@egg@@@@@frying_pan
320.03436,C places the egg on the plate with the spatula in her right hand.,spatula@@@@@egg@@@@@plate
320.48206,C moves the egg on the plate with the spatula in her right hand.,spatula@@@@@plate
321.40761,C places the spatula on the plate with her right hand.,spatula@@@@@plate
321.99148,C turns the stove knob with her right hand.,knob
323.89476,C picks the spatula from the plate with her right hand.,spatula@@@@@plate
324.43547,C passes the plate from her right hand to her left hand.,plate
