timestamp,narration,object
2.12922,C takes a pan with her left hand.,pan_(for_cooking)@@@@@person
3.6756,C drops the pan on a gas burner.,stove@@@@@pan_(for_cooking)
7.66521,C takes a knife.,knife@@@@@person
9.6232,C drops a chopping board on the table with her left hand.,dining_table@@@@@oar@@@@@chopping_board@@@@@person
11.68116,C takes out an onion.,onion@@@@@person
15.6016,C cuts out the onion head.,knife@@@@@onion
22.05358,C divides the onion two halves.,knife@@@@@onion
27.28262,C removes the onion peel.,knife@@@@@onion
31.57883,C slices the onion.,knife@@@@@onion
57.0436,C takes some green beans from a bowl with her right hand.,bowl@@@@@person
58.77562,C drops the green beans on the chopping board.,oar@@@@@chopping_board
61.2692,C slices the green beans.,knife
78.35295,C opens a cupboard with her left hand.,cabinet@@@@@person
80.17259,C takes out a bowl from the cupboard.,bowl@@@@@oar@@@@@cup
81.71411,C drops the bowl on the table with her right hand.,bowl
82.70094,C takes up the bowl from the table.,bowl
83.81263,C puts the dices onion into the bowl with her right hand.,bowl@@@@@onion
91.31298,C opens a cupboard with her both hands.,oar@@@@@cup
95.6421,C takes out a jar of pepper from the cupboard.,jar@@@@@oar@@@@@cup
99.97475,C opens the jar of pepper.,jar
101.251,C scoops out some pepper with her right hand from the jar.,jar
103.17927,C pours the pepper into the bowl.,bowl@@@@@jar
105.93355,C closes the jar of pepper.,jar
107.11741,C drops the jar of pepper on the table with her left hand.,jar@@@@@pepper
107.78362,C picks up a jar of salt with her right hand.,jar
108.79838,C opens the jar of salt with her right hand.,jar
110.00538,C drops the jar of salt on the chopping board with her left hand.,jar@@@@@oar@@@@@chopping_board
122.60093,C adjusts the pan on the gas burner with her left hand.,stove@@@@@pan_(for_cooking)
125.017,C takes an egg from a bag with her right hand.,plastic_bag@@@@@egg
128.78546,C takes a spoon with her right hand.,spoon
129.95863,C adjusts the jar of salt on the table.,jar
131.53388,C scoops out some salt from the jar i to the bowl.,bowl@@@@@jar
137.04728,C moves the jar of salt aside.,jar
138.321,C cracks the egg.,egg
143.61649,C pours the egg into the bowl.,bowl@@@@@egg
166.35157,C picks a jar of oil with her right hand.,jar
167.31279,C pours oil into the pan.,bottle@@@@@pan_(for_cooking)
169.69908,C holds the handle of the pan.,handle@@@@@pan_(for_cooking)
170.11087,C drops the jar of oil.,can@@@@@jar
176.61493,C mixes the egg mixture in the bowl.,egg
186.2823,C pours the egg mixture into the pan.,egg
190.60598,C spreads the egg in the pan with spoon.,egg@@@@@spoon@@@@@pan_(for_cooking)
197.43209,C puts the spoon into the bowl.,bowl@@@@@spoon
198.48226,C drops the bowl and spoon on the table with her left hand.,bowl@@@@@spoon
200.75817,C closes the cupboard with her both hands.,cabinet@@@@@can@@@@@oar@@@@@cup
204.67901,C closes the jar of salt.,jar
209.50279,C drops the jar of salt on the table with her right hand.,jar
233.60739,C flips the omelet over in the pan with the spatula.,spatula
257.24458,C adjusts the omelet in the pan with the spatula.,spatula
269.04353,C drops the spatula on the chopping board with her right hand.,oar@@@@@spatula@@@@@chopping_board
282.14267,C picks up the spatula with her right hand.,spatula
294.43095,C drops the spatula on the chopping board with her right hand.,oar@@@@@spatula@@@@@chopping_board
