timestamp,narration,object
0.033,C places a plate with food in his left hand on the dining table.,dining_table@@@@@table@@@@@plate
9.33212,C holds the cellphone with both hands.,cellular_telephone
9.92285,C operates the cellphone in his hands.,cellular_telephone
17.74262,C passes the cellphone in his left hand to a woman O.,cellular_telephone@@@@@person
18.65125,The woman O operates the cellphone in her hands.,cellular_telephone
40.22592,The woman O touches the cellphone in her left hand with her right hand.,cellular_telephone
45.25223,The woman O taps on the cellphone in her left hand with her right hand.,cellular_telephone
47.17364,C picks the cellphone from woman O with his left hand.,cellular_telephone
48.36497,C holds the cellphone with both hands.,cellular_telephone
49.0639,C operates the cellphone in his hands with his left hand.,cellular_telephone
51.59792,C operates the cellphone in his right hand with his right hand.,cellular_telephone
55.39447,C operates the cellphone in his hands with his left hand.,cellular_telephone
58.35484,C observes the cellphone in his right hand.,cellular_telephone
66.40516,C picks a packet of butter on the chopping board with his left hand.,butter@@@@@chopping_board
66.85102,C wraps the packet of butter in his left hand with his right hand.,butter
68.65982,C holds the packet of butter with his right hand.,butter
68.91196,C drops the packet of butter in his right hand on the countertop.,butter
68.94002,C picks the bowl on the chopping board with his left hand.,chopping_board@@@@@bowl
70.14273,C drops the bowl in his left hand into the kitchen sink.,kitchen_sink@@@@@sink@@@@@bowl
70.95921,C picks a knife on the chopping board with his right hand.,knife@@@@@chopping_board
72.14489,C positions the knife in his right hand under the kitchen tap.,faucet@@@@@knife
72.211,C turns on the kitchen tap with his left hand.,faucet
73.96748,C passes the knife in his right hand to his left hand.,person@@@@@knife
74.50256,C picks a sponge from a container on the tap faucet with his right hand.,faucet@@@@@sponge
75.2692,C washes the knife in his left hand under the kitchen tap with the sponge in his right hand.,faucet@@@@@sponge@@@@@knife
77.41635,C turns the knife in his left hand with his left hand.,knife
77.70272,C washes the knife in his left hand under the kitchen tap with the sponge in his right hand.,faucet@@@@@sponge@@@@@knife
79.68506,C rinses the knife in his left hand under the kitchen tap.,kitchen_sink@@@@@sink@@@@@knife
80.19292,C drops the sponge in his right hand on the countertop.,sponge
82.78014,C picks the chopsticks on the chopping board with his right hand.,chopstick@@@@@chopping_board
83.45046,C places the knife in his left hand on the countertop.,knife
83.99477,C passes the chopsticks in his right hand to his left hand.,chopstick
84.6019,C drops the chopsticks in his left hand into the bowl in the kitchen sink.,kitchen_sink@@@@@chopstick@@@@@sink@@@@@bowl
85.29172,C picks the chopping board on the countertop with both hands.,chopping_board
86.18534,C places the chopping board in his left hand into the kitchen sink.,kitchen_sink@@@@@sink@@@@@chopping_board
86.55137,C picks the knife on the sponge on the countertop with his right right hand.,sponge@@@@@knife
87.21674,C places the knife in his right hand on the countertop.,knife
87.7006,C picks the sponge on the countertop with his right hand.,sponge
88.21323,C washes the chopping board under the kitchen tap with the sponge in his right hand.,sponge@@@@@chopping_board
93.75366,C wets the sponge in his right hand under the kitchen tap.,faucet@@@@@sponge
94.41876,C drains the water in the sponge into the kitchen sink with his right hand.,kitchen_sink@@@@@sponge@@@@@sink
95.41948,C drops the sponge in his right hand into the container on the tap faucet.,faucet@@@@@sponge
96.66555,C picks the knife on the countertop with his right hand.,knife
97.16011,C places the chopping board in his left hand on the countertop.,chopping_board
97.8602,C drops the knife in his right hand on the countertop.,knife
98.41051,C picks the packet of butter on the chopping board with his right hand.,butter@@@@@chopping_board
99.5105,C holds the packet of butter with both hands.,butter
99.92827,C wraps the packet of butter in his hands with his right hand.,butter
101.63048,C opens the refrigerator with his right hand.,refrigerator
102.8603,C places the packet of butter in his left hand into the refrigerator door shelf.,refrigerator@@@@@butter
103.457,C closes the refrigerator with his right hand.,refrigerator
105.68046,C operates the cellphone on the countertop with his right hand.,cellular_telephone
111.11298,C opens the cabinet door with his right hand.,cabinet
111.63455,C holds the cabinet door with his left hand.,cabinet
113.0538,C picks a peach bowl from the cabinet with his right hand.,cabinet@@@@@bowl
114.54673,C closes the cabinet door with his left.,cabinet
115.25755,C passes the peach bowl in his right hand to his left hand.,bowl
115.71155,C picks the peach bowl in his left with his right hand.,bowl
116.03388,C rinses the peach bowl under the kitchen tap with his right hand.,kitchen_sink@@@@@sink@@@@@bowl
117.38761,C pours the water in the peach bowl in his right hand into the kitchen sink.,kitchen_sink@@@@@sink@@@@@bowl
118.20539,C rinses the his left hand under the kitchen tap.,kitchen_sink@@@@@faucet@@@@@sink
118.28556,C places the peach bowl in his right hand on the chopping board on the countertop.,chopping_board@@@@@bowl
119.07535,C places his left hand under the kitchen tap.,kitchen_sink@@@@@faucet@@@@@sink
119.09592,C turns on the kitchen tap with his right hand.,faucet
119.88272,C rinses the his hands under the kitchen tap.,kitchen_sink@@@@@sink
121.52377,C shakes off the excess water in his hands into the kitchen sink.,kitchen_sink@@@@@sink
129.15744,C touches a bottle of soy sauce on the countertop with his right hand.,condiment@@@@@bottle
130.23667,C picks a bottle of sesame oil on the countertop with his right hand.,bottle
131.43446,C holds the bottle of sesame oil with both hands.,bottle
131.79218,C holds the bottle of sesame oil with his right hand.,bottle
132.1173,C opens the bottle of sesame oil in his right hand with his left hand,bottle
133.74119,C adds the sesame oil in the bottle in his right hand into the peach bowl on the countertop.,bottle@@@@@bowl
135.82226,C covers the bottle of sesame oil in his right hand with the cap in his left hand.,bottle@@@@@bottle_cap
137.37597,C drops the bottle of sesame oil in his right hand on the countertop.,bottle
141.7429,C picks the peach bowl with salad dressing on the chopping board with his left hand.,chopping_board@@@@@bowl
143.10128,C pours the salad dressing in the peach bowl in his left hand into the kitchen sink.,kitchen_sink@@@@@sink@@@@@bowl
145.10034,C drops the peach bowl with salad dressing in his left hand on the chopping board.,chopping_board@@@@@bowl
153.15735,C picks a bottle of vinegar on the countertop with his right hand.,bottle
156.5609,C turns off the kitchen tap with his left hand.,faucet
157.31819,C holds the bottle of vinegar with his left hand.,bottle
157.72804,C holds the bottle of vinegar with his right hand.,bottle
158.07344,C lifts the cap of the bottle of vinegar in his right hand with his left hand.,bottle@@@@@bottle_cap
160.11936,C holds the bottle of vinegar with both hands.,bottle
160.84823,C adds the vinegar in the bottle in his hands into the peach bowl on the countertop.,bottle@@@@@bowl
162.95511,C covers the bottle of vinegar in his right hand with the cap in his left hand.,bottle@@@@@bottle_cap
165.39067,C drops the bottle of sesame oil in his left hand on the countertop.,bottle
176.79321,C opens the refrigerator with his right hand.,refrigerator
179.35364,C opens a package of garlic cloves in the refrigerator door shelf with his left hand.,refrigerator@@@@@garlic
179.93696,C picks garlic cloves from the package in the refrigerator door shelf with his left hand.,refrigerator@@@@@garlic
180.17318,C holds the package of garlic cloves in the refrigerator door shelf with his right hand.,refrigerator@@@@@garlic
183.11599,C closes the refrigerator with his right hand.,refrigerator
185.27929,C moves the chopping board on the countertop with both hands.,chopping_board
186.15187,C picks the knife on the countertop with his left hand.,knife
186.25187,C moves the peach bowl on the chopping board with his right hand.,chopping_board@@@@@bowl
187.16526,C passes the knife in his left hand to his right hand.,knife
188.29713,C turns on the kitchen tap with his left hand.,faucet
188.91258,C rinses the garlic cloves in his left hand under the kitchen tap.,faucet@@@@@garlic
190.58778,C turns off the kitchen tap with his left hand.,faucet
191.4953,C drops the garlic cloves in his left hand on the chopping board.,garlic@@@@@chopping_board
192.08262,C holds the garlic cloves on the chopping board with his left hand.,garlic@@@@@chopping_board
192.5713,C chops the garlic cloves on the chopping board with the knife in his right hand.,garlic@@@@@knife@@@@@chopping_board
214.20264,C removes the chopped garlic in the knife with his left hand.,garlic@@@@@knife
217.00128,C packs the chopped garlic on the chopping board with the knife in his right hand into his left hand.,knife@@@@@chopping_board
217.98015,C adds the chopped garlic in his left hand into the peach bowl on the countertop.,garlic@@@@@bowl
218.65819,C packs the chopped garlic on the chopping board with the knife in his right hand into his left hand.,knife@@@@@chopping_board
219.36108,C adds the chopped garlic in his left hand into the peach bowl on the countertop.,garlic@@@@@bowl
219.70804,C removes the choped garlic from the knife in his right hand.,garlic@@@@@knife
220.103,C drops the knife in his right hand on the chopping board.,knife@@@@@chopping_board
220.63655,C clicks the screen of the cellphone on the countertop with his right hand.,cellular_telephone
223.65568,C holds the cellphone with both hands.,cellular_telephone
234.66466,C observes the cellphone in his hands.,cellular_telephone
241.42212,C picks a container salt on the countertop with his right hand.,can@@@@@shaker@@@@@saltshaker@@@@@canister
242.00256,C opens the container of salt in his right hand with his left hand.,shaker@@@@@saltshaker
242.94723,C shakes the container of salt in his right hand with his right hand.,shaker@@@@@saltshaker
243.35647,C moves the container of salt in his right hand towards the peach bowl on the countertop.,shaker@@@@@saltshaker@@@@@bowl
243.57893,C hits the container of salt in his right hand with his left hand.,shaker@@@@@saltshaker
249.03331,C closes the container of salt in his right hand with his left hand.,can@@@@@shaker@@@@@saltshaker@@@@@canister
249.88894,C places the container of salt in his right hand on the countertop.,shaker@@@@@saltshaker
250.4585,C flexes his left hand towards the garbage bin.,can@@@@@trash_can
251.07922,C picks a container of black pepper on the countertop with his left hand.,pepper
251.75713,C holds the container of black pepper with both hands.,pepper
252.25069,C removes the lid on the container of black pepper in his right hand with his left hand.,pepper
254.51853,C adds the black pepper in the container in his right hand into the peach bowl.,pepper@@@@@bowl
257.1853,C covers the container of black pepper in his right hand,pepper
259.65132,C picks the container of black pepper in his right hand with his left hand.,condiment@@@@@pepper_mill@@@@@pepper
260.01797,C drops the container of black pepper in his left hand on the countertop.,pepper
263.77289,C operates the cellphone on the on the countertop with his left hand.,cellular_telephone
273.57069,C turns on the kitchen tap with his right hand.,faucet
274.11343,C rinses his hands under the kitchen tap.,faucet
275.50598,C turns off the kitchen tap with his left hand.,faucet
275.94214,C shakes off the excess water in his hands into the kitchen sink.,kitchen_sink@@@@@sink
276.94475,C opens the kitchen cabinet with his right hand.,cabinet
277.41422,C passes the cabinet door in his right hand to his left hand.,cabinet
278.97135,C picks a small flat plate from the cabinet with his right hand.,cabinet@@@@@plate
279.40398,C picks a big flat plate from the cabinet with his left hand.,cabinet@@@@@plate
281.88607,C places the small flat plate in his right hand on the flat plate in his left hand.,plate
283.83675,C picks a plate from the cabinet with his right hand.,cabinet@@@@@plate
286.88794,C places the flat plates in his left hand on the cabinet.,cabinet@@@@@plate
289.79689,C closes the cabinet with his left hand.,cabinet
290.18843,C places the plate in his right hand on the chopping board.,plate@@@@@chopping_board
292.16758,C moves the peach bowl on the chopping board with his left hand.,chopping_board@@@@@bowl
292.32054,C moves the plate on the chopping board with his right hand.,plate@@@@@chopping_board
293.15175,C moves the knife on the chopping board with his right hand.,knife@@@@@chopping_board
297.36854,C opens the lid of the container on the countertop with his right hand.,can_opener@@@@@can@@@@@bottle@@@@@pen@@@@@canister@@@@@jar
297.99793,C pick a cucumber from the container on the countertop with his left hand.,cucumber
298.88087,C closes the container on the countertop with the lid in his right hand.,can@@@@@canister
299.57794,C moves the plate on the chopping board with his right hand.,plate@@@@@chopping_board
301.12168,C moves the plate on the chopping board with his left hand.,plate@@@@@chopping_board
301.25501,C picks the peach bowl on the chopping board with his right hand.,chopping_board@@@@@bowl
301.68887,C places the peach bowl in his right hand on the countertop.,bowl
302.55258,C picks the knife on the chopping board with his right hand.,knife@@@@@chopping_board
302.71924,C places the cucumber in his left hand on the chopping board.,cucumber@@@@@chopping_board
303.20037,C slices the cucumber on the chopping board with the knife in his right hand.,cucumber@@@@@knife@@@@@chopping_board
313.79987,C packs the sliced cucumber on the chopping board with his left hand.,cucumber@@@@@chopping_board
315.50141,C drops the sliced cucumber in his left hand into the plate on the chopping board.,plate@@@@@cucumber@@@@@chopping_board
315.79583,C moves the sliced cucumber on the knife in his right hand into the plate on the chopping board with his left hand.,plate@@@@@cucumber@@@@@knife@@@@@chopping_board
316.53609,C packs the sliced cucumber on the chopping board with his left hand.,cucumber@@@@@chopping_board
318.27605,C drops the sliced cucumber in his left hand into the plate on the chopping board.,plate@@@@@cucumber@@@@@chopping_board
318.31632,C drops the knife in his right hand on the chopping board.,knife@@@@@chopping_board
318.68298,C packs the sliced cucumber on the chopping board with his left hand.,cucumber@@@@@chopping_board
319.12162,C operates the cellphone on the countertop with his right hand.,cellular_telephone
319.88828,C drops the sliced cucumber in his left hand into the plate on the chopping board.,plate@@@@@cucumber@@@@@chopping_board
320.80673,C lifts the lid on the container on the countertop with his left hand.,can@@@@@saucepan@@@@@canister
321.37772,C picks the green bell pepper in the container on the countertop with his left hand.,pepper
322.12791,C closes the container on the countertop with lid in his right hand.,can@@@@@canister
322.83631,C picks the knife on the chopping board with his right hand.,knife@@@@@chopping_board
323.00297,C places the green bell pepper in his left hand on the chopping board.,pepper@@@@@chopping_board
323.52985,C slices the green bell pepper on the chopping board with the knife in his right hand.,knife@@@@@chopping_board
332.7402,C moves the sliced green bell pepper on the chopping board with the knife in his right hand.,knife@@@@@chopping_board
333.39273,C drops the knife in his right hand on the chopping board.,knife@@@@@chopping_board
334.37538,C drops the green bell pepper in his left hand into the container on the countertop.,pepper
334.91739,C closes the container on the countertop with lid in his right hand.,can@@@@@canister
334.985,C packs the sliced green bell pepper on the chopping board with his left hand.,pepper@@@@@chopping_board
335.78439,C operates the cellphone on the countertop with his right hand.,cellular_telephone
336.31772,C drops the sliced green bell pepper in his left hand into the plate on the countertop.,plate@@@@@pepper
337.31696,C moves a package with tomato on the countertop with his right hand.,tomato
337.61777,C lifts the seal on the package with tomatoes on the countertop with his left hand.,tomato
339.15223,C packs the tomatoes in the package on the countertop with his right hand.,tomato
343.9137,C holds the tomatoes with both hands.,tomato
344.72195,C turns on the kitchen tap with his left hand.,faucet
344.99297,C rinses the tomatoes in his hands under the kitchen tap.,faucet@@@@@tomato
349.67988,C adds the rinsed tomato in his hands into the plate on the countertop.,tomato@@@@@plate
350.70662,C lifts the seal on the package with tomatoes on the countertop with his left hand.,tomato
351.25349,C packs the tomatoes in the package on the countertop with his right hand.,tomato
353.90404,C closes the seal of the package of tomatoes on the countertop with his left hand.,tomato
354.47519,C holds the tomatoes with both hands.,tomato
354.8512,C rinses the tomatoes in his hands under the kitchen tap.,faucet@@@@@tomato
357.04275,C shakes off the excess water in his hands into the kitchen sink.,kitchen_sink@@@@@sink
357.86573,C adds the rinsed tomato in his right hand into the plate on the countertop.,tomato@@@@@plate
358.32931,C shakes off the excess water in his hands into the kitchen sink.,kitchen_sink@@@@@sink
358.69114,C picks the package of tomatoes on the countertop with his right hand.,tomato
359.55224,C drops the package of tomatoes in his right hand into the garbage bin.,can@@@@@tomato@@@@@trash_can
362.78064,C turns off the kitchen tap with his left hand.,faucet
368.70958,C opens the refrigerator with his right hand.,refrigerator
371.20475,C moves the ziplock bag in the refrigerator door shelf with his left hand.,refrigerator
375.14818,C moves the nylon in the refrigerator with his left hand.,refrigerator
376.4835,C picks a container of cheese from the refrigerator with his left hand.,refrigerator
377.95254,C closes the refrigerator with his right hand.,refrigerator
383.93916,C adds the cheese in the container in his right hand into the plate on the countertop.,can@@@@@plate@@@@@canister
390.72434,C opens the refrigerator with his right right hand.,refrigerator
391.99971,C places the container in his left hand into the shelf in the refrigerator.,refrigerator
392.99452,C picks an onion from the refrigerator with his left hand.,refrigerator@@@@@onion
394.07612,C closes the refrigerator with his left hand.,refrigerator
395.36336,C holds the onion with both hands.,onion
395.65461,C peels off the skin on the onion in his right hand with his left hand.,onion
399.50311,C drops the onion skin in his left hand into the kitchen sink.,kitchen_sink@@@@@sink
399.80824,C peels off the skin on the onion in his right hand with his left hand.,onion
403.2308,C drops the onion skin in his left hand into the kitchen sink.,kitchen_sink@@@@@sink
403.53594,C passes the onion in his right hand to his left hand.,onion
404.25015,C picks the knife on the chopping board with his right hand.,knife@@@@@chopping_board
404.80575,C places the onion in his left hand on the chopping board.,onion@@@@@chopping_board
405.03493,C slices the onion on the chopping board with the knife in his right hand.,onion@@@@@knife@@@@@chopping_board
410.50289,C places the knife in his right hand on the chopping board.,knife@@@@@chopping_board
412.07159,C opens the refrigerator with his right hand.,refrigerator
413.29093,C drops the onion in his left hand hand into the shelf in the refrigerator.,refrigerator@@@@@onion
414.23996,C closes the refrigerator with his right hand.,refrigerator
417.09428,C removes the sliced onion on the knife with his left hand.,onion@@@@@knife
417.4032,C picks the knife on the chopping board with his right hand.,knife@@@@@chopping_board
417.94551,C drops the onion in his left hand on the chopping board.,onion@@@@@chopping_board
418.33261,C moves the sliced onion on the chopping board with his left hand.,onion@@@@@chopping_board
418.89391,C slices the sliced onion on the chopping board with the knife in his right hand.,onion@@@@@knife@@@@@chopping_board
420.37481,C removes the onion skin from the sliced onion on the chopping board with his left hand.,onion@@@@@chopping_board
423.26384,C drops the onion skin in his left hand into the kitchen sink.,kitchen_sink@@@@@sink
423.68426,C moves the sliced onion on the chopping board with his left hand.,onion@@@@@chopping_board
424.42236,C picks a piece of sliced onion on the chopping board with his left hand.,onion@@@@@chopping_board
425.15689,C holds the piece of sliced onion with both hands.,onion
425.46263,C removes the spoit layer from the piece of sliced onion in his right hand with his left hand.,onion
426.54664,C drops the spoit layer of the sliced onion in his left hand into the kitchen sink.,kitchen_sink@@@@@onion@@@@@sink
426.97197,C holds the sliced onion on the chopping board with his left hand.,onion@@@@@chopping_board
427.1053,C slices the onion on the chopping board with the knife in his right hand.,onion@@@@@knife@@@@@chopping_board
428.07735,C packs the sliced onion on the chopping board with his left hand.,onion@@@@@chopping_board
428.84948,C moves the sliced onion on the chopping board into his left hand with the knife in his right hand.,onion@@@@@knife@@@@@chopping_board
429.64318,C adds the sliced onion in his left hand into the plate on the table.,onion@@@@@plate
430.04945,C moves the piece of sliced onion on the knife in his right hand into the plate with his left hand.,onion@@@@@plate@@@@@knife
430.47,C moves the piece of sliced onion on the edge of the plate on the chopping board with his eft hand.,onion@@@@@plate@@@@@chopping_board
431.1184,C places the knife in his right hand on the chopping board.,knife@@@@@chopping_board
432.37282,C operates the cellphone on the countertop with his right hand.,cellular_telephone
456.37041,C observes the cellphone in his right hand.,cellular_telephone
467.28438,C adds the dressing in the peach bowl in his left hand into the plate with sesame ginger Asian salad.,plate@@@@@bowl
472.94009,C opens a kitchen drawer with his right hand.,drawer
473.95743,C picks a chopsticks from the kitchen drawer with his right hand.,chopstick@@@@@drawer
477.51184,C drops the chopsticks in his right hand into the kitchen drawer.,chopstick@@@@@drawer
478.29377,C closes the kitchen drawer with his right hand.,drawer
480.16673,C moves the dressing in the peach bowl with the chopsticks in his right hand into the plate with sesame ginger Asian salad.,chopstick@@@@@plate@@@@@bowl
483.53278,C stirs the sesame ginger Asian salad in the plate on the chopping board with the chopsticks in his right hand.,chopstick@@@@@plate@@@@@chopping_board
486.17765,C places the peach bowl in his left hand on the countertop.,bowl
486.71786,C stirs the sesame ginger Asian salad in the plate on the chopping board with the chopsticks in his right hand.,chopstick@@@@@plate@@@@@chopping_board
487.39816,C holds the plate with sesame ginger Asian salad on the chopping board with his left hand.,plate@@@@@chopping_board
487.61726,C stirs the sesame ginger Asian salad in the plate on the chopping board with the chopsticks in his right hand.,chopstick@@@@@plate@@@@@chopping_board
499.93466,C picks the plate with sesame ginger Asian salad on the chopping board with his left hand.,plate@@@@@chopping_board
500.33465,C drops the chopsticks in his right hand on the chopping board.,chopstick@@@@@chopping_board
504.02543,A man X removes a cellphone on the pouch with his right hand.,cellular_telephone@@@@@pouch
506.19207,C picks the pouch on the dining table with his right hand.,dining_table@@@@@pouch@@@@@table
507.29206,C places the plate with sesame ginger Asian salad in his left hand on the dining table.,dining_table@@@@@table@@@@@plate
507.42611,C places the pouch in his right hand on the pouch on the dining table.,dining_table@@@@@pouch@@@@@table
511.82536,C operates the cellphone on the countertop.,cellular_telephone
