timestamp,narration,object
1.41993,C holds the wheel axle with her left hand.,wheel
1.77705,C picks the wheel from the work table with both hands.,wheel@@@@@table
7.41329,C holds the wheel with her right hand.,wheel@@@@@bicycle
7.91061,C holds the bicycle fork with her left hand.,bicycle@@@@@fork
8.10987,C places the wheel between the bicycle fork with her right hand.,wheel@@@@@bicycle@@@@@fork
10.97439,C places the wheel on the floor with her right hand.,wheel
20.19439,C moves a box on the work table with her right hand.,box@@@@@table
21.55951,C picks a spanner from the work table with her right hand.,table@@@@@wrench
23.92302,C adjusts the wrench in her right hand with her left hand.,wrench
26.23571,C places the wrench on the work table with her right hand.,table@@@@@wrench
27.12796,C moves a toolbox on the work table with her right hand.,box@@@@@toolbox@@@@@table
28.07214,C picks a spanner head from the toolbox with her left hand.,box@@@@@toolbox@@@@@wrench
29.87106,C picks a spanner from the toolbox with her right hand.,box@@@@@toolbox@@@@@wrench
31.2027,C inserts the spanner in her right hand into the spanner head in her left hand.,wrench
36.63303,C inserts the spanner base in her right hand into the spanner head in her left hand.,wrench
46.47665,C places the spanner in the toolbox with her right hand.,box@@@@@toolbox@@@@@wrench
47.31609,C picks the spanner head from her left hand with her right hand.,wrench
49.61518,C turns the spanner head on the brake caliper screw with her right hand.,wrench
51.66724,C holds the spanner head with both hands.,wrench
52.56601,C holds the spanner head with her left hand.,wrench
54.19154,C picks a screw driver from the toolbox with her right hand.,box@@@@@toolbox@@@@@screwdriver
55.58955,C places the screwdriver in the toolbox with her right hand.,box@@@@@toolbox@@@@@screwdriver
56.50492,C picks a spanner from the toolbox with her right hand.,box@@@@@toolbox@@@@@wrench
57.80785,C inserts the spanner in her right hand into the spanner head in her left hand.,wrench
61.24501,C inserts the base of the spanner in her right hand into the spanner head in her left hand.,wrench
69.65159,C places the spanner on the work table with her right hand.,kitchen_table@@@@@screwdriver@@@@@can@@@@@table@@@@@bolt@@@@@dining_table@@@@@hat@@@@@wrench
70.6399,C holds a set of tools in the toolbox with her right hand.,box@@@@@toolbox@@@@@screwdriver@@@@@can@@@@@pliers@@@@@wrench
71.29683,C picks a wrench from the toolbox with her right hand.,box@@@@@toolbox@@@@@wrench
72.08995,C places the wrench in the toolbox with her right hand.,box@@@@@toolbox@@@@@wrench
72.99971,C moves a wrench from the toolbox with her right hand.,box@@@@@toolbox@@@@@wrench
74.89937,C picks the wrench from the toolbox with her left hand.,box@@@@@toolbox@@@@@wrench
76.20471,C picks the wrench from her left hand with her right hand.,person@@@@@can@@@@@wrench
77.65244,C loosens the brake caliper screw with the wrench in her right hand.,wrench
79.37085,C holds the bicycle fork with her left hand.,bicycle@@@@@fork
86.76073,C holds the brake caliper with her right hand.,bicycle@@@@@person@@@@@can
87.92329,C holds the bicycle fork with her left hand.,bicycle@@@@@fork
87.98657,C loosens the brake caliper screw with the wrench in her right hand.,wrench
89.56577,C loosens the brake caliper screw with her right hand.,person@@@@@can
92.35259,C pulls the brake caliper with both hands.,bicycle@@@@@person@@@@@can
94.63165,C loosens the brake caliper screw with her right hand.,person@@@@@can
98.77646,C places the wrench on the work table with her right hand.,table@@@@@wrench
99.20142,C picks the wheel from the floor with her left hand.,wheel@@@@@person@@@@@can
99.86063,C picks the wheel in her left hand with her right hand.,wheel
100.52817,C places the wheel between the bicycle fork.,wheel@@@@@bicycle@@@@@fork
101.22081,C holds the wheel in her right hand with her left hand.,wheel
101.93824,C positions the wheel axle on the base of the bicycle fork with her right hand.,wheel@@@@@bicycle@@@@@fork
103.72922,C holds the wheel in her left hand with her right hand.,wheel
104.35403,C touches the wheel axle with her left hand.,wheel
104.8473,C holds the wheel in her right hand with her left hand.,wheel
105.61328,C picks the wheel axle nut from the work table with her right hand.,wheel@@@@@table
106.56963,C inserts the wheel axle nut into the wheel axle with her right hand.,wheel
112.00559,C removes the wheel axle nut from the wheel axle with her right hand.,wheel
112.99603,C drops the wheel axle nut on the work table with her right hand.,wheel@@@@@table
113.52331,C picks a wheel axle nut from the work table with her right hand.,wheel@@@@@table
114.33315,C inserts the wheel axle nut into the wheel axle with her right hand.,wheel
119.24427,C picks a wheel axle nut from the work table with her right hand.,wheel@@@@@table
120.04794,C fastens the wheel axle nut to wheel axle with her right hand.,wheel@@@@@wrench
129.65364,C picks the wheel axle nut from the work table with her right hand.,wheel@@@@@table
134.13504,C moves a set of tools in the toolbox with her right hand.,box@@@@@toolbox
136.23333,C holds the wheel axle nut with both hands.,wheel@@@@@person
137.92494,C moves the wheel with her left hand.,wheel@@@@@person
138.79475,C places the wheel axle nut on the wheel axle with her right hand.,wheel
139.93526,C places the wheel axle nut on the wheel axle with both hands.,wheel
146.03022,C picks an axle nut from the work table with her right hand.,table
147.14748,C holds the wheel with her right hand.,wheel@@@@@bicycle
153.18913,C fastens the wheel axle nut to the wheel axle with her right hand.,wheel
168.08862,C holds the bicycle fork with her left hand.,bicycle@@@@@fork
173.28048,C fastens the axle nut to the wheel axle with her right hand.,wheel
174.44582,C picks the wrench from the work table with her right hand.,table@@@@@wrench
176.18441,C puts the wrench on the wheel axle nut with her right hand.,wheel@@@@@wrench
177.08535,C fastens the wheel axle nut to the wheel axle with her right hand.,wheel
177.88994,C fastens the wheel axle nut to the wheel axle with the wrench in her right hand.,wheel@@@@@wrench
182.06772,C holds the wheel axle with her left hand.,wheel
184.0733,C holds the wheel with her right hand.,wheel@@@@@bicycle
185.75434,C holds the bicycle fork with her left hand.,bicycle@@@@@fork
186.80943,C fastens the wheel axle nut to the wheel axle with the wrench in her right hand.,wheel@@@@@wrench
188.4699,C fastens the wheel axle nut to the wheel axle with her right hand.,wheel
189.34957,C fastens the wheel axle nut to the wheel axle with the wrench in her right hand.,wheel@@@@@wrench
194.25503,C fastens the wheel axle nut to the wheel axle with her right hand.,wheel
195.33817,C fastens the wheel axle nut to the wheel axle with the wrench in her right hand.,wheel@@@@@wrench
198.34474,C touches the bicycle fork with her left hand.,bicycle@@@@@fork
200.23534,C holds the wheel with her left hand.,wheel@@@@@bicycle@@@@@fork@@@@@hat
201.25968,C places the wrench on the work table with her right hand.,table@@@@@wrench
