timestamp,narration,object
2.11569,C touches the axle nut of the front wheel with her left hand.,wheel
6.87415,C picks up a wrench on the table with her right hand.,table
10.07902,C holds the wheel with her left hand.,wheel
31.33706,C holds the wheel with her right hand.,wheel
50.74852,C holds the wheel with her left hand.,wheel
70.78075,C holds the wheel spokes with her right hand.,wheel
76.488,C shakes the wheel with her right hand.,wheel
81.90568,C removes the wheel from the fork with her hands.,wheel
84.17237,C holds the wheel with both hands.,wheel
88.22131,C places the wheel on the floor with her left hand.,wheel
88.75332,C lifts the wheel from the floor with her left hand.,wheel
