timestamp,narration,object
0.366,C passes the wrench from his right hand to his left hand.,wrench
0.98061,C holds the bicycle wheel with his right hand.,person@@@@@wheel
1.7313,C holds the wheel axle nu with his left hand.,person
3.19155,C holds the wheel axle with his right hand.,person@@@@@wheel
4.97433,C takes a wrench from his left hand with his right hand.,wrench
6.20335,C holds the bicycle wheel with his right hand.,person@@@@@wheel
7.03662,C touches the wheel axle with the wrench in her left hand.,wrench@@@@@person
8.685,C puts the wrench on the wheel axle nut with his left hand.,wrench@@@@@person
11.53588,C puts the wrench on the wheel axle nut with his right hand.,wrench@@@@@person
25.71465,C loosens the wheel axle nut with his right hand.,wheel
33.77,C holds the spoke of the bicycle wheel with his right hand.,bicycle
34.66413,C holds the wheel axle nut with his left hand.,wheel
36.21955,C turns the wheel with his right hand.,wheel
38.989,C places the wheel axle nut a work table with his right hand.,table@@@@@wheel
40.01443,C turns the bicycle wheel with his right hand.,person@@@@@wheel
40.735,C turns the bicycle wheel with his left hand.,person@@@@@wheel
41.55284,C loosens the wheel axle nut with the wrench in his right hand.,wrench@@@@@wheel
45.74793,C loosens the wheel axle nut with his right hand.,wheel
56.53405,C places the wrench on the work table with his right hand.,wrench@@@@@table
57.771,C passes the wrench from his left hand to his right hand.,wrench
59.007,C places the wrench in the toolbox on the work table with his right hand.,toolbox@@@@@wrench@@@@@box
59.58359,C holds the bicycle wheel with his left hand.,person@@@@@wheel
60.19523,C holds the bicycle fork with his right hand.,fork@@@@@person
61.51095,C holds the wheel axle with his right hand.,person@@@@@wheel
63.17356,C holds the bicycle fork with his right hand.,fork@@@@@person
64.27957,C turns the bicycle wheel with his left hand.,person@@@@@wheel
66.5708,C holds the bicycle wheel with his left hand.,person@@@@@wheel
68.93883,C turns the bicycle wheel with his left hand.,person@@@@@wheel
69.67326,C holds the bicycle fork base and the wheel axle with his right hand.,fork@@@@@person@@@@@wheel
72.75307,C holds the bicycle fork with his right hand.,fork@@@@@person
75.80099,C holds the spoke of the bicycle wheel with his left hand.,person@@@@@wheel
76.681,C turns the bicycle wheel with his left hand.,person@@@@@wheel
77.1225,C holds the bicycle wheel with both hands.,person@@@@@wheel
78.74607,C holds the bicycle fork base and the wheel axle with his left hand.,fork@@@@@person@@@@@wheel
83.93978,C turns the bicycle wheel with his right hand.,person@@@@@wheel
85.13963,C holds the bicycle wheel with his left hand.,person@@@@@wheel
87.85313,C holds the bicycle fork base and the wheel axle with his right hand.,fork@@@@@person@@@@@wheel
104.23076,C picks a wrench from the work table with his left hand.,wrench@@@@@person
104.65669,C drops the wrench on the work table with his left hand.,wrench@@@@@person
105.63611,C picks a hex wrench from the work table with his left hand.,wrench@@@@@person
106.21254,C passes the hex wrench from his left hand to his right hand.,wrench@@@@@person
107.02245,C holds the bicycle wheel with his left hand.,person@@@@@wheel
109.0486,C removes a safety washer from the wheel axle with the hex wrench in his right hand.,wrench@@@@@wheel
113.93746,C places the safety washer on the work table with his left hand.,table
115.36503,C turns the bicycle wheel with both hands.,bicycle@@@@@person
115.83047,C turns the bicycle wheel with his right hand,bicycle@@@@@person
116.27613,C holds the bicycle wheel with his left hand.,person@@@@@wheel
117.39007,C touches the bicycle fork base and the safety washer with the hex wrench in his right hand.,wrench@@@@@bicycle
125.55497,C places the hex wrench on the work table with his right hand.,wrench@@@@@table
131.5359,C picks a screw driver head holder from a toolbox on the work table with his right hand.,toolbox@@@@@box
133.62809,C removes a screwdriver head from the screwdriver head holder in his left hand with his right hand.,screwdriver
137.849,C places the screwdriver head holder on the work table with his left hand.,table@@@@@screwdriver
139.56459,C holds the bicycle wheel with his left hand.,person@@@@@wheel
146.61193,C holds the bicycle wheel with his left hand.,person@@@@@wheel
147.0412,C holds the bicycle fork base and the wheel axle with his right hand.,fork@@@@@person@@@@@wheel
149.46605,C removes the wheel axle from the base of the bicycle fork with the screwdriver head in his right hand.,screwdriver@@@@@wheel
159.49221,C picks the screwdriver head holder from his left hand with his right hand.,person@@@@@screwdriver
160.33732,C places the screwdriver head holder on the work table with his right hand.,table@@@@@screwdriver
160.95856,C moves the bicycle wheel on the floor with his left hand.,bicycle@@@@@person
161.89536,C places the bicycle wheel against the leg of the work table with his left hand.,table@@@@@bicycle
0.36212,C passes the wrench from his right hand to his left hand.,wrench
0.93339,C holds the bicycle wheel with his right hand.,person@@@@@wheel
1.4403,C turns the bicycle wheel with his right hand.,person@@@@@wheel
1.69764,C holds the wheel axle nut with his left hand.,wheel
2.42533,C turns the bicycle wheel with his right hand.,person@@@@@wheel
3.10633,C holds the wheel axle nut with his left hand.,wheel
4.92741,C passes the wrench from his left hand to his right hand.,wrench
6.16202,C holds the bicycle wheel with his right hand.,person@@@@@wheel
6.51811,C turns the bicycle wheel with his right hand.,person@@@@@wheel
6.95056,C holds the axle nut on the wheel axle with the red wrench in his left hand.,wrench@@@@@person
8.17276,C turns the wrench with his left hand.,wrench@@@@@person
8.54637,C positions the wrench on the axle nut of the wheel with his left hand.,wrench@@@@@person
10.073,C turns the bicycle wheel with his right hand.,person@@@@@wheel
11.50739,C turns the wrench with his right hand.,wrench@@@@@person
12.092,C loosens the axle nut on the wheel axle with the wrench in his right hand.,wrench@@@@@wheel
15.855,C loosens the axle nut on the wheel axle with the wrench in his right hand.,wrench@@@@@wheel
21.503,C loosens the axle nut on the wheel axle with the wrench in his right hand.,wrench@@@@@wheel
24.284,C loosens the axle nut on the wheel axle with the wrench in his right hand.,wrench@@@@@wheel
25.67658,C loosens the axle nut on the wheel axle with his right hand.,wheel
32.76973,C removes the axle nut from the wheel axle with his right hand.,wheel
33.42198,C holds the bicycle spoke with his right hand.,bicycle
33.93424,C adjusts his right hand on the bicycle spoke.,bicycle
34.6044,C holds the wheel axle nut with his left hand.,wheel
36.08258,C turns the bicycle wheel with his right hand.,person@@@@@wheel
38.9271,C places the axle nut on the table with his right hand.,table
39.90072,C turns the bicycle wheel with his right hand.,person@@@@@wheel
40.325,C holds the bicycle wheel with his left hand.,person@@@@@wheel
41.55,C loosens the axle nut on the wheel axle with the wrench in his right hand.,wrench@@@@@wheel
43.74111,C loosens the axle nut on the wheel axle with the wrench in his right hand.,wrench@@@@@wheel
45.7106,C loosens the axle nut on the wheel axle with his right hand.,wheel
55.79635,C places the axle nut on the table with his right hand.,table
56.55961,C places the wrench on the table with his right hand.,wrench@@@@@table
57.79626,C passes the red wrench from his left hand to his right hand.,wrench
58.25684,C touches the bicycle wheel with his left hand.,bicycle@@@@@wheel
58.6598,C places the red wrench on the table with his right hand.,wrench@@@@@table
59.33345,C holds the bicycle wheel with his left hand.,person@@@@@wheel
60.18131,C holds the bicycle fork with his right hand.,fork@@@@@person
60.18131,C pulls the bicycle wheel with his left hand.,bicycle@@@@@wheel
61.4717,C holds the bicycle hub with his right hand.,bicycle
63.07176,C holds the bicycle fork with his right hand.,fork@@@@@person
63.64554,C pulls the bicycle wheel with both hands.,person@@@@@wheel
64.25328,C turns the bicycle wheel with his left hand.,person@@@@@wheel
66.46426,C holds the bicycle wheel with his left hand.,person@@@@@wheel
67.35654,C adjusts his left hand on the bicycle wheel.,bicycle@@@@@person
68.92244,C turns the bicycle wheel with his left hand.,person@@@@@wheel
69.68014,C holds the wheel axle with his right hand.,person@@@@@wheel
72.56407,C holds the bicycle fork with his right hand.,fork@@@@@person
73.75492,C turns the bicycle wheel with his right hand.,person@@@@@wheel
75.84645,C holds the bicycle spoke with his left hand.,person@@@@@wheel
76.98291,C turns the bicycle wheel with his left hand.,person@@@@@wheel
78.67093,C holds the bicycle hub with his left hand.,person@@@@@wheel
84.427,C touches the bicycle hub with his left hand.,person@@@@@wheel
85.12577,C turns the bicycle wheel with his left hand.,person@@@@@wheel
85.15712,C holds the bicycle wheel with his left hand.,person@@@@@wheel
86.51966,C holds the bicycle hub with his right hand.,bicycle
86.61277,C turns the bicycle wheel with his left hand.,person@@@@@wheel
104.0785,C picks a black wrench from the table with his left hand.,wrench@@@@@person
104.70092,C places the black wrench on the table with his right hand.,wrench@@@@@person
105.00446,C moves a black wrench on the table with his right hand.,wrench@@@@@person
105.54149,C picks a lock nut wrench from the table with his left hand.,wrench@@@@@person
106.18637,C passes the lock nut wrench from his left hand to his right hand.,wrench@@@@@person
107.02022,C holds the bicycle wheel with his left hand.,person@@@@@wheel
107.70208,C removes the lock nut of the bicycle wheel with the lock nut wrench in his right hand.,wrench@@@@@person@@@@@wheel
113.83433,C places the lock nut on the table with his left hand.,table
115.30791,C turns the bicycle wheel with both hands.,bicycle@@@@@person
116.21635,C holds the bicycle wheel with his left hand.,person@@@@@wheel
117.24745,C touches the wheel axle with the lock nut wrench in his right hand.,wrench@@@@@wheel
118.36769,C touches the lock nut on the axle wheel with the lock nut wrench in his right hand.,wrench@@@@@wheel
118.41747,C adjusts his left hand on the bicycle wheel.,bicycle@@@@@person
120.60955,C touches the lock nut on the axle wheel with the lock nut wrench in his right hand.,wrench@@@@@wheel
125.10013,C places the lock nut wrench on the table with his right hand.,wrench@@@@@table
131.41133,C picks a pack of metal screw nuts from the tool box on the table with his right hand.,toolbox@@@@@box
137.75269,C places the pack of metal screw nuts on the table with his left hand.,table
139.54045,C holds the bicycle wheel with his left hand.,person@@@@@wheel
144.73368,C pulls the bicycle wheel with both hands.,person@@@@@wheel
146.53373,C holds the bicycle wheel with his left hand.,person@@@@@wheel
146.95902,C holds the bicycle hub with his right hand.,bicycle
149.37747,C detaches the bicycle wheel from the fork with the metal screw nut in his right hand.,wheel
154.79827,C picks a pack of metal screw nuts from the table with his right hand.,table
158.17523,C places the metal screw nut into the pack of metal screw nuts in his left hand with his right hand.,person
160.98443,C moves the bicycle wheel on the floor with his left hand.,bicycle@@@@@person
