timestamp,narration,object
0.56136,C puts the instruction paper in the tray with her left hand.,tray
5.53296,C picks up the measurement spoon from the counter with her left hand.,spoon@@@@@soupspoon
7.0596,C holds the measurement spoon with both hands.,spoon@@@@@person@@@@@soupspoon
8.67167,C puts the measurement spoon on the container with her right hand.,spoon@@@@@soupspoon@@@@@saucepan
11.04231,C picks bottles of salt and sugar with both hands.,saltshaker
11.7233,C passes the bottle of salt to her left hand.,saltshaker
12.30029,C picks up a bottle of peanut oil with her right hand.,bottle@@@@@person
14.11778,C places the bottle of peanut oil on the counter with her right hand.,bottle
16.0046,C takes a bottle of sugar with her right hand.,bottle
17.32085,C places the bottle of salt and sugar with both hands on the counter.,bottle@@@@@condiment
18.78194,C adjusts her eyeglasses with both hands,spectacles@@@@@person
32.54079,C picks up the instruction paper with her left hand from the tray.,tray
38.4437,C holds the instruction paper with both hands.,person
38.58505,C takes away her right hand from the food tray,person@@@@@tray
41.08553,C picks up a peanut oil bottle from the counter with her right hand.,bottle
42.82823,C places the peanut oil bottle on the counter with her right hand.,bottle
43.748,C picks up garlic from the food tray with her right hand.,garlic@@@@@tray
46.1327,C places the garlic on the counter with her right hand.,garlic@@@@@person
51.69969,C picks up two bottles from the cabinet with her right hand.,bottle@@@@@cabinet
56.12459,C places the bottles on the counter with her right hand.,bottle
57.95171,C holds the instruction paper with both hands.,person
59.49885,C picks up two ingredient bottles from the cabinet with her right hand.,bottle@@@@@cabinet
63.67708,C places the ingredient bottle on the counter with her right hand.,bottle
65.53178,C picks an oyster-flavored sauce bottle from the cabinet with her right hand.,bottle@@@@@cabinet
67.01316,C places the oyster flavored bottle on the counter with her right hand.,bottle
68.00078,C picks an olive oil bottle from the counter with her right hand.,bottle@@@@@person
68.65641,C places the olive oil bottle on the counter with her right hand.,bottle
69.58672,C picks a honey bottle from the cabinet with her right hand.,bottle@@@@@cabinet
70.36443,C places the honey bottle on the counter with her right hand.,bottle
71.35922,C holds the instruction paper with both hands.,person
73.75507,C holds the handle of the skillet with her left hand.,pan_(for_cooking)@@@@@handle@@@@@can@@@@@frying_pan
74.19989,C picks the measurement spoons from the skillet with her right hand.,spoon
75.26238,C places the measurement spoon on the counter with her right hand.,spoon@@@@@soupspoon
75.68272,C takes away the skillet from the cabinet with her left hand.,frying_pan@@@@@cabinet
77.34321,C places the skillet in the sink with her right hand.,sink@@@@@frying_pan@@@@@kitchen_sink
78.32115,C opens the tap with her right hand.,faucet
81.23115,C closes the tap with her right hand.,faucet@@@@@person
82.15536,C takes away the skillet from the sink with her left hand.,sink@@@@@kitchen_sink
83.27465,C places the skillet on the burner with her left hand.,frying_pan@@@@@stove
83.77423,C presses on the button of the burner with her right hand.,igniter
86.11623,C operates on the button s of the burner with her right hand.,igniter
90.89278,C adjusts his eyeglasses with her left hand.,spectacles@@@@@person
94.6352,C touches the white bowl on the counter with her left hand.,person@@@@@bowl
95.49482,C touches the measurement spoons on the counter with her left hand.,spoon
107.40262,C shifts the instruction paper aside with her left hand.,person
128.31759,C receives a bowl from Womanx with her left hand.,person@@@@@bowl
129.2415,C passes the bowl to her right hand.,person@@@@@bowl
129.46586,C holds the bowl with both hands.,person@@@@@bowl
130.31575,C places the bowl on the counter with her right hand.,bowl
133.45865,C picks up the bottle of walnut oil from the counter with her left hand.,bottle
134.45933,C opens the bottle of walnut oil with her right hand.,bottle
136.36207,C passes the bottle to her right hand.,bottle@@@@@person
136.71317,C picks spoons from the counter with her left hand.,spoon@@@@@person
139.43093,C pours the walnut oil into the spoon with her right hand,spoon
143.4005,C pours the walnut oil from the spoon into the bowl with her left hand.,spoon@@@@@bowl
146.21561,C places the spoon on the chopping board with her left hand.,spoon@@@@@chopping_board
148.12682,C picks up the walnut bottle lid from the counter with her left hand.,bottle_cap@@@@@bottle
149.01063,C closes the walnut bottle with her left hand.,bottle
152.13632,C places the walnut bottle on the counter with both hands.,bottle
152.64285,C picks the bottle of canola oil from the counter with her right hand.,bottle@@@@@person
153.50859,C opens the canola bottle of oil with her left hand.,bottle
154.62469,C picks up the measurement spoon from the counter with her left hand.,spoon@@@@@soupspoon
158.34345,C pours the canola oil into the measurement spoon with her right hand.,ring@@@@@cup@@@@@measuring_cup
162.51422,C pours the canola oil into the bowl on the counter with her left hand.,can@@@@@bowl
162.51422,C places the canola oil bottle on the chopping board with her right hand.,bottle@@@@@chopping_board
164.24613,C picks a measurement spoon with her right hand.,spoon@@@@@person@@@@@soupspoon
168.08051,C picks up the canola oil bottle from the chopping board with her right hand.,bottle@@@@@chopping_board
168.8337,C pours the oil into the measurement spoon with her right hand.,ring@@@@@cup@@@@@measuring_cup
170.72859,C places the canola bottle on the chopping board with her right hand.,bottle@@@@@chopping_board
171.65878,C selects the measurement spoon from her left hand.,spoon@@@@@person@@@@@soupspoon
177.43583,C picks the canola oil bottle with her right hand.,bottle@@@@@person
177.90142,C places the measurement spoon on the chopping board with her left hand.,spoon@@@@@chopping_board
179.40336,C picks up the olive oil bottle from the counter with her right hand.,bottle
180.36109,C places the two bottles with both hands. in the cabinet.,bottle@@@@@cabinet
181.90177,C picks up coconut oil from the counter with her right hand.,coconut@@@@@person
185.9873,C places the lid of the coconut oil bottle on the counter with her right hand.,bottle_cap@@@@@bottle
186.45209,C passes the coconut oil bottle to her right hand.,bottle
187.44528,C picks up the measurement spoon from the chopping board with her left hand.,spoon@@@@@chopping_board@@@@@soupspoon
189.04657,C pours coconut oil into the measurement spoon with her right hand.,spoon@@@@@coconut@@@@@soupspoon
195.91798,C places the coconut oil bottle on the chopping board with her right hand.,bottle@@@@@chopping_board
197.36075,C pours the coconut oil into the bowl mix with her left hand.,coconut@@@@@bowl
199.72268,C mixes the different in the bowl with her left hand.,spoon@@@@@bowl
203.35918,C picks up a silver spoon from a bowl on the counter with her right hand.,spoon@@@@@bowl
205.1461,C scrubs the oil from the measurement spoon with a silver spoon in her right hand.,spoon@@@@@soupspoon
212.63172,C places the silver spoon in the bowl mix with her right hand.,spoon@@@@@bowl
213.34825,C picks up a tin of grinded ginger with her right hand.,hat@@@@@can
213.87249,C places the measurement spoon on the chopping board with her left hand.,spoon@@@@@chopping_board
214.88998,C picks the lid of the coconut bottle from the counter with her left hand.,coconut@@@@@bottle
215.8038,C closes the coconut oil bottle with her left hand.,bottle
218.00475,C places the coconut bottle in the cabinet with her right hand.,bottle@@@@@cabinet
219.72998,C picks a bottle of mustard oil bottle with her right hand from the counter.,bottle
220.62509,C opens the mustard oil bottle with her left hand.,bottle
221.84291,C pours the oil into the measurement spoon on the chopping board with her right hand.,ring@@@@@chopping_board@@@@@cup@@@@@measuring_cup
226.4506,C closes the mustard oil bottle with her left hand.,bottle
227.64156,C places the bottle in the cabinet with her right hand.,bottle@@@@@cabinet
229.08389,C picks up a measurement spoon from the chopping board with her left hand.,spoon@@@@@chopping_board@@@@@soupspoon
231.28977,C takes out the silver spoon from the oil mix with her right hand.,spoon@@@@@ladle@@@@@saucepan
231.56853,C scrubs the oil from the measurement spoon with a silver spoon in her right hand.,spoon@@@@@soupspoon
236.25927,C places the silver spoon in the oil mix bowl with her right hand.,spoon@@@@@bowl
238.06113,C places the measurement spoon on the chopping board with her left hand.,spoon@@@@@chopping_board
240.60848,C picks up the bottle of peanut oil from the counter with her right hand.,bottle
249.36274,C opens the peanut oil bottle with her right hand.,bottle
250.53642,C picks up the measurement spoon with her left hand.,spoon@@@@@person@@@@@soupspoon
253.22831,C pours the peanut oil into the measurement spoon with her right hand.,spoon@@@@@ring
260.33384,C places the peanut oil bottle on the chopping board with her right hand.,bottle@@@@@chopping_board
261.28563,C picks the silver spoon from the oil mix with her right hand.,spoon
261.68139,C scrubs the oil from the measurement spoon into the oil mix with a silver spoon in her right hand.,spoon@@@@@soupspoon
267.13829,C places the measurement spoon on the chopping board with her left hand.,spoon@@@@@chopping_board
269.04467,C picks up a knife with her right hand. from the chopping board,knife@@@@@chopping_board
269.54064,C places the knife on the counter with her right hand.,knife
269.79612,C picks the measurement spoon from the chopping board with her left hand,spoon@@@@@chopping_board@@@@@soupspoon
270.20117,C places the measurement spoon on the counter with her left hand.,spoon@@@@@soupspoon
271.07351,C picks the silver spoon from the oil mix with her right hand.,spoon
271.68818,C stirs the oil in the oil mix with her right hand.,oil_lamp@@@@@spoon@@@@@can@@@@@lamp@@@@@saucepan
284.36826,C picks the noodles from the food tray with her left hand.,tray
293.92163,C holds the oil mix near the burner with both hands.,oil_lamp@@@@@lamp@@@@@stove
294.26806,C stirs the oil in the oil mix with her right hand.,oil_lamp@@@@@spoon@@@@@can@@@@@lamp@@@@@saucepan
299.68075,C picks a bottle of mustard oil from the counter with her right hand.,bottle@@@@@person
302.0392,C places the mustard oil bottle in the cabinet with her right hand.,bottle@@@@@cabinet
304.24032,C picks garlic from the counter with her left hand.,garlic@@@@@person
304.59069,C picks a knife from the counter with her right hand.,knife
305.5124,C turns the chopping board with both hands.,person@@@@@chopping_board
306.36932,C places the garlic on the chopping board with her left hand.,garlic@@@@@chopping_board
306.88443,C places the knife on the garlic with her right hand.,knife@@@@@garlic
307.22582,C places her left hand on the knife,knife@@@@@person
308.06809,C presses the garlic with both hands.,garlic@@@@@person
313.00677,C places the knife on the chopping board with her right hand.,knife@@@@@chopping_board
313.92137,C peels the shell of the garlic with both hands.,garlic@@@@@person
341.65328,C places the garlic on the chopping boa with her left hand.,garlic@@@@@chopping_board
342.79664,C picks up the wooden turner from the counter with her left hand.,spatula
343.79853,C passes the wooden turner to her right hand.,spatula@@@@@person
344.07869,C turns the noodle with her right hand in the skillet,spatula@@@@@frying_pan
349.0768,C takes away the wooden turner from the skillet with her right hand.,spoon@@@@@frying_pan@@@@@wooden_spoon
350.3571,C passes the turner to her left hand.,spatula@@@@@person
350.65916,C places the wooden turner on the counter with her left hand.,spatula
351.47217,C picks up a knife from the chopping board with her right hand.,knife@@@@@chopping_board
351.8773,C places her left hand on the garlic on the chopping board.,garlic@@@@@person@@@@@chopping_board
352.53879,C takes away her left hand from the chopping board.,person@@@@@chopping_board
355.23706,C takes away her left hand from the instruction paper.,person
356.43455,C arranges the garlic on the chopping board with her left hand.,garlic@@@@@chopping_board
357.04111,C slices the garlic with her right hand.,knife@@@@@garlic
357.25944,C places her left hand on the knife .,knife@@@@@person
371.20562,C adjusts the knob of the burner the her left hand.,knob
375.17179,C places her left hand on the knife.,knife@@@@@person
375.79195,C slices the garlic with a knife in her right hand.,knife@@@@@garlic
385.48038,C scrubs the particle of the garlic from the knife with her left hand.,knife@@@@@garlic
409.7345,C places the green onion on the chopping board with her left hand.,chopping_board
410.09483,C scrubs the outer layer of the green onion with a knife in her right hand.,knife
412.24775,C places the knife on the chopping board with her right hand.,knife@@@@@chopping_board
413.05252,C opens the tap with her right hand.,faucet
416.36328,C closes the tap with her right hand.,faucet@@@@@person
417.97032,C picks up the knife with her right hand from the chopping board.,knife@@@@@chopping_board
418.39813,C places the green onion on the chopping board with her left hand.,chopping_board
418.53364,C cuts off the waste of the green onion with a knife in her right hand.,knife
422.37897,C places the knife on the chopping board with her right hand.,knife@@@@@chopping_board
424.30179,C cuts the service paper with her right hand.,handsaw
430.50847,C puts the green onion waste in the waste bin with her right hand.,can@@@@@trash_can
432.65891,C picks the green onion from the chopping board with her left hand.,can@@@@@broccoli@@@@@garlic@@@@@chopping_board
432.89687,C picks up the knife from the chopping board with her right hand.,knife@@@@@chopping_board
433.1042,C places the green onion on the chopping board with her left hand.,chopping_board
433.3814,C slices the green onion with her right hand.,knife
434.33913,C takes her left hand away from the chopping board.,person@@@@@chopping_board
435.6447,C holds the green onion on the chopping board with her left hand.,carrot@@@@@can@@@@@broccoli@@@@@garlic@@@@@chopping_board@@@@@table
436.06235,C arranges the green onion on the chopping board with her left hand.,chopping_board
438.09457,C slices the green onion with a knife in her right hand.,knife
457.66999,C scrubs the pieces of green onion from the knife with her left hand.,knife
458.7328,C places the knife on the counter with her right hand.,knife
460.06774,C picks up a wooden turner from the counter with her left hand.,spatula
460.74277,C passes the wooden turner to her right hand.,spatula@@@@@person
461.36703,C turns the noodles in the skillet with her right hand.,pan_(for_cooking)@@@@@spoon@@@@@spatula@@@@@can@@@@@ladle@@@@@chopstick@@@@@soupspoon@@@@@frying_pan@@@@@tongs@@@@@wooden_spoon
465.40678,C places her left hand on the instruction paper on the counter.,person
468.758,C takes away the wooden turner from the skillet with her right hand.,spoon@@@@@frying_pan@@@@@wooden_spoon
470.43354,C places the turner on the counter with her right hand.,spatula
474.05278,C adjusts her glasses on her face with both hands.,spectacles@@@@@person
489.25897,C picks a bowl from the skillet on the counter with her left hand.,bowl
490.17371,C places the bowl on the counter with her left hand.,bowl
491.55413,C picks a bottle of vinegar oil from the counter with her right hand.,bottle
494.40412,C pours the vinegar oil into a skillet on the counter with her right hand.,pan_(for_cooking)
498.18081,C places the vinegar bottle on the counter with her right hand.,bottle
502.09954,C picks a wooden turner with her left hand from the counter.,spoon
502.76915,C passes the turner to her right hand.,spatula@@@@@person
503.36352,C turns the noodles in the skillet with her right hand.,pan_(for_cooking)@@@@@spoon@@@@@spatula@@@@@can@@@@@ladle@@@@@chopstick@@@@@soupspoon@@@@@frying_pan@@@@@tongs@@@@@wooden_spoon
509.39761,C places the turner on the counter with her right hand.,spatula
511.27063,C picks a knife with her right hand from the chopping board.,knife@@@@@chopping_board
512.71987,C opens the tap with her left hand.,faucet
513.26736,C washes the knife in the tap with her right hand.,knife@@@@@faucet
514.97262,C closes the tap with her left hand.,faucet@@@@@person
516.70626,C places the knife on the counter with her right hand.,knife
516.96441,C picks up the measurement spoon from the counter with her left hand.,spoon@@@@@soupspoon
517.59128,C pushes the shifter forward in the sink with her right hand.,sink
518.64474,C opens the tap with her right hand.,faucet
518.94012,C washes the measurement spoon,spoon@@@@@soupspoon
551.15072,C cleans the countertop with a sponge in her right hand.,sponge
552.37787,C places the measurement spoon on the counter with her left hand.,spoon@@@@@soupspoon
552.66471,C washes the sponge with her right hand.,sponge
553.87681,C closes the tap with her right hand.,faucet@@@@@person
555.0113,C places the sponge on the counter with her right hand.,sponge
556.26966,C cuts the service paper with her right hand.,handsaw
556.71472,C cleans both hands with the service paper.,person@@@@@tissue_paper
557.71411,C picks up the measurement spoon from the counter with her left hand.,spoon@@@@@soupspoon
557.82513,C cleans the countertop with the service paper in her right hand.,dining_table@@@@@paper_towel@@@@@towel@@@@@kitchen_table@@@@@table
561.84009,C cleans the knife with the service paper in her right hand.,knife@@@@@tissue_paper
564.13484,C places the knife on the counter with her right hand.,knife
565.07574,C cleans the measurement spoon with her right hand.,spoon@@@@@ring@@@@@cup@@@@@measuring_cup
569.47656,C places the measurement spoon in the food tray with her right hand.,spoon@@@@@soupspoon@@@@@tray
570.68424,C cleans both hands with the service paper .,person@@@@@tissue_paper
571.25025,C cleans the countertop near the burner with her right hand.,person
573.55147,C lifts up the bowl from the counter,bowl
575.46263,C places the bowl on the counter with her right hand.,bowl
579.30235,C lifts up the chopping board with both hands.,person@@@@@chopping_board
583.90457,C puts the service paper in the waste bin with her right hand.,can@@@@@trash_can
585.65345,C picks up the turner from the counter with her left hand.,spatula
586.11451,C passes the turner to her right hand.,spatula@@@@@person
586.70108,C turns the noodles in the skillet with her right hand.,pan_(for_cooking)@@@@@spoon@@@@@spatula@@@@@can@@@@@ladle@@@@@chopstick@@@@@soupspoon@@@@@frying_pan@@@@@tongs@@@@@wooden_spoon
588.10171,C adjusts the knob of the burner with her left hand.,knob@@@@@person
593.60543,C places the noodles skillet on the sink with her left hand.,sink
599.49629,C places the turner into the skillet with her right hand.,spatula@@@@@frying_pan
601.15568,C  draws aside the skillet from the sink with her left hand.,sink
602.11961,C places the skillet in the sink with her left hand.,sink
603.32837,C places the noodles shifter on the skillet with her right hand.,spatula@@@@@ladle
604.19375,C opens the tap with her left hand.,faucet
614.34727,C closes the tap with her right hand.,faucet@@@@@person
616.03399,C places the noodles shifter in the sink with both hands.,sink
617.84398,C cuts the service paper with her right hand.,handsaw
619.55236,C picks up the skillet from the counter with her left hand.,person@@@@@frying_pan
620.59592,C places the skillet on the burner with her left hand.,frying_pan@@@@@stove
621.95234,C cleans both hands with the service paper.,person@@@@@tissue_paper
628.61068,C stirs the mixture in the bowl with her right hand.,spoon@@@@@bowl
633.83605,C places the mixing bow on the counter with both hands.,bowl
636.01226,C cleans the burner with the service paper in her right hand.,can@@@@@paper_towel@@@@@tissue_paper@@@@@towel
641.39478,C cleans the top sink service paper in her right hand.,paper_towel@@@@@towel@@@@@sink
642.98163,C lifts up the chopping board with both hands.,person@@@@@chopping_board
643.14388,C places the chopping board aside on the counter with both hands.,chopping_board
643.65978,C cleans the counter with service paper in her right hand.,paper_towel@@@@@towel
647.7008,C cleans the camera projector on the counter with service paper in her right hand.,projector
649.4456,C puts the service paper in the waste bin with her right hand.,can@@@@@trash_can
672.92393,C adjusts the skillet on the burner with her left hand.,frying_pan@@@@@stove
674.57284,C presses on the knob of the burner with her right hand.,knob
681.77869,C picks up the wooden turner from the sink with her right hand.,spoon@@@@@sink
684.9326,C turns the tap pipe to her left-hand side.,faucet
685.80597,C opens the tap with her left hand.,faucet
686.52143,C washes the wooden turner with her right hand.,spoon
687.51643,C closes the tap with her left hand.,faucet@@@@@person
689.80369,C passes the wooden turner to her left hand.,spatula@@@@@person
691.21318,C cuts the service paper with her right hand,knife
692.52976,C cleanses the wooden turner with her right hand.,spoon@@@@@person
700.56847,C puts the service paper in the waste bin with her right hand.,can@@@@@trash_can
702.54572,C places her left hand above the skillet on the burner.,frying_pan@@@@@stove
703.57836,C picks the chopping board from the counter with both hands.,person@@@@@chopping_board
705.36732,C puts the sliced garlic into the skillet on the burner with her right hand.,pan_(for_cooking)@@@@@garlic
707.42342,C puts the sliced green onion into the skillet on the burner with her right hand.,pan_(for_cooking)@@@@@knife
712.51741,C places the chopping board on the counter with her left hand.,chopping_board
712.83851,C turns the mixture in the skillet with her right hand.,spoon@@@@@spatula@@@@@frying_pan
714.83359,C presses the knob of the burner with her left hand.,knob@@@@@igniter
719.13474,C holds the handle of the skillet with her left hand.,pan_(for_cooking)@@@@@handle@@@@@can@@@@@frying_pan
730.89931,C adjusts the knob of the burner with her left hand.,knob@@@@@person
736.27111,C holds the wooden turner with both hands.,spatula@@@@@person
740.70561,C takes the noodles shifter from the sink with her left hand.,sink@@@@@kitchen_sink@@@@@colander
741.15999,C holds the turner with her right hand.,spatula@@@@@person
743.17841,C takes the noodles shifter closer to the skillet,spatula@@@@@frying_pan
748.39611,C turns the noodles in the skillet mix with her right hand,spoon
748.87597,C picks up the oil mix bowl from the counter with her left hand.,bowl
751.47761,C pours the oil mix into the skillet with her left hand.,pan_(for_cooking)@@@@@can@@@@@frying_pan@@@@@pan_(metal_container)
753.21655,C turns the noodles in the skillet mix with her right hand.,pan_(for_cooking)@@@@@spoon@@@@@knife@@@@@spatula@@@@@ladle@@@@@frying_pan
758.17509,C scrubs out the oil mix from the bowl into the skillet mix with her right hand,pan_(for_cooking)@@@@@bowl
759.9714,C places the bowl on the chopping board with her left hand.,chopping_board@@@@@bowl
763.29597,C stirs the mixture in the noodles skillet with her right hand on the burner.,spoon@@@@@spatula@@@@@frying_pan
775.76537,C adjusts the knob of the burner with her left hand.,knob@@@@@person
777.88389,C holds the handle of the skillet mix on the burner with her left hand.,pan_(for_cooking)@@@@@handle@@@@@can@@@@@frying_pan
778.95567,C stirs the noodles in the skillet mix on the burner with her right hand.,pan_(for_cooking)@@@@@spoon@@@@@spatula
798.59579,C takes away the skillet from the burner with her left hand.,frying_pan@@@@@stove
800.4253,C  pours out the noodles into a bowl on the counter with a wooden turner in her right hand.,spoon@@@@@bowl
802.73579,C scrubs the particle of noodles into the bowl with a wooden turner in her right hand.,spoon@@@@@bowl
807.20242,C places the wooden turner into the skillet with her right hand.,spatula@@@@@frying_pan
807.78025,C places the skillet on the burner with her left hand.,frying_pan@@@@@stove
809.22486,C picks a bottle of avocado oil from the counter with her right hand.,bottle
810.14618,C opens the bottle of avocado oil with her right hand.,bottle@@@@@person
811.1166,C passes the avocado oil bottle to her right hand.,bottle
815.85554,C passes the avocado oil bottle to her left hand.,bottle
816.54378,C places the avocado oil bottle on the counter with her right hand.,bottle
817.10739,C picks the sesame seed bottle from the counter with her right hand.,bottle
817.7288,C passes the sesame seed bottle to her left hand.,bottle@@@@@person
819.39078,C opens the sesame seed bottle with her right hand.,bottle
820.57602,C places the sesame bottle lid on the counter with her right hand.,bottle_cap@@@@@bottle
820.97214,C passes the sesame seed bottle to her right hand.,bottle
821.60018,C pours the seed into the bowl with her right hand.,bowl
826.2858,C closes the sesame seed bottle with both hands.,bottle_cap@@@@@bottle
827.39775,C shifts the bowl aside with her left hand.,bowl
827.78201,C  holds the sesame seed bottle with her right hand.,bottle@@@@@person
831.24491,C picks up the avocado oil bottle with her right hand.,bottle@@@@@person
832.71278,C places the avocado oil bottle in the cabinet with her right hand.,bottle@@@@@cabinet
834.0016,C passes the sesame seed bottle to her right hand.,bottle
834.43645,C places the sesame seed bottle in the cabinet with her right hand.,bottle@@@@@cabinet
