timestamp,narration,object
2.2206,C places his left hand on the pack of rubber hand gloves on the table.,table@@@@@glove
2.31589,C picks a rubber hand glove from the pack on the table with his right hand.,table@@@@@glove
3.8504,C places his left hand on the pack of rubber hand gloves on the table.,table@@@@@glove
4.07453,C picks a rubber hand glove from the pack on the table with his right hand.,table@@@@@glove
4.502,C drops the rubber hand glove on the table with his left hand.,table@@@@@glove
13.8931,C touches the rubber hand glove on the table with his left hand.,table@@@@@glove
15.95638,C drops the hand glove on the table with his left hand.,table@@@@@glove
16.59959,C picks a pair of hand gloves from the table with his right hand.,table@@@@@glove
17.89724,C drops the hand glove on the table with his left hand.,table@@@@@glove
18.41226,C wears the hand glove on his left hand with his right hand.,can@@@@@baseball_glove@@@@@glove
24.51251,C picks the hand glove on the table with his right hand.,can@@@@@table@@@@@baseball_glove@@@@@glove
25.53892,C wears the hand glove on his right hand with his left hand.,can@@@@@baseball_glove@@@@@glove
32.44974,C places his hands on the wheel of the bicycle.,can@@@@@wheel@@@@@bicycle
34.06116,C holds the bicycle fork with his left hand.,bicycle
36.75997,C places his left hand on the top tube of the bicycle.,can@@@@@bicycle
38.08681,C touches the clamp of the bicycle repair stand with his right hand.,can@@@@@lamp@@@@@bicycle
38.75198,C places his left hand on the top tube of the bicycle.,can@@@@@bicycle
38.80734,C places his right hand on the bicycle pedal.,can@@@@@bicycle
43.86924,C moves a wrench on the table with his right hand.,can@@@@@table@@@@@wrench
44.84823,C picks the wrench from the table with his hands.,can@@@@@table@@@@@wrench
47.41604,C touches the bicycle nut with his left index finger.,can@@@@@bicycle
49.63019,C passes the wrench from his right hand to his left hand.,can@@@@@wrench
50.49034,C passes the wrench from his left hand to his right hand.,can@@@@@wrench
51.03668,C holds the bicycle fork with his left hand.,bicycle
51.61077,C loosens the bicycle nut with the wrench in his right hand.,bicycle@@@@@wrench
64.64695,C touches the bicycle wheel with his left hand.,can@@@@@wheel@@@@@bicycle
65.25312,C holds the bicycle fork with his left hand.,bicycle
65.92421,C loosens the bicycle nut with the wrench in his right hand.,bicycle@@@@@wrench
71.42555,C holds the bicycle fork with his left hand.,bicycle
72.08781,C places the wrench on the bicycle nut with his right hand.,bicycle@@@@@wrench
78.39494,C holds the wrench with his hands.,person@@@@@wrench
78.64203,C places the wrench on the table with his hands.,table@@@@@wrench
80.06642,C picks a silver wrench from the tool box on the table with his right hand.,toolbox@@@@@table@@@@@box@@@@@wrench
81.62508,C holds the silver wrench with his hands.,wrench
84.64024,C touches the nut with the silver wrench in his right hand,bicycle@@@@@wrench
86.24622,C holds the silver wrench with his hands.,wrench
87.80494,C adjusts the silver wrench with his right hand.,person@@@@@wrench
92.30725,C places the silver wrench on bicycle nut with his right hand.,bicycle@@@@@wrench
101.94393,C holds the silver wrench on the nut with his left hand.,bicycle@@@@@wrench
102.48726,C adjusts the silver wrench with his right hand.,person@@@@@wrench
108.74006,C holds the bicycle fork with his left hand.,bicycle
112.59953,C loosens the axle nut with the silver wrench in his left hand,bicycle@@@@@wrench
117.77928,C holds the wrench with his hands.,person@@@@@wrench
117.90415,C adjusts the silver wrench with his right hand.,person@@@@@wrench
120.13051,C holds the bicycle fork with his left hand.,bicycle
122.40197,C adjusts the silver wrench with his right hand.,person@@@@@wrench
125.28306,C loosens the bicycle nut with the silver wrench in his right hand.,bicycle@@@@@wrench
130.39808,C adjusts the silver wrench with his right hand.,person@@@@@wrench
132.81005,C loosens the bicycle nut with the silver wrench in his right hand.,bicycle@@@@@wrench
138.39096,C places his left hand on the silver wrench in his right hand.,person@@@@@wrench
138.60732,C adjusts the silver wrench with his right hand.,person@@@@@wrench
139.50083,C holds the bicycle fork with his left hand.,bicycle
140.22022,C loosens the bicycle nut with the silver wrench in his right hand.,bicycle@@@@@wrench
147.90884,C holds the silver wrench with his left hand.,person@@@@@wrench
148.78538,C loosens the bicycle nut with the silver wrench in his hands.,bicycle@@@@@wrench
154.99697,C loosens the bicycle nut with the silver wrench in his left hand.,bicycle@@@@@wrench
157.40399,C places the wrench on the bicycle nut with his hands.,bicycle@@@@@wrench
161.73716,C adjusts the silver wrench with his right hand.,person@@@@@wrench
167.25556,C loosens the bicycle nut with the silver wrench in his left hand.,bicycle@@@@@wrench
169.0509,C loosens the bicycle nut with the silver wrench in his right hand.,bicycle@@@@@wrench
169.90334,C loosens the bicycle nut with the silver wrench in his left hand.,bicycle@@@@@wrench
171.17768,C loosens the bicycle nut with the silver wrench in his right hand.,bicycle@@@@@wrench
172.49938,C loosens the bicycle nut with the silver wrench in his left hand.,bicycle@@@@@wrench
174.26012,C loosens the bicycle nut with the silver wrench in his right hand.,bicycle@@@@@wrench
175.82412,C loosens the bicycle nut with the silver wrench in his left hand.,bicycle@@@@@wrench
176.87456,C loosens the bicycle nut with his right hand.,bicycle
177.70522,C loosens the bicycle nut with his left hand.,wrench
190.62714,C holds the bicycle fork with his left hand.,bicycle
191.19987,C holds the bicycle wheel with his right hand.,bicycle
196.54975,C holds the bicycle fork with his left hand.,bicycle
198.27687,C loosens the bicycle nut with the silver wrench in his right hand.,bicycle@@@@@wrench
216.49545,C loosens the bicycle nut with the silver wrench in his left hand.,bicycle@@@@@wrench
220.14726,C loosens the bicycle nut with the silver wrench in his right hand.,bicycle@@@@@wrench
221.26952,C loosens the bicycle nut with the silver wrench in his left hand.,bicycle@@@@@wrench
222.6698,C loosens the bicycle nut with the silver wrench in his right hand.,bicycle@@@@@wrench
223.67416,C loosens the bicycle nut with the silver wrench in his left hand.,bicycle@@@@@wrench
224.89976,C loosens the bicycle nut with the silver wrench in his right hand.,bicycle@@@@@wrench
225.56851,C loosens the bicycle nut with the silver wrench in his hands.,bicycle@@@@@wrench
225.91417,C loosens the bicycle nut with the silver wrench in his left hand.,bicycle@@@@@wrench
226.77852,C loosens the bicycle nut with the silver wrench in his right hand.,bicycle@@@@@wrench
227.37475,C loosens the bicycle nut with the silver wrench in his left hand.,bicycle@@@@@wrench
228.63693,C loosens the bicycle nut with his right hand.,bicycle
237.163,C drops the bicycle nut on the tool tray of the bicycle repair stand.,can@@@@@bolt@@@@@bicycle@@@@@tray
238.32437,C holds the silver wrench with his hands.,wrench
240.34739,C places the silver wrench on the table with his right hand.,table@@@@@wrench
245.96444,C raises the basket of the bicycle with his hands.,basket@@@@@bicycle
261.06822,C holds the bicycle fork with his left hand.,bicycle
261.59957,C holds the bicycle hub with his right hand.,bicycle
264.86027,C remove the bicycle nut with his left hand.,bicycle
268.59047,C holds the bicycle fork with his left hand.,bicycle
268.98346,C pushes the hub of the bicycle through the bicycle drop out with his right hand.,bicycle
271.324,C touches the bicycle fork with his right hand.,bicycle
275.75661,C removes the bicycle hub from the drop out with his right hand.,bicycle
288.08156,C touches the bicycle fork with his right hand.,bicycle
289.44003,C holds the bicycle wheel with his hands.,person@@@@@can@@@@@wheel@@@@@bicycle
290.67603,C pushes the hub through the bicycle drop out with his right hand.,bicycle
292.06515,C holds the wheel of the bicycle with his left hand.,bicycle
301.17066,C holds the bicycle fork with his left hand.,bicycle
302.66429,C removes the bicycle nut with his right hand.,bicycle
304.67702,C holds the bicycle wheel with his left hand.,wheel
306.96959,C drops the bicycle nut in the tool tray of the repair stand.,can@@@@@wheel@@@@@bicycle@@@@@tray
308.15895,C picks the bicycle wheel from the floor with his left hand.,wheel
308.9726,C holds the bicycle wheel with his hands.,person@@@@@can@@@@@wheel@@@@@bicycle
