timestamp,narration,object
2.93326,C takes a wrench from a table with his right hand.,wrench
5.87425,C takes a wrench from a tool box with his right hand.,toolbox@@@@@wrench@@@@@box
10.86535,C  places a wrench on the table with his right hand.,wrench
13.42343,C places a wrench on an axle nut with his right hand.,wheel@@@@@wrench
15.75211,C turns an axle nut with a wrench in his right hand.,wheel@@@@@wrench
30.39324,C removes an axle nut from a wheel with his right hand.,wheel
36.78888,C places a wrench on an axle nut with his right hand.,wheel@@@@@wrench
39.14307,C places a wrench on an axle nut with his right hand.,wheel@@@@@wrench
40.87546,C places a wrench on an axle nut with his right hand.,wheel@@@@@wrench
44.48229,C turns an axle nut with a wrench in his right hand.,wheel@@@@@wrench
49.31089,C turns an axle nut with a wrench in his right hand.,wheel@@@@@wrench
61.52002,C places a wrench on the table with his right hand.,wrench
65.07095,C removes the wheel from the bicycle with both hands.,bicycle@@@@@wheel
69.43028,C places the wheel on the floor with his left hand.,wheel
