timestamp,narration,object
0.4715,C turns off the tap with his right hand.,faucet
4.53475,C picks up a towel napkin from the countertop with his right hand.,napkin@@@@@towel
5.5026,C wipes his hands with the towel napkin.,napkin@@@@@towel
9.25371,C displaces the chef's knife on the countertop with his left hand.,knife
12.86832,C wipes the countertop with the towel napkin in his right hand.,towel
30.00191,C disposes of the rubbish from the towel napkin into the waste bin on the floor.,trash_can@@@@@towel@@@@@can
34.11373,C places the towel napkin in his right hand on the countertop.,towel
34.84222,C picks a cookery paper from the base cabinet with his right hand.,cabinet
35.82882,C picks a rectangular bowl with her right hand from the base cabinet.,bowl@@@@@cabinet
36.41453,C places the cookery paper in his left hand into the rectangular bowl in his right hand.,bowl@@@@@paper_plate@@@@@plate
38.24199,C gives the rectangular bowl in his right hand to the man X.,person@@@@@bowl
38.34199,The man X receives the rectangular bowl with his left hand.,person@@@@@bowl
43.05497,C displaces the cookery paper in the rectangular bowl with her right hand.,bowl
49.64638,C picks up a bottle of salt from the countertop with his right hand.,saltshaker@@@@@shaker@@@@@bottle
50.60145,C passes the bottle of salt from his right hand to his left hand.,saltshaker@@@@@shaker@@@@@bottle
51.40398,C places the bottle of salt in his left hand on the countertop.,saltshaker@@@@@shaker
51.871,The woman Y places a cutting board in her right hand on the countertop.,chopping_board
52.44298,C adjusts the cutting board on the countertop with his left hand.,chopping_board
54.88559,C picks two pieces of tomatoes from the rectangular bowl with his right hand,bowl@@@@@tomato
58.46763,C passes a tomato from his right hand to his left hand.,tomato
61.19663,C places the tomato in his left hand on the countertop.,tomato
62.84078,C picks up the tomatoes from the countertop with his hands.,tomato
65.42826,C places the tomato in his her hands on the countertop.,tomato
66.6101,C picks up the cookery paper from the rectangular bowl with his right hand.,bowl
67.43764,C picks eggs from the rectangular bowl with his left hand.,egg@@@@@bowl
69.48631,C places the eggs in his left hand on the countertop.,egg
72.18829,C picks garlic cloves from the rectangular bowl with his left hand.,bowl@@@@@garlic
82.30258,C places the garlic cloves in his left hand on the countertop.,garlic
93.071,C picks up the rectangular bowl from the countertop with his right hand.,bowl
94.17965,C places the cookery paper in his left hand into the rectangular bowl on the countertop.,bowl
95.3418,C places the rectangular bowl in her right hand on the countertop.,bowl
95.45386,C picks up bottles of sauces from the countertop with her left hand.,bottle
97.51734,C passes a bottle of  olive oil from his left hand to his right hand.,bottle
98.43274,C places the bottles of sauce in his hands on the base cabinet.,cabinet@@@@@bottle
106.56002,C adjusts the bottles of sauce in the base cabinet with his hands,cabinet@@@@@bottle
112.22732,C points his right hand to the cookery paper in the rectangular bowl.,bowl
114.75881,C picks up the rectangular bowl from the countertop with his right hand.,bowl
115.87548,C holds the rectangular bowl with his left hand.,bowl
118.873,C places the rectangular bowl in his right hand on the base cabinet.,bowl@@@@@cabinet
120.49721,C picks a whisk from a pan on the countertop with his left hand.,pan_(for_cooking)
121.78125,C picks small plastic bowls from the pan on the countertop.,bowl@@@@@pan_(for_cooking)
122.9943,C holds the small plastic bowl with his right hand.,bowl@@@@@spoon
123.62145,C places the small plastic bowl in his left hand on the countertop.,table@@@@@kitchen_table@@@@@bowl
126.14785,C picks a measuring cup from the plate on the countertop with his left hand.,cup@@@@@measuring_cup@@@@@ring@@@@@plate
128.00692,C passes the measuring cup from his left hand to his right hand.,cup@@@@@measuring_cup@@@@@ring
128.7991,C adjusts the rectangular bowl in the base cabinet with his left hand,bowl@@@@@cabinet
133.10699,C places the measuring cup on the faucet.,faucet@@@@@cup@@@@@measuring_cup@@@@@ring
133.67155,C turns on the knob of the faucet with his left hand.,faucet@@@@@knob
136.04615,C turns off the knob of the faucet with his left hand.,faucet@@@@@knob
137.54513,C places the measuring cup in his right hand on the countertop.,cup@@@@@measuring_cup@@@@@ring
145.31854,C picks up a black pan with his left hand from the plate on the countertop.,plate@@@@@pan_(for_cooking)
148.91765,C picks up a plate with his right hand from a white plate on the countertop.,plate
150.20642,C places the plate in his right hand on the countertop.,plate
150.20642,C places the black pan in his left hand on the countertop.,table@@@@@kitchen_table@@@@@can@@@@@pan_(for_cooking)
151.83957,C picks up the white plate from the pan on the countertop with his hands.,plate
152.62665,C places the white plate in his hands over the plate on the countertop.,plate
153.65184,C picks a spatula from the pan with his left hand.,spatula
154.16388,C passe the spatula from his left hand to his right hand.,spatula
154.56678,C picks a spoon from the pan with his left hand.,spoon@@@@@pan_(for_cooking)
155.16469,C picks a set of teaspoons from the pan with his left hand.,spoon@@@@@pan_(for_cooking)
159.6502,C places the spoon in his left hand on the countertop.,spoon
160.67786,C picks up the pan from the countertop with his left hand.,pan_(for_cooking)
161.88018,C places the pan in his left hand on an electric cooker.,cooker@@@@@pan_(for_cooking)
162.49566,C adjusts the pan on the electric cooker with his right hand.,cooker@@@@@pan_(for_cooking)
166.993,C places the spatula in his right hand on the countertop.,spatula
168.66444,C picks up the chef's knife from the countertop with his right hand.,knife
169.8457,C passes the chef's knife from his right hand to his left hand.,knife
170.84252,C picks up the measuring cup from the countertop with his right hand.,cup@@@@@measuring_cup@@@@@ring
172.19684,C turns water from the measuring cup in his right hand into the pan on the electric cooker.,cup@@@@@measuring_cup@@@@@ring@@@@@pan_(for_cooking)
175.42343,C turns the water from the measuring cup in his right hand into the sink.,sink@@@@@cup@@@@@measuring_cup@@@@@ring
177.355,C places the measuring cup in his right hand on the countertop.,cup@@@@@measuring_cup@@@@@ring
178.34034,C passes the chef's knife from his left hand to his right hand.,knife
180.10978,C places the chef's knife in his right hand on the cutting board.,chopping_board@@@@@knife
180.91083,C picks up eggs from the countertop with his right hand.,egg
180.91083,C displaces the small plastic bowl on the countertop with his left hand.,bowl
183.10781,C places an egg in his right hand on the countertop.,egg
184.2584,C cracks the egg in his right hand on the cutting board.,chopping_board@@@@@egg
187.31044,C breaks the egg with his hands into the small plastic bowl on the countertop.,egg@@@@@bowl
190.6141,C puts the eggshell in his left hand into the one in his right hand.,egg
193.28828,C places the eggshells in his right hand on the cutting board.,chopping_board@@@@@egg
193.46458,C picks the egg with his left hand from the countertop,egg
193.97089,C passes the egg from his left hand to his right hand.,person@@@@@egg
194.43262,C cracks the egg in his right hand on the cutting board.,chopping_board@@@@@egg
195.90586,C breaks the egg with his hands into the small plastic bowl on the countertop.,egg@@@@@bowl
199.56245,C disposes of the eggshell in his right hand into the waste bin on the floor.,trash_can@@@@@egg@@@@@can
201.47278,C displaces the small plastic bowl on the countertop with his left hand.,bowl
203.7842,C picks up the bottle of salt from the countertop with his right hand.,saltshaker@@@@@shaker@@@@@bottle
207.09543,C turns the salt from the bottle in his right hand into the small plastic bowl on the countertop.,bowl@@@@@bottle
210.93491,C displaces the small plastic bowl on the countertop with his left hand.,bowl
211.40593,C places the bottle of salt in his right hand on the countertop.,bottle
214.49889,C picks a bottle of sesame oil from the countertop with his right hand.,bottle
216.71221,C picks up the measuring cup from the countertop with his left hand.,cup@@@@@measuring_cup@@@@@ring
219.72872,C turns the sesame oil in his right hand into the measuring cup in his left hand.,cup@@@@@measuring_cup@@@@@ring
230.19382,C places the measuring cup in her left hand on the countertop.,cup@@@@@measuring_cup@@@@@ring
232.08726,C places the sesame oil in is right hand on the countertop.,table@@@@@bottle
234.16624,C picks up the spatula from the pan with his left hand,spatula@@@@@pan_(for_cooking)
234.902,C picks up the pan from the electric cooker with his right hand.,stove@@@@@pan_(for_cooking)
236.05573,C turns down the face of the pan in his right hand in the sink.,sink@@@@@pan_(for_cooking)
239.93193,C places the pan in his right hand on the electric cooker.,cooker@@@@@pan_(for_cooking)
242.05584,C passes the spatula from his left hand to his right hand.,spatula
245.09749,C places the spatula in his right hand on the countertop.,spatula
247.2917,C displaces the measuring cup on the countertop with his left hand.,cup@@@@@measuring_cup@@@@@ring
250.834,C picks a bottle of lemon juice from the countertop with his left hand.,lemon@@@@@bottle
251.71401,C picks a bottle of hollandaise from the countertop with his right hand.,bottle
253.05101,C places the bottle of hollandaise in his right hand on the base cabinet.,cabinet@@@@@bottle
254.00137,C places the bottle of lemon juice in his left hand on the base cabinet.,cabinet@@@@@bottle
258.24419,C picks up the chef's knife from the cutting board with his right hand.,chopping_board@@@@@knife
258.24419,C picks up the chef's knife from the countertop with his left hand.,knife
258.43167,C picks up the tomato from the countertop with his left hand.,tomato
258.89832,C places the tomato in his left hand on the cutting board.,chopping_board@@@@@tomato
260.29692,C cuts out the tomato stalk with the chef's knife in her right hand.,tomato@@@@@knife
263.42586,C picks up the tomato stalk from the tomato with his left hand.,tomato
264.36303,C places the tomato stalk in his left hand on the countertop.,tomato
264.88592,C picks up the tomato from the countertop with his left hand.,tomato
265.377,C adjusts the tomato on the cutting board with his right hand.,chopping_board@@@@@tomato
265.801,C places the tomato in his left hand on the cutting board.,chopping_board@@@@@tomato
266.58633,C cuts out the label on the tomato with the chef's knife in his right hand.,tomato@@@@@knife
270.74042,C removes the label from the tomato with his left hand.,tomato
272.16493,C places the tomato label in his left hand on the countertop.,tomato
273.25363,C picks up the tomato from the cutting board with his  left hand.,chopping_board@@@@@tomato
274.47749,C cuts out the label on the tomato with the chef's knife in his right hand.,tomato@@@@@knife
277.79719,C removes the label from the tomato with his right hand.,tomato
279.82673,C places the tomato in his left hand on the cutting board.,chopping_board@@@@@tomato
289.06031,C places the labels in his left hand on the waste bin.,trash_can@@@@@can
290.5233,C holds the tomato on the cutting board with his left hand.,chopping_board@@@@@tomato
290.90504,C displaces the tomato from the cutting board to the countertop with his right hand.,tomato
292.50639,C cuts the tomato on the cutting board with the chef's knife in his right hand.,chopping_board@@@@@tomato@@@@@knife
294.30263,C picks up the tomato from the countertop with his left hand.,tomato
294.82958,C places the tomato in his left hand on the cutting board.,chopping_board@@@@@tomato
294.82958,C places the tomato in his left hand on the cutting board.,chopping_board@@@@@tomato
295.54372,C cuts the tomato on the cutting board with the chef's knife in his right hand.,chopping_board@@@@@tomato@@@@@knife
395.3027,C picks up the black pan from the countertop with his left hand.,pan_(for_cooking)
396.52336,C places the chef's knife in his right hand on the cutting board.,chopping_board@@@@@knife
398.40188,C picks up the piece of tomato from the cutting board with his right hand.,chopping_board@@@@@tomato
399.73738,C places the tomato in his right hand on the black pan.,tomato@@@@@pan_(for_cooking)
400.52005,C scoops the tomato from the cutting with his hands.,tomato
402.22319,C turns the tomato in his hands on the black pan.,tomato@@@@@pan_(for_cooking)
408.0444,picks up the cutting board from the countertop with his hands.,chopping_board
411.81372,C slides the tomato with his left hand from the cutting board into the black pan.,chopping_board@@@@@tomato@@@@@pan_(for_cooking)
424.83363,C displaces the black pan on the countertop with his left hand.,pan_(metal_container)@@@@@pan_(for_cooking)
428.02973,C places the scallion in his left hand on the cutting board.,chopping_board
428.96685,C cuts the scallion on the cutting board with the chef's knife in his right hand.,chopping_board@@@@@knife
466.64592,C packs the scallion on the cutting board with the chef's knife in his right hand.,chopping_board@@@@@knife
468.56318,C picks the garlic clove from the countertop with his left hand.,garlic
469.02983,C places the garlic clove in his left hand on the cutting board.,chopping_board@@@@@garlic
469.32951,C crushes the garlic clove on the cutting board with the chef's knife in his right hand.,chopping_board@@@@@knife@@@@@garlic
483.25208,C removes the peels of the garlic clove with his hands.,garlic
495.70667,C places the peels of the garlic clove in his left hand on the countertop.,garlic
502.51852,C places the garlic clove in his right hand on the countertop.,garlic
529.47858,C disposes of the peels in his right hand into the waste bin on the floor.,trash_can@@@@@can
532.14673,C picks the chef's knife from the cutting board with his right hand.,chopping_board@@@@@knife
533.1467,C presses the garlic clove on the cutting board with the chef's knife in his hands.,chopping_board@@@@@knife@@@@@garlic
543.65248,C cuts the garlic clove on the cutting board with the chef's knife in his right hand.,chopping_board@@@@@knife
560.87352,C scrapes the cutting knife with his left hand.,knife
562.23665,C places the cutting knife in his right hand on the cutting board.,chopping_board@@@@@knife
563.77346,C holds the small plastic bowl with his left hand.,bowl
563.77346,C whisks the the egg in the small plastic bowl with the whisk in his right hand.,egg@@@@@bowl
570.13658,C picks up the small plastic bowl from the countertop with his left hand.,bowl
592.84619,C picks up the bottle of pepper from the countertop with his rigth hand.,pepper@@@@@bottle
593.62824,C turns the pepper in his right hand into the small plastic bowl on the countertop.,pepper@@@@@bowl
597.61119,C places the bottle of pepper in his right hand on the countertop.,bottle
599.05536,C picks up a bottle of thyme from the countertop with his left hand.,bottle
600.22251,C passes the bottle of thyme from his left hand to his right hand.,bottle
600.45498,C opens the bottle of thyme with his left hand.,bottle
601.74094,C turns the thyme in his right hand into the small plastic bowl on the countertop.,bowl@@@@@spoon
605.74393,C covers the bottle of thyme in his right hand with his left hand.,bottle
606.03612,C passes the bottle of thyme from his right hand to his left hand.,bottle
606.53765,C places the bottle of thyme in his left hand on the countertop.,bottle
611.50588,C inserts the whisk in his right hand into the small plastic bowl on the countertop.,bowl
611.84456,C whisks the egg in the small plastic bowl with the whisk in his right hand.,egg@@@@@bowl
615.30489,C scrapes the small plastic bowl with the whisk in his right hand.,bowl
624.01614,C places the small plastic bowl in his left hand on the countertop.,table@@@@@kitchen_table@@@@@bowl
625.26703,C picks up the white plate from the plate on the countertop with his left hand.,plate
628.24649,C passes the white plate from his left hand to his right hand.,person@@@@@plate
628.78057,C places the white plate in his right hand on the countertop.,plate
629.33754,C turns on the knob of the electric cooker with his left hand.,knob@@@@@cooker
630.91615,C adjusts the knob of the electric cooker with his right hand.,knob@@@@@cooker
631.80048,C adjusts the pan on the electric cooker with his right hand.,cooker@@@@@pan_(for_cooking)
640.91112,C picks up the pan from the electric cooker with his right hand.,stove@@@@@pan_(for_cooking)
642.20208,C turns down the face of the pan into the sink.,sink@@@@@pan_(for_cooking)
645.20815,C places the pan in his right hand on the electric cooker.,cooker@@@@@pan_(for_cooking)
682.87569,C picks up the measuring cup from the countertop with his left hand.,cup@@@@@measuring_cup@@@@@ring
683.8827,C passes the measuring cup from his left hand to his right hand.,cup@@@@@measuring_cup@@@@@ring
685.15778,C displaces the small plastic bowl on the countertop with his left hand.,bowl
688.0225,C turns the water from the measuring cup into the pan on the electric cooker.,cup@@@@@measuring_cup@@@@@ring@@@@@pan_(for_cooking)
694.37677,C places the measuring cup in his right hand on the countertop.,cup@@@@@measuring_cup@@@@@ring
696.12104,C picks up the small bowl from the countertop with his left hand.,bowl
697.7114,C places the small bowl in his left hand on the faucet.,faucet@@@@@bowl
697.72501,C turns on the knob of the faucet with his right hand.,faucet@@@@@knob
699.19143,C turns off the knob of the faucet with his right hand.,faucet@@@@@knob
699.88166,C passes the small bowl from his left hand to his right hand.,bowl
701.21949,C turns the water from the small bowl in his right hand into the small plastic bowl,bowl
704.6766,C inserts the small bowl in his right hand into the small plastic bowl in his left hand.,bowl
705.17609,C places the bowls in his left hand on the countertop.,bowl
706.84796,C inserts the whisk in his right hand into the small plastic bowl on the countertop.,bowl
707.04796,C whisks the egg in the small plastic bowl with the whisk in his right hand.,egg@@@@@bowl
724.16853,C removes the whisk in his right from the small plastic bowl.,bowl@@@@@spoon
729.71121,C picks up the pan from the electric cooker with his right hand.,stove@@@@@pan_(for_cooking)
731.30473,C rotates the pan with his right hand.,person@@@@@pan_(for_cooking)
736.5514,C places the pan in his right hand on the electric cooker.,cooker@@@@@pan_(for_cooking)
738.50987,C adjusts the button of the electric cooker with his right hand.,button@@@@@cooker
743.30683,C adjusts the pan on the electric cooker with his right hand.,cooker@@@@@pan_(for_cooking)
749.44134,C holds the small plastic bowl with his left hand.,bowl
749.44134,C shakes the whisk in his right hand on the small plastic bowl.,bowl
756.59617,C picks up the small plastic bowl from the countertop with his hands.,bowl
764.91895,C passes the bowl from his right hand to his left hand.,person@@@@@bowl
765.66148,C picks up the spatula from the countertop with his right hand.,spatula
766.79596,C scratches the pan on the electric cooker with the spatula in his right hand.,spatula@@@@@cooker@@@@@pan_(for_cooking)
777.11966,C places the spatula in his right hand on the white plate.,spatula@@@@@plate
779.39504,C passes the small plastic bowl from his left hand to his right hand.,person@@@@@bowl
784.83688,C turns the egg from the small white bowl in his right hand into the pan on the electric cooker.,egg@@@@@bowl
790.16475,C passes the white plastic bowl from his right hand to his left hand.,person@@@@@bowl
790.64204,C places the small plastic bowl in his left hand on the countertop.,table@@@@@kitchen_table@@@@@bowl
791.50267,C picks the spatula from the plate on the countertop with his right hand.,spatula@@@@@plate
792.005,C holds the pan on the electric cooker with his left hand.,cooker@@@@@pan_(for_cooking)
798.90916,C adjusts the button of the electric cooker with his left hand.,button@@@@@cooker
804.60187,C holds the pan on the electric cooker with his left hand.,cooker@@@@@pan_(for_cooking)
804.94983,C mixess the egg on the pan with the spatula in his right hand.,egg@@@@@spatula
830.79424,C presses the egg in the pan with the spatula in his right hand.,egg@@@@@spatula
838.77893,C scrapes the tip of the pan wit the spatula in his right hand.,spatula@@@@@pan_(for_cooking)
841.32284,C picks up the chef's knife from the countertop with his left hand.,knife
842.35251,C scrapes the spatula with the chef's knife in his left hand.,spatula@@@@@knife
851.67918,C places the chef's knife in his left hand on the countertop,knife
852.43354,C picks up the pan from the electric cooker with his left hand.,stove@@@@@pan_(for_cooking)
854.73846,C turns the egg with the spatula in his right hand from the pan into the white plate on the countertop.,egg@@@@@spatula@@@@@plate
862.53916,C places the pan in his left hand on the electric cooker.,cooker@@@@@pan_(for_cooking)
863.93255,C scrapes the pan with the spatula in his right hand.,spatula@@@@@pan_(for_cooking)
882.91621,C displaces the white plate on the countertop with his left hand.,plate
884.42672,C picks up the measuring cup from the countertop with his left hand.,cup@@@@@measuring_cup@@@@@ring
885.54033,C passes the measuring cup from his left hand to his right hand.,cup@@@@@measuring_cup@@@@@ring
887.65988,C turns the water from the measuring cup in his right hand into the pan on the electric cooker.,cup@@@@@measuring_cup@@@@@ring@@@@@pan_(for_cooking)
891.083,C passes the measuring cup from his right hand to his left hand.,person@@@@@cup@@@@@measuring_cup@@@@@ring
891.485,C places the measuring cup in his left hand on the countertop.,cup@@@@@measuring_cup@@@@@ring
892.95405,C picks up the spatula from the white plate with his right hand.,spatula@@@@@plate
894.13934,C scrapes the pan with the spatula in his right hand.,spatula@@@@@pan_(for_cooking)
899.04697,C scoops the pieces of onion from the cutting board with the spatula in his right hand,chopping_board@@@@@spatula
899.04697,C packs the veggies on the cutting board with his left hand into the spatula in his right hand.,chopping_board@@@@@spatula
909.13854,C lifts up the spatula in his right hand from the cutting board.,chopping_board@@@@@spatula
910.45283,C turns the veggies from the spatula in his right hand into the pan.,spatula@@@@@pan_(for_cooking)
917.40063,C mixes the veggies in the pan with the spatula in his right hand.,spatula@@@@@pan_(for_cooking)
924.68627,C places the spatula in his right hand into the white plate on the countertop.,spatula@@@@@plate
926.50359,C picks up the chef's knife from the countertop with his right hand.,knife
927.05787,C places the chef's knife in his right hand on the cutting board.,chopping_board@@@@@knife
928.24791,C picks up the small white bowl from the countertop with his left hand.,bowl
928.71957,C places the small white bowl in his left hand on the cutting board.,chopping_board@@@@@bowl
930.26629,C picks up the measuring cup from the countertop with his right hand.,cup@@@@@measuring_cup@@@@@ring
931.853,C turns the water from the measuring cup in his right hand into the pan the electric cooker.,cup@@@@@measuring_cup@@@@@ring@@@@@pan_(for_cooking)
933.95912,C places the measuring cup in his right hand on the countertop.,cup@@@@@measuring_cup@@@@@ring
936.07813,C picks up the spatula from the white plate on the countertop with his right hand.,spatula@@@@@plate
936.19642,C holds the pan on the electric cooker with his left hand.,cooker@@@@@pan_(for_cooking)
937.21085,C mixes the veggies in the pan with the spatula in his right hand.,spatula@@@@@pan_(for_cooking)
984.69163,C presses the button of electric cooker with his left hand.,button@@@@@cooker
995.24006,C places the spatula in his right hand into the white plate on the countertop.,spatula@@@@@plate
996.83437,C presses the button of electric cooker with his left hand.,button@@@@@cooker
1001.71846,C picks up the black pan from the countertop with his left hand.,pan_(for_cooking)
1003.82743,C picks up the spatula from the white plate on the countertop with his right hand.,spatula@@@@@plate
1004.95541,C mixes the veggies in the pan with his right hand.,pan_(for_cooking)
1017.36372,C places the spatula in his right hand into the white plate on thr countertop.,spatula@@@@@plate
1019.67608,C places the black pan in his left hand on the countertop.,table@@@@@kitchen_table@@@@@can@@@@@pan_(for_cooking)
1020.30388,C picks up the chef's knife from the cutting board with his left hand.,chopping_board@@@@@knife
1021.43645,C scrapes the spatula in his right hand with the chef's knife in his left hand.,spatula@@@@@knife
1030.05536,C places the spatula in his right hand into the white plate on the countertop.,spatula@@@@@plate
1030.05536,C places the chef's knife in his left hand on the countertop.,knife
1034.47474,C holds the pan on the electric cooker with his left hand.,cooker@@@@@pan_(for_cooking)
1034.89691,C picks up the spatula with his right hand from the white plate on the countertop.,spatula@@@@@plate
1035.58657,C mixes the veggies in the pan with his right hand.,pan_(for_cooking)
1039.71973,C places the spatula in his right hand into the white plate on the countertop.,spatula@@@@@plate
1040.7954,C picks up the black pan from the countertop with his left hand.,pan_(for_cooking)
1041.77695,C passes the black pan from his left hand to his right hand.,pan_(for_cooking)
1043.61254,C turns the tomatoes in his right hand into the pan on the electric cooker.,tomato@@@@@pan_(for_cooking)
1047.08579,C passes the black pan from his right hand to his left hand.,pan_(for_cooking)
1047.54153,C places the black pan in his left hand on the countertop.,table@@@@@kitchen_table@@@@@can@@@@@pan_(for_cooking)
1049.08286,C picks up the spatula from the white plate with his right hand.,spatula@@@@@plate
1050.03999,C mixes the veggies in the pan with the spatula in his right hand.,spatula@@@@@pan_(for_cooking)
1060.57137,C picks up the small white bowl from the cutting board with his left hand.,bowl
1061.63693,C places the small white bowl in his left hand into the black pan.,bowl@@@@@pan_(for_cooking)
1063.34471,C turns on the knob of the faucet with his right hand.,faucet@@@@@knob
1063.34471,C places the small white bowl in his left hand on the faucet.,faucet@@@@@bowl
1065.57796,C passes the small white bowl from his left hand to his right hand.,bowl
1066.93454,C turns water from the small bowl in his left hand into the pan on the electric cooker.,bowl@@@@@pan_(for_cooking)
1069.63124,C turns the water from the small plastic bowl in his left hand into the sink.,sink@@@@@bowl
1075.53016,C passes the small plastic bowl from his right hand to his left hand.,bowl
1077.63636,C places the small plastic bowl in his left hand into the black pan on the countertop.,bowl@@@@@pan_(for_cooking)
1079.57287,C holds the spatula in the pan with his right hand.,spatula
1079.57287,C holds the pan on the electric cooker with his left hand.,cooker@@@@@pan_(for_cooking)
1080.27231,C mixes the veggies in the pan with the spatula in his right hand.,spatula@@@@@pan_(for_cooking)
1094.45093,C adjusts the button of the electric cooker with his left hand.,button@@@@@cooker
1096.90737,C mixes the veggies in the pan with the spatula in his right hand.,spatula@@@@@pan_(for_cooking)
1114.60795,C passes the spatula from his right hand to his left hand.,spatula
1115.85931,C places the spatula in his left hand on the black pan on the countertop.,spatula@@@@@pan_(for_cooking)
1117.54114,C displaces the bottle of salt on the countertop with left hand.,saltshaker@@@@@shaker@@@@@bottle
1118.89802,C picks up a bottle of curry from the countertop with his right hand.,bottle
1120.75661,C opens the bottle of curry in his left hand with his right,bottle
1121.49467,C turns the curry from the bottle in his right hand to his left hand.,bottle
1124.99014,C turns the curry in his left hand into the pan on the electric cooker.,stove@@@@@pan_(for_cooking)
1129.17182,C covers the bottle of curry with the lid in his left hand.,bottle
1132.88071,C places the bottle of curry in his left hand on the countertop.,bottle
1133.75116,C picks up the bottle of salt from the countertop with his left hand.,saltshaker@@@@@shaker@@@@@bottle
1134.42576,C passes the bottle of salt from his left hand to his right hand.,saltshaker@@@@@shaker@@@@@bottle
1134.91205,C turns the salt from the bottle in his right hand into the pan on the electric cooker.,bottle@@@@@pan_(for_cooking)
1138.23005,C passes the bottle of salt from his right hand to his left hand.,saltshaker@@@@@shaker@@@@@bottle
1138.64143,C places the bottle of salt in his left hand on the countertop.,saltshaker@@@@@shaker
1140.49741,C picks up the spatula from the countertop with his left hand.,spatula
1141.68342,C passes the spatula from his left hand to his right hand.,spatula
1142.09636,C holds the pan on the electric cooker with his left hand.,cooker@@@@@pan_(for_cooking)
1142.09636,C inserts the spatula in his right hand into the pan.,spatula@@@@@pan_(for_cooking)
1142.48866,C mixes the veggies on the electric cooker with the spatula in his right hand.,spatula@@@@@cooker
1155.54467,C passes the spatula from his right hand to his left hand,spatula
1166.70196,C shakes the pan on the electric cooker with his hands.,cooker@@@@@pan_(for_cooking)
1189.64818,C picks the spatula from the countertop with his left hand.,spatula
1190.56764,C passes the spatula from his left hand to his right hand.,spatula
1191.35179,C inserts the spatula in his right hand into the pan.,spatula@@@@@pan_(for_cooking)
1191.72229,C mixes the veggies in the pan with the spatula in his rigth hand.,spatula@@@@@pan_(for_cooking)
1246.56071,C passes the spatula from his right hand to his left hand.,spatula
1247.91616,C places the spatula in his left hand against the electric cooker.,spatula@@@@@cooker
1255.96195,C adjusts the button of the electric cooker with his left hand.,button@@@@@cooker
1258.74182,C picks up the white plate from the countertop with his right hand.,plate
1260.85702,C picks the spatula from the countertop with his left hand.,spatula
1261.42858,C scoops the egg from the white plate with the spatula in his left hand into the pan on the electric cooker.,egg@@@@@spatula@@@@@cooker@@@@@plate
1266.0621,C places the white plate in her right hand on the countertop.,plate
1266.87313,C passes the spatula from his left hand to his right hand.,spatula
1267.36433,C holds the pan on the electric cooker with his left hand.,cooker@@@@@pan_(for_cooking)
1267.46433,C mixes the egg in the pan with the spatula in his right hand.,egg@@@@@spatula
1303.86404,C removes the spatula in his right hand from the pan.,spatula
1305.50851,C passes the spatula from his right hand to his left hand.,spatula
1308.49272,C picks the bottle of salt from the countertop with his left hand.,saltshaker@@@@@shaker@@@@@bottle
1309.51252,C turns the salt in his left hand into the pan.,saltshaker@@@@@shaker@@@@@pan_(for_cooking)
1310.87213,C places the bottle of salt in his left hand on the countertop.,saltshaker@@@@@shaker
1310.87213,C mixes the egg in the pan with the spatula in his right hand,egg@@@@@spatula
1312.16267,C removes the spatula in his right hand from the pan.,spatula
1313.68874,C displaces the white plate on the countertop with his right hand.,plate
1314.46656,C picks up the pan from the electric cooker with his left hand.,stove@@@@@pan_(for_cooking)
1315.34906,C scoops the egg from the pan into the white plate with the spatula in his right hand.,egg@@@@@spatula@@@@@plate
1330.6793,C places the pan in his left hand on the electric cooker.,cooker@@@@@pan_(for_cooking)
1332.77467,C turns off the button of the electric cooker with his left hand.,button@@@@@cooker
1335.66725,C passes the spatula from his right hand to his left hand.,spatula
1336.77592,C places the spatula in his left hand on the cutting board.,chopping_board@@@@@spatula
1339.17925,C picks up the white plate from the countertop with his hands,plate
1341.31687,C places the white plate in his hands on the countertop.,plate
1342.13229,C adjusts the spatula on the cutting board with his left hand.,chopping_board@@@@@spatula
1344.16139,C adjust the black pan on the countertop with his left hand.,pan_(for_cooking)
1347.02262,C adjusts the pan on the electric cooker with his right hand.,cooker@@@@@pan_(for_cooking)
