timestamp,narration,object
0.65331,C lifts up the wheel with his hands.,wheel@@@@@person
2.61991,C turns around the wheel with his hands.,wheel@@@@@person
9.44542,C lift the wheel into the fork with the wheel axles into the fork slot with his hands.,wheel@@@@@person
17.22849,C holds the wheel with his left hand.,wheel@@@@@person
19.67334,C holds the wheel with his right hand.,wheel@@@@@person
19.77334,C lift the wheel with the wheel axles into the fork slot with his hands.,wheel@@@@@person
26.54108,C holds the wheel with his left hand.,wheel@@@@@person
28.57426,C picks an axle lock washer from the work bench with his right hand.,person
29.80757,C inserts the axle lock washer into the axle with his right hand.,person
38.26232,C picks an axle lock washer from the work bench with his right hand.,person
40.73719,C holds the wheel with his left hand.,wheel@@@@@person
43.57126,C inserts the axle lock washer into the axle with his right hand.,person
46.63791,C sets the axle lock washer into the axle with his right hand.,person
50.88426,C picks an axle nuts from the work bench with his right hand.,person
52.78422,C tightens the axle nut with his right hand into the axle.,person
74.72685,C picks an axle nuts from the work bench with his right hand.,person
76.55837,C holds the wheel with his left hand.,wheel@@@@@person
76.8917,C tightens the axle nut with his right hand into the axle.,person
99.26144,C picks a wrench from the work bench with his right hand.,wrench@@@@@person
101.55279,C tightens the axle nut with a wrench in his right hand into the axle.,wrench@@@@@person
102.3115,C holds the wheel with his left hand.,wheel@@@@@person
111.90821,C holds the fork with his left hand.,person
113.34152,C holds the wheel with his left hand.,wheel@@@@@person
115.57884,C tightens the axle nut with a wrench in his right hand into the axle.,wrench@@@@@person
126.48215,C rolls the wheel with his left hand.,wheel@@@@@person
127.24855,C holds the wheel with his left hand.,wheel@@@@@person
127.88188,C tightens the axle nut with a wrench in his right hand into the axle.,wrench@@@@@person
130.08209,C rolls the wheel with his left hand.,wheel@@@@@person
131.09172,C holds the wheel with his left hand.,wheel@@@@@person
131.79171,C holds the wheel with his left hand.,wheel@@@@@person
132.79169,C rolls the wheel with his left hand.,wheel@@@@@person
134.10764,C turns around the wheel with his left hand.,wheel@@@@@person
134.10764,C rolls the wheel with his left hand.,wheel@@@@@person
137.29293,C holds the wheel with his left hand.,wheel@@@@@person
138.60615,C tightens the axle nut with a wrench in his right hand into the axle.,wrench@@@@@person
142.2321,C turns around the wheel with his left hand,wheel@@@@@person
