timestamp,narration,object
5.00397,C picks the wrench from the table with her right hand.,table@@@@@wrench
7.81403,C holds the wheel with her left hand.,wheel
7.95726,C fixes the wrench on the nut with her right hand.,wrench
8.26883,C loosens the nut with the wrench in her right hand.,wrench
15.303,C holds the wheel with her right hand.,wheel
16.45389,C holds the wheel frame with her left hand.,wheel
16.85167,C fixes the wrench on the nut with her right hand.,wrench
17.16142,C loosens the nut with the wrench in her right hand.,wrench
27.08524,C fixes the wrench on the nut with her right hand.,wrench
27.8058,C loosens the nut with the wrench in her right hand.,wrench
30.931,C fixes the wrench on the nut with her right hand.,wrench
31.51961,C loosens the nut with the wrench in her right hand.,wrench
34.41575,C fixes the wrench on the nut with her right hand.,wrench
35.34006,C fixes the wrench on the nut with both hands.,wrench
36.23296,C adjusts the wrench with her right hand.,wrench
38.72858,C adjusts the wrench with her left hand.,wrench
40.76903,C holds the wheel frame with her left hand.,wheel
41.1415,C loosens the nut with the wrench in her right hand.,wrench
46.2501,C fixes the wrench on the nut with her right hand.,wrench
47.43544,C loosens the nut with the wrench in her right hand.,wrench
51.42919,C fixes the wrench on the nut with her right hand.,wrench
52.16237,C loosens the nut with the wrench in her right hand.,wrench
52.80354,C fixes the wrench on the nut with her hands.,wrench
53.75831,C removes the wrench from the nut with both hands.,wrench
55.621,C adjusts the camera with her hands.,camera
57.8599,C picks the lube bottle from the table with her left hand.,table@@@@@bottle
61.25594,C adds the lube to the nut from the lube bottle in her left hand.,bottle
66.49727,C places the lube bottle on the bicycle rack with her left hand.,bicycle@@@@@bottle
67.0426,C adjusts the bicycle rack with her right hand.,bicycle
67.29039,C holds the bicycle frame with her left hand.,bicycle
68.35734,C places the lube bottle on the bicycle rack with her left hand.,bicycle@@@@@bottle
69.006,C adjusts the wrench in her right hand with her left hand.,wrench
70.22854,C fixes the wrench on the nut with her right hand.,wrench
70.62854,C holds the wheel frame with her left hand.,wheel
70.93709,C loosens the nut with the wrench in her right hand.,wrench
71.514,C holds the wrench on the nut with her left hand.,wrench
74.41092,C adjusts the wrench with her right hand.,wrench
75.60839,C removes the wrench from the not with her right hand.,wrench
75.91103,C adjusts the wrench with her left hand.,wrench
77.424,C fixes the wrench on the nut with her right hand.,wrench
77.69849,C removes the wrench from the nut with her right hand.,wrench
78.02732,C adjusts the wrench in her right hand with her left hand.,wrench
78.94711,C transfers the wrench from her right hand to her left hand.,wrench
90.8036,C adjusts the wrench with her left hand.,wrench
94.65381,C places the wrench on the table with her right hand.,table@@@@@wrench
95.62388,C wipes the napkin with her right hand.,napkin
97.10563,C picks the crank puller extractor from the tool box with her right hand.,box
98.95851,C touches the tools in the tool box with her right hand.,box
102.2,C holds the wheel with her left hand.,wheel
104.8007,C places the crank puller extractor on the table with her right hand.,table
105.42211,C picks the wrench from the table with her right hand.,table@@@@@wrench
105.86073,C adjusts the wrench in her right hand with her left hand.,wrench
107.51829,C places the wrench on the table with her right hand.,table@@@@@wrench
109.96559,C picks the wrench from the table with her right hand.,table@@@@@wrench
110.40971,C picks the napkin from the table with her left hand.,napkin@@@@@table
111.72,C wipes the wrench with the napkin in her left hand.,napkin@@@@@wrench
115.16425,C puts the napkin on the table with her left hand.,napkin@@@@@table
115.43696,C adjusts the wrench with her left hand.,wrench
122.20332,C adjusts the camera with her left hand.,camera_lens@@@@@camera@@@@@can
123.61893,C passes the wrench to the man X with her right hand.,person@@@@@wrench
123.61893,The man X gets the wrench from C with his right hand.,person@@@@@wrench
125.91866,C adjusts the camera with both hands.,camera_lens@@@@@camera@@@@@can
139.39337,C places the crank puller extractor on the table with her right hand.,table
141.32755,The man X places the wrench on the table with his right hand.,table@@@@@wrench
142.298,C picks the wrench from the table with her left hand.,table@@@@@wrench
142.899,C transfers the wrench from her left hand to her right hand.,wrench
144.41726,C picks the black wrench from the tool rack with her left hand.,wrench
147.76031,C picks the black wrench from the tool rack with her right hand.,wrench
149.59498,C transfers the black wrench from her right hand to her left hand.,wrench
150.71589,C transfers the black wrench from her left hand to her right hand.,wrench
151.16021,C transfers the wrench from her right hand to her left hand.,wrench
152.082,C adjusts the black wrench in her right hand with her left hand.,wrench
153.79396,C fixes the black wrench on the nut with her right hand.,wrench
154.02311,C fixes the black wrench on the nut with her hands.,wrench
155.51398,C loosens the nut with the wrench in her right hand.,wrench
156.79713,C holds the wheel with her left hand.,wheel
159.22073,C transfers the black wrench from her right hand to her left hand.,wrench
159.76182,C transfers the black wrench from her left hand to her right hand.,wrench
160.59829,C holds wheel with her left hand.,wheel
160.86283,C loosens the nut with the black wrench in her right hand.,wrench
161.67655,C holds the wheel frame with her left hand.,wheel
162.06156,C loosens the nut with the black wrench in her right hand.,wrench
163.58499,C fixes the black wrench on the nut with her right hand.,wrench
164.58508,C loosens the nut with the black wrench in her right hand.,wrench
170.5869,C removes the black wrench from the nut with her right hand.,wrench
173.22322,C fixes the black wrench on the nut with her right hand.,wrench
173.58162,C fixes the black wrench on the nut with both hands.,wrench
175.64698,C loosens the nut with the black wrench in her right hand.,wrench
177.38908,C holds the wheel frame with her left hand.,wheel
178.66207,C removes the black wrench from the nut with her right hand.,wrench
179.86007,C fixes the black wrench on the nut with her right hand.,wrench
180.50145,C fixes the black wrench on the nut with both hands.,wrench
181.33311,C loosens the nut with the black wrench in her right hand.,wrench
181.71936,C removes the black wrench from the nut with her right hand.,wrench
182.42761,C fixes the black wrench on the nut with both hands.,wrench
185.11761,C holds the black wrench on the nut with both hands.,wrench
186.04232,C holds the wheel frame with her left hand.,wheel
186.28653,C loosens the nut with the black wrench in her right hand.,wrench
187.689,C holds the black wrench with both hands.,wrench
188.56002,C holds the wheel frame with her left hand.,wheel
188.95507,C loosens the nut with the black wrench in her right hand.,wrench
195.536,C fixes the black wrench on the nut with her right hand.,wrench
195.63853,C loosens the nut with the black wrench in her right hand.,wrench
198.783,C holds the wheel with her left hand.,wheel
199.14748,C loosens the nut with the black wrench in her right hand.,wrench
200.39803,C loosens the nut with the black wrench in both hands.,wrench
205.18575,C removes the black wrench from the nut with both hands.,wrench
206.44014,C picks the wrench in her left hand with her right hand.,wrench
207.47549,C fixes the wrench on the nut with her right hand.,wrench
207.74807,C holds the wrench on the nut with her left hand.,wrench
208.37036,C adjusts the wrench with her right hand.,wrench
213.31211,C adjusts the wrench with her left hand.,wrench
217.51975,C loosens the nut with the wrench in her hands.,wrench
220.81323,C loosens the nut with the wrench in her right hand.,wrench
225.04824,C removes the wrench from the nut with her right hand.,wrench
227.32499,C places the black wrench on the table with her left hand.,table@@@@@wrench
229.61767,C wipes her left hand with the napkin on the table.,napkin
230.6,C places the wrench on the napkin with her right hand.,napkin@@@@@wrench
