timestamp,narration,object
0.91373,C holds the wheel with his left hand.,wheel
1.81242,C holds the wheel with both hands.,wheel
4.29826,C holds the wheel with his right hand.,wheel@@@@@person
5.20405,C passes the wheel from his right hand to his left hand.,wheel@@@@@person
6.11133,C places the wheel on the floor with his left hand.,wheel@@@@@person
8.42317,C picks an air pump from the floor with his right hand.,person
9.81672,C holds the air pump with both hands.,person
11.37114,C places the air pump on the work table with both hands.,table@@@@@person
13.91961,C picks a valve nut from the floor with his right hand.,person
13.98627,C picks a spoke nipple from the floor with his left hand.,person
15.57362,C inserts the valve nut into the valve of the innertube on the floor with his right hand.,person
17.17351,C transfers the spoke nipple from his left hand to his right hand.,person
18.00702,C places the spoke nipple on the work table with his right hand.,table@@@@@person
21.62829,C turns the wheel on the floor with his right hand.,wheel
22.60889,C picks the wheel from the floor with his right hand.,wheel
23.22178,C places the wheel on the floor with his right hand.,wheel
24.47122,C transfers the wheel from his right hand to his left hand.,wheel
28.77354,C transfers the wheel from his left hand to his right hand.,wheel
29.71539,C holds the bike fork with his left hand.,fork@@@@@person@@@@@bicycle
30.04729,C moves the wheel between the bike fork with his right hand.,fork@@@@@wheel@@@@@bicycle
31.59172,C holds the wheel with both hands.,wheel
37.43187,C inserts the wheel into the bike fork with both hands.,fork@@@@@wheel@@@@@bicycle
41.44585,C inserts the axle nut into the axle of the wheel with his right hand.,wheel
64.11121,C holds the bike fork with his left hand.,fork@@@@@person@@@@@bicycle
89.1257,C holds the wheel with his left hand.,wheel
89.32864,C turns the wheel with his left hand.,wheel
99.87975,C picks a wrench from the work table with his right hand.,wrench
103.0326,C holds the wheel with his left hand.,wheel
103.88699,C tightens the axle nut into the axle of the wheel with the wrench in his right hand.,wheel@@@@@wrench
106.24761,C moves the worm-screw of the wrench with his right hand.,wrench
113.09131,C holds the bike fork with his left hand.,fork@@@@@person@@@@@bicycle
118.37001,C turns the wrench on the axle nut with his right hand.,wrench
118.85443,C holds the bike fork with his left hand.,fork@@@@@person@@@@@bicycle
121.23221,C transfers the wrench from his right hand to his left hand.,wrench
122.32065,C holds the bike fork with his right hand.,fork@@@@@wheel@@@@@bicycle
122.90748,C turns the wrench on the axle nut with his left hand.,wrench
126.24899,C holds the wrench on the axle nut with his right hand.,wrench
126.69149,C holds the bike fork with his left hand.,fork@@@@@person@@@@@bicycle
127.54931,C tightens the axle nut with the wrench in his right hand.,wrench
130.25902,C holds the axle nut in the axle of the wheel with his right hand.,fork@@@@@wheel@@@@@bicycle@@@@@hat
131.39221,C places the wrench on the axle nut with his right hand.,wrench
132.3058,C holds the wrench with both hands.,wrench
133.5575,C moves the worm-screw of the wrench with his right hand.,wrench
139.97042,C holds the bike fork with his left hand.,fork@@@@@person@@@@@bicycle
140.36484,C tightens the axle nut with the wrench in his right hand.,wrench
149.77237,C moves the bike handle with his left hand.,person@@@@@handle
151.92303,C holds the bike fork with his left hand.,fork@@@@@person@@@@@bicycle
152.88431,C places the wrench on the axle nut with his right hand.,wrench
154.77387,C holds the bike fork with his left hand.,fork@@@@@person@@@@@bicycle
155.29088,C turns the wrench on the axle nut with his right hand.,wrench
159.72455,C places the wrench on the axle nut with his right hand.,wrench
162.74621,C turns the wrench on the axle nut with his right hand.,wrench
164.97608,C places the wrench on the axle nut with his right hand.,wrench
165.92529,C turns the wrench on the axle nut with his right hand.,wrench
174.80577,C passes the wrench from his right hand to his left hand.,wrench
175.20462,C passes the wrench from his left hand to his right hand.,wrench
175.6,C places the wrench on the axle nut with his right hand.,wrench
175.6173,C holds the bike fork with his left hand.,fork@@@@@person@@@@@bicycle
177.85597,C tightens the axle nut onto the axle with the wrench in his right hand.,wrench
182.3726,C place the wrench on the axle nut with his right hand.,wrench
184.70871,C turns the wrench on the axle nut with his right hand.,wrench
187.80774,C moves the worm-screw of the wrench with his right hand.,wrench
194.71702,C places the wrench on the axle nut with his right hand.,wrench
195.39147,C moves the worm-screw of the wrench with his right hand.,wrench
203.68716,C tightens the axle nut on the axle with the wrench in his right hand.,wrench
211.86652,C passes the wrench from his right hand to his left hand.,wrench
212.66411,C passes the wrench from his left hand to his right hand.,wrench
213.52042,C places the wrench on the work table with his right hand.,table@@@@@wrench
0.0,C holds a wheel with his left hand.,wheel@@@@@person
1.69992,C holds the wheel with both hands.,wheel
4.994,C transfers the wheel to his left hand from his right hand.,wheel@@@@@person
6.04143,C holds the wheel on the floor with his left hand.,wheel
7.63906,C places the wheel on the floor with his left hand.,wheel@@@@@person
8.44014,C takes the air pump from the floor with his right hand.,person
9.30525,C holds the air pump with both hands.,person
11.37816,C puts the air pump on a work table with his left hand.,table@@@@@person
13.93056,C takes a tire lever from the floor with his left hand.,person
14.14414,C takes a valve cap from the floor with his right hand,person
15.37074,C places the valve cap on the valve of the tire on the floor with his right hand.,person
17.30263,C transfers the tire lever from his left hand to his right hand.,person
17.8162,C puts the tire lever on the work table with his right hand.,table@@@@@person
21.60544,C takes the wheel from the floor with his right hand.,wheel
23.356,C holds the wheel on the floor with his right hand.,wheel
24.62662,C holds the wheel on the floor with his left hand.,wheel
29.04209,C holds the wheel on the floor with his left hand.,wheel
29.6492,C holds the bicycle fork with his left hand,fork@@@@@bicycle
29.86776,C takes the wheel from the floor with his right hand.,wheel
29.95944,C puts the wheel into the bicycle fork with his right hand.,fork@@@@@wheel@@@@@bicycle
31.45137,C fixes the wheel into the bicycle fork with both hands.,fork@@@@@wheel@@@@@bicycle
41.43696,C places the lock washer on the axle bolt with his right hand.,bolt
56.54188,C places the lock washer on the axle bolt with his left hand.,bolt
89.039,C holds the wheel with his left hand.,wheel
89.95999,C screws the axle nut on the bolt with his right hand.,bolt
100.00552,C takes a wrench from the work table with his right hand.,wrench
103.028,C holds the wheel with his left hand.,wheel
103.2503,C screws the axle nut on the bolt with the wrench in his right hand.,wrench@@@@@bolt
106.4617,C adjusts the worm-screw of the wrench with his right hand.,wrench
107.38595,C places the wrench n the axle nut with his right hand.,wrench
107.83327,C adjusts the worm-screw of the wrench with his right hand.,wrench
113.15188,C holds the wrench on the axle nut with both hands.,wrench
118.381,C screws the axle nut on the bolt with the wrench in his right hand.,wrench@@@@@bolt
118.59428,C holds the bicycle fork with his left hand.,fork@@@@@wrench
121.10565,C screws the axle nut on the bolt with the wrench in his left hand.,wrench@@@@@bolt
122.41186,C holds the bicycle fork with his right hand.,fork@@@@@wheel@@@@@bicycle
126.29021,C tightens the axle nut on the axle bolt with the wrench in his right hand.,wrench@@@@@bolt
126.806,C holds the bicycle fork with his left hand.,fork@@@@@wrench
130.192,C checks the axle nut with his right hand.,bolt
131.55157,C places the wrench on the axle nut with his right hand.,wrench
132.34069,C holds the wrench on the axle nut with both hands.,wrench
133.06081,C adjusts the worm-screw of the wrench on the axle nut with both hands.,wrench
139.85587,C holds the bicycle fork with his left hand.,fork@@@@@wrench
140.03319,C tightens the axle nut on the axle bot with the wrench in his right hand.,wrench
149.98032,C moves the bicycle handle bar with his left hand.,person@@@@@bicycle@@@@@handle
151.78248,C holds the bicycle fork with his left hand.,fork@@@@@wrench
152.91573,C tightens the axle nut on the axle bolt with the wrench in his right hand.,wrench@@@@@bolt
154.97285,C holds the bicycle fork with his left hand.,fork@@@@@wrench
175.62958,C holds the bicycle fork with his left hand.,fork@@@@@wrench
176.23667,C tightens the axle nut on the axle bolt with the wrench in his right hand.,wrench@@@@@bolt
182.44427,C tightens the axle nut on the axle bolt with the wrench in his right hand.,wrench@@@@@bolt
187.77011,C adjusts the worm-screw of the wrench with his right hand.,wrench
189.15479,C tightens the axle nut on the axle bolt with the wrench in his right hand.,wrench@@@@@bolt
191.04121,C adjusts the worm-screw of the wrench with his right hand.,wrench
192.42223,C tightens the axle nut on the axle bolt with the wrench in his right hand.,wrench@@@@@bolt
194.84296,C places the wrench on the axle nut with his right hand.,wrench
195.18813,C adjusts the worm-screw of the wrench with his right hand..,wrench
203.875,C tightens the axle nut on the axle bolt with the wrench in his right hand.,wrench@@@@@bolt
212.14704,C holds the wrench with both hands.,wrench
213.65289,C puts the wrench on the work table with his right hand.,table@@@@@wrench
