timestamp,narration,object
2.54085,C turns on the faucet on the kitchen sink with his left hand.,faucet@@@@@sink@@@@@kitchen_sink
3.23989,C washes both hands under the running water from the faucet.,faucet
5.35039,C picks a pink bowl from the kitchen sink with his left hand.,sink@@@@@bowl@@@@@kitchen_sink
5.39343,C empties the pink bowl in the sink with his left hand.,sink@@@@@bowl
7.31854,C places the pink bowl in the sink with his left hand.,sink@@@@@bowl
8.36303,C picks the chopsticks on the counter top with his left hand.,chopstick
9.94199,C places the chopsticks in the pink bowl with his left hand.,chopstick@@@@@bowl
10.9088,C folds the chopping mat on the chopping board with his left hand.,chopping_board
11.3668,C picks the chopping mat on the chopping board with his left hand.,chopping_board
12.12219,C places the chopping mat in the pink bowl with his left hand.,chopping_board@@@@@bowl
13.29015,C picks the knife on the chopping board with his right hand.,chopping_board@@@@@knife
13.67814,C passes the knife from his right hand to his left hand.,knife
14.36795,C places the knife under the running water from the faucet.,faucet@@@@@knife
16.66267,C opens the plate rack door with his right hand.,towel@@@@@towel_rack@@@@@plate
16.996,C places the knife in the sink with his left hand.,sink@@@@@knife
18.05856,C picks a sponge from plate rack with his left hand.,sponge@@@@@plate
18.27989,C closes the door of the plate rack with his right hand.,plate
19.16778,C passes the sponge from his left hand to his right hand.,sponge
19.895,C picks the knife in the sink with his left hand.,sink@@@@@knife
20.208,C scrubs the knife in the sink with the sponge in his right hand,sink@@@@@knife@@@@@sponge
24.99959,C rinses the knife under the running water in the sink with his left hand.,sink@@@@@knife
26.66616,C places the knife on the counter top with his left hand.,knife
28.31681,C picks the fork on the counter top with his right hand.,fork
28.77295,C passes the fork from his right hand to his left hand.,fork
29.23961,C places the fork in the pink plate on the sink with his left hand.,fork@@@@@plate
30.10642,C picks the sponge on the chopping board with his right hand.,chopping_board@@@@@sponge
31.2549,C picks the chopping board on the counter top with his left hand.,chopping_board
31.7948,C places the chopping board under the running water from the faucet with his left hand.,faucet@@@@@chopping_board
32.78332,C scrubs the chopping board with the sponge in his right hand.,chopping_board@@@@@sponge
44.15378,C places the sponge on the kitchen sink with his right hand.,sink@@@@@sponge@@@@@kitchen_sink
46.26141,C places the chopping board on the countertop with his left hand.,chopping_board
52.01551,C picks a paper bag from the countertop with both hands.,grocery_bag@@@@@plastic_bag
55.04418,C places the paper bag on the countertop with his left hand.,plastic_bag
57.18567,C picks a phone from the countertop with his right hand.,telephone@@@@@cellular_telephone
58.08037,C holds the phone with both hands.,telephone@@@@@cellular_telephone
62.05471,C passes the phone to the Woman X with his left hand.,person@@@@@telephone@@@@@cellular_telephone
62.42751,The Woman X holds the phone with her right hand.,person@@@@@telephone@@@@@cellular_telephone
62.79738,The Woman X passes the phone from her right hand to her left hand.,telephone@@@@@cellular_telephone
63.43008,The Woman X presses the phone with her right hand.,telephone@@@@@cellular_telephone
67.67194,C turns off the faucet with his right hand.,faucet
89.96567,The Woman X passes the phone to C with her left hand.,person@@@@@telephone@@@@@cellular_telephone
90.23233,C retrieves the phone from Woman X with his left hand.,phonebook@@@@@telephone@@@@@cellular_telephone@@@@@book
91.03945,C holds the phone with both hands.,telephone@@@@@cellular_telephone
91.75467,C looks through the manual on the phone.,telephone@@@@@book
107.81047,C adjusts the oven knob with his left hand.,knob@@@@@oven
110.28585,C looks reads through the manual in phone in his right hand.,phonebook@@@@@telephone@@@@@cellular_telephone@@@@@book
113.42868,C places the phone on the countertop with his right hand.,telephone
114.61523,C reads through the manual in the phone on the countertop.,telephone@@@@@cellular_telephone
129.96922,C opens the kitchen cabinet with his left hand.,cabinet
132.6101,C closes the kitchen cabinet with his left hand.,cabinet
134.18094,C opens the door of the plate rack with his right hand.,plate
135.45737,C pulls the plate rack drawer with his left hand.,drawer@@@@@plate
137.12402,C picks a bowl from the plate rack with his left hand.,bowl@@@@@plate
137.90162,C pushes the plate rack drawer inwards with his right hand.,plate
139.29508,C closes the door of the plate rack with his right hand.,plate
140.54899,C turns on the faucet in the kitchen sink with his right hand.,faucet@@@@@sink@@@@@kitchen_sink
140.70681,C places the bowl in his left hand under the running water from the faucet.,faucet@@@@@bowl
141.34818,C empties the bowl in the sink with his left hand.,sink@@@@@bowl
142.21648,C turns off the faucet in the kitchen sink with his right hand.,faucet@@@@@sink@@@@@kitchen_sink
144.05919,C places the bowl on the chopping board with his left hand.,chopping_board@@@@@bowl
149.08987,C reads through the manual in the phone on the countertop.,telephone@@@@@cellular_telephone
157.10491,C pours oil into the bowl on the countertop with his right hand.,oil_lamp@@@@@bowl@@@@@lamp
166.34095,C taps the phone on the countertop with his right hand.,telephone
168.57389,C opens the kitchen cabinet with his right hand.,cabinet
170.45368,C picks the cocoa powder container in the kitchen cabinet with his left hand.,cabinet
171.08855,C closes the door of the kitchen cabinet with his right hand.,cabinet
175.49836,C places the cocoa powder container lid on the table with his left hand.,table
176.19233,C pours cocoa powder into the bowl with both hands.,ring@@@@@bowl@@@@@ladle@@@@@spoon
189.94526,C opens the kitchen cabinet door with his right hand.,cabinet
190.93736,C places the cocoa powder container in the kitchen cabinet with his left hand.,cabinet
192.28766,C closes the door of the kitchen cabinet with his right hand.,cabinet
201.22845,C pours baking powder into the bowl on the countertop with the spoon in his right hand.,bowl@@@@@spoon
203.61465,C scoops baking powder from its bag with the spoon in his right hand.,spoon
204.5111,C pours baking powder into the bowl on the countertop with the spoon in his right hand.,bowl@@@@@spoon
205.30789,C places the spoon in the bag of baking powder on the countertop with his right hand.,spoon
207.9362,C taps the phone on the countertop with his right hand.,telephone
211.84411,C opens the kitchen cabinet door with his right hand.,cabinet
213.24191,C places the bag of baking powder in the kitchen cabinet with both hands.,cabinet
214.41301,C closes the kitchen cabinet door with his right hand.,cabinet
221.77759,C taps the phone on the countertop with his right hand.,telephone
222.81633,C reads through the manual in the phone on the countertop.,telephone@@@@@cellular_telephone
227.9306,C opens the kitchen cabinet drawer with his left hand.,drawer@@@@@cabinet
231.4125,C picks the chopsticks from the kitchen cabinet drawer with his right hand.,chopstick@@@@@cabinet
231.75017,C closes the kitchen cabinet drawer with his left hand.,cabinet
233.52412,C swirls the cocoa powder mix in the bowl with the chopsticks in his right hand..,chopstick@@@@@bowl
233.90205,C holds the bowl on the countertop with his left hand.,bowl
257.8866,C places the chopsticks on the countertop with his right hand.,chopstick
259.5534,C opens the door of the refrigerator with his right hand.,refrigerator@@@@@person
263.92845,C picks the crate of eggs from the refrigerator with his left hand.,refrigerator@@@@@crate@@@@@egg
264.27753,C holds the crate of eggs with both hands.,crate@@@@@egg
265.27387,C opens the crate of eggs with his left hand.,crate@@@@@egg
266.50925,C picks an egg from the crate of eggs with his left hand.,crate@@@@@egg
267.33473,C places the crate of eggs in the refrigerator with his right hand.,refrigerator@@@@@crate
269.63944,C closes the door of the refrigerator with his right hand.,refrigerator@@@@@person
271.0749,C holds the egg with both hands.,person@@@@@egg
272.29798,C reads through the manual in the phone on the countertop.,telephone@@@@@cellular_telephone
278.36083,C cracks the egg on the countertop with his right hand.,egg
280.94451,C opens the egg in half with both hands.,egg
281.21117,C pours the egg into the bowl on the countertop.,bowl@@@@@egg
283.29919,C disposes the egg shell into the waste bin with both hands.,trash_can@@@@@can@@@@@egg
284.31251,C picks the chop sticks on the countertop with his right hand.,chopstick
284.82207,C holds the chopsticks with both hands.,chopstick
285.53483,C whisks the egg mix in the bowl with the chopsticks in his right hand.,chopstick@@@@@bowl
285.73483,C holds the bowl on the countertop with his left hand.,bowl
304.62153,C taps the phone on the countertop with his right hand.,telephone
304.88819,C reads through the manual in the phone on the countertop.,telephone@@@@@cellular_telephone
307.02145,C holds the chopsticks in the bowl with his right hand.,chopstick@@@@@bowl
307.15478,C swirls the cocoa mix in the bowl with the chopsticks in his right hand.,chopstick@@@@@bowl
323.24843,C places the chopsticks on the countertop with his right hand.,chopstick
324.58173,C opens the kitchen cabinet door with his left hand.,cabinet
330.44067,C picks the bag of flour from the kitchen cabinet with his left hand.,cabinet@@@@@grocery_bag@@@@@plastic_bag
333.6598,C picks the bag of flour from the kitchen cabinet with his left hand.,cabinet@@@@@grocery_bag@@@@@plastic_bag
334.59433,C places the bag of baking powder in the kitchen cabinet with his right hand.,cabinet
336.5614,C places the bag of flour on the chopping board with his left hand.,chopping_board
341.52852,C opens the kitchen cabinet drawer with his left hand.,drawer@@@@@cabinet
342.68674,C picks the spoon in the kitchen cabinet drawer with his right hand.,cabinet@@@@@spoon
344.01401,C closes the kitchen cabinet drawer with his left hand.,cabinet
348.01776,C scoops the flour from its bag with the spoon in his right hand.,spoon
349.87118,C pours flour into the bowl on the countertop with the spoon in his right hand.,bowl@@@@@spoon
352.86462,C scoops the flour from its bag with the spoon in his right hand.,spoon
354.78489,C pours flour into the bowl on the countertop with the spoon in his right hand.,bowl@@@@@spoon
356.40269,C places the spoon in the bag of flour with his right hand.,spoon
357.7451,C picks the chop sticks on the chopping board with his left hand.,chopping_board@@@@@chopstick
358.10251,C taps the phone on the countertop with his right hand.,telephone
358.5025,C reads through the manual in the phone on the countertop.,telephone@@@@@cellular_telephone
359.95689,C holds the chop sticks with both hands.,chopstick
362.57924,C holds the bowl on the countertop with his left hand.,bowl
363.60544,C swirls the flour mix in the bowl with the chopsticks in his right hand.,chopstick@@@@@bowl
403.80288,C places the chopsticks in the bowl on the countertop.,chopstick@@@@@bowl
406.10552,C opens the kitchen cabinet drawer with his right hand.,drawer@@@@@cabinet
407.8559,C picks a glove from the pack of gloves in the kitchen cabinet drawer with his right hand.,cabinet@@@@@glove
410.14851,C passes the glove from his right hand to his left hand.,glove
410.77483,C closes the kitchen cabinet drawer with his right hand.,drawer@@@@@cabinet
413.69675,C turns on the faucet in the kitchen sink with his right hand.,faucet@@@@@sink@@@@@kitchen_sink
413.8967,C washes his right hand under the running water from the faucet.,faucet
414.6412,C turns off the faucet in the kitchen sink with his right hand.,faucet@@@@@sink@@@@@kitchen_sink
415.0979,C holds the gloves with both hands.,glove
416.03474,C opens the gloves with both hands.,glove
417.14717,C wears the glove in his right hand.,person@@@@@glove
418.90773,C picks the chop sticks in the bowl with his left hand.,chopstick@@@@@bowl
419.51269,C takes off the flour mix on the chop sticks with the glove in his right hand.,chopstick@@@@@glove
420.68129,C takes off the chop sticks from the bowl on the countertop with his left hand..,chopstick@@@@@bowl
421.17269,C mixes the flour mix in the bowl with the glove in his right hand.,bowl@@@@@glove
429.58141,C places the chop sticks on the countertop with his left hand.,chopstick
430.59318,C takes off the glove in his right hand.,glove
431.12445,C wears the glove in his left hand with his right hand.,glove
433.40657,C picks the jug on the countertop with his right hand.,water_jug
434.61653,C pours water into the bowl with the jug in his right hand.,bowl@@@@@water_jug
436.50971,C places his left hand in the bowl on the countertop.,bowl
437.84301,C places the jug on the countertop with his right hand.,kitchen_table@@@@@table@@@@@dining_table@@@@@water_jug
439.20168,C mixes the flour mix in the bowl with the glove in his left hand.,bowl@@@@@glove
451.11392,C pulls the glove in his left hand upwards with his right hand.,glove
452.90852,C taps the phone on the countertop with his right hand.,telephone
454.70328,C picks the phone on the countertop with his right hand.,telephone@@@@@cellular_telephone
473.36525,C places the phone on the chopping board with his right hand.,chopping_board@@@@@telephone
473.63799,C mixes the flour mix in the bowl with the glove in his left hand.,bowl@@@@@glove
478.96797,C opens the kitchen cabinet door with his right hand.,cabinet
479.18687,C holds the kitchen cabinet door with his left hand.,cabinet
481.79651,C picks a baking pan from the kitchen cabinet with his right hand.,pan_(for_cooking)@@@@@cabinet
483.17024,C closes the kitchen cabinet door with his left hand.,cabinet
485.63358,C places the baking pan on the countertop with his right hand.,pan_(for_cooking)
488.95654,C places the bag of flour in the kitchen cabinet with both hands.,cabinet
490.36957,C closes the kitchen cabinet door with his right hand.,cabinet
492.98374,C opens the kitchen cabinet door with his right hand.,cabinet
495.06081,C picks a pack of foil paper from the kitchen cabinet with his right hand.,tinfoil@@@@@cabinet
496.34447,C opens the pack of foil paper with his left hand.,tinfoil
498.00584,C picks a foil paper from the pack of foil paper with his left hand.,tinfoil
503.81419,C tears out a foil paper from its pack with his left hand.,tinfoil
506.50188,C places the pack of foil paper in the kitchen cabinet with his right hand.,cabinet
507.96425,C closes the kitchen cabinet door with his right hand.,cabinet
510.02564,C places the foil paper in the baking pan with both hands.,tinfoil@@@@@pan_(for_cooking)
518.26739,C wears the glove in the bowl with his left hand.,bowl@@@@@glove
518.73579,C holds the glove in the bowl with his right hand.,bowl@@@@@glove
519.20162,C pulls the glove in his left hand upwards with his right hand.,glove
521.19651,C packs the flour mix in the bowl with the glove in his left hand.,bowl@@@@@glove
521.37333,C touches the bowl on the countertop with his right hand.,bowl
523.63993,C touches the bowl on the countertop with his right hand.,bowl
524.58387,C picks the flour mix in the bowl with the glove his left hand.,bowl@@@@@glove
525.48086,C places the flour mix on the foil paper in the baking pan.,tinfoil@@@@@pan_(for_cooking)
527.14448,C pulls the glove in his left hand upwards with his right hand.,glove
529.14406,C spreads the flour mix on the foil paper with the glove in his left hand.,tinfoil@@@@@glove
548.96888,C pulls off the glove in his left hand with his right hand.,glove
551.19819,C disposes the glove in the waste bin with his right hand.,trash_can@@@@@can@@@@@glove
553.91412,C taps the phone on the countertop with his right hand.,telephone
555.85975,C picks the phone on the countertop with both hands.,telephone
569.24428,C places the phone on the countertop with his right hand.,telephone
570.32788,C picks the baking pan on the countertop with his left hand.,pan_(metal_container)
572.03066,C opens the oven door with his right hand.,person@@@@@oven
573.4266,C places the baking pan in the oven with his left hand.,oven@@@@@pan_(for_cooking)
574.85804,C closes the oven door with his right hand.,oven
578.7493,C taps the phone on the countertop with right hand.,kitchen_table@@@@@can@@@@@telephone@@@@@table
606.945,C takes off the camera with both hands.,person@@@@@camera
613.27292,The Man X passes the camera to the Man Y with his right hand.,person@@@@@camcorder
0.0,C adjusts his camera eyeglass with his right hand.,spectacles@@@@@camera
2.30937,C turns on the sink faucet with his left hand.,faucet@@@@@person
3.09061,C washes both hands under running water from the sink faucet.,faucet@@@@@sink
4.92121,C pours the water from the plate into the sink with his left hand.,sink@@@@@plate
7.18354,C places the plate in the sink with his left hand.,sink@@@@@plate
8.06086,C picks the chopsticks from the countertop with his left hand.,chopstick
9.32461,C places the chopsticks in the sink with his left hand.,sink@@@@@chopstick
10.70762,C picks a sushi mat from the chopping board with his left hand.,chopping_board
12.95682,C picks a knife from the chopping board with his right hand.,chopping_board@@@@@knife
13.79585,C passes the knife from his right hand to his left hand,person@@@@@knife
14.38716,C cleans the knife in his left hand with running water from the sink faucet.,faucet@@@@@knife
15.03201,C washes his right hand under running water from the sink faucet.,faucet@@@@@sink
16.1155,C opens the dishwasher door with his right hand.,dishwasher
16.65135,C places the knife in the sink with his left hand.,sink@@@@@knife
17.73017,C picks a sponge from the dishwasher with his left hand.,sponge@@@@@dishwasher
18.13965,C closes the dishwasher door with his right hand.,person@@@@@dishwasher
19.13276,C holds the sponge with both hands.,sponge
19.51941,C holds the sponge with his right hand.,sponge
19.60605,C picks the sponge from the sink with his left hand.,sink@@@@@sponge
20.02866,C washes the knife in his left hand under running water with the sponge in his right hand.,knife@@@@@sponge
24.77125,C cleans the knife in his left hand under running water from the sink faucet.,faucet@@@@@knife
26.905,C moves a can of tuna on the countertop with the knife in his left hand.,can@@@@@knife
27.37168,C places the knife on the countertop with his left hand.,knife
27.82848,C places the sponge on the chopping board with his right hand.,chopping_board@@@@@sponge
28.10273,C picks a fork from the chopping board with his right hand.,fork@@@@@chopping_board
28.76864,C passes the fork from his right hand to his left hand.,fork
29.34485,C places the fork in the sink with his left hand.,fork@@@@@sink
29.90962,C picks the sponge from the chopping board with his right hand.,chopping_board@@@@@sponge
30.3476,C touches the chopping board on the countertop with his left hand.,chopping_board
30.49225,C picks the chopping board from the countertop with both hands.,chopping_board
31.96074,C places the chopping board in the sink with his left hand.,sink@@@@@chopping_board
32.4096,C washes the chopping board in his left hand under running water with the sponge in his right hand.,chopping_board@@@@@sponge
40.80218,C removes the chopping board from the sink with his left hand.,sink@@@@@chopping_board
41.84453,C squeezes the sponge in the sink with his right hand.,sink@@@@@sponge
44.08582,C places the sponge in the sink with his right hand.,sink@@@@@sponge
45.45548,C adjusts his camera eyeglass with his right hand.,spectacles@@@@@camera
45.77547,C places the chopping board on the countertop with his left hand.,chopping_board
48.14122,C adjusts his camera eyeglass with both hands.,camera
51.9613,C picks a sushi packet from the countertop with his left hand.,packet
52.09462,C places the sushi in the sushi packet in his left hand with his right hand.,packet
52.79635,C holds the sushi packet with both hands.,packet
54.02614,C holds the sushi packet with his right hand.,packet
54.2928,C passes the sushi packet from his right hand to his left hand.,packet
55.12609,C places the sushi packet on the countertop with his left hand.,packet
57.247,C picks a phone from the countertop with his right hand.,telephone@@@@@cellular_telephone
58.07718,C holds the phone with both hands.,telephone@@@@@cellular_telephone
58.50227,C taps the phone in his left hand with his right hand.,telephone@@@@@cellular_telephone
59.13298,C swipes the phone in his left hand with his right hand.,telephone@@@@@cellular_telephone
59.69676,C holds the phone with his left hand.,telephone@@@@@cellular_telephone
61.88109,C passes the phone to the woman X with his left hand.,person@@@@@telephone
62.70332,The woman X passes the phone from her right hand to her left hand.,telephone@@@@@cellular_telephone
63.42263,The woman X swipes the phone in her left hand with her right hand.,phonebook@@@@@telephone@@@@@cellular_telephone@@@@@book
67.269,C turns off the sink faucet with his right hand.,faucet@@@@@person
87.85047,C adjusts his camera eyeglass with both hands.,camera
89.78612,The woman X passes the phone to C with her left hand.,person@@@@@telephone
91.13992,C holds the phone with both hands.,telephone@@@@@cellular_telephone
91.81496,C operates the phone in his right hand with his left hand.,person@@@@@telephone@@@@@cellular_telephone
100.86057,C holds the phone with his right hand.,telephone@@@@@cellular_telephone
102.71935,C operates the phone with his right hand.,telephone@@@@@cellular_telephone
107.38626,C turns on the oven with his left hand.,person@@@@@oven
109.08142,C turns the knob of the oven with his left hand.,knob@@@@@oven
110.95316,C operates the phone with his right hand.,telephone@@@@@cellular_telephone
113.40172,C places the phone on the countertop with his right hand.,telephone
114.0526,C reads the recipe on the phone on the countertop.,kitchen_table@@@@@can@@@@@telephone@@@@@cellular_telephone@@@@@table
128.80902,C adjusts his camera eyeglass with his right hand.,spectacles@@@@@camera
129.36805,C opens the cabinet door with his left hand.,cabinet
132.14319,C closes the cabinet door with his left hand.,cabinet
133.35084,C opens the dishwasher door with his right hand.,dishwasher
135.31497,C pulls the tray of the dishwasher with his left hand.,tray@@@@@dishwasher
135.94605,C holds the tray of the dishwasher with his right hand.,tray@@@@@dishwasher
136.40762,C touches a plate in the tray of the dishwasher with his left hand.,dishwasher@@@@@plate
136.68924,C picks a bowl from the tray of the dishwasher with his left hand.,bowl@@@@@dishwasher
137.57419,C moves the tray of the dishwasher with his right hand.,tray@@@@@dishwasher
138.51648,C closes the dishwasher door with his right hand.,person@@@@@dishwasher
140.35026,C turns on the sink faucet with his right hand.,faucet@@@@@sink
140.67284,C rinses the bowl in his left hand under running water from the sink faucet.,faucet@@@@@bowl
141.84638,C turns off the sink faucet with his left hand.,faucet@@@@@sink
143.68153,C places the bowl on the chopping board with his left hand.,chopping_board@@@@@bowl
144.54342,C reads the recipe on the phone on the countertop.,kitchen_table@@@@@can@@@@@telephone@@@@@cellular_telephone@@@@@table
144.59773,C adjusts his camera eyeglass with his right hand.,spectacles@@@@@camera
144.8219,C adjusts his camera eyeglass with both hands.,camera
153.95112,C picks an oil bottle from the countertop with his right hand.,bottle
156.86007,C adds some oil to the bowl on the chopping board from the oil bottle in his right hand.,bottle@@@@@chopping_board@@@@@bowl
163.56124,C places the oil bottle on the countertop with his right hand.,bottle
164.61172,C adjusts his camera eyeglass with both hands.,camera
166.54789,C operates the phone on the countertop with his right hand.,telephone
168.199,C opens the cabinet door with his right hand.,cabinet
170.0208,C picks a cocoa powder container from the cabinet with his left hand.,cabinet
170.91656,C closes the cabinet door with his right hand.,cabinet
176.23995,C adds some cocoa powder to the bowl on the chopping board from the cocoa powder container in his right hand.,chopping_board@@@@@bowl
178.91332,C picks the cocoa powder container cover from the chopping board with his left hand.,chopping_board@@@@@can@@@@@cover
183.38557,C closes the cocoa powder container in his right hand with the cover in his left hand.,cover
189.6648,C opens the cabinet door with his right hand.,cabinet
190.7798,C places the cocoa powder container in the cabinet with his left hand.,cabinet
191.50433,C picks a sugar packet from the cabinet with his left hand.,packet@@@@@cabinet
192.18848,C closes the cabinet door with his right hand.,cabinet
193.92709,C places the sugar packet on the chopping board with his left hand.,packet@@@@@chopping_board
194.467,C opens the sugar packet on the chopping board with both hands.,packet@@@@@chopping_board
195.50224,C dips his right hand in the sugar packet on the chopping board with his right hand.,chopping_board@@@@@bowl@@@@@sugar_bowl
196.01704,C scoops some sugar from the sugar packet on the chopping board with the scoop in his right hand.,packet@@@@@chopping_board@@@@@spoon
201.25306,C adds the sugar to the bowl on the chopping board from the scoop in his right hand.,chopping_board@@@@@bowl
201.84676,C holds the sugar packet on the chopping board with his left hand.,packet@@@@@chopping_board
202.26385,C dips the scoop in the sugar packet on the chopping board with his right hand.,packet
202.85476,C scoops some sugar from the sugar packet on the chopping board with the scoop in his right hand.,packet@@@@@chopping_board@@@@@spoon
204.4668,C adds the sugar to the bowl on the chopping board from the scoop in his right hand.,chopping_board@@@@@bowl
205.27446,C places the scoop in the sugar packet on the chopping board with his right hand.,packet@@@@@chopping_board
206.03628,C picks the sugar packet from the chopping board with his left hand.,packet@@@@@chopping_board
206.076,C reads the recipe on the phone on the countertop.,kitchen_table@@@@@can@@@@@telephone@@@@@cellular_telephone@@@@@table
206.30647,C dusts his right hand in the trash bin.,person@@@@@trash_can@@@@@can
208.16329,C operates the phone on the countertop with his right hand.,telephone
211.5516,C opens the cabinet door with his right hand.,cabinet
212.68364,C places the sugar packet in the cabinet with both hands.,packet@@@@@cabinet
213.29118,C folds the sugar packet in the cabinet with his left hand.,packet@@@@@cabinet
213.8865,C closes the cabinet door with his right hand.,cabinet
214.32382,C adjusts his camera eyeglass with his left hand.,spectacles
216.32286,C adjusts his camera eyeglass with both hands.,camera
216.52794,C reads the recipe on the phone on the countertop.,kitchen_table@@@@@can@@@@@telephone@@@@@cellular_telephone@@@@@table
219.36843,C touches the drawer with his right hand.,drawer
221.73563,C operates the phone on the countertop with his right hand.,telephone
227.54495,C opens the drawer with his left hand.,drawer
228.40383,C picks the chopsticks from the drawer with his right hand.,drawer@@@@@chopstick
231.53446,C closes the drawer with his left hand.,drawer
232.45987,C adjusts the chopstick in his right hand with his left hand.,chopstick
233.51461,C stirs the mixture in the bowl on the chopping board with the chopsticks in his right hand.,chopping_board@@@@@chopstick@@@@@bowl
233.82336,C holds the bowl on the chopping board with his left hand.,chopping_board@@@@@bowl
245.09398,C scrapes the cocoa powder from the bowl on the chopping board with the chopsticks in his right hand.,chopping_board@@@@@chopstick@@@@@bowl
246.33781,C stirs the mixture in the bowl on the chopping board with the chopsticks in his right hand.,chopping_board@@@@@chopstick@@@@@bowl
256.62587,C hits the chopsticks on the edge of the bowl on the chopping board with his right hand.,chopping_board@@@@@chopstick@@@@@bowl
257.79604,C places the chopsticks on the chopping board with his right hand.,chopping_board@@@@@chopstick
259.00408,C opens the refrigerator door with his right hand.,refrigerator
259.35363,C adjusts his camera eyeglass with his left hand.,spectacles
260.83344,C adjusts his camera eyeglass with both hands.,camera
263.23692,C picks an egg carton from the refrigerator with his left hand.,refrigerator@@@@@cart@@@@@carton
264.39012,C places the egg carton in his right hand with his left hand.,cart@@@@@carton
265.00759,C opens the egg carton in his right hand with his left hand.,cart@@@@@carton@@@@@egg
265.80166,C picks an egg from the egg carton in his right hand with his left hand.,cart@@@@@carton@@@@@egg
267.05824,C places the egg carton in the refrigerator with his right hand.,refrigerator@@@@@cart@@@@@carton
269.1868,C closes the refrigerator door with his right hand.,refrigerator
271.01447,C holds the egg with both hands.,person@@@@@egg
271.43505,C reads the recipe on the phone on the countertop.,kitchen_table@@@@@can@@@@@telephone@@@@@cellular_telephone@@@@@table
274.87931,C holds the egg with his right hand.,person@@@@@egg
276.77905,C holds the egg with both hands.,person@@@@@egg
277.77882,C hits the egg on the edge of the countertop with his right hand.,egg
279.42168,C cracks the egg into the bowl on the chopping board with both hands.,chopping_board@@@@@bowl@@@@@egg
281.44037,C shakes the eggshell over the bowl with both hands.,bowl@@@@@seashell
283.26349,C places the eggshell in the trash bin with both hands.,trash_can@@@@@can@@@@@egg
284.18849,C picks the chopsticks from the chopping board with his right hand.,chopping_board@@@@@chopstick
284.80711,C adjusts the chopsticks in his right hand with his left hand.,chopstick
285.43924,C stirs the mixture in the bowl on the chopping board with the chopping sticks in his right hand.,chopping_board@@@@@chopstick@@@@@bowl
285.605,C holds the bowl on the chopping board with his left hand.,chopping_board@@@@@bowl
301.66877,C reads the recipe on the phone on the countertop.,kitchen_table@@@@@can@@@@@telephone@@@@@cellular_telephone@@@@@table
303.25933,C places the chopsticks in the bowl on the chopping board with his right hand.,chopping_board@@@@@chopstick@@@@@bowl
304.50522,C operates the phone on the countertop with his right hand.,telephone
306.82457,C picks the chopsticks from the bowl on the chopping board with his right hand.,chopping_board@@@@@chopstick@@@@@bowl
307.27102,C stirs the mixture in the bowl on the chopping board with the chopsticks in his right hand.,chopping_board@@@@@chopstick@@@@@bowl
315.61665,C reads the recipe on the phone on the countertop.,kitchen_table@@@@@can@@@@@telephone@@@@@cellular_telephone@@@@@table
322.39992,C hits the chopsticks on the edge of the bowl on the chopping board with his right hand.,chopping_board@@@@@chopstick@@@@@bowl
323.22776,C places the chopsticks on the chopping board with his right hand.,chopping_board@@@@@chopstick
324.22083,C adjusts his camera eyeglass with his right hand.,spectacles@@@@@camera
324.28749,C opens the cabinet door with his left hand.,cabinet
329.14625,C touches a flour packet in the cabinet with his left hand.,packet@@@@@cabinet
330.17972,C picks the sugar packet from the cabinet with his left hand.,packet@@@@@cabinet
330.7446,C holds the sugar packet with both hands.,packet
331.04224,C places the sugar packet on the floor with his right hand.,packet
331.28849,C moves the flour packet in the cabinet with his left hand.,packet@@@@@cabinet
332.89779,C picks the flour packet from the cabinet with his left hand.,packet@@@@@cabinet
334.56123,C places the sugar packet in the cabinet with his right hand.,packet@@@@@cabinet
336.80048,C places the flour packet on the chopping board with his left hand.,packet@@@@@chopping_board
337.50086,C opens the flour packet on the chopping board with both hands.,packet@@@@@chopping_board
339.87607,C adjusts his camera eyeglass with his right hand.,spectacles@@@@@camera
340.853,C opens the drawer with his left hand.,drawer
342.31419,C picks a mesh strainer from the drawer with his right hand.,strainer@@@@@drawer
343.86746,C closes the drawer with his left hand.,drawer
346.23376,C opens the flour packet on the chopping board with bis left hand.,packet@@@@@chopping_board
346.57343,C dips the mesh strainer in the flour packet on the chopping board with his right hand.,packet@@@@@strainer@@@@@chopping_board
347.11437,C scoops some flour from the flour packet on the chopping board with the mesh strainer in his right hand.,packet@@@@@strainer@@@@@chopping_board
349.92724,C adds the flour to the bowl on the chopping board from the mesh strainer in his right hand.,strainer@@@@@chopping_board@@@@@bowl
351.53033,C dips the mesh strainer in the flour packet on the chopping board with his right hand.,packet@@@@@strainer@@@@@chopping_board
351.95871,C scoops some flour from the flour packet on the chopping board with the mesh strainer in his right hand.,packet@@@@@strainer@@@@@chopping_board
354.76974,C adds the flour to the bowl on the chopping board from the mesh strainer in his right hand.,strainer@@@@@chopping_board@@@@@bowl
356.24179,C places the mesh strainer in the flour packet on the chopping board with his right hand.,strainer@@@@@chopping_board
357.45744,C picks the chopsticks from the chopping board with his left hand.,chopping_board@@@@@chopstick
358.23208,C operates the phone on the countertop with his right hand.,telephone
359.65758,C passes the chopsticks from his left hand to his right hand.,chopstick
362.10827,C holds the bowl on the chopping board with his left hand.,chopping_board@@@@@bowl
362.41658,C stirs the mixture in the bowl on the chopping board with the chopsticks in his right hand.,chopping_board@@@@@chopstick@@@@@bowl
396.39852,C reads the recipe on the phone on the countertop.,kitchen_table@@@@@can@@@@@telephone@@@@@cellular_telephone@@@@@table
403.73385,C places the chopsticks in the bowl on the chopping board with his right hand.,chopping_board@@@@@chopstick@@@@@bowl
405.66666,C opens the drawer with his right hand.,drawer
407.03739,C picks a plastic glove from the plastic glove packet in the drawer with his right hand.,packet@@@@@drawer
410.05975,C passes the plastic glove from his right hand to his left hand.,glove
410.42491,C closes the drawer with his right hand.,person@@@@@drawer
411.46584,C adjusts his camera eyeglass with his right hand.,spectacles@@@@@camera
413.43517,C turns on the sink faucet with his right hand.,faucet@@@@@sink
413.89853,C washes his right hand under running water from the sink faucet.,faucet@@@@@sink
414.43896,C turns off the sink faucet with his right hand.,faucet@@@@@person
415.01359,C holds the plastic glove with his right hand.,glove
415.8469,C opens the plastic glove in his right hand with his left hand.,glove
416.83049,C holds the plastic glove with his left hand.,glove
417.06381,C inserts his right hand in the plastic glove in his left hand.,glove
418.70051,C picks the chopsticks in the bowl on the chopping board with his left hand.,chopping_board@@@@@chopstick@@@@@bowl
419.32455,C scrapes the mixture from the chopsticks in his left hand in the bowl on the chopping board with his right hand.,chopping_board@@@@@chopstick@@@@@bowl
420.8696,C kneads the mixture in the bowl on the chopping board with his right hand.,chopping_board@@@@@bowl
429.41979,C places the chopsticks on the chopping board with his left hand.,chopping_board@@@@@chopstick
430.48618,C inserts his left hand in the plastic glove.,hand_glass@@@@@glove
431.40596,C adjusts the plastic glove in his left hand with his right hand.,glove
432.73049,C picks an electric kettle from the countertop with his right hand.,kettle
435.1129,C adds water to the mixture in the bowl on the chopping board from the electric kettle in his right hand.,chopping_board@@@@@kettle@@@@@bowl
436.49728,C mixes the mixture in the bowl on the chopping board with his left hand.,chopping_board@@@@@bowl
437.27365,C places the electric kettle on the countertop with his right hand.,kettle
444.70995,C kneads the mixture in the bowl on the chopping board with his left hand.,chopping_board@@@@@bowl
446.74018,C mixes the mixture in the bowl on the chopping board with his left hand.,chopping_board@@@@@bowl
451.02135,C adjusts the plastic glove in his left hand with his right hand.,glove
452.61791,C operates the phone on the countertop with his right hand.,telephone
454.26052,C picks the phone from the countertop with his right hand.,telephone
455.96014,C operates the phone with his right hand.,telephone@@@@@cellular_telephone
473.22159,C mixes the mixture in the bowl on the chopping board with his left hand.,chopping_board@@@@@bowl
473.25414,C places the phone on the countertop with his right hand.,telephone
478.67499,C opens the cabinet door with his right hand.,cabinet
479.18472,C holds the cabinet door with his left hand.,cabinet
480.66044,C picks a baking pan from the cabinet with his right hand.,pan_(metal_container)@@@@@cabinet
482.59428,C closes the cabinet door with his left hand.,cabinet
484.10717,C picks the flour packet from the chopping board with his left hand.,packet@@@@@chopping_board
485.48794,C places the baking pan on the chopping board with his right hand.,chopping_board@@@@@pan_(for_cooking)
486.88161,C holds the flour packet with both hands.,packet
487.33135,C places the flour packet in the cabinet with both hands.,packet@@@@@cabinet
490.39083,C closes the cabinet door with his right hand.,cabinet
492.50801,C opens the cabinet door with his right hand.,cabinet
493.83511,C picks an aluminum foil box from the cabinet with his right hand.,cabinet@@@@@box
495.63238,C holds the aluminum foil box with both hands.,box@@@@@bucket
496.199,C opens the aluminum foil box in his right hand with his left hand.,bucket
497.29916,C tears an aluminum foil from the aluminum foil box in his right hand with his left hand.,tinfoil@@@@@box
506.28874,C places the aluminum foil box in the cabinet with his right hand.,cabinet@@@@@box
507.7636,C closes the cabinet door with his right hand.,cabinet
508.65624,C holds the aluminum foil with both hands.,tinfoil
513.59583,C folds the aluminum foil on the edge of the baking pan on the chopping board with both hands.,tinfoil@@@@@chopping_board
518.28399,C picks the plastic glove from the bowl on the chopping board with his right hand.,chopping_board@@@@@bowl@@@@@glove
518.35065,C inserts his left hand in the plastic bag in his right hand.,plastic_bag
519.6861,C adjusts the plastic glove in his left hand with his right hand.,glove
520.83,C packs the mixture from the bowl on the chopping board with his left hand.,chopping_board@@@@@bowl
521.38459,C holds the bowl on the chopping board with his right hand.,chopping_board@@@@@bowl
525.4888,C adds the mixture in the baking pan on the chopping board with his left hand.,chopping_board@@@@@pan_(for_cooking)@@@@@can@@@@@handle
526.89506,C adjusts the plastic glove in his left hand with his right hand.,glove
528.1703,C spreads the mixture in the baking pan on the chopping board with his left hand.,chopping_board@@@@@pan_(for_cooking)
534.27825,C adjusts the plastic glove in his left hand with his right hand.,glove
535.39671,C spreads the mixture in the baking pan on the chopping board with his left hand.,chopping_board@@@@@pan_(for_cooking)
548.88607,C removes the plastic glove in his left hand with his right hand.,glove
551.18225,C places the plastic glove in the trash bin with his right hand.,trash_can@@@@@can@@@@@glove
551.86135,C adjusts his camera eyeglass with his right hand.,spectacles@@@@@camera
553.97713,C operates the phone on the countertop with his right hand.,telephone
555.54392,C picks the phone from the countertop with his left hand.,telephone
555.92891,C passes the phone from his left hand to his right hand.,telephone@@@@@cellular_telephone
558.37938,C operates the phone with his right hand.,telephone@@@@@cellular_telephone
569.06393,C places the phone on the countertop with his right hand.,telephone
569.73932,C picks the baking pan from the chopping board with his left hand.,chopping_board@@@@@pan_(for_cooking)
571.66603,C opens the oven door with his right hand.,person@@@@@oven
573.03462,C places the baking pan in the oven with his left hand.,oven@@@@@pan_(for_cooking)
574.47731,C closes the oven door with his right hand.,oven
576.61245,C adjusts his camera eyeglass with his right hand.,spectacles@@@@@camera
578.46612,C operates the phone on the countertop with his right hand.,telephone
586.61473,C adjusts his camera eyeglass with both hands.,camera
599.21207,C adjusts his camera eyeglass with both hands.,camera
605.95805,C removes the camera eyeglass from his face with both hands.,spectacles
607.48158,The man X holds the camera eyeglass with his right hand.,camera
607.85237,The man X adjusts his glasses with his right hand.,spectacles
608.92259,The man X checks the camera eyeglass in his hands.,camera
612.87782,The man X passes the camera eyeglass to the man Y with his right hand.,camera
617.55498,The man Y places the camera eyeglass on a chair with his right hand.,spectacles@@@@@chair
619.34095,The man X picks the phone from the countertop with his right hand.,telephone@@@@@cellular_telephone
