timestamp,narration,object
9.65777,C places the bag of flour on the countertop with her left hand.,table@@@@@kitchen_table@@@@@grocery_bag@@@@@map
15.01716,C opens a drawer with her right hand.,drawer@@@@@person
17.01128,C picks a measuring cup from the drawer with her right hand.,ring@@@@@drawer@@@@@measuring_cup@@@@@cup
17.91223,C places the measuring cup on the countertop with her right hand.,ring@@@@@measuring_cup@@@@@cup
21.22023,C moves some utensils in the drawer with her right hand.,drawer
24.07926,C closes the drawer with her right hand.,drawer
29.11714,C opens a refrigerator door with her left hand.,refrigerator
29.83945,C moves the refrigerator door with her right hand.,refrigerator
32.50124,C picks a crate of eggs from the refrigerator with her left hand.,crate@@@@@refrigerator
34.58553,C closes the refrigerator door with her right hand.,refrigerator
38.30126,C places the crate of eggs on the countertop with her left hand.,crate@@@@@egg
44.03775,C picks the measuring cup from the countertop with her right hand.,ring@@@@@measuring_cup@@@@@cup
45.19952,C dips the measuring cup into the bag of flour with her right hand.,ring@@@@@measuring_cup@@@@@cup
46.26089,C holds the bag of flour with her left hand.,grocery_bag
46.76123,C scoops some flour from the bag of flour with the measuring cup with her right hand.,baguet@@@@@ring@@@@@measuring_cup@@@@@cup
59.1318,C pours the flour from the measuring cup to a cutting board on the countertop with her right hand.,ring@@@@@measuring_cup@@@@@cup@@@@@chopping_board
64.89739,C lifts the bag of flour from the countertop with her left hand.,table@@@@@kitchen_table@@@@@shopping_bag
66.80263,C places the bag of flour on the countertop with her left hand.,table@@@@@kitchen_table@@@@@grocery_bag@@@@@map
67.0943,C places the measuring cup on the countertop with her right hand.,ring@@@@@measuring_cup@@@@@cup
86.6935,C picks a fork from the countertop with her right hand.,fork
87.28763,C places her left hand on the cutting board.,chopping_board
87.57045,C mixes the flour and the salt on the cutting board with the fork in her right hand.,fork@@@@@chopping_board
105.46223,C places the fork on the countertop with her right hand.,fork
106.54989,C gathers the flour on the cutting board with both hands.,chopping_board
114.72191,C makes a hole in the center of the flour on the cutting board with her right hand.,chopping_board
120.01684,C forms a shape with the flour on the cutting board with both hands.,chopping_board
134.56088,C holds the crate of eggs on the countertop with her left hand.,crate@@@@@egg
135.07146,C opens the crate of eggs with her right hand.,crate@@@@@egg
136.52224,C opens the crate of eggs with her left hand.,crate@@@@@egg
136.9676,C picks an egg from the crate of eggs with her right hand.,crate@@@@@egg
137.71042,C closes the crate of eggs with her left hand.,crate@@@@@egg
138.07538,C moves the flap of the crate of eggs with her right hand.,crate@@@@@egg
140.53995,C places her left hand on the cutting board.,chopping_board
141.04056,C hits the egg on the cutting board with her right hand.,egg@@@@@chopping_board
142.15643,C cracks the egg open on the flour with both hands.,egg
147.89732,C transfers the eggshell from her left hand to her right hand.,seashell
150.51296,C presses a trash can lever with her left hand.,can@@@@@trash_can
151.14766,C throws the egg shell into the trash can with her right hand.,seashell@@@@@can@@@@@trash_can
151.61086,C closes the trash can with her left hand.,can@@@@@trash_can
153.99048,C picks the fork from the countertop with her right hand.,fork
154.96903,C incorporates the flour mixture with the the egg on the cutting board with the fork in her right hand.,egg@@@@@fork@@@@@chopping_board
205.09,C hits the fork on the cutting board with her right hand.,fork@@@@@chopping_board
205.6563,C moves some dough from the fork to the cutting board with her left hand.,fork@@@@@chopping_board
212.19989,C places her left hand on the cutting board.,chopping_board
212.897,C incorporates the flour mixture with the the egg on the cutting board with the fork in her right hand.,egg@@@@@fork@@@@@chopping_board
239.45,C moves some dough from the fork to the cutting board with her left hand.,fork@@@@@chopping_board
247.15548,C moves some dough from her left hand to the cutting board.,chopping_board
248.44057,C rests the fork on the side of the cutting board with her right hand.,fork@@@@@chopping_board
250.28138,C kneads the dough on the cutting board with both hands.,chopping_board
335.51321,C moves some dough from both hands to the cutting board.,chopping_board
343.57597,C pulls open the drawer with her right hand.,drawer
346.10838,C picks a measuring spoon from the drawer with her right hand.,spoon@@@@@drawer
348.75828,C pushes the drawer with her left leg.,drawer
349.85552,C presses the dough on the cutting board with her left hand.,chopping_board
353.91195,C moves a faucet lever with her left hand.,faucet
354.47325,C gets some water from the faucet to the measuring spoon with her right hand.,spoon@@@@@faucet
356.18959,C moves the faucet lever with her left hand.,faucet
360.95993,C pours some water from the measuring spoon to the dough on the cutting board with her right hand.,spoon@@@@@chopping_board
365.30725,C drops the measuring spoon on the countertop with her right hand.,spoon
366.33954,C kneads the dough on the cutting board with both hands.,chopping_board
401.17482,C moves the cutting board on the countertop with both hands.,chopping_board
401.82944,C kneads the dough on the cutting board with both hands.,chopping_board
428.75,C presses the dough on the cutting board with both thumbs.,chopping_board
433.85,C moves some dough from her hands to the cutting board.,handsaw@@@@@chopping_board
444.89563,C picks the measuring spoon from the countertop with her left hand.,spoon
448.98369,C moves the faucet lever with her right hand.,faucet
449.56616,C gets water from the faucet to the measuring spoon in her left hand.,spoon@@@@@faucet
450.80219,C moves the faucet lever with her right hand.,faucet
457.49231,C pours some water from the measuring spoon to the dough on the cutting board with her left hand.,spoon@@@@@chopping_board
459.76133,C places the measuring spoon on the countertop with her left hand.,spoon
460.61885,C kneads the dough on the cutting board with both hands.,chopping_board
485.42708,C gathers the dough on the cutting board with both hands.,chopping_board
487.75555,C drops the dough on the cutting board with her left hand.,chopping_board
490.14344,C drops the dough on the cutting board with her left hand.,chopping_board
490.52825,C kneads the dough on the cutting board with her right hand.,chopping_board
493.24719,C kneads the dough on the cutting board with her right hand.,chopping_board
497.24818,C gathers some dough on the cutting board with her left hand.,cake@@@@@bread@@@@@chopping_board
497.94441,C kneads the dough on the cutting board with her right hand.,chopping_board
499.64092,C gathers some dough on the cutting board with her left hand.,cake@@@@@bread@@@@@chopping_board
502.68137,C gathers some dough on the cutting board with her right hand.,chopping_board
505.29702,C kneads the dough on the cutting board with both hands.,chopping_board
524.7,C moves the dough on the cutting board with her right hand.,chopping_board
530.69022,C kneads the dough on the cutting board with both hands.,chopping_board
545.76309,C moves the dough on the cutting board with both hands.,chopping_board
546.65017,C kneads the dough on the cutting board with both hands.,chopping_board
563.14924,C kneads the dough on the cutting board with her right hand.,chopping_board
568.96192,C kneads the dough on the cutting board with both hands.,chopping_board
587.008,C picks the dough from the cutting board with her left hand.,chopping_board
589.72967,C places the dough on the cutting board with her right hand.,chopping_board
600.08176,C picks the fork from the side of the cutting board with her right hand.,fork@@@@@chopping_board
601.13042,C places the fork on the countertop with her right hand.,fork
603.18,C opens the faucet with her right hand.,faucet
603.6449,C rinses both hands under the faucet.,faucet
612.46091,C moves the faucet lever with her right hand.,faucet
612.93758,C rinses both hands under the faucet.,faucet
620.318,C closes the faucet with both hands.,faucet
621.5787,C picks a napkin from the countertop with her right hand.,napkin
622.17893,C wipes both hands with the napkin.,napkin
627.59686,C transfers the napkin from her right hand to her left hand.,napkin
627.80092,C places the napkin on the countertop with her left hand.,napkin
629.03,C operates the phone with her right thumb.,cellular_telephone@@@@@telephone
640.06,C moves the bag of flour on the countertop with her right hand.,table@@@@@kitchen_table@@@@@shopping_bag
640.75929,C lifts the bag of flour from the countertop with her left hand.,table@@@@@kitchen_table@@@@@shopping_bag
642.14487,C places the bag of flour on the countertop with her left hand.,table@@@@@kitchen_table@@@@@grocery_bag@@@@@map
642.23337,C lifts the dough from the cutting board with her right hand.,chopping_board
642.77496,C places the dough on the cutting board with her right hand.,chopping_board
661.52498,C pours some flour into the bag of flour with her right hand.,plastic_bag
662.19115,C spreads the flour on the cutting board with her right hand.,chopping_board
663.6909,C lifts the bag of flour from the countertop with her left hand.,table@@@@@kitchen_table@@@@@shopping_bag
664.97296,C places the bag of flour on the countertop with her left hand.,table@@@@@kitchen_table@@@@@grocery_bag@@@@@map
667.33882,C lifts the dough from the cutting board with her right hand.,chopping_board
667.87127,C places the dough on the cutting board with her right hand.,chopping_board
668.578,C turns the cutting board on the countertop with both hands.,chopping_board
670.94723,C lifts a rolling pin from the countertop with her right hand.,rolling_pin
671.07008,C moves her left hand on the rolling pin.,rolling_pin
672.56895,C transfers the rolling pin from her right hand to her left hand.,rolling_pin
672.93178,C rubs her right hand on the flour on the cutting board.,chopping_board
673.73641,C rubs flour on the rolling pin with her right hand.,rolling_pin@@@@@can@@@@@map
677.61221,C holds the rolling pin with both hands.,rolling_pin
678.60156,C flattens the dough on the cutting board with the rolling pin in both hands.,rolling_pin@@@@@chopping_board
708.16582,C holds the rolling pin with her right hand.,rolling_pin
708.4689,C flips the dough on the cutting board with her left hand.,chopping_board
710.50062,C holds the rolling pin with both hands.,rolling_pin
710.85993,C flattens the dough on the cutting board with the rolling pin in both hands.,rolling_pin@@@@@chopping_board
720.78948,C holds the rolling pin with her right hand.,rolling_pin
721.18438,C turns the dough on the cutting board with her left hand.,chopping_board
722.36407,C holds the rolling pin with both hands.,rolling_pin
722.6876,C flattens the dough on the cutting board with the rolling pin in both hands.,rolling_pin@@@@@chopping_board
765.61479,C places the rolling pin on the cutting board with both hands.,rolling_pin@@@@@chopping_board
766.39383,C unfolds the dough on the cutting board with both hands.,bowl@@@@@plate@@@@@cat@@@@@can@@@@@chopping_board
767.551,C spreads the dough on the cutting board with both hands.,chopping_board
769.14154,C picks the rolling pin from the cutting board with both hands.,rolling_pin@@@@@chopping_board
769.90094,C flattens the dough on the cutting board with the rolling pin in both hands.,rolling_pin@@@@@chopping_board
778.422,C holds the rolling pin with her right hand.,rolling_pin
778.95407,C moves the dough on the cutting board with her left hand.,chopping_board
784.002,C places the rolling pin on the countertop with her right hand.,rolling_pin
785.47974,C lifts the dough from the cutting board with both hands.,chopping_board
787.16182,C places the dough on the cutting board with both hands.,chopping_board
787.66,C flips the dough on the cutting board with both hands.,chopping_board
788.72277,C spreads the dough on the cutting board with both hands.,chopping_board
789.63492,C spreads the dough on the cutting board with her left hand.,chopping_board
790.00275,C holds the rolling pin on the countertop with her right hand.,rolling_pin
793.63,C packs some flour from the cutting board with her left hand.,chopping_board
795.56704,C picks the rolling pin from the countertop with her right hand.,rolling_pin
796.42195,C holds the rolling pin with both hands.,rolling_pin
796.71701,C flattens the dough on the cutting board with the rolling pin in both hands.,rolling_pin@@@@@chopping_board
799.4,C holds the rolling pin with her right hand.,rolling_pin
799.59539,C moves the dough on the cutting board with her left hand.,chopping_board
800.74018,C holds the rolling pin with both hands.,rolling_pin
800.901,C flattens the dough on the cutting board with the rolling pin in both hands.,rolling_pin@@@@@chopping_board
804.73346,C holds the rolling pin with her right hand.,rolling_pin
805.12221,C moves the dough on the cutting board with her left hand.,chopping_board
806.54803,C holds the rolling pin with both hands.,rolling_pin
806.74,C flattens the dough on the cutting board with the rolling pin in both hands.,rolling_pin@@@@@chopping_board
813.0,C holds the rolling pin with her right hand.,rolling_pin
813.41752,C moves the dough on the cutting board with her left hand.,chopping_board
814.06541,C places the rolling pin on the countertop with her right hand.,rolling_pin
815.37357,C presses the dough on the cutting board with both hands.,chopping_board
819.72749,C opens the drawer with her right hand.,drawer
820.78269,C picks a pizza cutter from the drawer with her right hand.,drawer@@@@@pizza
821.67325,C closes the drawer with both hands.,drawer@@@@@person
824.25387,C moves the dough on the cutting board with her left hand.,chopping_board
826.93738,C holds the dough on the cutting board with her left hand.,chopping_board
827.40685,C cuts the dough on the cutting board with the pizza cutter in her right hand.,knife@@@@@chopping_board
830.24201,C picks some dough from the cutting board with her left hand.,chopping_board
833.135,C places the dough on the cutting board with her left hand.,chopping_board
833.6925,C holds the dough on the cutting board with her left hand.,chopping_board
834.53626,C cuts the dough on the cutting board with the pizza cutter with her right hand.,knife@@@@@can@@@@@pizza@@@@@chopping_board
835.32122,C holds the dough on the cutting board with her left hand.,chopping_board
865.9773,C holds the dough on the cutting board with her left hand.,chopping_board
866.57745,C cuts the dough on the cutting board with the pizza cutter with her right hand.,knife@@@@@can@@@@@pizza@@@@@chopping_board
940.88256,C moves the dough on the cutting board with her left hand.,chopping_board
942.31567,C cuts the dough on the cutting board with the pizza cutter in her right hand.,knife@@@@@chopping_board
943.63689,C picks some dough from the cutting board with her left hand.,chopping_board
944.24054,C drops the dough on the cutting board with her left hand.,chopping_board
944.81848,C moves the dough on the cutting board with her left hand.,chopping_board
945.52179,C picks some dough from the cutting board with her left hand.,chopping_board
947.12151,C drops the dough on the cutting board with her left hand.,chopping_board
947.75745,C holds the dough on the cutting board with her left hand.,chopping_board
948.92026,C cuts the dough on the cutting board with the pizza cutter in her right hand.,knife@@@@@chopping_board
974.8929,C picks some dough from the cutting board with her left hand.,chopping_board
975.29586,C drops the dough on the cutting board with her left hand.,chopping_board
975.77198,C picks some dough from the cutting board with her left hand.,chopping_board
976.63,C drops the dough on the cutting board with her left hand.,chopping_board
977.18205,C picks some dough from the cutting board with her left hand.,chopping_board
979.38795,C drops the dough on the cutting board with her left hand.,chopping_board
979.95676,C holds the dough on the cutting board with her left hand.,chopping_board
980.44347,C cuts the dough on the cutting board with the pizza cutter in her right hand.,knife@@@@@chopping_board
988.16394,C picks some dough from the cutting board with her left hand.,chopping_board
989.2862,C drops the dough on the cutting board with her left hand.,chopping_board
989.8202,C moves some dough on the cutting board with her left hand.,chopping_board
990.26283,C holds the dough on the cutting board with her left hand.,chopping_board
990.74,C cuts the dough on the cutting board with the pizza cutter in her right hand.,knife@@@@@chopping_board
993.45551,C places the pizza cutter on the cutting board with her right hand.,pizza@@@@@chopping_board
1002.73249,C places the pasta on the cutting board with both hands.,chopping_board
1004.7041,C molds the pasta on the cutting board with both hands.,chopping_board
1011.87367,C picks some dough from the cutting board with her left hand.,chopping_board
