timestamp,narration,object
1.3461,C opens the refrigerator door with her left hand.,refrigerator@@@@@person
3.10558,C holds the refrigerator door with her right hand.,refrigerator@@@@@person
4.32942,C picks an egg carton from the refrigerator with her left hand.,refrigerator@@@@@cart@@@@@carton
8.04265,C passes the egg carton from her left hand to her right hand.,crate@@@@@egg
8.47875,C holds the refrigerator door with her left hand.,refrigerator@@@@@person
8.80061,C places the egg carton on the table with her right hand.,cart@@@@@table@@@@@carton
9.78722,C closes the refrigerator door with her right hand.,refrigerator@@@@@person
11.65383,C opens the cabinet door with her left hand.,cabinet
12.647,C picks a bowl from the kitchen cabinet with her right hand.,bowl@@@@@cabinet
14.79005,C passes the bowl from her right hand to her left hand.,bowl
15.18428,C closes the cabinet door with her right hand.,cabinet
16.40568,C holds the bowl with both hands.,person@@@@@bowl
16.82921,C passes the bowl from her left hand to her right hand.,person@@@@@bowl
17.41586,C places the bowl on the table with her right hand.,table@@@@@bowl
20.68283,C picks a pepper crusher bottle from the rack with her right hand.,bottle@@@@@pepper_mill
21.81063,C opens the cabinet drawer with her left hand.,drawer@@@@@cabinet
22.92381,C places the pepper crusher bottle  on the countertop with her right hand.,bottle
24.15366,C picks a fork from the cabinet with her right hand.,fork@@@@@cabinet
28.29333,C closes the cabinet drawer with her left hand.,drawer@@@@@cabinet
29.29367,C picks the pepper crusher bottle  from the table with her right hand.,bottle@@@@@table
30.626,C passes the pepper crusher bottle  from her right hand to her left hand.,bottle
32.67871,C places the pepper crusher bottle  on the table with her left hand.,bottle@@@@@table
33.16029,C places the fork on the table with her right hand.,fork@@@@@table
33.86154,C opens the egg carton on the table with both hands.,cart@@@@@table@@@@@carton
36.93066,C picks an egg from the egg carton on the table with her right hand.,cart@@@@@table@@@@@carton@@@@@egg
38.30494,C cracks the egg in her right hand with the bowl on the table.,bowl@@@@@egg
40.49788,C cracks the egg open in the bowl on the table with both hands.,table@@@@@bowl@@@@@egg
43.54989,C picks the piece of shell at the rim of the bowl with her left hand.,bowl@@@@@seashell
44.98505,C places the piece of shell in the eggshell in her right hand.,seashell
49.95423,C opens the trash bin with her left hand.,person@@@@@trash_can@@@@@can
50.52022,C disposes the eggshell in the trash bin with her right hand.,trash_can@@@@@can@@@@@egg
52.65103,C picks an egg from the egg carton on the table with her left hand.,crate@@@@@table@@@@@egg
53.42335,C passes the egg from her left hand to her right hand.,person@@@@@egg
54.35962,C cracks the egg in her right hand with the bowl on the table.,bowl@@@@@egg
56.33884,C cracks the egg open in the bowl on the table with both hands.,table@@@@@bowl@@@@@egg
64.45813,C opens the trash bin with her left hand.,person@@@@@trash_can@@@@@can
64.9982,C throws the eggshell in the trash bin with her right hand.,trash_can@@@@@can@@@@@seashell
66.52834,C turns the sink faucet knob with her left hand.,knob@@@@@faucet
67.19498,C washes both hands under the running water from the sink faucet.,faucet@@@@@sink
71.14808,C stops the running water with the sink faucet knob with her right hand.,knob@@@@@faucet
73.69137,C wipes both hands with the napkin on the refrigerator door.,refrigerator@@@@@napkin
77.30289,C closes the egg carton on the table with her left hand.,cart@@@@@table@@@@@carton
78.31308,C picks the egg carton from the table with both hands.,crate@@@@@table
79.39061,C passes the egg carton from her right hand to her left hand.,cart@@@@@carton
79.69061,C opens the refrigerator door with her right hand.,refrigerator@@@@@person
81.27917,C places the egg carton  in the refrigerator with her left hand.,refrigerator@@@@@cart@@@@@carton
83.59822,C closes the refrigerator door with her right hand.,refrigerator@@@@@person
84.09724,C closes the refrigerator door with her left hand.,refrigerator@@@@@person
85.66012,C picks the pepper crusher bottle from the table with her right hand.,table@@@@@pepper_mill
86.52562,C adds pepper to the egg mixture in the bowl from the pepper crusher bottle with both hands.,bowl@@@@@pepper_mill
91.46475,C holds the pepper crusher bottle with her right hand.,bottle@@@@@pepper_mill
92.64406,C passes the pepper crusher bottle from her right hand to her left hand.,pepper_mill
93.17982,C picks the fork from the table with her right hand.,fork@@@@@table
93.6345,C places the pepper crusher bottle on the table with her left hand.,bottle@@@@@table
94.11614,C stirs the egg mixture in the bowl with the fork in her right hand.,fork@@@@@bowl
118.34614,C places the fork in the bowl with her right hand.,fork@@@@@bowl
118.86613,C picks the pepper crusher bottle from the table with her left hand.,table@@@@@pepper_mill
119.83557,C adds pepper to the egg mixture in the bowl from the pepper crusher bottle with both hands.,bowl@@@@@pepper_mill
126.19837,C places the pepper crusher bottle on the table with her right hand.,table@@@@@pepper_mill
127.77195,C picks the bowl from the table with both hands.,table@@@@@bowl
128.47658,C passes the bowl from the left hand to the right hand.,bowl
130.84711,C holds the bowl with both hands.,person@@@@@bowl
131.44709,C places the bowl on the countertop with both hands.,bowl
132.69227,C opens the lid of the frying pan on the gas cooker with her right hand.,frying_pan
133.76984,C holds the lid of the frying pan with both hands.,frying_pan@@@@@pan_(for_cooking)
136.49815,C places the frying pan lid on the countertop with both hands.,frying_pan
138.44236,C opens the refrigerator door with her right hand.,refrigerator@@@@@person
141.60834,C picks a margarine packet from the refrigerator with her left hand.,refrigerator@@@@@packet
142.5345,C closes the refrigerator door with her right hand.,refrigerator@@@@@person
144.04264,C unwraps the margarine packet in her left hand with her right hand.,packet
145.54153,C holds the margarine packet with her right hand.,packet
147.1305,C places the margarine packet on the countertop with her right hand.,packet
147.44624,C opens the cabinet drawer with her left hand.,drawer@@@@@cabinet
149.72613,C picks a knife from the cabinet with her right hand.,knife@@@@@cabinet
151.69988,C closes the cabinet drawer with her left hand.,drawer@@@@@cabinet
154.24531,C cuts the margarine on the countertop with the knife in her right hand.,knife
156.38931,C picks the margarine packet from the countertop with her left hand.,packet
159.05184,C adds the cut margarine to the frying pan on the gas cooker with the knife in her right hand.,knife
160.23857,C cuts a piece of margarine with the knife in her right hand.,knife
165.56702,C adds the cut margarine to the frying pan on the gas cooker with the knife in her right hand.,knife
169.39487,C passes the knife from her right hand to her left hand.,person@@@@@knife
170.2723,C turns on the knob of the gas cooker with her right hand.,knob@@@@@stove
177.7263,C passes the knife from her left hand to her right hand.,knife
179.54767,C places the knife in the sink with her right hand.,sink@@@@@knife
184.06897,C opens the refrigerator door with her right hand.,refrigerator@@@@@person
185.8351,C places the margarine packet in the refrigerator with her left hand.,refrigerator@@@@@packet
188.59557,C closes the refrigerator door with her right hand.,refrigerator@@@@@person
191.64336,C picks the spatula from the frying pan handle with her right hand.,spatula@@@@@frying_pan
193.3711,C melts the margarine in the frying pan with the spatula in her right hand.,spatula@@@@@frying_pan
199.19468,C holds the frying pan handle with her left hand.,pan_(for_cooking)@@@@@handle
214.95771,C holds the frying pan handle with her left hand.,pan_(for_cooking)@@@@@handle
232.2619,C touches the spatula with her left hand.,spatula
233.57434,C melts the margarine in the frying pan with the spatula in her right hand.,spatula@@@@@frying_pan
247.14626,C picks the bowl from the countertop with her left hand.,bowl
249.55829,C places the spatula on the frying pan handle with her right hand.,spatula
251.40254,C passes the bowl from her left hand to her right hand.,person@@@@@bowl
252.92877,C turns the knob of the gas cooker with her left hand.,knob@@@@@stove
255.3463,C pours the egg mixture in the frying pan with her right hand.,pan_(for_cooking)@@@@@egg
264.58398,C turns the sink faucet knob with her left hand.,knob@@@@@faucet
264.91246,C washes the bowl with running water from the sink faucet with her right hand.,faucet@@@@@sink@@@@@bowl
267.35261,C places the bowl in the sink with her right hand.,sink@@@@@bowl
267.93209,C stops the running water with the sink faucet knob with her left hand.,knob@@@@@faucet
269.51705,C turns the knob of the gas cooker with her right hand.,knob
270.43136,C picks the spatula from the frying pan handle with her left hand.,spatula@@@@@frying_pan
271.15477,C passes the spatula from her left hand to her right hand.,spatula
271.89619,C stirs the egg mixture in the frying pan with the spatula in her right hand.,spatula@@@@@frying_pan
334.83953,C turns the knob of the gas cooker with her left hand.,knob@@@@@stove
336.54473,C stirs the egg mixture in the frying pan with the spatula in her right hand.,spatula@@@@@frying_pan
366.87676,C places the spatula on the frying pan handle with her right hand.,spatula
369.69812,C touches the spatula on the frying pan handle with her left hand.,spatula
374.92353,C picks the spatula on the frying pan handle with her left hand.,spatula@@@@@frying_pan
376.15536,C passes the spatula from her left hand to her right hand.,spatula
377.0814,C stirs the egg mixture in the frying pan with the spatula in her right hand.,spatula@@@@@frying_pan
398.73242,C holds the frying pan handle with her left hand.,pan_(for_cooking)@@@@@handle
402.27868,C hits the spatula on the rim of the frying pan with her right hand.,spatula@@@@@frying_pan
405.30979,C stirs the egg mixture in the frying pan with the spatula in her right hand.,spatula@@@@@frying_pan
432.81938,C hits the spatula on the rim of the frying pan with her right hand.,spatula@@@@@frying_pan
435.30645,C stirs the egg mixture in the frying pan with the spatula in her right hand.,spatula@@@@@frying_pan
443.00134,C hits the spatula on the rim of the frying pan with her right hand.,spatula@@@@@frying_pan
444.08473,C stirs the egg mixture in the frying pan with the spatula in her right hand.,spatula@@@@@frying_pan
454.45389,C hits the spatula on the rim of the frying pan with her right hand.,spatula@@@@@frying_pan
456.48748,C stirs the egg mixture in the frying pan with the spatula in her right hand.,spatula@@@@@frying_pan
483.05533,C hits the spatula on the rim of the frying pan with her right hand.,spatula@@@@@frying_pan
484.07749,C stirs the scrambled egg in the frying pan with the spatula in her right hand.,spatula@@@@@frying_pan@@@@@egg
507.92225,C places the spatula in the frying pan with her right hand.,spatula
508.33746,C turns off the gas cooker with her right hand.,stove@@@@@person
509.15294,C holds the spatula in the frying pan with her right hand.,spatula
511.40529,C opens the cabinet door with her left hand.,cabinet
512.36154,C picks a plate from the cabinet with her right hand.,cabinet@@@@@plate
514.52813,C closes the cabinet door with her left hand.,cabinet
516.13595,C holds the plate with both hands.,person@@@@@plate
517.15541,C places the plate on the table with both hands.,table@@@@@plate
519.65906,C picks the spatula from the frying pan with her right hand.,spatula
520.14495,C holds the frying pan with her left hand.,frying_pan@@@@@person
520.44298,C scrapes the scrambled egg in the frying pan with the spatula in her right hand.,spatula@@@@@frying_pan
522.84464,C picks the frying pan from the gas cooker with her left hand.,stove@@@@@frying_pan
525.87099,C places the spatula in the frying pan with her right hand.,spatula
526.52547,C picks the pepper crusher bottle from the table with her right hand.,table@@@@@pepper_mill
527.09469,C places the pepper crusher bottle on the table with her right hand.,table@@@@@pepper_mill
527.81907,C scrapes the scrambled egg in the frying pan with the spatula in her right hand.,spatula@@@@@frying_pan
533.43864,C serves the scrambled egg in the frying pan on the plate with the spatula in her right hand.,spatula@@@@@frying_pan@@@@@plate
541.49287,C scrapes the scrambled egg in the frying pan with the spatula in her right hand.,spatula@@@@@frying_pan
548.07844,C serves the scrambled egg in the frying pan on the plate with the spatula in her right hand.,spatula@@@@@frying_pan@@@@@plate
557.777,C places the spatula on the frying pan handle with her right hand.,spatula
558.50337,C holds the spatula on the frying pan handle with her left hand.,spatula@@@@@handle
559.22294,C holds the frying pan handle with both hands.,pan_(for_cooking)@@@@@handle
560.14819,C places the frying pan on the gas cooker with both hands.,stove@@@@@pan_(for_cooking)
