timestamp,narration,object
2.5444,C taps the chest of the CPR mannequin with both hands.,person
3.16711,C removes his hands from the CPR mannequin's chest.,person
4.20418,C taps the chest of the CPR mannequin with both hands.,person
4.5448,C removes his hands from the CPR mannequin's chest.,person
9.62031,C lowers his head to the CPR mannequin’s mouth,person
9.99085,C places his right hand on the chest of the CPR mannequin.,person
11.49919,C lifts his head from the CPR mannequin's mouth.,person
12.01928,C removes his right hand from the chest of the CPR mannequin.,person
13.92301,C places his hands on the chest of the CPR mannequin.,person
14.72539,C compresses the CPR mannequin's chest with both hands.,person
32.8263,C removes his right hand from the CPR mannequin's chest.,person
33.4203,C lowers his head to the CPR mannequin’s mouth.,person
35.277,C lifts his head from the CPR mannequin’s mouth.,person
36.3177,C places both hands on the chest of the CPR mannequin.,person
37.27119,C compresses the CPR mannequin's chest with both hands.,person
55.7029,C removes his right hand from the chest of the CPR mannequin.,person
56.05934,C lowers his head to the CPR mannequin’s mouth.,person
57.6034,C lifts his head from the CPR mannequin’s mouth,person
2.77457,C taps the CPR manikin.,person
7.31497,C points at a chair in front of him.,person@@@@@chair
9.77165,C performs mouth-to-mouth resuscitation on the manikin.,person
13.87606,C performs chest compression on the manikin.,person
33.62705,C performs mouth-to-mouth resuscitation on the manikin.,person
36.2401,C performs chest compression on the manikin.,person
56.33623,C performs mouth-to-mouth resuscitation on the manikin.,person
63.32367,A man Y stretches a phone towards C.,person@@@@@cellular_telephone
73.98474,The man Y operates the phone.,person@@@@@cellular_telephone
