timestamp,narration,object
11.23058,The man O removes his glasses from his face with his hands.,person@@@@@spectacles
11.78303,The man O places the glasses on the table.,table@@@@@spectacles
13.94412,The man O picks the Covid-19 test kit box on the table with his right hand.,person@@@@@box
14.88611,The man O places the Covid-19 test box on the table with his right hand.,table@@@@@box
15.80627,The man O picks the camera wear from the table with his hands.,camera@@@@@person
16.8412,C wears the camera on his face with his hands.,camera@@@@@person
30.32945,C touches the Covid-19 box on the table with his left hand.,person@@@@@box
30.82808,C picks the scissors from the table with his right hand.,person@@@@@scissors
32.20614,C opens the Covid-19 box with a pair of scissors.,box@@@@@scissors
37.79552,C places the scissors on the table with his right hand.,table@@@@@scissors
38.94083,C opens the Covid-19 box with his right hand.,person@@@@@box
43.59188,C removes the test materials from the box with his right hand.,person@@@@@box
51.86521,C picks the instruction manual from the table with his right hand.,book@@@@@person
53.77669,C unfolds the instruction manual with his hands.,book@@@@@person
63.6439,C folds the instruction manual with his hands.,book@@@@@person
73.52461,C places the instruction manual on the table with his left hand.,table@@@@@book
77.58732,C places the test tube pack on the table with his left hand.,table
78.78704,C picks the collection swab on the table with his left hand.,table
90.53679,C places the collection swab on the table with his right hand.,table
91.56572,C picks the test tube pack from the table with his left hand,table
96.74327,C places the test tube on the table with his right hand.,table@@@@@bottle
99.50608,C places the test tube pack on the table with his left hand.,table
100.4951,C picks the test tube from the table with his left hand.,table@@@@@bottle
101.60607,C picks the solution bottle from the table with his right hand.,table@@@@@bottle
115.31705,C places the solution tube lid on the table with his left hand.,table
123.22178,C places the solution tube on the table with his right hand.,table
127.2294,C picks the lid of the test tube on the table with his right hand.,table
127.80016,C covers the test tube with its lid.,bottle
132.51637,C places the test tube on the table with his right hand.,table@@@@@bottle
133.99129,C picks the collection swab in the table with his right hand.,table
136.62317,C places the collection swab pack on the table with his left hand.,table
150.83813,C picks the test tube from the table with his left hand.,table@@@@@bottle
154.09232,C opens the lid of the test tube with his right hand.,bottle
156.47095,C places the lid on the table with his right hand.,table
158.36623,C dips the swab in the test tube with his right hand.,bottle
160.13777,C rotates and swirls the swab in the test tube.,bottle
168.82975,C picks the lid on the table with his right hand.,table
170.3171,C covers the test tube with its lid.,bottle
174.73851,C shakes the test tube with his right hand.,bottle
179.58157,C picks the testing plate on the table with his left hand.,table
180.48647,C places the test tube on the table with his right hand.,table@@@@@bottle
193.50074,C places the testing plate on the table with his right hand.,table
194.3685,C places the wrap of the testing plate on the table with his left hand.,table
195.44821,C places the torn wrap on the table with his right hand.,table
195.95441,C picks the test tube on the table with his right hand.,table@@@@@hat@@@@@bottle
201.48008,C opens the lid of the test tube with his right hand.,bottle
203.35656,C places the lid on the table with his right hand.,table
205.6473,C picks the testing plate on the table with his left hand.,table
220.47278,C picks the instruction manual on the table with his left hand.,book@@@@@person
229.15392,C picks the Ziploc bag on the table with his left hand.,plastic_bag@@@@@person
231.15789,C places the solution tube in the Ziploc bag.,plastic_bag
235.26559,C places the cut end of the collection swab into the Ziploc bag.,plastic_bag
237.64174,C places the torn wrap in the Ziploc bag with his right hand.,plastic_bag@@@@@hat
240.41207,C places the torn wrap in the Ziploc bag with his right hand.,plastic_bag@@@@@hat
242.10562,C picks the transparent container on the table with his left hand.,table@@@@@glass_(drink_container)
244.35576,C places the transparent container in the Covid-19 box with his right hand.,glass_(drink_container)@@@@@box
