timestamp,narration,object
4.01356,The man X picks the glass camera from the table with his right hand.,camera
6.45652,The man X places the glass camera on the table with his right hand.,camera
8.24209,C picks the glass camera from the table with his right hand.,camera
9.52426,C wears the glass camera with both hands.,camera
28.83319,C touches the Covid test box on the table with his left hand.,box
29.02919,C touches the scissors on the table with his right hand.,scissors
31.0279,C holds the Covid test box on the table with his left hand.,box
31.3495,C picks the scissors from the table with his right hand.,scissors@@@@@can
33.60862,C cuts the Covid test box with the scissors in his right hand.,scissors@@@@@box
41.2117,C place the scissors on the table with his right hand.,scissors
41.78158,C opens the covid test box with his right hand.,box
44.62922,C opens the covid test box with his left hand.,box
47.54196,C opens the covid test box with both hands.,box
53.52467,C picks the nasal swab pack from the Covid test box with his right hand.,box
54.19024,C picks the test manual from the Covid test box with his left hand.,box
55.92519,C puts the nasal swab pack in the Covid test box with his right hand.,box
112.802,C lifts the test kits in the Covid test box with his right hand.,box
113.93255,C lifts the test kits in the Covid test box with his hands.,box
116.90987,C picks the extraction buffer tube pack from the Covid test box with his right hand.,box
118.10548,C transfers the extraction buffer tube pack from his right hand to his left hand.,packet
132.82877,C moves the test kits in the Covid test box with his right hand.,box
133.5598,C picks the extraction buffer tube stand from the Covid test box with his right hand.,box
135.697,C adjusts the nasal swab pack in the Covid test box with his right hand.,box
138.04332,C dips the extraction buffer tube in the extraction buffer tube stand with his right hand.,pen@@@@@step_stool@@@@@can@@@@@bottle_cap@@@@@bottle@@@@@bottle_opener@@@@@stool@@@@@music_stool
147.47769,C holds the extraction buffer tube on the extraction buffer tube stand with his left hand.,pen@@@@@step_stool@@@@@can@@@@@bottle_cap@@@@@bottle@@@@@bottle_opener@@@@@stool@@@@@music_stool
147.47769,C transfers the buffer from the buffer tube in his right hand to the extraction buffer tube.,bottle
156.07768,C transfers the buffer tube lid from his left hand to his right hand.,bottle_cap@@@@@bottle
156.88052,C picks the extraction buffer tube pack from the table with his left hand.,packet
159.30258,C opens the extraction buffer tube pack in his left hand.,packet
160.3204,C puts the buffer tube in the extraction buffer tube pack with his right hand.,packet@@@@@bottle
162.63063,C transfers the extraction buffer tube pack from his right hand to his left hand.,packet
163.55545,C places the extraction buffer tube pack on the table with his right hand.,packet
164.04512,C picks the nasal swab pack from the covid test box with his right hand.,box@@@@@packet
164.692,C holds the nasal swab pack with both hands.,packet
166.24312,C opens the nasal swab pack with both hands.,packet
169.65988,C picks the nasal swab from the nasal swab pack with his right hand.,packet
171.85015,C transfers the nasal swab pack from his left hand to his right hand.,packet
172.50905,C transfers the nasal swab pack from his right hand to his left hand.,packet
173.14977,C places the nasal swab pack on the table with his left hand.,packet
193.84798,C holds the extraction buffer tube on the extraction buffer tube stand with his left hand.,pen@@@@@step_stool@@@@@can@@@@@bottle_cap@@@@@bottle@@@@@bottle_opener@@@@@stool@@@@@music_stool
194.95859,C dips the nasal swab in the extraction buffer tube with his right hand.,pen@@@@@toothpick@@@@@chopstick@@@@@can@@@@@bottle_cap@@@@@bottle@@@@@bottle_opener
196.13849,C swirls the nasal in the extraction buffer tube with his right hand.,pen@@@@@toothpick@@@@@chopstick@@@@@can@@@@@bottle_cap@@@@@bottle@@@@@bottle_opener
197.07312,C picks the extraction buffer tube from the extraction buffer tube stand with his left hand.,pen@@@@@step_stool@@@@@can@@@@@bottle_cap@@@@@bottle@@@@@bottle_opener@@@@@stool@@@@@music_stool
198.52891,C cuts the nasal swab with his right hand.,toothpick@@@@@chopstick@@@@@can
202.17554,C shakes the extraction buffer tube in his left hand.,pen@@@@@can@@@@@bottle_cap@@@@@bottle@@@@@bottle_opener
202.6615,C picks the extraction buffer tube lid from the table with his right hand.,pen@@@@@can@@@@@bottle_cap@@@@@bottle@@@@@bottle_opener
203.80467,C covers the extraction buffer tube with the extraction buffer tube lid with his right hand.,pen@@@@@can@@@@@bottle_cap@@@@@bottle@@@@@bottle_opener
207.38147,C shakes the extraction buffer tube in his right hand.,pen@@@@@can@@@@@bottle_cap@@@@@bottle@@@@@bottle_opener
211.89414,C moves the nasal swab pack on the table with his left hand.,envelope@@@@@can@@@@@box@@@@@packet
212.89561,C dips the extraction buffer tube in the extraction buffer tube stand with his right hand.,pen@@@@@step_stool@@@@@can@@@@@bottle_cap@@@@@bottle@@@@@bottle_opener@@@@@stool@@@@@music_stool
212.89561,C holds the extraction buffer tube stand with his left hand.,step_stool@@@@@can@@@@@stool@@@@@music_stool
213.80902,C lifts the test manual from the Covid test box with his right hand.,can@@@@@box@@@@@packet@@@@@booklet@@@@@book
214.92029,C picks the test strip pack from the Covid test box with his left hand.,envelope@@@@@can@@@@@box@@@@@packet
215.69325,C puts the test manual in the Covid test box with his right hand.,box@@@@@booklet@@@@@book
216.24841,C holds the test strip pack with both hands.,envelope@@@@@can@@@@@box@@@@@packet
217.30196,C opens the test strip pack with both hands.,envelope@@@@@can@@@@@box@@@@@packet
235.01023,C picks the scissors from the table with his right hand.,scissors@@@@@can
236.64644,C cuts the test strip pack with the scissors in his right hand.,scissors@@@@@can@@@@@packet
238.04671,C places the scissors on the table with his right hand.,dining_table@@@@@scissors@@@@@coffee_table@@@@@can
257.54301,C lifts the test manual in the Covid test box with his right hand.,can@@@@@box@@@@@book
259.07241,C picks the extraction buffer tube pack from the table with his left hand.,packet
284.49692,C puts the extraction buffer tube pack in the Covid test box with his right hand.,box@@@@@packet
334.57872,C picks the extraction buffer tube pack from the Covid test box with his left hand.,box
343.53703,C picks the extraction buffer tube stand from the table with his right hand.,pole
344.17141,C puts the extraction buffer tube stand in the Covid test box with his right hand.,box
346.01749,C puts the extraction buffer tube pack in the Covid test box with his right hand.,box@@@@@packet
346.949,C picks the test manual from the Covid test box with his right hand.,box@@@@@booklet@@@@@book
347.74737,C puts the test manual in the Covid test box with his right hand.,box@@@@@booklet@@@@@book
348.38664,C covers the Covid test box with both hands.,box
354.24995,C moves the Covid test box on the table with both hands.,box
