timestamp,narration,object
15.23808,C taps the manikin's shoulders with her hands.,person
19.32462,C taps the manikin's shoulders with her hands.,person
24.0092,C places her intertwine hands at the center of the manikin's chest.,person
24.56011,C compresses the manikin’s chest with her hands.,person
40.95435,C taps the manikin's shoulders with her hands.,person
43.89175,C taps the manikin's shoulders with her hands.,person
47.7987,C places her intertwine hands at the center of the manikin's chest.,person
48.62792,C compresses the manikin’s chest with her hands.,person
