timestamp,narration,object
6.17779,C picks a biosafety bag on the table with his left hand.,can
7.36843,C picks a covid test manual on the table with his left hand.,can@@@@@book@@@@@booklet
8.71517,C picks a covis test box on the table with his right hand.,can@@@@@box
10.47518,C drops the covid test materials in his right hand on the table.,can
11.74916,C picks a covid test box on a covid test box on the table with his left hand.,can@@@@@box
13.11413,C picks a scissors on the table with his right hand.,scissors
14.20147,C cuts the covid test box with the scissors in his right hand.,can@@@@@scissors@@@@@box
20.25187,C drops the scissors in his right hand on the table.,scissors
27.80495,C drops the covid test materials in his right hand on the table.,can
28.56819,C drops the covid test materials in his right hand on the table.,can
29.25657,C drops the covid test box in his left hand on the table.,can@@@@@box
30.30915,C picks the covid test materials on the table with both hands.,can
31.07202,C moves the covid test materials on the table with his right hand.,can
31.88029,C drops the covid test materials in his left hand on the table.,can
33.09915,C holds the covid test materials on the table with both hands.,can
33.58287,C picks the covid test box with his left hand.,can@@@@@box
39.47896,C drops the covid test box in his left hand on the table.,can@@@@@box
39.90065,C picks the covid test manual on the table with both hands.,can@@@@@book@@@@@booklet
45.8853,C holds the covid test manual with both hands.,book@@@@@person
48.24728,C folds the covid test manual with both hands.,book@@@@@person
49.53465,C drops the covid test manual in his left hand on the table.,book
51.27547,C moves the covid test box on the table with his left hand.,box
51.87973,C removes the seal from the covid test buffer tube in his left hand with his right hand.,person
54.73017,C drops the covid test buffer tube seal in his left hand on the table.,tape_(sticky_cloth_or_paper)@@@@@tape_measure
55.83983,C holds the covid test box on the table with his left hand.,box
56.05571,C drops the covid test buffer tube in his right hand on the buffer holder.,box
58.35945,C picks the packet of covid test swab on the table with both hands.,packet
59.53777,C holds the packet of covid test swab with both hands.,packet@@@@@person
60.90134,C peels the packet of covid test swab with both hands.,packet@@@@@person
65.32594,C holds the packet of covid test swab with both hands.,packet@@@@@person
67.09623,C holds the packet of covid test swab with both hands.,packet@@@@@person
67.64903,C opens the packet of covid test swab with both hands.,packet@@@@@person
74.57911,C removes the covid test swab from the packet with his right hand.,packet@@@@@person
76.06608,C drops the packet of covid test swab in his left hand on the table.,packet
94.68374,C picks the covid test buffer tube on the buffer tube holder with his left hand.,box
108.019,C opens the biosafety bag with both hands.,plastic_bag@@@@@packet
119.96008,C picks the packet of covid test indicator on the table with his right hand.,packet
120.35846,C passes the packet of covid test indicator in his right hand to his left hand.,packet
120.68055,C picks the scissors on the table with his right hand.,scissors
121.70709,C adjusts the packet of covid test indicator in his left hand with his right hand.,packet
122.86231,C cuts the packet of covid test indicator with the scissors in his right hand.,scissors@@@@@packet
125.72253,C drops the scissors in his right hand on the table.,scissors
126.52429,C observes the packet of covid test indicator in his hands.,packet
127.13285,C turns the packet of covid test indicator into his left hand with his right hand.,packet
129.91985,C drops the packet of covid test indicator in his right hand on the table.,packet
139.69621,C moves the packet of covid test indicator on the biosafety bag with his right hand.,packet
142.16511,C opens the biosafety bag with both hands.,plastic_bag@@@@@packet
143.34562,C holds the biosafety bag with his right hand.,plastic_bag@@@@@packet
144.66436,C drops the covid test buffer tube in his left hand into the biosafety bag.,plastic_bag
145.88628,C picks the piece of torn covid test indicator packet on the table with his left hand.,packet
146.53945,C drops the piece of torn covid test indicator packet in his left hand into the biosafety bag.,plastic_bag@@@@@packet
147.63708,C picks the packet of covid test indicator on the table with his left hand.,packet
148.46384,C folds the packet of covid test indicator with both hands.,packet@@@@@person
150.52193,C drops the folded packet of covid test indicator in is left hand into the biosafety bag.,plastic_bag@@@@@packet
153.87498,C picks the packet of covid test swab on the table with his left hand.,packet
154.17629,C folds the packet of covid test swab with his left hand.,packet@@@@@person
155.52143,C drops the folded covid test swab in his left hand into the biosafety bag.,plastic_bag@@@@@packet
159.45646,C picks the covid test buffer tube seal on the table with his left hand.,packet
160.48279,C drops the covid test buffer tube seal in his left hand into the biosafety bag.,plastic_bag@@@@@packet
161.60395,C picks the covid test indicator on the table with his left hand.,packet
162.56431,C drops the covid test indicator in his left hand into the biosafety bag.,plastic_bag@@@@@packet
164.68025,C locks the biosafety bag with both hands.,plastic_bag@@@@@packet
167.2087,C drops the biosafety bag in his hands on the table.,packet
