timestamp,narration,object
17.69409,C picks the Covid test box from the table with her left hand.,packet
18.397,C holds the Covid test box with both hands.,box
19.29937,C touches the seal on the Covid test box with her right hand.,box
21.51958,C turns the Covid test box in her hands.,box
22.25971,C removes the Covid test box seal with her right hand.,box
36.31242,C places the Covid test box on the table with her left hand.,box
36.62732,C opens the Covid test box lid with her left hand.,box
38.22723,C lifts the Covid test box from the table with her right hand.,box
38.91418,C holds the Covid test box with her left hand.,box
39.36081,C opens the Covid test box lid with her right hand.,box
40.09379,C places the Covid test box on the table with both hands.,box
40.65054,C opens the Covid test box with both hands.,box
44.22927,C picks the extraction buffer tube from the Covid test box with her right hand.,box
46.20032,C picks the nasal swab pack from the Covid test box with her right hand.,box
49.60503,C places the nasal swab pack on the table with her left hand.,packet
49.93426,C holds the Covid test box on the table with her left hand.,box
49.93545,C picks the test strip pack from the Covid test box with her right hand.,box
52.81789,C picks the test manual from the Covid test box with her right hand.,box
52.82815,C places the test strip pack on the table with her left hand.,packet
53.56965,C picks the Covid test box from the table with her left hand.,packet
54.466,C places the test manual on the table with her right hand.,packet
54.97458,C picks the disposal bag from the Covid test box with her right hand.,box
55.87955,C places the Covid test box on the table with her left hand.,box
58.11518,C unfolds the test manual with her hands.,box
62.65924,C unfolds the test manual with her hands.,box
67.7469,C folds the test manual with her hands.,packet
69.13752,C places the test manual on the table with her right hand.,packet
69.65723,C moves the test manual on the table with her right hand.,book
69.80291,C moves the disposal bag on the table with her left hand.,plastic_bag
71.33698,C picks the nasal swab pack from the table with both hands.,packet
72.403,C picks the nasal swab pack from the table with her left hand.,packet
73.13759,C opens the nasal swab pack with both hands.,packet
75.7343,C places the nasal swab pack on the table with her right hand.,packet
75.95436,C picks the extraction buffer tube from the table with her left hand.,packet
76.553,C transfers the extraction buffer tube from her left hand to her right hand.,packet
77.49447,C picks the Covid test box from the table with her left hand.,packet
78.32389,C places the Covid test box on the table with her left hand.,box
78.69845,C covers the Covid test box lid with both hands.,packet
81.86524,C dips the extraction buffer tube in the Covid test box hole with her right hand.,packet
83.62869,C moves the Covid test box on the table with her left hand.,packet
84.78359,C picks the nasal swab pack from the table with her right hand.,packet
85.19855,C opens the nasal swab pack with both hands.,packet
89.42627,C picks the nasal swab from the nasal swab pack with her right hand.,packet
91.21599,C places the nasal swab pack on the table with her left hand.,packet
97.23929,C checks the test manual on the table.,packet
97.509,C moves the test manual on the table with her left hand.,packet
116.181,C holds the extraction buffer tube in the Covid test box hole with her left hand.,packet
116.30965,C removes the extraction buffer tube lid with her right hand.,packet
120.83156,C moves the test manual on the table with her right hand.,book
121.42847,C places the extraction buffer lid on the disposal bag with her right hand.,packet
122.21712,C holds the Covid test box on the table with her right hand.,packet
122.53972,C removes the extraction buffer tube from the Covid test box hole with her left hand.,box
126.14979,C checks the test manual on the table.,packet
127.21741,C moves the test manual on the table with her right hand.,book
156.855,C turns the test manual on the table with her right hand.,book
158.429,C opens the test manual with her right hand.,book
159.29774,C places her left hand on the test manual.,book
177.44624,C dips the extraction buffer tube in the Covid test box hole with her left hand.,box
178.433,C touches the Covid test box with her right hand.,box
178.453,C lifts the extraction buffer tube in her left hand with the Covid test box from the table.,box
178.72624,C holds the Covid test box with both hands.,box
180.38193,C touches the extraction buffer tube in the Covid test box hole with her left hand.,box
181.20031,C places the Covid test box on the table with her left hand.,box
181.28216,C places her right hand on the test manual.,book
184.117,C opens the disposal bag with both hands.,plastic_bag
189.54634,C seals the disposal bag with both hands.,plastic_bag
193.51342,C holds the extraction buffer tube in the Covid test box hole with her right hand.,box
193.7,C holds the Covid test with her left hand.,box
194.11595,C picks the test strip pack from the table with her left hand.,packet
194.13571,C moves the Covid test box on the table with her right hand.,box
194.76804,C adjusts the test strip pack in her left hand.,packet
195.49368,C cuts the test strip pack with her right hand.,packet
199.4694,C picks the test strip from the test strip pack with her right hand.,packet
200.98389,C moves the disposal bag on the table with her left hand.,plastic_bag
203.13949,C puts the cut test strip pack in the test strip pack with her right hand.,packet
204.53697,C places the test strip pack on the table with her left hand.,packet
223.064,C touches the disposal bag on the table with her left hand.,plastic_bag
224.99269,C picks the disposal bag from  the table with her left hand.,plastic_bag
225.69827,C opens the disposal bag with both hands.,plastic_bag
228.52646,C puts the extraction buffer tube in the disposal bag with her right hand.,plastic_bag
230.25098,C seals the disposal bag with both hands.,plastic_bag
232.92684,C holds the Covid test box with her left hand.,box
233.64789,C opens the Covid test box lid with her right hand.,box
236.603,C turns the test manual on the table with her right hand.,book
237.97821,C transfers the disposal bag from her left hand to her right hand.,plastic_bag
238.71792,C picks the nasal swab pack from the table with her left hand.,packet
239.07876,C puts the disposal bag in the Covid test box with her right hand.,plastic_bag
239.70522,C puts the nasal swab pack in the Covid test box with her left hand.,packet
240.51633,C picks the test strip pack from the table with her left hand.,packet
241.45096,C puts the test strip pack in the Covid test box with her left hand.,packet
242.53304,C picks the test manual from the table with her right hand.,book
243.02756,C picks the test manual from the table with both hands.,book
243.65196,C folds the test manual with both hands.,book
245.42008,C puts the test manual in the Covid test box with both hands.,book
246.2132,C covers the Covid test box lid with both hands.,packet
248.273,C moves the Covid test box on the table with her left hand.,packet
