timestamp,narration,object
6.82995,C taps the shoulders of the patient with both hands.,person
13.19797,C places her right hand on the patient's left shoulder.,person
14.10493,C places her left hand on the belly of the patient.,person
14.50844,C places her right hand on the head of the patient.,person
14.51776,C leans her head into the patient for breathing check.,person
17.43931,C compresses the patient’s chest with both hands.,person
35.80283,C places her hands on the shoulders of the patient.,person
36.32034,C puts her right hand on the head of the patient.,person
36.44503,C places her left hand on the belly of the patient.,person
36.44503,C leans into the patient for breathing check.,person
39.71129,C compresses the patient’s chest with both hands.,person
54.73835,C touches the right shoulder with her left hand.,person
54.97572,C places her left hand on the belly of the patient.,person
55.14553,C puts her right hand on the head of the patient.,person
55.14553,C leans into the patient for breathing check.,person
