timestamp,narration,object
0.0672,C picks a cup from the countertop with his left hand.,cup
2.18452,C picks an electric kettle from the power base with his right hand.,kettle
3.88667,C places the electric kettle in his right hand on the power base.,kettle
5.30814,C opens the electric kettle with his right hand.,kettle
6.14077,C covers the electric kettle with his right hand.,kettle
7.37078,C turns on the power button on the electric kettle with his right hand.,kettle
8.07212,C moves the electric kettle with his right hand.,kettle
19.837,C places the cup in his left hand on the countertop.,cup
27.89743,C unwraps the tea bag strings with his right hand.,ring
29.68,C puts the tea bag in his right hand into the cup.,cup
38.44,C pours the sugar into the cup from the sugar pack in his hands.,cup
43.02883,C holds the milk pack with his left hand.,carton
43.69706,C opens the milk pack in his left hand with his right hand.,carton
44.01407,C takes the milk pack from his left hand with his right hand.,carton
45.05186,C holds the milk pack with both hands.,carton
45.74035,C pours the milk into the cup from the milk pack in his hands.,carton@@@@@cup
50.55677,C covers the milk pack with his left hand.,carton
51.55798,C drops the milk pack on the countertop with his right hand.,carton
53.38,C picks the electric kettle from the power base with his right hand.,kettle
56.00429,C pours hot water into the cup from the electric kettle in his right hand.,kettle@@@@@cup
60.497,C places the electric kettle in his right hand on the power base.,kettle
61.982,C picks a steel chopsticks on the countertop with his right hand.,chopstick
63.18098,C holds the steel chopsticks with both hands.,chopstick
63.89709,C holds the steel chopsticks with his right hand.,chopstick
64.09719,C dips the steel chopsticks in his right hand into the cup.,chopstick@@@@@cup
64.38447,C holds the cup with his left hand.,cup
64.52767,C stirs the milk tea in the cup with the steel chopsticks in his right hand.,chopstick@@@@@cup
72.45382,C taps the tip of the cup with the steel chopsticks in his right hand.,chopstick@@@@@cup
74.29796,C places the steel chopsticks in his right hand on the countertop.,chopstick
