timestamp,narration,object
16.09466,C holds the COVID -19 test pack on the table with his left hand.,box
16.8386,C picks the COVID- 19 test pack on the table with both hands.,box
18.762,C opens the COVID-19  pack seal with his right hand.,box
20.05082,C picks the test cassette with package from the COVID -19 test pack with his right hand.,cassette@@@@@box
21.4439,C places the test cassette with package on the table with his right hand.,cassette
22.47554,C picks the buffer solution tube from the COVID-19 test package with his right hand.,box
24.07709,C places the COVID - 19 test pack on the table with his left hand.,box
25.11856,C picks the COVID -19 test pack on the table with his left hand.,box
28.32857,C picks the waste bag from the COVID -19 test pack with his right hand.,plastic_bag@@@@@box
29.74735,C picks the instructions manual from the COVID -19 test pack with his right hand.,book@@@@@box@@@@@booklet
30.38068,C places the COVID -19 test pack on the table with his left hand.,box
30.80812,C passes the instructions manual from his right hand to his left hand.,book@@@@@booklet
31.20811,C places the waste bag on the table with his right hand.,plastic_bag
31.46184,C holds the instructions manual with both hands.,book@@@@@booklet
33.77754,C flips the instructions manual to the opposite side with his right hand.,book@@@@@booklet
38.4945,C places the instructions manual on the table with his right hand.,book@@@@@booklet
38.78672,C picks the COVID-19 test pack on the table with his left hand.,box
39.15339,C holds the COVID- 19 test pack with both hands.,box
40.51684,C flips the COVID -19 test pack with both hands.,box
41.52779,C places the COVID-19 test pack on the table with his left hand.,box
43.44206,C picks the COVID-19 test pack on the table with his left hand.,box
45.15626,C places the the COVID -19 test pack on the table with his left hand.,box
45.6026,C picks the test cassette with package on the table with his right hand.,cassette
46.3361,C places the test cassette with package on the table with his right hand.,cassette
46.468,C picks the COVID-19 test pack on the table with his left hand.,box
48.09798,C picks the sterile swab from the COVID-19 test box with his right hand.,box
48.83131,C places the COVID-19 test pack on the table with his left hand.,box
79.68789,C picks the test cassette with package on the table with his right hand.,cassette
80.32121,C places the test cassette with package on the table with his right hand.,cassette
82.14481,C holds the buffer solution tube with both hands.,person
94.29245,C holds the buffer solution tube with both hands.,person
118.99723,C passes the buffer solution tube from his left hand to his right hand.,person
120.90444,C picks the test cassette with package on the table with his left hand.,cassette
121.63602,C holds the test cassette with package with both hands.,cassette@@@@@person
123.62042,C tears open the test cassette package seal with his left hand.,cassette
125.88059,C picks the test cassette from its package with his right hand.,cassette
127.3254,C passes the silicon bag from his right hand to his left hand.,person
129.13643,C holds the test cassette with both hands.,cassette@@@@@person
130.88327,C places the test cassette on the table with his left hand.,cassette
132.06207,C passes the buffer solution tube from his right hand to his left hand.,person
133.23737,C passes the buffer solution tube from his left hand to his right hand.,person
134.05709,C rocks gently the buffer solution in his right hand.,person
138.25548,C picks the test cassette on the table with his left hand.,cassette
142.342,C applies a few drops of the buffer solution on the test cassette with the buffer solution tube in his right hand.,cassette
145.45409,C  places the test cassette on the table with his left hand.,cassette
148.50244,C holds the buffer solution tube with both hands.,person
149.61052,C holds the COVID -19 test pack on the table with his left hand.,box
154.65093,C picks the test cassette package on the table with his left hand.,hat
156.21081,C inserts the sterile swab into the test cassette package with his right hand.,box
157.07916,C holds the test cassette package with both hands.,box
157.87683,C moves the sterile swab package on the table with his right hand.,box
158.34349,C passes the test cassette package from his left hand to his right hand.,box
158.67682,C places the test cassette package on the table with his right hand.,box
161.89361,C holds the test cassette on the table with his right hand.,box
