timestamp,narration,object
17.45294,C opens the test kit with his both hands.,person
20.73548,C takes out the instructions sheet from the test kit with his right hand.,person
22.0443,C takes out the foil pack from the test kit with his right hand.,person
22.9603,C flips the foil pack with his right hand.,person
23.54038,C dips his left hand into the test kit.,person
24.48553,C holds the test kit with his right hand.,person
25.29263,C takes out the foil pack from the test kit with his right hand.,person
28.83542,C moves the foil packs in the test kit with his right hand.,person
31.81039,C takes out the foil pack from the test kit with his right hand.,person
35.2423,C takes out the zip lock bag from the test kit with his right hand.,person
37.43399,C places the zip lock bag on the table with his right hand.,plastic_bag@@@@@person
37.81569,C closes the test kit with his both hands.,person
42.82821,C picks up the zip lock bag from the table with his right hand.,plastic_bag@@@@@person
44.09604,C passes the zip lock bag from his right hand to his left hand.,person
44.69098,C places the zip lock bag on the table with his left hand.,plastic_bag@@@@@person
44.88915,C picks up the foil packs from table with his right hand.,person
45.32512,C passes the foil pack from his right hand to his left hand.,person
48.41653,C picks up the foil packs from table with his both hands.,person
51.30248,C touches the foil packs on the table with his both hands.,person
53.52924,C picks up the foil pack from table with his both hands.,person
55.99681,C turns the foil pack with his both hands.,person
58.01811,C tears the foil pack with his both hands.,person
67.37161,C takes out the test tube from the foil pack with his right hand.,person
71.93558,C places his right finger on the test kit.,person
76.38394,C picks up the test kit from the table with his left hand.,person
76.62175,C holds the test kit with his both hands.,person
77.69185,C presses the test kit with his left hand.,person
82.8442,C takes out the test tube from the foil pack with his right hand.,person
91.63535,C picks up the foil pack from the table with his right hand.,packet@@@@@person
92.83642,C holds the foil pack with his both hands.,person
94.42496,C tears the foil pack with his both hands.,person
98.77987,C picks up the foil pack from the table with his right hand.,packet@@@@@person
98.98727,C passes the foil pack from his right hand to his left hand.,person
100.09701,C holds the foil pack with his both hands.,person
102.43538,C tears the foil pack with his both hands.,person
108.82706,C picks up a scissors from the table with his right hand.,scissors
111.02635,C tears the foil pack with a scissors in his right hand.,scissors
112.66541,C holds the scissors with his both hands.,scissors@@@@@person
113.84927,C places the scissors on the table with his right hand.,scissors
119.6109,C touches the foil pack with his left hand.,person
123.73278,C holds the swab with his both hands.,person
150.03009,C rotates and swirl the swab around in the testing tube with his right hand.,person
153.01999,C picks up the zip lock bag from the table with his right hand.,plastic_bag@@@@@person
153.95866,C opens the zip lock bag with his both hands.,plastic_bag@@@@@person
157.9555,C picks up the cap from the table with his right hand.,person@@@@@hat
158.80813,C places the cap into the zip lock bag with his right hand.,plastic_bag@@@@@person@@@@@hat
159.38349,C picks up the foil packs from the table with his right hand.,packet@@@@@person
160.67796,C places the foil packs into the zip lock bag with his right hand.,packet@@@@@plastic_bag@@@@@person
162.51575,C places the zip lock bag on the table with his right hand.,plastic_bag@@@@@person
163.03098,C moves the paper on the table with his right hand.,person
163.81229,C rotates and swirl the swab around in the testing tube with his right hand.,person
167.79575,C removes the swab from the test tube with his right hand.,person
168.10236,C picks up the zip lock bag from the table with his left hand.,plastic_bag@@@@@person
169.16753,C places the swab into the zip lock bag with his right hand.,plastic_bag@@@@@person
170.49489,C picks up the test tube cap from the table with his right hand.,person
171.12496,C places the zip lock bag on the table with his left hand.,plastic_bag@@@@@person
171.2835,C picks up the test tube cap from the table with his right hand.,person
172.2237,C covers the test tube with the lid in his right hand.,person
176.24574,C picks up the test device from the table with his left hand.,person
177.7893,C turns the test device with his both hands.,person
181.73523,C pours a few drops of the testing solution to the test device with his right hand.,person
205.50312,C places the test device on the table with his left hand.,person
206.18786,C picks up the paper from the table with his left hand.,person
207.6173,C passes the paper from his left hand to his right hand.,person
208.73753,C picks up the zip lock bag from the table with his left hand.,plastic_bag@@@@@person
210.3346,C places the paper and test tube into the zip lock bag with his right hand.,plastic_bag@@@@@person
211.42211,C picks up the foil pack from the table with his right hand.,packet@@@@@person
212.32763,C places the foil pack into the zip lock bag with his right hand.,packet@@@@@plastic_bag@@@@@person
214.51352,C picks up the instructions sheet from the table with his right hand.,person
215.06839,C places the instructions sheet into the zip lock bag with his right hand.,plastic_bag@@@@@person
217.10086,C picks up the test device from the table with his right hand.,person
217.66843,C places the test device on the zip lock bag with his right hand.,plastic_bag@@@@@person
219.22924,C moves the test kit on the table with his right hand.,person
220.20475,C places the zip lock bag on the test kit with his right hand.,plastic_bag@@@@@person
