timestamp,narration,object
2.03441,C picks a covid 19 test box from the table with his left hand.,box@@@@@table
2.86651,C place the covid 19 test box from the table with his left hand.,box@@@@@table
3.95803,C picks a covid 19 test box from the table with his left hand.,box@@@@@table
4.7266,C holds the covid 19 test box with both hands.,box@@@@@person
4.99326,C places the covid 19 test box on the table with both hand.,box@@@@@table
5.30149,C opens the covid 19 test box with both hands.,box@@@@@person
12.41683,C picks a covid 19 test instruction sheet from the covid 19 test box with his right hand.,box@@@@@packet
13.89414,C places the covid 19 test instruction sheet on the table with his right hand.,packet@@@@@table
17.35437,C picks a covid 19 test tube pack from the covid 19 test box with his right hand.,can@@@@@box@@@@@packet@@@@@hat
18.89372,C places the covid 19 test tube pack on the table with his right hand.,table
19.34042,C picks a covid 19 sterile swab pack from the covid 19 test box with his right hand.,box
20.03593,C places the covid 19 sterile swab pack on the table with his right hand.,table
20.36445,C picks a covid 19 test device pack from the covid 19 test box with his right hand.,box
20.94716,C places the covid 19 test device pack on the table with his right hand.,table
21.44212,C picks the covid 19 sterile swab pack from the table with his right hand.,packet@@@@@table
22.14703,C places the covid 19 sterile swab pack on the table with his right hand.,table
22.58103,C picks the covid 19 test tube pack from the table with his right hand.,table
23.15868,C holds the covid 19 test tube pack with both hands.,person
23.63487,C opens the covid 19 test tube pack with both hands.,person
30.77914,C places the covid 19 test tube on the covid 19 test tube holder with his right hand.,bottle
36.53057,C picks the covid test solution bottle and the covid 19 test tube lid from the pack with his right hand.,bottle
40.19334,C moves the covid 19 test instruction sheet on the table with his right hand.,table
40.29334,C places the covid 19 test tube pack on the table with his left hand.,table
41.16412,C picks a covid 19 test instruction sheet from the table with his left hand.,table
41.86395,C places the covid 19 test instruction sheet on the table with his left hand.,table
42.42236,C picks the covid 19 test solution bottle from his right hand with his left hand.,bottle
43.45442,C places the covid 19 test tube lid on the table with his right hand.,table
43.84932,C holds the covid 19 test solution bottle with both hands.,bottle
44.59413,C opens the covid 19 test solution bottle with his right hand.,bottle
50.46417,C places the covid 19 test solution bottle lid on the table with his right hand.,table@@@@@bottle
50.89675,C passes the covid 19 test solution bottle from his left hand to his right hand.,bottle
51.86733,C holds the test tube on the covid 19 test tube holder with his left hand.,bottle
51.96733,C pours test solution into the covid 19 test tube with his right hand.,bottle
62.17354,C moves the covid 19 test box on the table with his left hand.,box@@@@@table
62.514,C touches the covid 19 test tube lid on the table with his left hand.,table@@@@@bottle
66.29763,C holds the covid 19 test tube pack with both hands.,person
67.689,C opens the covid 19 test tube pack with both hands.,person
69.939,C places the covid 19 test solution bottle into the covid 19 test tube pack with his left hand.,bottle
71.6414,C places the covid 19 test tube pack into the covid 19 test box with his left hand.,box
71.98469,C picks the covid 19 test solution bottle lid from the table with is right hand.,table@@@@@bottle
73.01757,C places the covid 19 test solution bottle lid in the covid 19 test tube pack with his right hand.,bottle
75.15376,C moves the covid 19 test device pack on the table with his right hand.,table
76.15482,C picks the covid 19 sterile swab pack from the table with his right hand.,packet@@@@@table
76.93097,C holds the covid 19 sterile swab pack with both hands.,packet@@@@@person
82.77281,C opens the covid 19 sterile swab pack with both hands.,packet@@@@@person
88.45647,C pulls out the covid 19 swab from the pack with his left hand.,packet@@@@@person
89.9801,C places the covid 19 sterile swab pack into the covid 19 test box with his right hand.,box@@@@@packet
90.78478,C passes the covid 19 swab from his left hand to his right hand.,packet@@@@@person
91.52343,C adjusts the covid 19 swab in his right hand with his left hand.,packet@@@@@person
92.43438,C moves the covid 19 test tube holder on the table with his left hand.,packet@@@@@table
92.61821,C inserts the covid 19 swab into his nose with his right hand.,packet@@@@@person
93.24005,C rotates the covid 19 swab in his nose with his right hand.,packet@@@@@person
97.73243,C extracts the covid 19 swab from his nose with his right hand.,packet@@@@@person
97.93243,C inserts the covid 19 swab into his nose with his right hand.,packet@@@@@person
98.13242,C rotates the covid 19 swab in his nose with his right hand.,packet@@@@@person
103.48624,C extracts the covid 19 swab from his nose with his right hand.,packet@@@@@person
115.47879,C picks the covid 19 test tube pack in the covid 19 test box with his left hand.,newspaper@@@@@envelope@@@@@book@@@@@shopping_bag@@@@@can@@@@@box@@@@@packet@@@@@booklet@@@@@plastic_bag@@@@@grocery_bag@@@@@paperback_book@@@@@paper_towel@@@@@magazine@@@@@towel
123.9403,C picks the covid 19 sterile swab pack from the table with his right hand.,packet@@@@@table
124.9747,C places the covid 19 sterile swab pack into the covid 19 test tube pack with his right hand.,newspaper@@@@@envelope@@@@@book@@@@@shopping_bag@@@@@can@@@@@box@@@@@packet@@@@@booklet@@@@@plastic_bag@@@@@grocery_bag@@@@@paperback_book@@@@@paper_towel@@@@@magazine@@@@@towel
132.08858,C picks the test tube lid from the table with his right hand.,pen@@@@@dining_table@@@@@coffee_table@@@@@kitchen_table@@@@@can@@@@@bottle_cap@@@@@table@@@@@bench@@@@@bottle@@@@@bottle_opener@@@@@stool
133.06702,C places the covid 19 test tube lid into the covid 19 test tube pack with his right hand.,newspaper@@@@@envelope@@@@@book@@@@@shopping_bag@@@@@can@@@@@box@@@@@packet@@@@@booklet@@@@@plastic_bag@@@@@grocery_bag@@@@@paperback_book@@@@@paper_towel@@@@@magazine@@@@@towel
134.14981,C places the covid 19 test tube pack in the covid 19 test box with his left hand.,newspaper@@@@@envelope@@@@@book@@@@@shopping_bag@@@@@can@@@@@box@@@@@packet@@@@@booklet@@@@@plastic_bag@@@@@grocery_bag@@@@@paperback_book@@@@@paper_towel@@@@@magazine@@@@@towel
134.34981,C picks the covid 19 test device pack from the table with his right hand.,table
135.53855,C picks a pair of scissors from the table with his right hand.,dining_table@@@@@scissors@@@@@coffee_table@@@@@kitchen_table@@@@@can@@@@@table@@@@@bench@@@@@stool
137.8014,C places the covid 19 test device pack between the scissors in his right hand.,newspaper@@@@@scissors@@@@@envelope@@@@@book@@@@@shopping_bag@@@@@can@@@@@box@@@@@packet@@@@@booklet@@@@@plastic_bag@@@@@grocery_bag@@@@@paperback_book@@@@@paper_towel@@@@@magazine@@@@@towel
140.55357,C places the pair of scissors on the table with his right hand.,dining_table@@@@@scissors@@@@@coffee_table@@@@@kitchen_table@@@@@can@@@@@table@@@@@bench@@@@@stool
140.6869,C picks the covid 19 test tube pack in the covid 19 test box with his left hand.,newspaper@@@@@envelope@@@@@book@@@@@shopping_bag@@@@@can@@@@@box@@@@@packet@@@@@booklet@@@@@plastic_bag@@@@@grocery_bag@@@@@paperback_book@@@@@paper_towel@@@@@magazine@@@@@towel
144.98376,C places the covid 19 test tube lid on the table with his right hand.,table
145.95762,C picks the scissors from the table with his right hand.,scissors@@@@@table
146.95486,C cuts the covid 19 test device pack with the scissors in his right hand.,scissors
149.34167,C places the scissors on the table with his right hand.,scissors@@@@@table
158.02873,C places the covid 19 test device pack on the table with his left hand.,table
158.48614,C places the covid 19 test device on the table with his right hand.,table
159.06436,C holds the test tube holder on the table with his left hand.,can@@@@@box@@@@@packet@@@@@table
160.35064,C picks the covid 19 test tube lid from the table with his left hand.,can@@@@@table@@@@@cup@@@@@hat
183.1959,C touches the covid 19 test device pack on the table with his left hand.,table
184.14917,C picks the covid 19 test tube pack from the covid 19 test box with his left hand.,box@@@@@packet
189.65729,C picks the covid 19 test device pack from the table with his right hand.,table
190.56377,C places the covid 19 test device pack into the covid 19 test tube pack with his right hand.,packet
209.23814,C picks the covid 19 test device from the table with his right hand.,table
215.79009,C holds the covid 19 test box on the table with his left hand.,box@@@@@table
215.89009,C places the covid 19 test tube pack in the covid 19 test box with his right hand.,box
216.61885,C picks the covid 19 test tube holder from the table with his right hand.,table
217.05218,C places the covid 19 test tube holder in the covid 19 test box with his right hand.,can@@@@@box@@@@@bottle
217.97343,C picks the covid 19 test instruction sheet from the table with his right hand.,book@@@@@can@@@@@booklet@@@@@table
219.09817,C places the covid 19 test instruction sheet in the covid 19 test box with his right hand.,box
221.1004,C closes the covid 19 test box with both hands.,can@@@@@box@@@@@person@@@@@hat
224.84656,C moves the covid 19 test box on the table with both hands.,box@@@@@table
2.25075,C picks the white covid test box on the table with his left hand.,box@@@@@table
2.92931,C places the white covid test box in his left hand on the table.,box@@@@@table
3.19513,C picks the white covid test box on the table with his left hand.,box@@@@@table
3.63925,C drops the white covid test box in his left hand on the table.,box@@@@@table
4.03911,C picks a blue covid test box on the table with his left hand.,box@@@@@table
4.75502,C places his right hand on the blue covid test box in his left hand.,box@@@@@person
4.89442,C places the blue covid test box in his hands on the table.,box@@@@@table
5.2623,C opens the blue covid test box on the table with both hands.,box@@@@@person
12.48936,C removes the covid test manual from the blue covid test box with his right hand.,book@@@@@box@@@@@booklet
13.91418,C places the covid test manual in his right hand on the table.,book@@@@@booklet@@@@@table
16.9174,C drops the sachet of covid test swab in his right hand into the blue covid test box.,box@@@@@packet
18.92621,C drops the package with covid test materials in his right hand on the table.,table
19.36617,C picks the sachet of covid test swab from the blue covid test box with his right hand.,box
20.08912,C drops the sachet of covid test swab in his right hand on the table.,table
20.33659,C picks the packet of covid test indicator from the blue covid test box with his right hand.,box
21.11673,C drops the packet of covid test indicator in his right hand on the table.,table
21.16552,C picks the blue covid test box on the table with his left hand.,box@@@@@table
21.48631,C picks the sachet of covid test swab on the table with his right hand.,packet@@@@@table
22.02103,C drops the blue covid test box in his left hand on the table.,box@@@@@table
22.25845,C drops the sachet of covid test swab in his right hand on the table.,table
22.63513,C picks the package with covid test materials from the table with his right hand.,table
23.16948,C picks the package with covid test materials in his right hand with his left hand.,person
23.66119,C holds the package with covid test materials with his right hand.,person
24.0644,C opens the package with covid test materials with both hands.,person
27.4226,C holds the package with covid test materials with both hands.,person
32.05609,C holds the package with covid test materials with both hands.,person
40.40795,C moves the covid test manual on the table with his right hand.,table
40.41379,C drops the package with covid test materials in his left hand on the table.,table
41.23648,C picks the covid test manual on the table with his left hand.,table
41.97427,C drops the covid test manual in his left hand on the table.,table
43.52547,C drops the blue cap in his right hand on the table.,bottle_cap@@@@@table@@@@@bottle
50.49872,C drops the seal of covid test solution tube in his right hand on the table.,table
51.03305,C passes the covid test solution tube in his left hand to his right hand.,bottle
51.94948,C holds the covid test buffer tube on the holder with his left hand.,bottle
52.33456,C turns the covid test solution into the buffer tube with his right hand.,bottle
62.19318,C moves the blue covid test box on the table with his left hand.,newspaper@@@@@dining_table@@@@@envelope@@@@@coffee_table@@@@@book@@@@@kitchen_table@@@@@shopping_bag@@@@@can@@@@@box@@@@@booklet@@@@@plastic_bag@@@@@table@@@@@grocery_bag@@@@@paperback_book@@@@@bench@@@@@paper_towel@@@@@stool@@@@@magazine@@@@@towel
62.52986,C picks the blue cap on the table with his left hand.,can@@@@@table@@@@@cup@@@@@hat
69.91232,C drops the covid test solution tube in his right hand into the package in his left hand.,bottle
74.90662,C drops the package with used covid test materials in his left hand into the blue covid test box.,newspaper@@@@@envelope@@@@@book@@@@@shopping_bag@@@@@can@@@@@box@@@@@packet@@@@@booklet@@@@@plastic_bag@@@@@grocery_bag@@@@@paperback_book@@@@@paper_towel@@@@@magazine@@@@@towel
75.19339,C turns the packet of covid test indicator on the table with his right hand.,packet@@@@@table
76.18188,C picks the sachet of covid test swab on the table with his right hand.,packet@@@@@table
76.99462,C holds the covid test swab with both hands.,packet@@@@@person
79.28949,C holds the covid test swab with both hands.,packet@@@@@person
81.32197,C turns the covid test swab sachet with both hands.,packet@@@@@person
82.92768,C tears the covid test swab sachet with both hands.,packet@@@@@person
88.58797,C removes the covid test swab from the sachet with his left hand.,packet@@@@@person
89.6254,C drops the sachet of covid test swab in his right hand into the blue covid test box.,box@@@@@packet
90.86147,C picks the covid test swab in his left hand with his right hand.,packet@@@@@person
91.59643,C holds the covid test swab with both hands.,packet@@@@@person
92.56277,C moves the covid test buffer holder on the table with his left hand.,packet@@@@@table
92.87146,C inserts the tip of the covid test swab in his right hand into his left nostril.,packet@@@@@person
93.72826,C rotates the tip of covid test swab around his left nostril with his right hand.,packet@@@@@person
97.81873,C extracts the tip of covid test swab from his left nostril with his right hand.,packet@@@@@person
97.95741,C inserts the tip of the covid test swab in his right hand into his right nostril.,packet@@@@@person
117.11517,C picks the package from the blue covid test box on the table with his left hand.,box
121.57957,C picks the sachet of covid test swab on the table with his right hand.,packet@@@@@table
124.96302,C drops the folded covid test swab sachet in his right hand into the package in his left hand.,newspaper@@@@@envelope@@@@@book@@@@@shopping_bag@@@@@can@@@@@box@@@@@packet@@@@@booklet@@@@@plastic_bag@@@@@grocery_bag@@@@@paperback_book@@@@@paper_towel@@@@@magazine@@@@@towel
132.24182,C picks the blue cap on the table with his right hand.,baseball_cap@@@@@dining_table@@@@@coffee_table@@@@@kitchen_table@@@@@helmet@@@@@can@@@@@bottle_cap@@@@@table@@@@@bench@@@@@bottle@@@@@stool@@@@@hat
133.23361,C drops the blue cap in his right hand into the package in his left hand.,baseball_cap@@@@@newspaper@@@@@envelope@@@@@book@@@@@helmet@@@@@shopping_bag@@@@@can@@@@@box@@@@@packet@@@@@booklet@@@@@bottle_cap@@@@@plastic_bag@@@@@grocery_bag@@@@@paperback_book@@@@@bottle@@@@@paper_towel@@@@@hat@@@@@magazine@@@@@towel
134.21862,C drops the package with used covid test materials in his left hand into the blue covid test box.,newspaper@@@@@envelope@@@@@book@@@@@shopping_bag@@@@@can@@@@@box@@@@@packet@@@@@booklet@@@@@plastic_bag@@@@@grocery_bag@@@@@paperback_book@@@@@paper_towel@@@@@magazine@@@@@towel
134.54493,C moves the blue covid test box on the table with his left hand.,newspaper@@@@@dining_table@@@@@envelope@@@@@coffee_table@@@@@book@@@@@kitchen_table@@@@@shopping_bag@@@@@can@@@@@box@@@@@booklet@@@@@plastic_bag@@@@@table@@@@@grocery_bag@@@@@paperback_book@@@@@bench@@@@@paper_towel@@@@@stool@@@@@magazine@@@@@towel
134.79206,C picks the packet of covid test indicator on the table with his right hand.,packet@@@@@table
135.58054,C picks the scissors on the table with his right hand.,scissors@@@@@table
138.14477,C touches the packet of covid test indicator with the scissors in his right hand.,newspaper@@@@@scissors@@@@@envelope@@@@@book@@@@@shopping_bag@@@@@can@@@@@box@@@@@packet@@@@@booklet@@@@@plastic_bag@@@@@grocery_bag@@@@@paperback_book@@@@@paper_towel@@@@@magazine@@@@@towel
140.75059,C drops the scissors in his right hand on the table.,scissors@@@@@table
142.61115,C removes the blue cap from the package in his left hand with his right hand.,bottle_cap@@@@@bottle
145.06159,C drops the blue cap in his right hand on the table.,bottle_cap@@@@@table@@@@@bottle
145.41713,C picks the packet of covid test indicator in his left hand with his right hand.,packet
145.70108,C holds the packet of covid test indicator with his left hand.,packet
146.10037,C picks the scissors on the table with his right hand.,scissors@@@@@table
147.00527,C cuts the packet of covid test indicator with the scissors in his right hand.,scissors@@@@@packet
149.52111,C drops the scissors in his right hand on the table.,scissors@@@@@table
150.28644,C holds the packet of covid test indicator with his right hand.,packet
150.55862,C holds the packet of covid test packet with both hands.,packet
150.82467,C cuts the packet of covid test indicator with his right hand.,packet
152.93601,C holds the packet of covid test indicator with both hands.,packet
153.41677,C turns the packet of covid test indicator in his left hand.,packet
155.99354,C picks the packet of covid test indicator in his right hand with his left hand.,packet
156.64502,C shakes the packet of covid test indicator in his left hand.,packet
157.33126,C removes the covid test indicator from the packet with his right hand.,packet
158.10094,C drops the packet of covid test indicator in his left hand on the table.,packet@@@@@table
158.5978,C drops the covid test indicator in his right hand on the table.,table
160.5131,C picks the blue cap on the table with his left hand.,can@@@@@table@@@@@cup@@@@@hat
183.24481,C picks the packet of covid test indicator on the table with his left hand.,packet@@@@@table
183.86704,C drops the packet of covid test indicator in his left hand on the table.,packet@@@@@table
184.43199,C picks the package with used covid test swab from the blue covid test box with his left hand.,box
185.3614,C drops the used covid test buffer tube in his right hand into the package in his left hand.,cup
189.70241,C picks the packet of covid test indicator on the table with his right hand.,packet@@@@@table
190.62633,C drops the packet of covid test indicator in his right hand into the package in his left hand.,packet
194.74637,C places the package with used covid materials on the table with his right hand.,table
206.26976,C picks the package with used covid test materials from the table with his left hand.,table
209.30819,C picks the used covid test indicator on the table with his right hand.,table
213.30223,C picks the package with used covid test materials on the table with his right hand.,table
215.87634,C holds the blue covid test box on the table with his left hand.,box@@@@@table
215.90103,C drops the package with used covid materials in his right hand into the blue covid test box.,box
216.62231,C picks the covid test buffer tube holder on the table with his right hand.,table
217.18771,C drops the covid test buffer tube holder in his right hand into the blue covid test box.,box@@@@@bottle
218.07917,C picks the covid test manual on the table with his right hand.,book@@@@@can@@@@@booklet@@@@@table
219.0622,C drops the covid test manual in his right hand into the blue covid test box.,book@@@@@box
221.08028,C closes the blue covid test box on the table with both hands.,box@@@@@table
224.83819,C moves the blue covid test box on the table with both hands.,box@@@@@table
