timestamp,narration,object
1.76021,C moves the red scissors on the table with his right hand.,scissors
1.90468,C picks the covid test pack on the table with his left hand.,table-tennis_table@@@@@dining_table@@@@@packet
3.4633,C removes the test kits from the covid test pack with his right hand.,packet
7.48536,C removes the covid test vial from the covid test pack with his right hand.,packet@@@@@bottle
8.50984,C places the covid test pack in his right hand on the table.,packet
9.78456,C picks the red scissors on the table with his right hand.,table-tennis_table@@@@@dining_table@@@@@scissors
10.3049,C places the red scissors in his right hand on the covid test kits on the table.,scissors
11.05865,C turns the covid test pack on the table with his left hand.,packet
12.30512,C positions the covid test vial in his right hand in an erect position on the covid test pack.,packet
15.36165,C holds the covid test vial on the covid test pack with his left hand.,packet
19.09523,C picks the red scissors on the covid test kits with his right hand.,scissors
19.68686,C places the red scissors in his right hand on the table.,table-tennis_table@@@@@dining_table@@@@@scissors
21.47793,C picks the red scissors on the table with his right hand.,table-tennis_table@@@@@dining_table@@@@@scissors
21.98362,C places the red scissors in his right hand on the covid test kits on the table.,scissors
29.84541,C holds the tip of the sterile swab package with both hands.,packet
34.53523,C unwraps the sterile swab package with both hands.,packet
35.70854,C removes the sterile swab from its package with his right hand.,packet
37.22784,C picks the sterile swab package from his left hand with his right hand.,packet
39.32902,C inserts the sterile swab package in his right hand in the biosafety bag.,packet
44.22143,C inserts the sterile swab in his right hand in his right nostril.,person@@@@@can
55.58142,C holds the covid test pack on the table with his left hand.,table-tennis_table@@@@@dining_table@@@@@packet
65.28711,C inserts the sterile swab in his right hand into the covid test vial.,can@@@@@bottle
66.29041,C removes the covid test vial from the covid test pack with his right hand.,packet@@@@@bottle
77.78664,C covers the covid test vial with its lid in his right hand.,bottle_cap@@@@@bottle
81.18553,C picks the biosafety bag from his left hand with his right hand.,plastic_bag
81.93402,C opens the biosafety bag with his left hand.,plastic_bag
82.59082,C drops the other half of the sterile swab in his right hand in the biosafety bag.,plastic_bag
85.05192,C closes the biosafety bag with both hands.,plastic_bag
85.70226,C places the biosafety bag in his right hand on the table.,plastic_bag@@@@@table-tennis_table@@@@@dining_table
86.27201,C picks the red scissors on the covid test kits with his right hand.,scissors
86.88478,C places the red scissors in his right hand on the table.,table-tennis_table@@@@@dining_table@@@@@scissors
87.31499,C picks the covid test pack on the table with his left hand.,table-tennis_table@@@@@dining_table@@@@@packet
87.41263,C picks the instruction leaflet on the test cassette package with his right hand.,booklet@@@@@book@@@@@packet
88.05917,C places the instruction leaflet in his right hand on the table.,booklet@@@@@book@@@@@table-tennis_table@@@@@dining_table
88.26914,C places the covid test pack in his left hand on the instruction leaflet on the table.,booklet@@@@@book@@@@@table-tennis_table@@@@@dining_table@@@@@packet
88.83373,C picks the test cassette package on the table with his right hand.,cassette
89.56163,C passes the test cassette package in his right hand to his left hand.,packet
90.06198,C moves the biosafety bag on the table with his right hand.,plastic_bag@@@@@table-tennis_table@@@@@dining_table
90.72258,C picks the red scissors on the table with his right hand.,table-tennis_table@@@@@dining_table@@@@@scissors
93.24665,C cuts the test cassette package with the red scissors in his right hand.,packet@@@@@scissors
96.47814,C places the red scissors in his right hand on the table.,table-tennis_table@@@@@dining_table@@@@@scissors
97.35919,C dips his right hand into the test cassette package.,person@@@@@packet
101.929,C removes the test cassette from its package with his right hand.,cassette@@@@@packet
104.15523,C places the test cassette in his right hand on the table.,cassette@@@@@table-tennis_table@@@@@dining_table
104.64125,C passes the test cassette package in his left hand to his right hand.,packet
105.14283,C places the test cassette package in his right hand on the table.,cassette
105.70608,C picks the test cassette on the table with his right hand.,cassette
106.15717,C moves the test cassette with its package on the table with his right hand.,cassette
109.02626,C applies drops of the testing solution from the covid test vial in his right hand to the test cassette on the table.,cassette
123.77947,C holds the test cassette on its package with his left hand.,cassette
123.78795,C holds the test cassette package on the table with his right hand.,cassette
124.51942,C picks the test cassette on its package with his left hand.,cassette
124.52,C moves the test cassette package on the table backward with his right hand.,cassette
125.11036,C places the test cassette in his left hand on the table.,cassette
140.10057,C picks the test cassette package on the table with his right hand.,cassette
140.73872,C holds the test cassette package with both hands.,cassette
141.16768,C folds the test cassette package with both hands.,cassette
147.09798,C picks the test cassette on the table with his right hand.,cassette
152.47892,C picks the instruction leaflet on the table with his right hand.,booklet@@@@@book
153.50335,C holds the instruction leaflet with both hands.,booklet@@@@@book
154.16471,C folds the instruction leaflet with both hands.,booklet@@@@@book
160.0235,C closes the biosafety bag with both hands.,plastic_bag
161.78315,C places the biosafety bag in his right hand on the table.,plastic_bag@@@@@table-tennis_table@@@@@dining_table
