timestamp,narration,object
6.46685,C places her interlaced hands on the mannequin chest.,person
9.69989,C taps the mannequin shoulders with both hands.,person
10.6598,C places her interlaced hands on the mannequin chest.,person
11.41959,C compresses the CPR mannequin chest with both hands.,person
22.0194,C taps the mannequin shoulders with both hands.,person
23.03955,C places her interlaced hands on the mannequin chest.,person
23.60718,C compresses the CPR mannequin chest with both hands.,person
38.62693,C adjusts the hair on her face with both hands.,person
