timestamp,narration,object
1.39138,C picks a COVID-19 test kit box from the table with his right hand.,box
1.95825,C holds the COVID-19 test kit box with both hands.,box
2.75808,C holds the COVID-19 test kit box with his left hand.,box
3.02838,C picks a pair of scissors from the table with his right hand.,scissors
6.25025,C places the pair of scissors on the table with his right hand.,scissors
7.36623,C opens the COVID-19 test kit box with his right hand.,box
21.98596,C removes a COVID-19 testing tube from the COVID-19 test kit box with his right hand.,box
22.7075,C dips his right hand into the COVID-19 test kit box.,box
26.92147,C dips his right hand in the COVID-19 test kit box.,box
28.0633,C removes a COVID-19 test instruction manual from the COVID-19 test kit box with his right hand.,book@@@@@box@@@@@booklet
28.68924,C places the COVID-19 test instruction manual on the table with his right hand.,book@@@@@booklet
29.18422,C pulls back the cover of the COVID-19 test kit box with his right hand.,box
30.14156,C dips his right hand in the COVID-19 test kit box.,box
31.13541,C removes a COVID-19 testing plate pack from the COVID-19 test kit box with his right hand.,box
32.05069,C places the COVID-19 testing plate pack on the table with his right hand.,box
32.39316,C holds the COVID-19 test kit box with his right hand.,box
32.84075,C moves the pair of scissors on the table with his left hand.,scissors
32.944,C places the COVID-19 test kit box on the table with his right hand.,box
33.923,C picks the COVID-19 testing plate pack from the table with his left hand,box
34.73903,C holds the COVID-19 testing plate pack with both hands.,box
36.05754,C tears open the COVID-19 testing plate pack with both hands.,box
38.56407,C removes the COVID-19 testing plate from the pack with his right hand.,plate
38.94215,C places the COVID-19 testing plate on the table with his right hand.,plate
40.15506,C picks the COVID-19 test instruction manual from the table with his right hand.,book
40.67473,C places the COVID-19 test instruction manual on the table with his right hand.,book@@@@@booklet
89.6355,C holds the COVID-19 testing plate with his left hand.,plate
90.18338,C applies a few drops of the testing solution to the COVID-19 testing plate with his right hand.,plate
99.2493,C picks the COVID-19 test kit box from the table with his right hand.,box
99.79145,C holds the COVID-19 test kit box with his left hand.,box
101.59959,C places the biosafety bag in the COVID-19 test kit box with his right hand.,box
102.24934,C removes the biosafety bag from the COVID-19 test kit box with his right hand.,box
103.92476,C places the COVID-19 test kit box on the table with his left hand.,box
106.28214,C picks the COVID-19 test instruction manual from the table with his right hand.,book
107.42706,C picks the COVID-19 test kit box from the table with his left hand.,box
107.95795,C places the COVID-19 test instruction manual in the COVID-19 test kit box with his right hand.,book@@@@@box
109.24555,C places the COVID-19 testing plate pack with the biosafety bag in the COVID-19 test kit box with his right hand.,box
113.60602,C places the COVID-19 test kit box on the table with his left hand.,box
114.02767,C moves the COVID-19 test kit box on the table with his left hand.,box
116.1645,C places the COVID-19 testing tube seal in the COVID-19 test kit box with his right hand.,box
116.22772,C holds the COVID-19 test kit box with his left hand.,box
117.45292,C holds the COVID-19 testing plate with his right hand.,plate
117.69168,C lifts the COVID-19 testing plate from the table with both hands.,plate
118.14374,C places the COVID-19 testing plate on the table with both hands.,plate
119.00659,C moves the pair of scissors on the table with his left hand.,scissors
