timestamp,narration,object
10.59572,A woman X picks up the glasses from the table with her left hand.,glass_(drink_container)@@@@@person
11.71376,A woman X holds the glasses with both hands.,glass_(drink_container)@@@@@person
13.09228,A woman X wears the glasses with both hands.,glass_(drink_container)@@@@@person
32.40588,C picks up the COVID-19 pack from the table with her right hand.,packet@@@@@person
32.63029,C presses the COVID-19 package with her right hand.,packet@@@@@person
33.67825,C turns the COVID-19 package clockwise in her left hands.,packet@@@@@person
35.36777,C holds the COVID-19 package with both hands,packet@@@@@person
36.01351,C draws the COVID-19 package closer to herself with both hands.,packet@@@@@person
38.14451,C removes a test device package from the COVID-19 test kit package with her left hand.,packet@@@@@person
40.89471,C drops the test device package in her left hand on the table.,packet@@@@@person
41.71274,C removes an instruction manual from the COVID-19 test kit with her left hand.,booklet@@@@@person@@@@@book
43.73999,C places the instruction manual in her left hand on the table.,booklet@@@@@person@@@@@book
44.44324,C removes a nasal swab package from the COVID-19 test kit package with her left hand.,packet@@@@@person
45.47108,C places the nasal swab package in her left hand on the table.,packet@@@@@person
46.23793,C touches the test kit package with the first index finger of her left hand.,box
47.55889,C removes a nylon zip bag from the COVID-19 test kit package with her left hand.,plastic_bag
48.76273,C places the nylon zip bag in her left hand on the table.,plastic_bag
54.80166,C places the COVID-19 test kit package in her right hand on the table.,box
56.02132,C holds the test kit package with her left hand.,box
56.77775,C adjusts the test kit package with both hands.,box
68.41663,C picks the test device package on the table with her left hand.,box
68.92004,C holds the test device package with both hands.,box
69.81613,C tears open the test device package with her right hand.,box
123.5732,C places the broken top of the nasal swab on the test device packet on the table with her right hand.,packet
157.92347,C closes the nylon zip bag with both hands.,bottle@@@@@table-tennis_table@@@@@bottle_cap@@@@@packet@@@@@hat
160.16506,C presses the nylon bag with both hands.,plastic_bag
161.04506,C drops the nylon zip bag on the table with her right hand.,plastic_bag
166.09821,C picks the instruction manual on the table with her left hand.,booklet@@@@@book
166.82302,C wraps the instruction manual in her left hand with her right hand.,booklet@@@@@book
167.05063,C wraps the instruction manual with both hands.,booklet@@@@@book
169.24824,C picks a nylon zip bag on the table with her right hand.,plastic_bag
169.31044,C opens the zip bag with both hands.,plastic_bag
171.74814,C drops the wrapped instruction manual inside the nylon zip bag with her left hand.,plastic_bag@@@@@booklet@@@@@book
177.20428,C drops the solution tube seal in her right hand into the nylon zip bag.,plastic_bag
180.05359,C drops the broken top of the nasal swab in her right hand inside the nylon zip bag.,plastic_bag
182.05618,C holds the test device package with both hands.,box
186.86384,C drops the wrapped test device package into the nylon zip bag with her right hand.,plastic_bag
191.8467,C presses the opening of the nylon zip bag together with both hands.,plastic_bag
193.98132,C picks the test kit packet on the table with her right hand.,packet
194.4825,C puts the nylon zip lock bag inside the test kit packet.,plastic_bag@@@@@packet
196.24894,C drops the test kit packet in her right hand on the table.,packet
6.77315,The woman X sits on a chair.,person@@@@@chair
8.64614,The woman X places the glasses in her right hand on the work table.,glass_(drink_container)@@@@@person
10.716,The woman X picks a camera from the work table with her left hand.,camera@@@@@person
12.29182,The woman X wears the camera on her face with her hands.,camera@@@@@person
32.32624,C picks up the covid-19 test kit box from the work table with her left hand.,box@@@@@person
37.39184,C opens the covid-19 test kit box with her let hand.,box@@@@@person
39.03907,C removes  a test plate pack from the covid-19 test kit box with her left hand.,packet@@@@@person
40.77416,C places the test plate pack in her left hand on the work table.,packet@@@@@person
41.50198,C removes a drug leaflet from the covid-19 test kit box with her left hand.,booklet@@@@@person@@@@@book
43.61617,C places the drug leaflet in her left hand on the work table.,booklet@@@@@person@@@@@book
44.31388,C removes a nasal swab pack from the covid-19 test kit box with her left hand.,packet@@@@@person
45.33335,C places the nasal swab pack in her left hand on the work table.,packet@@@@@person
46.57344,C removes a nylon packaging from the covid-19 test kit box with her left hand.,box
54.495,C places the covid-19 test kit box in her right hand on the work table.,box
55.92097,C inserts the test tube in her right hand into the covid-19 test kit box on the table.,box
56.1657,C displaces the covid-19 test kit box on the work table with her hands.,box
68.43246,C picks the test plate pack from the work table with her left hand.,box
68.85523,C holds the test plate pack with her right hand.,box
69.89289,C tears the test plate pack with her right hand.,plastic_bag@@@@@box
146.05223,C picks up the nylon packaging from the work table with her right hand.,plastic_bag
147.28115,C opens the nylon packaging with her left hand.,plastic_bag
158.86821,C seals the nylon packaging with her hands.,plastic_bag
160.65328,C places the nylon packaging in her right hand on the work table.,plastic_bag
165.80649,C picks the drug leaflet from the work table with her left hand.,paperweight@@@@@booklet@@@@@book
166.8122,C folds the drug leaflet with her hands.,paperweight@@@@@booklet@@@@@book
169.13458,C picks the nylon packaging from the work table with her right hand.,plastic_bag
170.969,C opens the nylon packaging with her left hand.,plastic_bag
172.74463,C inserts the drug leaflet in her left hand into he nylon packaging.,plastic_bag@@@@@paperweight@@@@@booklet@@@@@book
175.95636,C seals up the nylon packaging with her right hand.,plastic_bag
177.11291,C inserts the nasal swab in her right hand into the nylon packaging.,plastic_bag
177.19744,C inserts the test tube seal in her right hand into the nylon packaging in her left hand.,plastic_bag
179.95542,C inserts the nasal swab in her right hand into the nylon packaging in her left hand.,plastic_bag
180.87546,C picks up the nylon packaging from the work table with her right hand.,plastic_bag
186.13097,C inserts the test plate pack in her right hand into the nylon packaging.,plastic_bag
191.86,C seals up the nylon packaging with her right hand.,plastic_bag
193.89172,C picks up the covid-19 test kit box from the work table with her right hand.,box
194.37012,C places the nylon packaging in her left hand in the covid-19 test kit box.,plastic_bag@@@@@box
195.89119,C places the covid-19 test kit box in her right hand on the work table.,box
