timestamp,narration,object
3.7798,C kneels on the side of the patient's neck and shoulder.,person
4.89532,C taps the patient's shoulder with both hands.,person
9.62717,C places his ear on the patient's mouth to confirm his consciousness through his breath.,person
10.1834,C places his left hand on the patient's chest.,person
12.30313,C places his right hand on top of his left hand.,person
12.9844,C places the lower part of the palm on the center of the patient's chest.,person
14.22556,C presses both hands hard at a rate of 100 to 120 compressions per minute on the patient's chest.,person
16.27168,C places his right hand on top of his left hand.,person
16.50245,C presses both hands hard at a rate of 100 to 120 compressions per minute on the patient's chest.,person
26.85553,C places his ear on the patient's mouth to confirm his consciousness through his breath.,person
29.46688,C presses both hands hard at a rate of 100 to 120 compressions per minute on the patient's chest.,person
40.31833,C places his left hand on the patient's chest.,person
40.41766,C places his right hand on top of his left hand on the patient's chest.,person
40.51487,C places his ear on the patient's mouth to confirm his consciousness through his breath.,person
