timestamp,narration,object
12.16899,C picks the Covid test box from the table with her left hand.,box
12.95931,C touches the Covid test box with her right hand.,box
14.309,C picks the scissors from the table with her right hand.,scissors
15.85157,C cuts the Covid test box with the cut the scissors in her right hand.,scissors@@@@@box
18.53094,C places the scissors on the table with her right hand.,scissors
19.235,C opens the Covid test box with her right hand.,box
20.41838,C transfers the Covid test box from her left hand to her right hand.,box
20.88846,C adjusts the Covid test box with her hands.,box
21.70016,C picks the test strip pack and disposal bag from the Covid test box with her left hand.,box
25.129,C moves the Covid test box on the countertop with her left hand.,box
26.786,C picks the extraction buffer tube from the Covid test box with her left hand.,box
31.303,C holds the Covid test box with both hands.,box
31.61611,C checks the Covid test box in her hands.,box
34.14996,C moves the scissors on the table with her right hand.,scissors
36.404,C transfers the Covid test box from her left hand to her right her right hand.,box
37.19285,C places the Covid test box on the table with her right hand.,box
43.95791,C holds the Covid test box on the table with her left hand.,box
44.20622,C dips the extraction buffer tube in the Covid test box hole with her right hand.,box
50.753,C opens the nasal swab pack with her hands.,hose@@@@@hat
93.103,C places her left hand on the Covid test box.,box
93.34581,C dips the extraction buffer tube in the Covid test box hole with her right hand.,box
94.65551,C picks the scissors from the table with her right hand.,scissors
96.0368,C cuts the test strip pack with the scissors in her right hand.,scissors
97.71947,C cuts the test strip pack on the table with the scissors in her right hand.,scissors
98.69904,C places the scissors on the table with her right hand.,scissors
105.76989,C moves the test strip on the table with her left hand.,box
107.14744,C holds the Covid test box on the table with her left hand.,box
108.89828,C picks the extraction buffer tube from the Covid test box hole with her right hand.,box
115.54348,C dips the extraction buffer tube in the Covid test box hole with her right hand.,box
152.63745,C picks the extraction buffer tube from the Covid test box with her right hand.,box
152.918,C places her left hand on the Covid test box.,box
172.55033,C picks the Covid test box from the table with her right hand.,box
172.72349,C puts the test strip pack in the Covid test box with her left hand.,box
174.4985,C puts the disposal bag in the Covid test box with her left hand.,box
176.37229,C places the Covid test box on the table with her right hand.,box
182.3631,C picks the Covid test box from the table with her right hand.,box
182.61577,C puts the disposal bag in the Covid test box with her left hand.,box
184.45332,C places the Covid test box on the table with her right hand.,box
184.57721,C picks the test manual from the table with her left hand.,book
185.261,C places the test manual on the Covid test box with her left hand.,book@@@@@box
185.684,C picks the Covid test box from the table with her left hand.,box
186.35942,C places the Covid test box on the table with her left hand.,box
187.40471,C picks the Covid test box from the table with her left hand.,box
188.16473,C places the Covid test box on the table with her left hand.,box
