timestamp,narration,object
4.02468,The man O shifts the COVID 19 test box on the table with her right hand.,box
6.1247,The man O shifts the pair of scissors on the table with her left hand.,scissors
17.55437,C shifts the COVID 19 test box on the table with her left hand.,box
17.55437,C shifts the pair of scissors on the table with her right hand.,scissors
18.46503,C picks up the COVID 19 test box from the table with her right hand.,box
18.46503,C picks up the pair of scissors from the table with her left hand.,scissors
19.58877,C holds the COVID 19 test box with her right hand.,box
19.95315,C flips the COVID 19 test box with her hands.,box
21.64827,C cuts open the COVID 19 test box seal with the scissors in her right hand.,scissors@@@@@box
27.73807,C places the pair of scissors on the table with her right hand.,scissors
28.80761,C opens the COVID 19 test box with her right hand.,box
31.86809,C pulls the test material in the COVID 19 test box with her right hand.,box
32.80915,C pushes the test material into the COVID 19 test box with her right hand.,box
33.1767,C removes the waste pouch from the COVID 19 test box with her right hand.,box
35.72468,C removes the test tube from the COVID 19 test box with her right hand.,box
37.81432,C pulls a nasal swab sachet from the COVID 19 test box with her right hand.,box
39.99372,C pushes the nasal swab sachet into the COVID 19 test box with her left hand.,box
40.9604,C removes the nasal swab sachet from the COVID 19 test box with her right hand.,box
42.23443,C pushes the test materials into the COVID 19 test box with her right hand.,box
44.05721,C shifts the test materials in the COVID 19 test box with her left hand.,box
44.94242,C removes the test plate pack from the COVID 19 test box with her right hand.,box
47.5533,C removes the test manual from the COVID 19 test box with her right hand.,book@@@@@box
49.28576,C closes the COVID 19 test box with her hands.,box
50.86,C flips the COVD 19 test box with her left hand.,box
51.63546,C places the COVID 19 test box on the table with her left hand.,box
52.71375,C unfolds the test manual with her left hand.,book
53.98287,C checks the test manual in her hands.,book
54.95862,C flips the test manual with her hands.,book
55.5462,C holds the test manual with her right hand.,book
56.05945,C checks the test manual in her hands.,book
60.04477,C places the test manual on the table with her hands.,book
60.76715,C shifts the COVID 19 test box to the right with her left hand.,box
66.97352,C presses the COVID 19 test box on the table with her right hand.,box
68.75568,C holds the COVID 19 test box on the table with her left hand.,box
68.99779,C inserts the test tube in the COVID 19 test box on the table with her right hand.,box
82.50389,C checks the test manual on the table.,book
97.7863,C removes the test tube from the COVID 19 test box with her left hand.,box
131.06576,C holds the COVID 19 test box on the table with her left hand.,box
131.21338,C inserts the test tube into the COVID 19 test box on the table with her right hand.,box@@@@@bottle
133.41283,C tears open the test plate pack with her hands.,book@@@@@box
140.06298,C shifts the COVID 19 test box on the table with her left hand.,box
141.34712,C removes the test tube from the COVID 19 test box on the the table with her right hand.,box@@@@@bottle
156.71364,C inserts the test tube into the COVID 19 test box on the table with her right hand.,box@@@@@bottle
159.97256,C holds the waste pouch on the table with her right hand.,plastic_bag@@@@@can
160.27412,C holds the used test materials on the waste pouch with her left hand.,plastic_bag@@@@@can
161.20922,C removes the waste pouch with her right hand.,plastic_bag@@@@@can
164.17172,C opens the waste pouch with her hands.,plastic_bag@@@@@can
166.19929,C dips her right hand in the waste pouch.,plastic_bag@@@@@can
167.42335,C drops the nasal swab stick in the waste pouch with her right hand.,plastic_bag@@@@@can
167.80723,C holds the waste pouch with her right hand.,plastic_bag@@@@@can
170.17692,C drops the test tube lid in the waste pouch with her right hand.,plastic_bag@@@@@can
171.49984,C drops the test tube in the waste pouch with her right hand.,plastic_bag@@@@@can@@@@@bottle
173.02131,C places the waste pouch on the table with her left hand.,plastic_bag@@@@@can
180.92909,C picks the waste pouch from the table with her left hand.,plastic_bag@@@@@can
181.41968,C drops the used sachets in the waste pouch with her right hand.,plastic_bag@@@@@can
183.7062,C presses the used test materials in the waste pouch with her hands.,plastic_bag@@@@@can
196.86064,C shifts the COVID 19 test box on the table with her left hand.,box
