timestamp,narration,object
0.0,C folds a manual leaflet.,book@@@@@booklet@@@@@paperback_book
2.24792,C picks the manual leaflet from the table.,book@@@@@booklet@@@@@paperback_book
3.53216,C opens a Covid Antigen test box.,box
4.10045,C places the manual leaflet in the Antigen test box.,book@@@@@booklet@@@@@box
8.32411,C closes the Antigen test box.,box
9.83116,C places the test box on the table.,box
10.24569,C moves a test cassette on the table.,box@@@@@cassette
11.16592,C picks a Flow flex Covid Antigen test box.,box
12.12659,C reads the label on the test box.,box
14.02741,C opens the Antigen test box with his hand.,box
34.15073,C removes an extraction buffer tube from the box.,box
37.25534,C removes a nasal swab pack from the test box.,box
39.68706,C places the nasal swab pack on the table.,box
42.12047,C removes a test cassette pack from the test box.,box
44.55074,C places the test cassette pack on the table.,cassette
44.74335,C removes a manual leaflet from the test box.,book@@@@@booklet@@@@@box
46.09919,C removes a nylon bag from the test box.,box@@@@@plastic_bag
48.10226,C places the nylon bag on the table.,person@@@@@plastic_bag
49.25262,C places the test cassette pack on the table.,cassette
51.05073,C opens the manual leaflet with his hands.,person
53.26709,C reads the manual leaflet in his hands.,person
73.89501,C places the test cassette on the manual leaflet.,cassette
74.81255,C adjusts the manual leaflet forward.,person
75.63964,C picks the extraction buffer tube from the table.,person
77.16743,C closes the test box on the table.,person@@@@@box
84.21609,C stacks the extraction buffer tube on the test box.,box
89.09321,C removes the seal from the extraction buffer tube with his hands.,person
99.01063,C closes the nylon bag.,person
100.75877,C picks the nasal swab pack from the table.,person
104.14305,C opens the nasal swab with his hands.,person
107.46313,C removes a nasal swab from the pack.,person
108.82513,C places the nylon bag on the table.,person@@@@@plastic_bag
111.20156,C places the nasal swab in his nose.,person
112.33492,C swabs his mouth with the nasal swab.,person
119.66868,C removes the nasal swab from his nose.,person
121.24995,C places the nasal swab in his nose.,person
129.61415,C removes the nasal swab from his nose.,person
129.96866,C adjusts the test box.,person@@@@@box
133.19384,C removes the extraction buffer tube from the test box.,box
183.45434,C reads the manual on the table.,book@@@@@person
192.00809,C closes the extraction buffer tube.,person
194.28372,C places the extraction buffer tube on the test box.,box
197.04961,C trashes the nasal swab in the nylon bag.,plastic_bag
204.057,C places the nylon bag on the table.,person@@@@@plastic_bag
205.068,C removes the extraction buffer tube from the test box.,box
206.04,C shakes the extraction buffer tube.,person
207.21,C removes the test cassette bag from the table.,person@@@@@plastic_bag
208.43086,C opens the test cassette pack with his hands.,person@@@@@box
211.25259,C removes the test cassette from the pack.,person@@@@@box
214.40484,C shakes the extraction buffer tube.,person
231.35803,C picks the test box from the table.,box
231.5446,C places the nylon bag on the table.,person@@@@@plastic_bag
233.77521,C opens the test box with his hands.,box
237.01475,C trashes the used test kits in the box.,box
244.40108,C closes the box.,box
247.24001,C gets the manual leaflet from the table.,book
248.34183,C folds the manual leaflet .,book
251.87158,C places the manual leaflet in the box.,book@@@@@box
259.27567,C places the test box on the table.,box
1.19243,C picks an instruction manual from the table with left hand.,book@@@@@booklet@@@@@paperback_book
3.403,C picks a covid 19 pack with his right hand.,box
3.815,C opens the covid 19 pack with left hand.,box
5.06975,C places the instruction manual in the covid 19 pack with his left hand.,book@@@@@booklet@@@@@box
8.597,C closes the covid 19 pack with his left hand.,box
9.87275,C places the covid 19 pack on the table with right hand and picks the test device with left hand.,bottle@@@@@box
10.3,C picks the covid 19 pack with left hand.,box
10.51224,C places the covid 19 pack on the table with left hand and places the test device on the table with left hand.,bottle@@@@@box
11.3,C picks a covid 19 pack on the table with right hand.,box
11.85,C places left hand on the covid 19 pack.,box
25.399,C peels the seal on the covid 19 pack with right hand.,box
27.2,C places the covid 19 pack on the table.,person@@@@@box
29.203,C picks the covid 19 pack with both hands.,box
30.19818,C opens the covid 19 pack with left hand.,box
32.5,C places the covid 19 pack on the table.,person@@@@@box
34.458,C picks a solution tube in the covid 19 pack with right hand.,box
36.015,C picks a sterile swab package with left hand and places the solution tube on the table with his left hand.,box
38.4,C moves the sterile swab package from right hand to left hand.,box
39.59426,C places the sterile swab package on the table with his left hand.,box
41.907,C picks a test device package with his right hand.,box
43.7,C places the test device package on the table with right hand.,box
44.39,C picks a instruction manual in the covid 19 pack with his right hand.,book@@@@@booklet@@@@@box
45.282,C moves the instruction manual from his right hand to left hand.,book@@@@@booklet
45.9,C picks a disposable bag in the covid 19 pack with his right hand.,box@@@@@plastic_bag
47.1,C moves the disposable bag from right hand to left hand.,plastic_bag
47.79772,C adjusts the covid 19 pack with right hand.,box
48.3,C moves the disposable bag from left hand to right hand.,person
49.0,C picks the test device package with left hand.,person@@@@@box
49.3,C places right hand on the test device package.,person
50.68182,C opens the instruction manual with both hands.,person
73.5,C picks the test device package on the table with his right hand.,person
76.15,C picks the solution tube on the table with his left hand.,person
77.1,C adjusts the covid 19 pack on the table with his right hand.,person
77.644,C closes the covid 19 pack with both hands.,person
83.9,C moves the solution tube from left hand to right hand.,person
92.8,C opens the solution tube with right hand.,person
94.46113,C picks the disposable bag on the table with left hand.,person
96.1,C opens the disposable bag with both hands.,person@@@@@plastic_bag
99.74022,C closes the disposable bag with both hands.,person@@@@@plastic_bag
101.4,C picks the sterile swab package on the table with his left hand.,person
102.0,C opens the sterile swab package with both hands.,person
107.72068,C picks the sterile swab with his left hand from the sterile swab package.,person
109.96443,C adjusts the disposable bag on the table with left hand.,person
112.05526,C places the sterile swab into the right part of his nostril with his right hand.,person
120.0,C removes the sterile swab from his nostril.,person
121.0,C places the sterile swab into the left part of his nostril with his right hand.,person
129.0,C removes the sterile swab from his nostril.,person
130.1,C picks the covid 19 pack on the table.,person@@@@@box
131.0,C places the covid 19 pack on the table.,person@@@@@box
131.63073,C places left hand on the solution tube.,person
134.3348,C picks the solution tube from the covid 19 pack with his left hand and picks the covid 19 pack on the table.,person@@@@@box
135.70088,C places the covid 19 pack on the table with right hand.,person@@@@@box
136.01315,C stirs the sterile swab in the solution tube with his right hand.,person
191.0,C moves the sterile swab from the solution tube with his right hand.,person
191.66309,C closes the solution tube with both hands.,person
194.3,C places the solution tube on the covid 19 pack with left hand.,person@@@@@box
196.1,C picks the disposable bag on the table with his left hand.,person@@@@@plastic_bag
197.6,C opens the disposable bag with both hands.,person@@@@@plastic_bag
200.47248,C places the sterile swab in the disposable bag with his left hand.,person@@@@@plastic_bag
202.60093,C closes the disposable bag with both hands.,person@@@@@plastic_bag
204.55,C places the disposable bag on the table with left hand and places right hand on the solution tube.,person@@@@@plastic_bag
204.95,C adjusts the cobid 19 pack with right hand and places left hand on the covid 19 pack.,person@@@@@box
205.10721,C picks the solution tube from the covid 19 pack with right hand.,person@@@@@box
205.62641,C shakes the solution tube with his right hand.,person
207.0,C picks the test device package with left hand.,person@@@@@box
207.78414,C opens the test device package with both hands.,person@@@@@box
211.0,C pours the test device from the package into his right hand using left hand.,person@@@@@box
211.7718,C places the empty test device package on the table with his left hand.,person@@@@@box
214.554,C shakes the solution tube with his right hand.,person
224.316,C picks the disposable bag on the table with his left hand.,person@@@@@plastic_bag
226.255,C opens the disposable bag with both hands.,person@@@@@plastic_bag
229.87299,C closes the disposable bag with both hands.,person@@@@@plastic_bag
235.45,C places the covid 19 pack on the table.,person@@@@@box
242.18364,C moves the disposable bag from left hand to right hand.,person
243.5,C closes the covid 19 pack with both hands.,person
247.043,C picks the instruction manual with both hands.,book
248.37065,C folds the instruction manual with both hands.,book
256.057,C closes the covid 19 pack with both hands.,person
260.202,C places the test device on the table with his right hand.,cassette@@@@@hat
