timestamp,narration,object
8.831,C presses a switch on a socket with his right hand.,wall_socket@@@@@sock
11.82809,C turns on the heat of the cooker with his right hand.,stove@@@@@knob
13.77973,C moves a skillet on the cooker with his right hand.,pan_(for_cooking)@@@@@stove
17.63575,C takes a spatula from the skillet on the cooker with his right hand.,pan_(for_cooking)@@@@@spatula@@@@@stove
18.92188,C moves a butter pack on the countertop with his left hand.,box
20.29191,C regulates the het of the cooker with his left hand.,stove@@@@@knob
21.47171,C takes the butter pack from the countertop with his left hand.,box
24.02831,C gets butter from the butter pack in his left hand with the spatula in his right hand.,spatula@@@@@box
33.35202,C puts the butter pack on the countertop with his left hand.,box
35.68874,C regulates the heat of the cooker with his left hand.,stove@@@@@knob
36.89008,C adds butter into the skillet on the cooker with the skillet in his right hand.,pan_(for_cooking)@@@@@stove
44.24961,C touches an egg on a tray with his right hand.,plate@@@@@bowl@@@@@egg
47.12051,C takes a cup from a white bowl on the countertop with his left hand.,bowl@@@@@cup
48.18989,C puts the cup on the countertop with his left hand.,cup
51.3507,C spreads the butter in the skillet with the spatula in his right hand,pan_(for_cooking)@@@@@spatula
59.327,C holds the skillet on the cooker with his left hand.,pan_(for_cooking)@@@@@can@@@@@stove
68.20454,C takes the egg from the tray on the countertop with his right hand.,plate@@@@@bowl@@@@@egg
80.42131,C spreads the butter in the skillet with the spatula in his right hand.,spatula
86.8551,C cracks the egg on the countertop with his right hand.,egg
90.637,C pours the egg into the skillet with both hands.,egg
93.36493,C drops the egg shell into a trash can with his right hand.,can@@@@@egg
94.23935,C takes an egg from the tray on the countertop with his left hand.,egg
95.39839,C cracks the egg on the countertop with his right hand.,egg
99.12505,C pours the egg into the skillet with both hands.,egg
100.993,C drops the egg shell into the trash can with his right hand.,can@@@@@egg
101.7796,C holds the skillet on the cooker with his left hand.,pan_(for_cooking)@@@@@can@@@@@stove
102.24859,C stirs the egg in the skillet with the spatula in his right hand.,spatula@@@@@egg
125.29199,C adds salt into the scrambled egg from the sachet of salt with both hands.,egg
128.35561,C puts the sachet of salt on the countertop with his right hand.,saltshaker
131.86221,C stirs the scrambled egg in the skillet with the spatula in his right hand.,pan_(for_cooking)@@@@@can@@@@@spatula
132.25621,C holds the skillet on the cooker with his left hand.,pan_(for_cooking)@@@@@can@@@@@stove
140.49463,C picks a pepper container from the countertop with his right hand.,pepper_mill
141.46769,C holds the pepper container with both hands.,pepper_mill
144.33101,C opens the lid of the pepper container in his left hand with his right hand.,pepper_mill
145.78007,C adds pepper from the pepper container in his left hand into the scrambled egg in the skillet.,pepper_mill@@@@@egg
147.134,C covers the lid of the pepper container in his left hand with his right hand.,pepper_mill
148.16786,C puts the pepper container on the countertop with his right hand.,pepper_mill
149.1734,C stirs the scrambled egg in the skillet with the spatula in his right hand.,pan_(for_cooking)@@@@@can@@@@@spatula
149.44325,C holds the skillet on the cooker with his left hand.,pan_(for_cooking)@@@@@can@@@@@stove
158.53433,C turns off the heat of the cooker with his right hand.,can@@@@@stove
159.54242,C stirs the scrambled egg in the skillet with the spatula in his right hand.,pan_(for_cooking)@@@@@can@@@@@spatula
163.83788,C presses the switch on the socket with his left hand.,can@@@@@button@@@@@wall_socket@@@@@sock
165.16601,C holds the skillet on the cooker with his left hand.,pan_(for_cooking)@@@@@can@@@@@stove
169.149,C takes the skillet from the cooker with his left hand.,pan_(for_cooking)@@@@@can@@@@@stove
173.80438,C takes the white bowl from a plate on the countertop with his right hand.,plate@@@@@bowl
174.67555,C places the white bowl on the countertop with his right hand.,bowl
176.0757,C moves the scrambled egg in the skillet in his left hand with the spatula in his right hand.,pan_(for_cooking)@@@@@can@@@@@spatula
180.16767,C transfers the scrambled egg from the skillet in his left hand into the plate on the countertop with the spatula in his right hand.,pan_(for_cooking)@@@@@can@@@@@spatula@@@@@plate
191.97531,C places the spatula in the skillet in his left hand with his right hand.,pan_(for_cooking)@@@@@can@@@@@spatula
192.94611,C moves the white bowl on the countertop with his right hand.,bowl
198.666,C opens a tap with his right hand.,can@@@@@faucet
198.776,C fetches water into the skillet in his left hand from the tap.,pan_(for_cooking)@@@@@can@@@@@faucet
199.93772,C moves the spatula in the skillet with his right hand.,pan_(for_cooking)@@@@@can@@@@@spatula
