timestamp,narration,object
0.0,C shakes his right hand in the sink.,person@@@@@sink
4.17352,C shakes his left hand in the sink.,person@@@@@sink
8.84993,C picks a knife from the countertop with his right hand.,person@@@@@knife
11.11528,C turns the tap knob with his left hand.,knob
11.8346,C rinses the knife under running water with his right hand.,sponge@@@@@knife
16.14441,C picks a sponge from the countertop with his left hand.,sponge
17.52254,C wipes the knife in his right hand with the sponge in his left hand.,sponge@@@@@knife
18.38905,C rinses the sponge under running water with his left hand.,sponge
21.25784,C wipes the knife in his right hand with the sponge in his left hand.,sponge@@@@@knife
23.73437,C rinses the sponge under running water with his left hand.,sponge
24.10524,C squeezes the sponge with his left hand.,sponge
25.51826,C wipes the knife in his right hand with the sponge in his left hand.,sponge@@@@@knife
28.72011,C rinses the sponge under running water with his left hand.,sponge
33.00317,C rinses the knife under running water with his right hand.,sponge@@@@@knife
34.4794,C rinses the sponge under running water with his left hand.,sponge
37.14732,C turns the tap knob with his left hand.,knob
38.72757,C places the knife in the cutlery container with his right hand.,drawer@@@@@knife
41.841,C places his left hand on a chopstick in the teacup saucer.,cup@@@@@chopstick
58.53985,C picks a cucumber from a vegetable bowl on the countertop with his left hand.,plate@@@@@bowl
60.10925,C picks the vegetable bowl from the countertop with his left hand.,bowl
60.39839,C holds the vegetable bowl with both hands.,person@@@@@bowl
61.28923,C moves a paper towel on the countertop with his right hand.,paper_towel@@@@@towel
62.346,C places the vegetable bowl on the countertop with his left hand.,bowl
64.3091,C picks the chopping sticks from the teacup saucer with his left hand.,cup@@@@@chopstick
66.08339,C places the chopsticks on the plate with his left hand.,plate@@@@@chopstick
67.19631,C picks a teacup from the teacup saucer on the countertop with his left hand.,cup
67.8771,C picks the teacup saucer from the countertop with his right hand.,cup
68.553,C places the teacup on the countertop with his left hand.,cup
69.2769,C places the teacup saucer on the countertop with his right hand.,cup@@@@@kitchen_sink@@@@@kitchen_table@@@@@can@@@@@sink
70.86512,C moves an electric kettle on the countertop with his left hand.,kitchen_sink@@@@@kitchen_table@@@@@can@@@@@sink@@@@@kettle
73.9252,C picks the knife from the cutlery container with his right hand.,knife
76.4806,C holds the knife with both hands.,knife
79.08855,C cuts the cucumber into smaller slices on the countertop with the knife in his right hand.,knife
91.40419,C removes a cucumber slice from the knife in his right hand with his left hand.,knife
93.044,C cuts the cucumber into smaller slices on the countertop with the knife in his right hand.,knife
103.17125,C moves the cucumber slices on the countertop with the knife in his right hand.,can@@@@@sink@@@@@knife
103.87304,C cuts the cucumber into smaller slices on the countertop with the knife in his right hand.,knife
121.86565,C drops a cucumber slice in the teacup saucer with his left hand.,cup@@@@@spoon@@@@@knife@@@@@fork
122.40733,C picks a cucumber slice from the knife in his right hand with his left hand.,spoon@@@@@knife@@@@@fork
126.34241,C drops cucumber slices into the teacup saucer with his left hand.,cup@@@@@plate@@@@@can
128.32577,C drops cucumber slices into the teacup saucer with his left hand.,cup@@@@@plate@@@@@can
128.96935,C moves tomato slices on the countertop with his left hand and the knife in his right hand.,plate@@@@@can@@@@@knife
132.11949,C drops cucumber slices into the teacup saucer with his left hand.,cup@@@@@plate@@@@@can
134.17944,C drops cucumber slices into the teacup saucer with his left hand.,cup@@@@@plate@@@@@can
134.9874,C picks a tomato from the vegetable bowl with his left hand.,bowl
136.98326,C cuts the tomato in half on the countertop with the knife in his right hand.,knife
141.88837,C drops the tomato slices into the teacup saucer with his left hand.,cup
144.61444,C picks a tomato from the vegetable bowl with his left hand.,bowl
146.80929,C cuts the tomato on the countertop with the knife in his right hand.,knife
150.23051,C cuts the tomato on the countertop with the knife in his right hand.,knife
154.82608,C drops the tomato into the teacup saucer with his left hand.,cup@@@@@can
157.66953,C picks a tomato from the vegetable bowl with his left hand.,bowl
161.14435,C cuts the tomato on the countertop with the knife in his right hand.,knife
166.14148,C drops the cut tomato into the teacup saucer with his left hand.,cup
166.94711,C picks a tomato from the vegetable bowl with his left hand.,bowl
170.41181,C cuts the tomato on the countertop with the knife in his right hand.,knife
173.24963,C drops the cut tomato into the teacup saucer with his left hand.,cup
175.68768,C picks a hand towel from the countertop with his left hand.,towel@@@@@can@@@@@hand_towel
177.95634,C turns the tap knob with his left hand.,knob
178.63836,C rinses the hand towel under running water with his left hand.,towel@@@@@hand_towel
180.63714,C turns the stove knob with his left hand.,stove@@@@@knob
181.01357,C squeezes the hand towel with his left hand.,towel@@@@@hand_towel
184.17649,C places the hand towel on the countertop with his left hand.,towel@@@@@hand_towel
184.63966,C moves the hand towel on the countertop with his left hand.,towel@@@@@hand_towel
185.47085,C picks a green bell pepper from the vegetable bowl with his left hand.,bowl
192.11418,C cuts the green bell pepper into smaller pieces on the countertop with the knife in his right hand.,person@@@@@knife
198.19471,C cuts the bell pepper on the countertop with the knife in his right hand.,knife
207.49326,C drops the green bell pepper pieces into the teacup saucer with his left hand.,cup@@@@@can@@@@@pie
208.44034,C picks the green bell pepper pieces from the countertop with his left hand.,cup@@@@@can@@@@@pie@@@@@pepper_mill
209.76695,C drops the green bell pepper pieces into the teacup saucer with his left hand.,cup@@@@@can@@@@@pie
210.56832,C moves the green bell pepper in the vegetable bowl with his left hand.,bowl@@@@@can
211.94071,C picks an onion from the vegetable bowl with his left hand.,bowl@@@@@can
213.94479,C moves an onion peel in the vegetable bowl with his left hand.,bowl@@@@@can
216.83948,C cuts the onion into smaller slices on the countertop with the knife in his right hand.,knife
220.97077,C drops the onion into the vegetable bowl with his left hand.,bowl@@@@@cauliflower@@@@@broccoli
222.1012,C cuts the onion slices on the countertop with the knife in his right hand.,stove@@@@@kitchen_sink@@@@@can@@@@@sink@@@@@knife
225.87914,C drops the cut onions into the teacup saucer with his left hand.,cup@@@@@bowl
228.51435,C drops the cut onions into the teacup saucer with his left hand.,cup@@@@@bowl
229.48451,C picks a garlic bulb from the vegetable bowl with his left hand.,garlic@@@@@bowl
231.18516,C holds the garlic bulb with both hands.,garlic
232.01411,C peels the garlic bulb in his right hand with his left hand.,garlic@@@@@hand_glass
232.82201,C drops the garlic peel in the vegetable bowl with his left hand.,garlic@@@@@bowl
233.4929,C removes a garlic clove from the garlic bulb in his right hand with his left hand.,garlic
238.32869,C presses the garlic clove on the countertop with the knife in both hands.,garlic@@@@@knife
240.65456,C moves the garlic clove on the countertop with his left hand.,garlic
241.18901,C cuts the garlic clove on the countertop with the knife in his right hand.,garlic@@@@@knife
244.50193,C cuts the garlic clove on the countertop with his left hand.,garlic@@@@@knife
245.9323,C presses the cut garlic on the countertop with the knife in both hands.,garlic@@@@@knife
248.61332,C picks the cut garlic from the countertop with his left hand.,garlic
249.4056,C drops the cut garlic into the teacup saucer with his left hand.,cup@@@@@garlic
250.30902,C presses the garlic on the countertop with the knife in both hands.,garlic@@@@@knife
251.71483,C picks the cut garlic from the countertop with his left hand.,garlic
252.63968,C drops the cut garlic in the teacup saucer with his left hand.,cup@@@@@garlic
253.10228,C moves the cut garlic in the teacup saucer with his left hand.,cup@@@@@garlic
256.14423,C picks the garlic bulb from the vegetable bowl with his left hand.,garlic@@@@@bowl
257.16672,C drops the garlic bulb in the vegetable bowl with is left hand.,garlic@@@@@bowl
258.34818,C places the knife on the countertop with his right hand.,knife
259.18451,C picks the teacup saucer from the countertop with his left hand.,cup@@@@@can
260.17,C shakes the ingredients together in the teacup saucer with his left hand.,cup@@@@@spoon
261.78859,C holds the teacup saucer with his right hand.,cup
262.34802,C shakes the ingredients together in the teacup saucer with his left hand.,cup@@@@@spoon
263.54079,C holds the teacup saucer with both hands.,cup
264.53683,C holds the teacup saucer with his left hand.,cup
265.10113,C places the teacup saucer on the countertop with his left hand.,cup@@@@@can
268.28,C picks a sauce container from the countertop with his left hand.,bottle
269.89954,C holds the sauce container with both hands.,person@@@@@condiment
270.32786,C opens the sauce container cap with his left hand.,bottle@@@@@saucepan@@@@@bottle_cap
271.06151,C holds the sauce container with his left hand.,person@@@@@condiment
272.03285,C adds the sauce to the ingredients in the teacup saucer from the sauce container in his left hand.,cup@@@@@saucepan
280.59941,C closes the sauce container cap with his left hand.,bottle@@@@@bottle_cap
280.8741,C holds the sauce container with both hands.,person@@@@@condiment
281.76139,C holds the sauce container with his left hand.,person@@@@@condiment
283.35286,C places the sauce container on the countertop with his left hand.,person@@@@@condiment
286.51045,C picks a black pepper container from the countertop with his left hand.,person@@@@@pepper_mill
288.1028,C holds the black pepper container with both hands.,pepper_mill
288.33344,C opens the black pepper container cap with his left hand.,person@@@@@pepper_mill
289.20018,C holds the black pepper container with his left hand.,pepper_mill
290.09424,C adds black pepper to the ingredients in the teacup saucer from the black pepper container in his left hand.,cup@@@@@pepper_mill
292.64553,C closes the black pepper container cap with his left hand.,bottle@@@@@bottle_cap@@@@@pepper_mill
293.05222,C holds the black pepper container with both hands.,pepper_mill
293.40756,C holds the black pepper container with his left hand.,pepper_mill
294.18527,C places the black pepper container on the countertop with his left hand.,pepper_mill
295.39702,C picks a salt container from the countertop with his left hand.,saltshaker
296.65388,C holds the salt container with both hands.,saltshaker
297.86419,C turns the salt container cover with his left hand.,saltshaker
299.47999,C adds salt to the ingredients in the teacup saucer from the salt container in both hands.,cup@@@@@saltshaker
303.33839,C holds the salt container with his left hand.,person@@@@@saltshaker
304.49784,C places the salt container on the countertop with his left hand.,person@@@@@saltshaker
305.48022,C picks a salad dressing container from the countertop with his left hand.,condiment
307.17496,C holds the salad dressing container with both hands.,condiment
307.87831,C opens the salad dressing container cap with his left hand.,bottle@@@@@bottle_cap
310.13819,C places the salad dressing container cap on the countertop with his left hand.,bottle@@@@@bottle_cap
314.47717,C picks a spoon from the cutlery container with his left hand.,spoon
316.93097,C scoops the salad dressing from the salad dressing container in his right hand with the spoon in his left hand.,spoon@@@@@condiment
319.50877,C adds the salad dressing to the ingredients in the teacup saucer with the spoon in his left hand.,cup@@@@@spoon
320.40264,C scoops the salad dressing from the salad dressing container in his right hand with the spoon in his left hand.,spoon@@@@@condiment
322.65275,C adds the salad dressing to the ingredients in the teacup saucer with the spoon in his left hand.,cup@@@@@spoon
325.18525,C places the spoon on the countertop with his left hand.,spoon
326.00926,C picks the salad dressing container cap from the countertop with his left hand.,bottle@@@@@bottle_cap
326.95886,C closes the salad dressing container in his right hand with the salad dressing container cap in his left hand.,bottle@@@@@bottle_cap@@@@@condiment
329.23716,C holds the salad dressing container with his left hand.,condiment
330.235,C places the salad dressing container on the countertop with his left hand.,bottle@@@@@canister@@@@@kitchen_table@@@@@can@@@@@pen@@@@@condiment@@@@@bottle_opener
332.03104,C picks a dijon mustard container from the countertop with his left hand.,kitchen_table@@@@@condiment
333.7142,C holds the dijon mustard container with both hands.,person@@@@@condiment
334.65495,C opens the dijon mustard container cap with his left hand.,person@@@@@condiment
336.39688,C places the dijon mustard container cap on the countertop with his left hand.,bottle@@@@@can@@@@@bottle_cap
337.26219,C moves the spoon on the countertop with his left hand.,spoon
338.76158,C picks a spoon from the cutlery container with his left hand.,spoon
340.86876,C scoops dijon mustard from the dijon mustard container in his right hand with the spoon in his left hand.,spoon@@@@@condiment
343.69952,C adds the dijon mustard to the ingredients in the teacup saucer with the spoon in his left hand.,cup@@@@@spoon
345.60384,C scoops dijon mustard from the dijon mustard container in his right hand with the spoon in his left hand.,spoon@@@@@condiment
348.42155,C adds the dijon mustard to the ingredients in the teacup saucer with the spoon in his left hand.,cup@@@@@spoon
352.15308,C places the spoon on the countertop with his left hand.,spoon
353.19512,C picks the dijon mustard container cap from the countertop with his left hand.,bottle@@@@@bottle_cap@@@@@condiment
354.06387,C closes the dijon container in his right hand with the dijon container cover in his left hand.,bottle@@@@@bottle_cap@@@@@condiment
356.53316,C holds the dijon mustard container with his left hand.,person@@@@@condiment
357.72461,C places the dijon mustard on the countertop with his left hand.,person@@@@@condiment
358.88796,C picks a soy sauce bottle from the countertop with his left hand.,bottle@@@@@bottle_cap
360.40519,C holds the soy sauce bottle with both hands.,bottle
361.08872,C opens the soy sauce bottle cap with his left hand.,bottle@@@@@bottle_cap
364.61068,C pours soy sauce into the ingredients in the teacup saucer from the soy sauce bottle in his left hand.,cup@@@@@bottle
366.28478,C closes the soy sauce bottle in his right hand with the soy sauce bottle cap in his left hand.,bottle
375.43933,C holds the soy sauce bottle with his left hand.,bottle
375.85704,C closes the soy sauce bottle in his left hand with the soy sauce bottle cap in his right hand.,bottle
377.65484,C places the soy sauce bottle on the countertop with his left hand.,bottle
380.12467,C picks an oil bottle from the countertop with his left hand.,bottle@@@@@bottle_cap
382.04188,C holds the oil bottle with both hands.,bottle@@@@@bottle_cap
382.56191,C opens the oil bottle cap with his left hand.,bottle@@@@@bottle_cap
385.49336,C pours oils into the ingredients in the teacup saucer from the oil bottle in both hands.,cup@@@@@bottle@@@@@plate@@@@@bowl@@@@@can
389.36645,C closes the oil bottle with the oil bottle cap in his left hand.,bottle
395.61808,C places the oil bottle on the countertop with both hands.,bottle@@@@@can
397.91237,C picks a yogurt pack from the vegetable bowl with his left hand.,bowl@@@@@can@@@@@yogurt
399.13798,C holds the yogurt pack with both hands.,yogurt
401.11001,C adds yogurt to the ingredients in the teacup saucer from the yogurt pack in both hands.,cup@@@@@yogurt
417.72769,C holds the yogurt pack with his left hand.,person@@@@@yogurt
420.79168,C picks the spoon from the countertop with his left hand.,spoon
423.20786,C moves the teacup saucer on the countertop with his right hand.,cup
424.6352,C holds the teacup saucer on the countertop with his left hand.,cup@@@@@kitchen_sink@@@@@can@@@@@sink
424.92955,C stirs the ingredients together in the teacup saucer with the spoon in his right hand.,cup@@@@@spoon
428.64909,C picks the teacup saucer from the countertop with his left hand.,cup@@@@@can
441.98381,C places the teacup saucer on the countertop with his left hand.,cup@@@@@can
441.98381,C places the spoon in the teacup saucer with his right hand.,cup@@@@@spoon
