timestamp,narration,object
2.19671,C moves the Covid-19 test kit box on the table with his left hand.,box
4.49814,C picks the Covid-19 test box on the table with his left hand.,box
5.64784,C picks the scissors on the table with his right hand.,scissors
6.83238,C cuts the Covid-19 test kit box open with the scissors.,box@@@@@scissors
10.97446,C places the scissors on the table with his right hand.,scissors
12.68679,C opens the Covid-19 test box with his right hand.,box
14.50464,C removes the test materials from the test box with his right hand.,box
17.43901,C places the test materials on the table with his right hand.,can
18.04134,C places the Covid-19 test box on the table with his left hand.,box
20.92939,C places the test tube on the box in an upright position.,box
27.97785,C places the seal on the Covid-19 test kit box with his right hand.,box
55.72356,C picks the instruction manual on the table with his right hand.,booklet@@@@@book
56.64701,C places the instruction manual on the table with his right hand.,booklet@@@@@book
87.36911,C picks the test tube from the Covid-19 test box with his right hand.,box
95.21036,C picks the Ziploc bag on the table with his left hand.,plastic_bag
96.58036,C places the test tube in the Ziploc bag with his right hand.,plastic_bag
98.4788,C places the torn pack in the Ziploc bag with his right hand.,plastic_bag
99.57784,C places the cut piece in the Ziploc bag with his right hand.,plastic_bag
100.62516,C picks the instruction manual on the table with his right hand.,booklet@@@@@book
101.04798,C places the instruction manual on the table with his right hand.,booklet@@@@@book
101.96209,C pushes the content in the Ziploc bag with his right hand.,plastic_bag
108.87307,C picks the cut piece on the Covid-19 test box with his right hand.,box
109.70714,C places the piece in the Ziploc bag with his right hand.,plastic_bag
113.49729,C places the testing plate in the Ziploc bag with his right hand.,plastic_bag
116.48847,C closes the Ziploc bag with his hands.,plastic_bag
118.68982,C picks the Covid-19 test box from the table with his left hand.,box
119.46631,C places the Ziploc bag in the Covid-19 test box with his right hand.,plastic_bag@@@@@box
122.65852,C picks the instruction manual on the table with his right hand.,booklet@@@@@book
123.70556,C folds the pack and instruction manual with his hands.,booklet@@@@@book
125.00034,C places the pack and the instruction manual in the Covid-19 test box with his right hand.,box@@@@@booklet@@@@@book
127.20188,C picks the paper on the table with his right hand.,newspaper@@@@@notebook@@@@@booklet@@@@@paperback_book@@@@@book@@@@@can
128.93484,C places the paper in the Covid-19 test box with his right hand.,box@@@@@booklet@@@@@book
131.16404,C closes the Covid-19 box with his left hand.,box
132.79055,C moves the Covid-19 box across the table with his left hand.,box
