timestamp,narration,object
2.31656,C takes a celery from a plate on the countertop with his left hand.,plate@@@@@celery
3.37032,C transfers the celery from his left hand to his right hand.,celery
4.791,C takes a banana from the plate on the countertop with his right hand.,banana@@@@@plate
5.4946,C places the celery on the plate on the countertop with his left hand.,plate@@@@@celery
6.59015,C transfers the banana from his right hand to his left hand.,banana
7.99175,C takes a knife from the plate on the countertop with his right hand.,plate@@@@@knife
9.23466,C holds the banana on the countertop with his left hand.,banana
10.11638,C cuts the banana on the countertop with the knife in his right hand.,banana@@@@@knife
10.59859,C takes the halved banana from the countertop with his left hand.,banana
11.08163,C puts the halved banana on the plate on the countertop with his left hand.,banana@@@@@plate
12.02246,C holds the banana on the countertop with his left hand.,banana
12.52372,C slices the banana on the countertop with the knife in his right hand.,banana@@@@@knife
18.21776,C moves the banana slices on the countertop with his left hand.,banana
19.79788,C moves the banana slice on the knife in his right hand to the countertop with his left hand.,banana@@@@@knife
20.76226,C places the knife on the countertop with his right hand.,knife
22.1405,C takes a plastic cup from a bowl on the countertop with his left hand.,cup@@@@@bowl
22.8713,C takes the bowl from the countertop with his right hand.,bowl
23.5008,C puts the plastic cup on the countertop with his left hand.,cup
24.58523,C transfers the bowl from his right hand to his left hand.,bowl
25.162,C holds the bowl on the countertop with his left hand.,bowl
25.34339,C packs the banana slices from the countertop with his right hand.,can@@@@@kitchen_table@@@@@banana@@@@@dining_table
26.7384,C adds the banana slices into the bowl on the countertop with his right hand.,banana@@@@@bowl
27.32912,C packs the banana slices from the countertop with his right hand.,can@@@@@kitchen_table@@@@@banana@@@@@dining_table
28.87377,C adds the banana slices into the bowl on the countertop with his right hand.,banana@@@@@bowl
29.32162,C picks a banana slice from the countertop with his right hand.,banana
30.02225,C adds the banana slice into the bowl on the countertop with his right hand.,banana@@@@@bowl
30.62795,C picks a banana slice from the countertop with his right hand.,banana
32.56452,C adds the banana slice into the bowl on the countertop with his right hand.,banana@@@@@bowl
32.9954,C picks a banana slice from the countertop with his left hand.,banana
33.73595,C adds the banana slice into the bowl on the countertop with his left hand.,banana@@@@@bowl
34.21725,C picks a banana slice from the countertop with his right hand.,banana
34.44855,C adds the banana slice into the bowl on the countertop with his right hand.,banana@@@@@bowl
35.21023,C takes a green pepper from the plate on the countertop with his left hand.,pepper_mill@@@@@plate
37.19928,C opens the tap with his right hand.,faucet
38.96559,C washes the green pepper in the sink with both hands.,pepper_mill@@@@@sink
41.53039,C cuts a portion of the green pepper from the green pepper in his right hand with his left hand.,pepper_mill@@@@@knife
44.30579,C closes the tap with his left hand.,faucet
46.67767,C puts the green pepper on the plate on the countertop with his left hand.,plate
47.992,C takes the knife from the countertop with his right hand.,knife
48.33223,C holds the portion of green pepper on the countertop with his left hand.,can@@@@@pepper_mill@@@@@hat
49.58125,C slices the portion of the green pepper on the countertop with the knife in his right hand.,pepper_mill@@@@@knife
64.67408,C puts the knife on the countertop with his right hand.,knife
66.27945,C adds the green pepper slices into the bowl on the countertop with his right hand.,pepper_mill@@@@@bowl
68.21942,C picks a tomato from a tomato pack on the countertop with his left hand.,tomato
69.289,C takes the knife from the countertop with his right hand.,knife
70.57261,C places the knife on the countertop with his right hand.,knife
71.50538,C packs tomatoes from the tomato pack on the countertop with his right hand.,tomato
73.42356,C transfers the tomatoes from his right hand to his left hand.,tomato
75.70233,C picks tomatoes from the tomato pack on the countertop with his right hand.,tomato
77.08275,C transfers the tomatoes from his right hand to his left hand.,tomato
78.52414,C opens the tap with his right hand.,faucet
79.714,C washes the tomatoes with both hands.,tomato
83.87783,C closes the tap with his left hand.,faucet
87.40312,C holds the tomatoes with both hands.,tomato@@@@@person
89.05767,C holds a tomato on the countertop with his left hand.,tomato
89.823,C takes the knife from the countertop with his right hand.,knife
90.96503,C slices the tomato on the countertop with the knife in his right hand.,tomato@@@@@knife
93.83723,C puts the knife on the countertop with his right hand.,knife
94.175,C takes the tomato slices from the countertop with his left hand.,tomato
94.75419,C separates the tomato slices with both hands.,tomato
95.8905,C adds tomato slices into the bowl on the countertop with both hands.,tomato@@@@@bowl
96.20902,C takes a tomato from his left hand with his right hand.,tomato
97.03709,C holds the tomato on the countertop with his left hand.,tomato
97.60335,C takes the knife from the countertop with his right hand.,knife
98.20694,C cuts tomato on the countertop with the knife in his right hand.,tomato@@@@@knife
100.5621,C takes the tomato slices from the countertop with his left hand.,tomato
101.35018,C separates the tomato slices with both hands.,tomato
103.16945,C adds the tomato slices into the bowl on the countertop with both hands.,tomato@@@@@bowl
103.77607,C takes a tomato from his left hand with his right hand.,tomato
104.48323,C holds the tomato on the countertop with his left hand.,tomato
105.47868,C cuts the tomato on the countertop with the knife in his right hand.,tomato@@@@@knife
108.91241,C takes the tomato slices from the countertop with his left hand.,tomato
109.62543,C separates the tomato slices with both hands.,tomato
111.02762,C adds tomato slices into the bowl on the countertop with both hands.,tomato@@@@@bowl
113.171,C holds the tomato on the countertop with his left hand.,tomato
115.73555,C cuts the tomato on the countertop with the knife in his right hand.,tomato@@@@@knife
117.54311,C takes the tomato slices from the countertop with his left hand.,tomato
118.30791,C separates the tomato slices with both hands.,tomato
119.10749,C adds tomato slices into the bowl on the countertop with both hands.,tomato@@@@@bowl
119.6941,C takes a tomato from his left hand with his right hand.,tomato
120.04231,C holds the tomato on the countertop with his left hand.,tomato
121.15647,C cuts the tomato on the countertop with the knife in his right hand.,tomato@@@@@knife
124.13957,C takes the tomato slices from the countertop with his left hand.,tomato
125.06374,C adds tomato slices into the bowl on the countertop with his left hand.,tomato@@@@@bowl
125.66299,C takes a tomato from his left hand with his right hand.,tomato
126.34919,C holds the tomato on the countertop with his left hand.,tomato
128.75142,C cuts the tomato on the countertop with the knife in his right hand,tomato@@@@@knife
131.28176,C takes the tomato slices from the countertop with his left hand.,tomato
132.4,C adds tomato slices into the bowl on the countertop with his left hand.,tomato@@@@@bowl
132.96124,C takes a tomato from his left hand with his right hand.,tomato
133.64244,C holds the tomato on the countertop with his left hand.,tomato
134.92926,C slices the tomato on the countertop with the knife in his right hand.,tomato@@@@@knife
136.64743,C takes the tomato slices from the countertop with his left hand.,tomato
137.23103,C adds tomato slices to the bowl on the countertop with his left hand.,tomato@@@@@bowl
137.97574,C holds a tomato on the countertop with his left hand.,tomato
139.16897,C cuts the tomato on the countertop with the knife in his right hand.,tomato@@@@@knife
141.57352,C takes the tomato slices from the countertop with his left hand.,tomato
142.6726,C adds the tomato slices t the bowl on the countertop with his let hand.,tomato@@@@@bowl
144.86436,C places the knife on the countertop with his right hand.,knife
145.7279,C takes the celery from the plate with his left hand.,plate@@@@@celery
149.0069,C moves a spring onion in the plate on the countertop with his right hand.,onion@@@@@plate
150.11261,C takes an onion from the plate on the countertop with his right hand.,onion@@@@@plate
151.27647,C puts the celery on the countertop with his left hand.,celery
152.22677,C transfers the onion from his right hand to his left hand.,onion
154.70236,C holds the onion on the countertop with his left hand,onion
154.95032,C takes the knife from the knife from the countertop with his right hand.,knife
158.00436,C cuts the onion on the countertop with the knife in his right hand.,onion@@@@@knife
158.7746,C takes the onion from the countertop with his left hand.,onion
159.59551,C puts the onion on the plate on the countertop with his left hand.,onion@@@@@plate
160.77449,C holds the portion of onion on the countertop with his left hand.,onion
161.71145,C slices the portion of onion on the countertop with the knife in his right hand.,onion@@@@@knife
165.60927,C picks an onion slice from the countertop with his left hand.,onion
166.1093,C adds the onion slice into the bowl on the countertop with his left hand.,onion@@@@@bowl
166.96521,C picks an onion slice from the countertop with his left hand.,onion
167.5,C adds the onion slice into the bowl on the countertop with his left hand.,onion@@@@@bowl
168.19872,C picks an onion slice from the countertop with his left hand.,onion
169.14744,C adds the onion slice into the bowl on the countertop with his left hand.,onion@@@@@bowl
171.0222,C puts the knife on the countertop with his right hand.,knife
186.3015,C takes a chopstick from a cup on the countertop with his right hand.,chopstick@@@@@cup
188.29616,C takes cheese from the cheese pack in his left hand with the chopstick in his right hand.,chopstick
191.67875,C adds cheese into a skillet on a cooker on the countertop with the chopstick in his right hand.,chopstick@@@@@cooker
203.511,C adds cheese into the bowl on the countertop from the cheese pack in his left hand with the chopstick in his right hand.,chopstick@@@@@bowl
209.70384,C places the chopstick on the bowl on the countertop with his right hand.,chopstick@@@@@bowl
211.823,C takes the skillet from the cooker with his left hand.,pan_(for_cooking)@@@@@cooker
213.587,C places the skillet on the cooker with his left hand.,pan_(for_cooking)@@@@@cooker
216.89156,C adjusts the skillet on the cooker with his left hand.,pan_(for_cooking)@@@@@cooker
220.91335,C takes a salt sachet from the countertop with his right hand.,can@@@@@saltshaker@@@@@sink@@@@@kitchen_sink
222.106,C holds the salt sachet with both hands.,condiment@@@@@saltshaker
225.52311,C adds salt from the salt sachet into the bowl on the countertop with both han,saltshaker@@@@@bowl
228.43429,C puts the salt sachet on the countertop with his right hand.,saltshaker@@@@@kitchen_table@@@@@dining_table
248.65907,C holds the cilantro stem with both hands.,celery
250.46695,C takes the knife from the countertop with his right hand.,knife
254.95257,C holds the cilantro stem on the countertop with his left hand.,tablecloth@@@@@celery
258.01472,C cuts a cilantro leaf from the cilantro stem on the countertop with the knife in his right hand.,knife
260.64386,C puts the knife on the countertop with his right hand.,knife
262.16081,C opens the tap with his right hand.,faucet
262.769,C closes the tap with his right hand.,faucet
264.38452,C adds the cilantro leaf into the bowl on the countertop with his right hand.,bowl@@@@@lettuce
273.0809,C takes a black olive slice container from the countertop with his right hand.,can@@@@@kitchen_table@@@@@canister
279.93949,C takes the chopstick from the bowl on the countertop with his right hand.,chopstick@@@@@bowl
281.87873,C adds black olive slice from the black olive slice container in his left hand into the bowl on the countertop with the chopstick with his right hand.,chopstick@@@@@bowl
284.96468,C places the chopstick on the bowl on the countertop with his right hand.,chopstick@@@@@bowl
287.33765,C places the lid on the black olive slice container in his left hand with his right hand.,jar
292.49671,C takes a bottle of oil from the countertop with his right hand.,lamp@@@@@oil_lamp@@@@@bottle
294.53785,C holds the bottle of oil with both hands.,bottle
297.71517,C opens the lid of the bottle of oil in his right hand with his left hand.,lamp@@@@@oil_lamp@@@@@bottle
300.6056,C adds oil from the bottle of oil into the bowl on the countertop with both hands.,bowl@@@@@bottle
302.47136,C places the lid on the bottle of oil in his right hand with his left hand.,bottle
307.05062,C puts the bottle of oil on the countertop with his left hand.,lamp@@@@@oil_lamp@@@@@bottle
311.19913,C takes a vinegar bottle from the countertop with his right hand.,bottle
312.72,C holds the vinegar bottle with both hands.,bottle
316.11267,C opens the lid of the vinegar bottle in his right hand with his left hand.,bottle_cap@@@@@bottle
319.45302,C adds vinegar into the bowl on the countertop from the vinegar bottle in his right hand.,bowl@@@@@bottle
322.12683,C places the lid on the vinegar bottle in his right hand with his left hand.,bottle_cap@@@@@bottle
326.13568,C puts the vinegar bottle on the countertop with his right hand.,bottle
328.44754,C takes a garlic from the plate on the countertop with his right hand.,garlic@@@@@plate
329.50161,C transfers the garlic to his left hand from his right hand.,garlic
330.274,C holds the garlic on the countertop with his left hand.,garlic
330.38565,C takes the knife from the countertop with his right hand.,knife
331.98356,C cut the garlic on the countertop with the knife in his right hand.,garlic@@@@@knife
332.96472,C takes the garlic from the countertop with his left hand.,garlic
333.84023,C puts the garlic in the plate on the countertop with his left hand.,garlic@@@@@plate
334.38037,C puts the knife on the countertop with his right hand.,knife
334.7516,C takes the portion of garlic from the countertop with his right hand.,garlic
336.598,C opens the tap with his left hand.,faucet
336.6,C rinses the portion of garlic in his right hand.,garlic@@@@@sink
338.46883,C adds the portion of garlic into the bowl on the countertop with his right hand.,garlic@@@@@bowl
342.15862,C moves the bowl on the countertop with his left hand.,bowl
349.24603,C holds the  black olive slice container with both hands.,can@@@@@canister
353.31594,C takes a spice container from the countertop with his right hand.,can@@@@@kitchen_table@@@@@canister
354.368,C holds the spice container with both hands.,can@@@@@canister
356.79448,C takes a pepper container from the countertop with his right hand.,kitchen_table@@@@@pepper_mill@@@@@dining_table
359.911,C opens the lid of the pepper container in his right hand with his left hand.,pepper_mill
361.9579,C adds pepper from the pepper container in his right hand into the bowl on the countertop.,pepper_mill@@@@@bowl
363.3756,C covers the lid of the pepper container with his left hand.,pepper_mill
365.79922,C holds the fennel seed container with both hands.,can@@@@@canister@@@@@lamp@@@@@oil_lamp
367.44,C opens the lid of the fennel seed container in his right hand with his left hand.,jar
369.22679,C adds fennel seed from the fennel seed container in his right hand into the bowl on the countertop.,bowl
374.20803,C takes a sesame oil bottle from the countertop with his right hand.,lamp@@@@@oil_lamp@@@@@bottle
375.546,C holds the sesame oil bottle with both hands.,bottle
380.547,C opens the lid of the sesame oil bottle in his right hand with his left hand.,can@@@@@lamp@@@@@oil_lamp@@@@@bottle
383.28115,C adds sesame oil into the bowl on the countertop from the sesame oil bottle with both hands.,bowl@@@@@bottle
384.73711,C covers the lid of the sesame oil bottle in his right hand with his left hand.,can@@@@@aerosol_can@@@@@lamp@@@@@oil_lamp@@@@@bottle
386.71733,C puts the sesame oil bottle on the countertop with his right hand.,lamp@@@@@oil_lamp@@@@@bottle
400.28433,C takes a butter container from the countertop with his right hand.,kitchen_table@@@@@butter@@@@@tablecloth
401.2571,C holds the butter container with both hands.,butter
402.02139,C opens the lid of the butter container in his right hand with his left hand.,butter
404.36488,C transfers the butter container from his right hand to his left hand.,can@@@@@pan_(metal_container)@@@@@canister@@@@@butter@@@@@plate
404.88073,C takes the chopstick from the bowl on the countertop with his right hand.,chopstick@@@@@bowl
408.68316,C takes butter from the butter container in his left hand with the chop stick in his right hand.,chopstick@@@@@butter
410.52403,C adds butter into the bowl on the countertop with the chopstick in his right hand.,chopstick@@@@@butter@@@@@bowl
411.49615,C takes the lid of the butter container from the countertop with his right hand.,butter
412.51005,C places the lid on the butter container in his left hand with his right hand.,butter
420.5261,C moves the knife on the countertop with his right hand.,knife
423.423,C holds the bowl of salad on the countertop with his left hand.,bowl@@@@@salad
423.8005,C stirs the salad in the bowl on the countertop with the chopstick in his right hand.,chopstick@@@@@bowl@@@@@salad
427.31538,C takes the bowl of salad from the countertop with his left hand.,bowl@@@@@salad
441.95504,C puts the bowl of salad on the countertop with his left hand.,bowl@@@@@salad
2.31439,C picks a Celery from the plate on the countertop with his left hand.,plate@@@@@celery
3.4505,C passes the Celery in his right hand to his left hand.,celery
4.67911,C picks a banana from the plate on the countertop with his right hand.,banana@@@@@plate
5.55248,C places the Celery on the plate with his left hand.,plate@@@@@celery
6.21463,C passes the banana in his right hand to his left hand.,banana
7.73979,C picks a knife from the plate on the countertop with his right hand.,plate@@@@@knife
9.2091,C places the banana on the countertop with his left hand.,banana
9.83918,C cuts the banana in two with the knife in his right hand.,banana@@@@@knife
10.60484,C picks a half of the banana on the countertop with his left hand.,banana
11.00338,C places the banana on the plate with his left hand.,banana@@@@@plate
11.94646,C holds the banana on the countertop with his left hand.,banana
12.3939,C slices the banana on the countertop with the knife in his right hand.,banana@@@@@knife
18.03235,C scoops the sliced banana together with his left hand.,banana
19.67453,C scoops the banana on the knife with his left hand.,banana@@@@@knife
20.64816,C places the knife on the countertop with his right hand.,knife
22.12607,C picks a cup from the plate on the countertop with his left hand.,plate@@@@@cup
22.73077,C picks the plate on the countertop with his right hand.,plate
23.63873,C places the cup on the countertop with his left hand.,cup
24.54566,C passes the plate in his right hand to his left hand.,plate
25.19289,C places the plate on the countertop with his left hand.,plate
25.73048,C scoops the sliced banana on the countertop with his right hand.,banana
26.79886,C drops the sliced banana in the plate with his right hand.,banana@@@@@plate
27.20559,C scoops the sliced banana on the countertop with his right hand.,banana
28.85093,C drops the sliced banana in the plate with his right hand.,banana@@@@@plate
29.35226,C scoops the sliced banana on the countertop with his right hand.,banana
30.01094,C drops the sliced banana in the plate with his right hand.,banana@@@@@plate
30.34579,C scoops the sliced banana on the countertop with his right hand.,banana
32.58432,C drops the sliced banana in the plate with his right hand.,banana@@@@@plate
32.79111,C scoops the sliced banana on the countertop with both hands.,banana
33.64447,C drops the sliced banana in the plate with his left hand.,banana@@@@@plate
34.33393,C drops the sliced banana in the plate with his right hand.,banana@@@@@plate
35.01014,C picks a bell pepper from the plate on the countertop with his left hand.,plate
37.04912,C turns the knob of the faucet with his right hand.,faucet@@@@@knob
38.58124,C washes the bell pepper under the faucet with both hands.,faucet
40.4479,C cuts the bell pepper with both hands under the faucet.,faucet
44.28356,C turns the knob of the faucet with his left hand.,faucet@@@@@knob
46.57349,C places the bell pepper on the plate with his right hand.,plate
47.92329,C picks a knife from the countertop with his right hand.,knife
49.52982,C slices the bell pepper on the countertop with the knife in his right hand.,knife
64.37406,C places the knife in his right hand on the countertop.,knife
66.42844,C adds the sliced bell pepper in his right hand to plate on the countertop.,plate
68.11845,C picks a cherry tomato from the plate on the countertop with his left hand.,tomato@@@@@plate
69.14511,C picks a knife from the countertop with his right hand.,knife
70.51367,C places the knife on the countertop with his right hand.,knife
71.3935,C picks cherry tomato from the plate on the countertop with his right hand.,tomato@@@@@plate
73.41067,C passes the cherry tomatoes in his right hand to his left hand.,tomato
75.58229,C picks cherry tomato from the plate on the countertop with his right hand.,tomato@@@@@plate
77.10876,C passes the cherry tomatoes in his right hand to his left hand.,tomato
77.91778,C turns the knob of the faucet with his right hand.,faucet@@@@@knob
78.68458,C washes the cherry tomato under the faucet with his left hand.,tomato@@@@@faucet
79.45939,C turns the knob of the faucet with his right hand.,faucet@@@@@knob
79.67953,C washes the cherry tomato with both hands.,tomato
83.33876,C turns the knob of the faucet with his left hand.,faucet@@@@@knob
84.2463,C shakes his right hand in the sink to drain off excess water.,sink
89.43302,C places the cherry tomato on the countertop with both hands.,tomato@@@@@kitchen_table
89.76281,C picks a knife from the countertop with his right hand.,knife
90.39368,C cuts the cherry tomato on the countertop with the knife in his right hand.,tomato@@@@@knife
93.66007,C places the knife in his right hand on the countertop.,knife
93.92673,C picks the sliced tomato from the countertop with his left hand.,tomato
94.74385,C opens the sliced tomato in his left hand with his right hand.,tomato
95.60931,C drops the cherry tomato in the plate on the countertop with both hands.,tomato@@@@@plate
96.32646,C picks a cherry tomato in his left hand with his right hand.,tomato
97.02531,C passes the cherry tomato in his right hand to his left hand.,tomato
97.31925,C places the cherry tomato in his left hand on the countertop.,tomato
97.48319,C picks the knife on the countertop with his right hand.,knife
98.10109,C cuts the tomato on the countertop with the knife in his right hand.,tomato@@@@@knife
100.60553,C picks the tomato with his left hand.,tomato
101.12499,C holds the cherry tomato in his left hand with his right hand.,tomato
102.49995,C cuts the tomato with both hands.,tomato@@@@@knife
102.88358,C drops the cherry tomato into the bowl with both hands.,tomato@@@@@bowl
103.5732,C picks a cherry tomato in his left hand with his right hand.,tomato
104.47179,C holds the cherry tomato in his right hand with his left hand.,tomato
104.8194,C places the cherry tomato on the countertop with his left hand.,tomato@@@@@hat
105.3692,C cuts the cherry tomato on the countertop with the knife in his right hand.,tomato@@@@@knife
108.58137,C picks the tomato from the countertop with his left hand.,tomato
109.38509,C cuts the tomato in his left hand with both hands.,tomato@@@@@knife
110.75159,C drops the sliced tomato into the plate on the countertop with both hands.,tomato@@@@@plate
112.78459,C holds the cherry tomato in his left hand with his right hand.,tomato
113.44614,C places the cherry tomato on the countertop with both hands.,tomato@@@@@kitchen_table
114.13868,C cuts the cherry tomato on the countertop with the knife in his right hand.,tomato@@@@@knife
117.56135,C picks the tomato from the countertop with his left hand.,tomato
117.7832,C cuts the tomato in his left hand with both hands.,tomato@@@@@knife
119.0216,C drops the cherry tomato into the plate on the countertop with both hands.,tomato@@@@@plate
119.6322,C picks a cherry tomato from his left hand with his right hand.,tomato
120.2809,C places the tomato on the countertop with his left hand.,tomato
120.87537,C cuts tomato on the countertop with the knife in his right hand.,tomato@@@@@knife
124.30218,C picks the sliced tomato from the countertop with his left hand.,tomato
125.05949,C drops the cherry tomato in the plate on the countertop with his left hand.,tomato@@@@@plate
125.5162,C picks a cherry tomato from his left hand with his right hand.,tomato
126.12624,C holds the cherry tomato in his right hand with his left hand.,tomato
126.54508,C places the cherry tomato on the countertop with both hands.,tomato@@@@@kitchen_table
127.02064,C cuts the tomato on the countertop with the knife in his right hand.,tomato@@@@@knife
131.2707,C picks the cut cherry tomato on the countertop with his left hand.,tomato
132.52139,C drops the cherry tomato in the plate on the countertop with his left hand.,tomato@@@@@plate
133.05229,C picks a cherry tomato from his left hand with his right hand.,tomato
133.68608,C passes the tomato in his right hand to his left hand.,tomato
134.17394,C places the cherry tomato in his left hand on the countertop.,tomato
134.72407,C cuts the tomato on the countertop with the knife in his right hand.,tomato@@@@@knife
136.60272,C picks cherry tomato from the countertop with his left hand.,tomato
137.28844,C drops the cherry tomato in the plate on the countertop with his left hand.,tomato@@@@@plate
138.52263,C places cherry tomato on the countertop with his left hand.,tomato@@@@@can@@@@@kitchen_table
139.61226,C cuts the tomato on the countertop with the knife in his right hand.,tomato@@@@@knife
141.54009,C picks cherry tomato from the countertop with his left hand.,tomato
142.84042,C drops the cherry tomato in the plate on the countertop with his left hand.,tomato@@@@@plate
145.39681,C places the knife on the countertop with his right hand.,knife
145.63396,C picks a Celery from the plate on the counter top with his left hand.,plate@@@@@celery
148.75925,C touches the spring onion on the plate with his right hand.,onion@@@@@plate
149.90958,C picks an onion bulb from the plate on the countertop with his right hand.,onion@@@@@plate
151.46769,C places the celery on the plate on the countertop with his left hand.,plate@@@@@celery
152.13437,C passes the onion in his right hand to his left hand.,onion
154.11869,C holds the onion in his left hand with his right hand.,onion
154.60894,C places the onion on the countertop with his left hand.,onion
154.86798,C picks a knife from the countertop with my right hand.,knife
157.70659,C cuts the onion on the countertop with the knife in his right hand.,onion@@@@@knife
159.03342,C picks the onion from the countertop with his left hand.,onion
160.81399,C cuts the onion on the countertop with the knife in his right hand.,onion@@@@@knife
165.42081,C picks the sliced onion on the countertop with his left hand.,onion
166.21496,C drops the sliced onion in the plate on the countertop with his left hand.,onion@@@@@plate
167.02479,C picks the sliced onion on the countertop with his left hand.,onion
167.57416,C drops the sliced onion in the plate on the countertop with his left hand.,onion@@@@@plate
168.04455,C picks the sliced onion on the countertop with his left hand.,onion
169.17326,C drops the sliced onion in the plate on the countertop with his left hand.,onion@@@@@plate
170.86535,C places the knife on the countertop with his right hand.,knife
171.93719,C touches the spoon on the countertop with his right hand.,spoon
173.08592,C touches a bar of butter on the countertop with his left hand,butter
176.30192,C picks a box of milk from the countertop with his right hand.,milk@@@@@box
177.57147,C places the box of milk on the countertop with his right hand.,milk@@@@@box
177.96897,C touches a bar of butter on the countertop with both hands.,butter
188.00655,C scoops cheese with the steel rod in his right hand.,spoon@@@@@spatula
191.45533,C adds the cheese to the skillet on the electric cooker with the steel rod in his right hand.,cooker
196.89324,C scoops cheese with the steel rod in his right hand.,spoon@@@@@spatula
208.362,C adds the cheese to the plate of vegetables on the countertop with the steel rod in his right hand.,eel@@@@@spoon@@@@@spatula@@@@@plate
211.93995,C lifts the skillet from the electric cooker with his left hand.,pan_(for_cooking)@@@@@cooker
214.43055,C turns on the electrical outlet with his right hand.,sock@@@@@wall_socket
220.71728,C picks a bag of salt from the countertop with his right hand.,saltshaker@@@@@sink@@@@@kitchen_sink
222.15934,C holds the bag of salt in his right hand with his left hand.,saltshaker@@@@@handbag
223.87609,C adds salt to the plate of vegetable on the countertop with both hands.,saltshaker@@@@@plate
230.734,C touches a spring onion on plate with his right hand.,onion@@@@@plate
232.65938,C picks a spring onion from the plate on the countertop with his left hand.,onion@@@@@plate
233.77398,C holds the spring onion in his left hand with his right hand.,onion
235.1032,C picks the spring onion on the plate on the countertop with his right hand.,onion@@@@@plate
237.68412,C places the spring onion in the plate on the countertop with his right hand.,onion@@@@@plate
238.73715,C picks a celery shoot from the plate on the countertop with his right hand.,plate@@@@@celery
242.14006,C places the celery shoot on the plate with his right hand.,plate@@@@@celery
244.59872,C moves the celery on the plate with his left hand.,plate@@@@@celery
246.71389,C picks a mint leave from the plate on the countertop with his right hand.,plate
250.45488,C picks the knife on the countertop with his right hand.,knife
254.9282,C holds the mint leave on the countertop with his left hand.,chopping_board@@@@@oar@@@@@lettuce
256.32114,C cuts the mint leave on countertop with the knife in his right hand.,knife
259.86928,C places the mint leave in the plate on the countertop with his left hand.,plate
260.61952,C holds the mint leave on the countertop with his left hand.,chopping_board@@@@@oar@@@@@lettuce
260.94571,C places the knife in his right hand on the countertop.,knife
261.95559,C turns the knob of the faucet with his right hand.,faucet@@@@@knob
262.56549,C washes his left hand under the faucet.,faucet
262.89881,C turns the knob of the faucet with his right hand.,faucet@@@@@knob
268.81007,C adjusts the camera glasses with his left hand.,spectacles
269.44117,C touches a yellow jar on the countertop with his right hand.,jar
271.12854,C touches a red bottle on the countertop with his right hand.,bottle
273.08538,C picks a black olive jar from the countertop with his right hand.,jar
274.89026,C holds the black olive jar in his right hand with his left hand.,jar
277.00261,C opens the black olive jar in his right hand with his left hand.,jar
279.19453,C passes the black olive jar in his right hand to his left hand.,jar
279.95353,C picks the steel rod in the plate on the co,plate
280.8118,C scoops black olive from the black olive jar with the steel rod in his right hand.,spoon@@@@@spatula@@@@@jar
282.68898,C adds black olive to the greek salad with the steel rod in his right hand.,spoon@@@@@spatula@@@@@salad
284.88187,C places the steel rod in the plate on the countertop with his right hand.,plate
285.65391,C picks the black olive jar from the countertop with his right hand.,jar
287.2921,C closes the black olive jar in his left hand with the lid in his right hand.,jar
289.48086,C passes the black olive jar in his left hand to his right hand.,jar
290.79107,C places the black olive jar on the countertop with his right hand.,kitchen_table@@@@@jar
292.75558,C picks a bottle of olive oil from the countertop with his right hand.,bottle
294.59932,C holds the olive oil in his right hand with his left hand.,lamp@@@@@oil_lamp
297.79159,C opens the olive oil bottle in his right hand with his left hand.,can@@@@@aerosol_can@@@@@canister@@@@@lamp@@@@@oil_lamp@@@@@bottle
300.78088,C adds olive oil to the greek salad in the plate on the countertop from the bottle in his hands.,plate@@@@@bottle
302.45248,C closes the olive oil bottle with the cap in his left hand.,bottle_cap@@@@@bottle
307.14218,C places the olive oil bottle on the countertop with his left hand.,bottle
311.50817,C picks a bottle of red wine vinegar from the countertop with his right hand.,bottle
312.7662,C holds the bottle of red wine vinegar in his right hand with his left hand.,bottle
316.20333,C opens the bottle of red wine vinegar in his right hand with his left hand.,bottle
320.00506,C adds red wine vinegar to the greek salad in the plate from the bottle in his right hand.,plate@@@@@bottle
322.03778,C closes the bottle of red wine vinegar in his right hand with the cap in his left hand.,bottle_cap@@@@@bottle
326.05608,C places the bottle of red vine vinegar on the countertop with his right hand.,bottle
328.36962,C picks a garlic clove from the plate on the countertop with his right hand.,garlic@@@@@plate
329.41831,C passes the garlic clove in his right hand to his left hand.,garlic
330.22792,C picks the knife on the countertop with his right hand.,knife
330.49458,C places the garlic clove in his left hand on the countertop.,garlic
332.02296,C cuts the garlic clove on the countertop with the knife in his right hand.,garlic@@@@@knife
333.1742,C picks the garlic clove on the countertop with his left hand.,garlic
334.07523,C places the garlic clove in his left hand in the plate on the countertop.,garlic@@@@@plate
334.41264,C places the knife in his right hand on the countertop.,knife
334.60313,C picks the garlic clove on the countertop with his right hand.,garlic
336.40633,C turns the knob of the faucet with his left hand.,faucet@@@@@knob
336.61319,C washes the garlic clove in his right hand under the faucet.,garlic@@@@@faucet
337.33039,C turns the knob of the faucet with his left hand.,faucet@@@@@knob
338.49533,C drops the garlic clove in the greek salad with his right hand.,garlic@@@@@salad
342.03069,C moves the plate of greek salad on the countertop with his left hand.,plate@@@@@salad
347.75074,C picks a jar of black olives from the countertop with his right hand.,jar
349.30228,C holds the black olive jar in his right hand with his left hand.,jar
351.4938,C places the black olive jar on the countertop with his right hand.,kitchen_table@@@@@jar
353.28776,C picks a jar of mustard from the countertop with his right hand.,jar
354.336,C holds the jar of mustard in his right hand with his left hand.,jar
355.60074,C places the jar of mustard on the countertop with his right hand.,jar
356.65802,C picks a can of ground chili from the countertop with his right hand.,can
358.48324,C places the can of ground chili on the countertop with his right hand.,can
359.05369,C picks a can of ground chili from the countertop with his right hand.,can
359.67174,C holds the can of ground chili in his right hand with his left hand.,can
360.35344,C opens the can of ground chili in his right hand with his left hand.,can
362.03597,C adds ground chili to the Greek salad from the can in his right hand.,can@@@@@salad
363.00649,C closes the can of dried chili in his right hand with his right hand.,can
363.99331,C places the can of ground chili on the countertop with his right hand.,can
364.63878,C picks a can of oregano from the countertop with his right hand.,can
365.75912,C holds the can of oregano in his right hand with his left hand.,can
366.60252,C opens the can of oregano in his right hand with his left hand.,can
369.07513,C adds oregano to the Greek salad on the countertop with his right hand.,salad
372.1933,C closes the oregano can with his right hand.,can
373.27961,C places the can of oregano on the countertop with his right hand.,can
374.27792,C picks a bottle of sesame oil from the countertop with his right hand.,bottle
375.57767,C holds the bottle of sesame oil in his right hand with his left hand.,bottle
379.01559,C opens the bottle of sesame oil in his right hand with his left hand.,bottle
383.07977,C adds sesame oil to the Greek salad.,salad
384.59309,C closes the sesame oil bottle in his right hand with his left hand.,bottle
386.73785,C places the bottle of sesame oil on the countertop with his right hand.,bottle
396.96323,C picks a can of oregano from the countertop with his right hand.,can
399.32306,C places the can of oregano on the countertop with his right hand.,can
400.21275,C picks a jar of mustard from the countertop with his right hand.,jar
401.20101,C holds the jar of mustard in his right hand with his left hand.,jar
401.9741,C opens the jar of mustard in his right hand with is left hand.,jar
403.76544,C places the lid of the jar of mustard on the countertop with his left hand.,jar
404.31106,C passes the jar of mustard in his right hand to his left hand.,jar
404.90604,C picks the steel rod in the salad plate on the countertop with his right hand.,plate
406.01885,C scoops mustard from the mustard jar with the steel rod in his right hand.,eel@@@@@spatula@@@@@jar@@@@@knife
410.63062,C adds mustard to the Greek salad with the steel rod in his right hand.,condiment@@@@@salad
412.47026,C closes the mustard jar with the lid in his right hand.,jar
414.73947,C places the mustard jar on the countertop with his right hand.,jar
420.34066,C moves the knife on the countertop with his right hand.,knife
423.23597,C holds the steel rod in the greek salad with his right hand.,fork@@@@@salad
423.3693,C holds the Greek salad plate on the countertop with his left hand.,plate
423.65523,C stirs the Greek salad mixture with the steel rod in his right hand.,spoon@@@@@salad
427.37527,C picks the Greek salad plate on the countertop with his left hand.,can@@@@@plate@@@@@hat@@@@@salad
428.44168,C stirs the Greek salad mixture with the steel rod in his right hand.,spoon@@@@@salad
441.90402,C places the Greek salad plate on the countertop with his left hand.,plate
