timestamp,narration,object
3.33705,C lifts a COVID-19 collection swab pack from the table with his right hand.,box
4.44204,C moves a COVID-19 test kit box on the table with his left hand.,box
6.64546,C places the COVID-19 collection swab pack on the table with his right hand.,box
7.08638,C lifts the COVID-19 test kit box from the table with both hands.,box
8.25163,C removes a COVID-19 testing plate pack from the COVID-19 test kit box with his left hand.,box
9.18258,C places the COVID-19 test kit box on the table with his right hand.,box
9.77328,C holds the COVID-19 testing plate pack with both hands.,box@@@@@person
10.6814,C tears open the COVID-19 testing plate pack with both hands.,box@@@@@person
15.93299,C places a piece of the COVID-19 testing plate pack on the table with his right hand.,box
16.67715,C removes the COVID-19 testing plate from the pack with his right hand.,box
18.09652,C holds the COVID-19 testing plate pack with his right hand.,box@@@@@person
18.655,C places the COVID-19 testing plate pack on the table with his right hand.,box
18.71,C tilts the COVID-19 testing plate on the table with his left hand.,person@@@@@desk@@@@@tray@@@@@table-tennis_table@@@@@dining_table@@@@@coffee_table
19.05055,C picks a COVID-19 testing tube from a biosafety bag on the table with his right hand.,box
19.78804,C holds the COVID-19 testing tube with his left hand.,person@@@@@glass_(drink_container)@@@@@bottle@@@@@cup
20.54346,C touches the COVID-19 collection swab pack on the table with his right hand.,box
21.00805,C opens the seal of the COVID-19 testing tube with his right hand.,box
23.6949,C places the COVID-19 testing tube seal on the table with his right hand.,box
24.82492,C picks the COVID-19 collection swab pack from the table with his right hand.,paperback_book@@@@@box@@@@@person@@@@@packet@@@@@desk@@@@@table-tennis_table@@@@@dining_table@@@@@coffee_table@@@@@booklet@@@@@book
25.45541,C holds the COVID-19 collection swab pack with both hands.,box@@@@@person
29.06902,C opens the COVID-19 collection swab pack with both hands.,box@@@@@person
31.30566,C removes the COVID-19 collection swab from the pack with his right hand.,box
32.00883,C holds the COVID-19 collection swab pack with his right hand.,box@@@@@person
32.5166,C places the COVID-19 collection swab pack on the table with his right hand.,box
40.01565,C dips the COVID-19 collection swab in the COVID-19 testing tube with his right hand.,box
41.13448,C swirls the COVID-19 collection swab in the COVID-19 testing tube with his right hand.,box
47.50649,C places the broken end of the COVID-19 collection swab on the table with his right hand.,paperback_book@@@@@cigar_box@@@@@box@@@@@cigarette_case@@@@@cigarette@@@@@desk@@@@@table-tennis_table@@@@@dining_table@@@@@coffee_table@@@@@booklet@@@@@book
48.195,C holds the COVID-19 testing tube with both hands.,person@@@@@glass_(drink_container)@@@@@bottle@@@@@cup
48.87689,C closes the cap of the COVID-19 testing tube with his right hand.,bottle_cap@@@@@person@@@@@glass_(drink_container)@@@@@bottle@@@@@cup
51.74212,C holds the COVID-19 testing tube with both hands.,person@@@@@glass_(drink_container)@@@@@bottle@@@@@cup
52.23148,C shakes the COVID-19 testing tube with his right hand.,person@@@@@glass_(drink_container)@@@@@bottle@@@@@cup
53.605,C tilts the COVID-19 testing plate on the table with his left hand.,person@@@@@desk@@@@@tray@@@@@table-tennis_table@@@@@dining_table@@@@@coffee_table
55.099,C applies a few drops of the COVID-19 testing solution to the COVID-19 testing plate with his right hand.,person@@@@@tray
55.473,C holds the COVID-19 testing tube with his left hand.,person@@@@@glass_(drink_container)@@@@@bottle@@@@@cup
59.568,C tilts the COVID-19 testing plate on the table with his left hand.,person@@@@@desk@@@@@tray@@@@@table-tennis_table@@@@@dining_table@@@@@coffee_table
61.97821,C lifts the COVID-19 test kit box on the table with both hands.,paperback_book@@@@@box@@@@@person@@@@@desk@@@@@table-tennis_table@@@@@dining_table@@@@@coffee_table@@@@@booklet@@@@@book
62.76743,C places the COVID-19 test kit box on the table with his left hand.,paperback_book@@@@@box@@@@@desk@@@@@table-tennis_table@@@@@dining_table@@@@@coffee_table@@@@@booklet@@@@@book
63.24163,C picks the biosafety bag from the table with his left hand.,person@@@@@desk@@@@@backpack@@@@@table-tennis_table@@@@@dining_table@@@@@coffee_table@@@@@handbag@@@@@plastic_bag
64.5466,C holds the biosafety bag with both hands.,person@@@@@backpack@@@@@handbag@@@@@plastic_bag
67.82854,C opens the biosafety bag with both hands.,person@@@@@backpack@@@@@handbag@@@@@plastic_bag
69.15559,C places the COVID-19 testing tube in the biosafety bag with his right hand.,person@@@@@glass_(drink_container)@@@@@backpack@@@@@bottle@@@@@handbag@@@@@cup@@@@@plastic_bag
71.20056,C picks the broken end of the COVID-19 collection swab from the table with his right hand.,paperback_book@@@@@cigar_box@@@@@box@@@@@person@@@@@cigarette_case@@@@@cigarette@@@@@desk@@@@@table-tennis_table@@@@@dining_table@@@@@coffee_table@@@@@booklet@@@@@book
71.85485,C places the broken end of the COVID-19 collection swab in the biosafety bag with his right hand.,paperback_book@@@@@cigar_box@@@@@box@@@@@person@@@@@cigarette_case@@@@@cigarette@@@@@backpack@@@@@booklet@@@@@handbag@@@@@book@@@@@plastic_bag
72.68257,C picks the seal of the COVID-19 testing tube from the table with his right hand.,bottle_cap@@@@@person@@@@@desk@@@@@bottle@@@@@table-tennis_table@@@@@dining_table@@@@@coffee_table
73.49212,C places the seal of the COVID-19 testing tube in the biosafety bag with his right hand.,bottle_cap@@@@@person@@@@@backpack@@@@@bottle@@@@@handbag@@@@@plastic_bag
74.13266,C picks the COVID-19 collection swab pack from the table with his right hand.,paperback_book@@@@@box@@@@@person@@@@@packet@@@@@desk@@@@@table-tennis_table@@@@@dining_table@@@@@coffee_table@@@@@booklet@@@@@book
75.09343,C places the COVID-19 collection swab pack in the biosafety bag with his right hand.,paperback_book@@@@@box@@@@@person@@@@@packet@@@@@backpack@@@@@booklet@@@@@handbag@@@@@book@@@@@plastic_bag
78.12444,C picks the torn piece of the COVID-19 testing plate pack from the table with his right hand.,paperback_book@@@@@box@@@@@person@@@@@packet@@@@@desk@@@@@table-tennis_table@@@@@dining_table@@@@@coffee_table@@@@@booklet@@@@@book
78.68206,C places the torn piece of the COVID-19 testing plate pack in the biosafety bag with his right hand.,paperback_book@@@@@box@@@@@person@@@@@packet@@@@@backpack@@@@@booklet@@@@@handbag@@@@@book@@@@@plastic_bag
79.41642,C holds the biosafety bag with both hands.,person@@@@@backpack@@@@@handbag@@@@@plastic_bag
80.58463,C closes the biosafety bag with both hands.,person@@@@@backpack@@@@@handbag@@@@@plastic_bag
83.36929,C picks the COVID-19 testing plate pack from the table with his right hand.,paperback_book@@@@@box@@@@@person@@@@@packet@@@@@desk@@@@@table-tennis_table@@@@@dining_table@@@@@coffee_table@@@@@booklet@@@@@book
92.11156,C places the COVID-19 test kit box on the table with his right hand.,box
