timestamp,narration,object
14.20065,C picks the Covid test box from the table with his left hand.,person@@@@@box
14.82891,C touches the scissors on the table with his right hand.,scissors@@@@@person
16.146,C holds the Covid test box with both hands.,person@@@@@box
18.11954,C places the Covid test box on the table with both hands.,box
18.90641,C picks the scissors from the table with his right hand.,scissors@@@@@person
20.61927,C cuts the Covid test box with the scissors in her right hand.,scissors@@@@@box
21.90717,C places the scissors on the table with his right hand.,scissors
22.586,C holds the Covid test box with his right hand.,person@@@@@box
22.83826,C opens the Covid test box with his left hand.,person@@@@@box
24.606,C opens the Covid test box with both hands.,person@@@@@box
27.553,C picks the nasal swab pack from the Covid test box with his left hand.,person@@@@@box
29.809,C picks the test manuals from the Covid test box with his left hand.,book@@@@@person@@@@@booklet
32.87972,C places the test manuals on the table with his left hand.,book@@@@@booklet
33.7215,C picks the extraction buffer tube and test strip packs from the Covid test box with his left hand.,person@@@@@box
35.58467,C transfers the extraction buffer tube pack from his left hand to his right hand.,person@@@@@box
36.55602,C places the test strip pack on the table with his left hand.,packet
37.0027,C holds the extraction buffer tube pack with both hands.,person@@@@@box
38.02311,C places the extraction buffer tube pack on the table with his right hand.,box
38.52,C moves the Covid test box on the table with his left hand.,box
39.21097,C picks the extraction buffer tube stand from the Covid test box with his left hand.,person@@@@@box
41.41831,C moves the test strip pack on the table with his left hand.,packet
41.63748,C moves the nasal swab pack on the table with his right hand.,packet
42.35325,C touches the nasal swab pack on the table with his left hand.,packet@@@@@person
42.35325,C picks the extraction buffer tube pack from the table with his right hand.,cup@@@@@person@@@@@box
42.872,C holds the extraction buffer tube pack with both hands.,person@@@@@box
43.0483,C checks the extraction buffer tube pack in his hands.,person@@@@@box
44.77007,C opens the extraction buffer tube pack with his left hand.,person@@@@@box
46.12454,C picks the extraction buffer tube from the extraction buffer tube pack with his left hand.,packet@@@@@person@@@@@cat@@@@@hat@@@@@box
51.59953,C places the extraction buffer tube pack on the table with his right hand.,box
95.73734,C picks the extraction buffer tube pack from the table with his left hand.,box
96.63687,C moves the buffer tube in the extraction buffer tube pack with his right hand.,cup@@@@@person
100.65832,C picks the buffer tube from the extraction buffer tube with his left hand.,cup@@@@@person
101.034,C drops the extraction buffer tube pack on the table with his right hand.,person@@@@@box
101.37633,C touches the buffer tube in his left hand with his right hand.,cup@@@@@person
102.15296,C opens the buffer tube lid with his right hand.,cup@@@@@person
105.12818,C puts the buffer tube lid in the Covid test box with his right hand.,cup@@@@@box
106.04889,C opens the extraction buffer tube with his right hand.,cup@@@@@person
106.13429,C holds the extraction buffer tube on the extraction buffer tube stand with his left hand.,cup@@@@@person
107.846,C places the extraction buffer tube lid on the table with his right hand.,cup@@@@@person
108.08688,C picks the extraction buffer tube from the extraction buffer tube stand with his left hand.,cup@@@@@person
109.39104,C picks the buffer tube in his left hand with his right hand.,cup@@@@@person
110.52672,C transfers the buffer from the buffer tube into the extraction buffer tube with his right hand.,cup
116.19689,C puts the buffer tube in the Covid test box with her right hand.,cup@@@@@box
116.801,C touches the extraction buffer tube tip with her right hand.,cup@@@@@person
118.52285,C dips the nasal swab in the extraction buffer tube with her right hand.,cup@@@@@person
119.78924,C swirls the nasal swab around in the extraction buffer tube with his right hand.,cup@@@@@person
127.87358,C checks the extraction buffer tube in his hands.,cup@@@@@person
136.587,C picks the extraction buffer tube lid from the table with his right hand.,cup@@@@@person
137.81621,C covers the extraction buffer with the extraction buffer lid in his right hand.,cup
143.14997,C touches the extraction buffer tube in his left hand with his right hand.,cup@@@@@person
143.85835,C picks the extraction buffer tube pack from the table with his right hand.,cup@@@@@person@@@@@box
144.40543,C places the extraction buffer tube pack on the table with his right hand.,box
145.09358,C opens the extraction buffer tube tip with his left hand.,bottle@@@@@bottle_cap
148.5482,C turns the test strip on the table with his left hand.,book@@@@@booklet
150.63512,C squeezes the liquid from the extraction buffer tube into the test strip hole with his right hand.,bottle@@@@@book@@@@@booklet
165.67758,C covers the extraction buffer tube with the extraction buffer tube tip in his left hand.,bottle@@@@@bottle_cap
168.64647,C picks the extraction buffer tube pack from the table with his left hand.,box
169.27681,C opens the extraction buffer tube pack with both hands.,box
170.974,C puts the extraction buffer tube in the extraction buffer tube pack with his right hand.,bottle@@@@@box
172.09727,C seals the extraction buffer tube pack with both hands.,box
177.72874,C puts the extraction buffer tube pack in the Covid test box with his right hand.,box
177.849,C adjusts the extraction buffer tube pack in the Covid test tube pack with his right hand.,box
179.05618,C picks the test manuals from the table with his left hand.,book
180.746,C holds the test manuals with both hands.,book
181.222,C puts the test manuals in the Covid test box with both hands.,book@@@@@box
191.19167,C moves his left finger on the test strip.,book@@@@@booklet
203.4526,C touches the test strip on the table with his right hand.,book@@@@@booklet
210.80037,C moves his right finger on the test strip.,book@@@@@booklet
305.73846,C picks the test strip from the table with both hands.,book@@@@@booklet
306.84953,C checks the test strip in his hands.,book@@@@@booklet
308.56756,C places the test strip on the table with both hands.,book@@@@@booklet
309.65306,C moves the test strip on the table with both hands.,book@@@@@booklet
310.16314,C picks the test strip from the table with his right hand.,book@@@@@booklet
310.5208,C puts the test strip in the Covid test bx with his right hand.,book@@@@@booklet@@@@@box
311.37133,C covers the Covid test box lid with both hands.,box
