timestamp,narration,object
5.9771,C taps the CPR mannequin’s chest with both hands.,person
10.644,C places both hands on the CPR mannequin’s head.,person
11.108,C checks for breathing through the CPR mannequin’s mouth.,person
14.14036,C places his interlaced hands on the CPR mannequin’s chest.,person
15.892,C compresses the CPR mannequin’s chest with both hands.,person
29.763,C places both hands on the CPR mannequin’s head.,person
30.38104,C checks for breathing through the CPR mannequin’s mouth.,person
35.197,C places his interlaced hands on the CPR mannequin’s chest.,person
37.11573,C compresses the CPR mannequin’s chest with both hands.,person
51.48234,C places both hands on the CPR mannequin’s head.,person
52.23617,C checks for breathing through the CPR mannequin’s mouth.,person
57.94905,C places his left hand on the CPR mannequin’s chest.,person
58.163,C interlaces the fingers of both hands on the CPR mannequin’s chest.,person
59.843,C compresses the CPR mannequin’s chest with both hands.,person
6.03522,C taps the mannequin's shoulders with both hands.,person
10.69699,C holds the mannequin's head with his left hand.,person
10.705,C places his right hand on the mannequin's neck.,person
11.33585,C places his ear on the mannequin's mouth.,person
14.13534,C places his left hand on the mannequin's chest.,person
14.88012,C presses hard his hands on the mannequin's chest.,person
29.881,C holds the mannequin's head with his left hand.,person
29.901,C places his right hand on the mannequin's neck.,person
30.399,C places his ear on the mannequin's mouth.,person
35.18387,C places his hands on the mannequin's chest.,person
36.21912,C presses his hands on the mannequin's chest.,person
37.62292,C presses hard his hands on the mannequin's chest.,person
51.508,C places his right hand on the mannequin's neck,person
51.588,C holds the mannequin's head with his left hand.,person
52.302,C places his ear on the mannequin's mouth.,person
57.97049,C places his left hand on the mannequin's chest.,person
59.993,C presses hard his hands on the mannequin's chest.,person
