timestamp,narration,object
2.08657,C picks a pair of scissors from the table with his right hand.,table@@@@@scissors
2.11991,C moves a covid 19 test box from the table with his left hand.,table@@@@@box
3.91312,C opens the covid 19 test box with the scissors in his right hand.,box@@@@@scissors
7.46586,C places the scissors on the table with his right hand.,table@@@@@scissors
8.1065,C opens the covid 19 test box with both hands.,box
10.0701,C picks a covid 19 test tube pack from the covid 19 test box with his right hand.,box
10.94305,C moves the covid 19 test box on the table with his left hand.,table@@@@@box
12.06607,C closes the covid 19 test box on the table with his left hand.,table@@@@@box
16.0026,C picks the scissors on the table with his right hand.,table@@@@@scissors
17.13141,C cuts the covid 19 test tube pack with the scissors in his right hand.,scissors
20.44257,C places the scissors on the table with his right hand.,table@@@@@scissors
21.52356,C moves the scissors on the table with his right hand.,table@@@@@scissors
24.3918,C places the covid 19 test tube on the table with his right hand.,table
28.19459,C moves the covid 19 test box on the table with his left hand.,table@@@@@box
28.76611,C opens the covid 19 test box with both hands.,box
30.1631,C holds the covid 19 test box on the table with his right hand.,table@@@@@box
31.07576,C picks a covid 19 test device pack in the covid 19 test box with his left hand.,box
31.99533,C places the covid 19 test device pack in the covid 19 test box with his left hand.,box
32.60494,C picks a covid 19 test tube on the table with his right hand.,table
35.8438,C picks a covid 19 test device pack in the covid 19 test box with his left hand.,box
36.21944,C places the covid 19 test tube in the covid 19 test box with his right hand.,box
37.98538,C touches the scissors on the table with his right hand.,table@@@@@scissors
42.33883,C places the covid 19 test device on the table with his right hand.,table
43.63255,C places the torn part of the covid 19 test device pack into the pack of covid 19 test package with his right hand.,can@@@@@table@@@@@box
44.30945,C passes the covid 19 test device pack from his left hand to his right hand.,packet
44.74278,C holds the covid 19 test tube pack in the covid 19 test box with his left hand.,box@@@@@packet
46.3054,C touches covid 19 test device packs in the box with his right hand.,box@@@@@packet
47.60159,C places the covid 19 test tube on the table with his left hand.,table
48.04256,C picks covid 19 test device packs from the box with his left hand.,box@@@@@packet
49.80042,C passes the covid 19 test device packs from his left hand to his right hand.,packet
50.51907,C picks the collection of covid 19 sterile packs from the covid 19 test box with his left hand.,box@@@@@packet
50.583,C holds the covid 19 test box with his right hand.,box
53.05318,C places the covid 19 test device packs on the table with his right hand.,table@@@@@packet
53.27686,C moves the covid 19 test device packs on the table with his left hand.,table@@@@@packet
53.65447,C places the covid 19 test device pack on the table with his right hand.,table@@@@@packet
54.10795,C holds the collection of covid 19 sterile swab packs with both hands.,packet
54.66878,C tears out a covid 19 sterile swab pack from the collection of covid 19 sterile swab packs with his right hand.,packet
55.65984,C places the covid 19 sterile swab pack on the table with his right hand.,table@@@@@packet
56.16929,C holds the covid 19 test box on the table with his left hand.,table@@@@@box
56.27318,C picks covid 19 test instruction sheets from the covid 19 test box with his right hand.,book@@@@@box@@@@@notebook
57.65535,C passes the covid 19 test instruction sheets from his right hand to his left hand.,book@@@@@notebook
58.87149,C picks a zip-lock waste bag from the covid 19 test box with his right hand.,plastic_bag@@@@@box
60.13591,C places the covid 19 test instruction sheets in the covid 19 test box with his left hand.,book@@@@@box@@@@@notebook
60.25995,C places the zip-lock waste bag on the table with his right hand.,plastic_bag@@@@@table
60.93065,C passes the collection of covid 19 sterile swab packs from his left hand to his right hand.,packet
61.29826,C picks the covid 19 test device packs from the table with his left hand.,table@@@@@packet
61.3316,C places the collection of covid 19 sterile swab packs in the covid 19 test box with his right hand.,box@@@@@packet
61.96178,C picks the covid 19 test device pack from the table with his right hand.,table@@@@@packet
62.59575,C places the covid 19 test device packs into the covid 19 test box with his left hand.,box@@@@@packet
63.28929,C picks the covid 19 test tube pack from the table  with his left hand.,table@@@@@packet
64.04895,C places the covid 19 test tube pack into the covid 19 test box with his left hand.,box@@@@@packet
64.52078,C moves the covid 19 test box on the table with his left hand.,table@@@@@box
64.52078,C places the covid 19 test device pack on the table with his right hand.,table@@@@@packet
65.82757,C moves the covid 19 test device pack on the table with his left hand.,table@@@@@box@@@@@packet
66.1609,C moves the covid 19 test tube on the table with his right hand.,can@@@@@table@@@@@bottle
67.45825,C picks the covid 19 test device from the table with his left hand.,can@@@@@table@@@@@box@@@@@packet@@@@@bottle
67.65824,C picks the covid 19 sterile swab pack from the table with his right hand.,table@@@@@box@@@@@packet
68.07646,C places the covid 19 test device on the table with his left hand.,can@@@@@table@@@@@box@@@@@packet@@@@@bottle
68.72734,C passes the covid 19 sterile swab pack from his right hand to his left hand.,box@@@@@person@@@@@packet
69.05901,C places the covid 19 sterile swab pack on the table with his left hand.,table@@@@@box@@@@@packet
69.15901,C moves the zip-lock waste bag on the table with his right hand.,plastic_bag@@@@@table
69.95427,C touches the covid 19 test device pack on the table with his left hand.,table@@@@@box@@@@@packet
70.74404,C moves the covid 19 test tube on the table with his right hand.,can@@@@@table@@@@@bottle
71.34011,C lifts the covid 19 test device pack from the table with his left hand.,table@@@@@box@@@@@packet
71.68279,C adjusts the covid 19 sterile swab pack on the table with his right hand.,table@@@@@box@@@@@packet
72.60922,C places the covid 19 test device pack on the table with his left hand.,table@@@@@packet
73.19953,C adjusts the scissors on the table with his right hand.,table@@@@@scissors
74.74579,C picks the covid 19 sterile swab pack from the table with his left hand.,table
75.2537,C holds the covid 19 sterile swab with both hands.,can@@@@@person
77.70605,C picks the scissors from the table with his right hand.,table@@@@@scissors
78.54971,C unwraps the covid 19 sterile swab pack with the scissors in his right hand.,box@@@@@packet@@@@@scissors
81.4728,C picks the torn pack of the covid 19 sterile swab pack from the table with his left hand.,table@@@@@box@@@@@packet
82.38813,C places the scissors on the table with his right hand.,table@@@@@scissors
82.62146,C places the torn pack of the covid 19 sterile swab pack on the covid 19 test device pack with his left hand.,box@@@@@packet
83.29986,C holds the covid 19 sterile swab pack with both hands.,box@@@@@person@@@@@packet
91.84622,C pulls the covid 19 swab from its pack with his right hand.,can@@@@@box@@@@@packet
92.95714,C places the covid 19 sterile swab pack on the table with his left hand.,table@@@@@box@@@@@packet
93.09048,C picks a covid 19 test tube from the table with his right hand.,can@@@@@table@@@@@bottle
93.6238,C holds the covid 19 test tube with both hands.,can@@@@@person@@@@@bottle
95.37679,C picks the covid 19 sterile swab pack from the table with his left hand.,table
95.57678,C places the covid 19 test tube on the table with his right hand.,table
96.14185,C pulls out the covid 19 swab from its pack with his right hand.,can@@@@@box@@@@@packet
97.23539,C places the covid 19 sterile swab pack on the table with his left hand.,table@@@@@box@@@@@packet
97.40206,C inserts the covid 19 sterile swab in his nose with his right hand.,can@@@@@person
97.97468,C rotates the covid 19 sterile swab around his nose with his right hand.,can@@@@@person
101.68293,C extracts the covid 19 sterile swab from his nose with his right hand.,can
102.04959,C inserts the covid 19 sterile swab in his nose with his right hand.,can@@@@@person
102.47997,C rotates the covid 19 sterile swab around his nose with his right hand.,can@@@@@person
105.44813,C extracts the covid 19 sterile swab from his nose with his right hand.,can
105.89214,C moves the covid 19 sterile swab pack on the table with his left hand.,can@@@@@table@@@@@box@@@@@packet
106.62547,C picks the covid 19 test tube from the table with his left hand.,can@@@@@table
107.02489,C opens the seal on the covid 19 test tube with his right hand.,can
109.89327,C places the covid 19 test tube seal on the table with his right hand.,table
126.41061,C picks the covid 19 test tube seal on the table with his right hand.,table
126.57727,C places the covid 19 test tube on the table with his left hand.,table
127.9037,C picks the covid 19 test device pack from the table with his left hand.,table
131.58291,C picks the torn part of the covid 19 sterile swab pack from the table with his right hand.,table
133.04118,C picks the covid 19 test tube from the table with his right hand.,table
133.17451,C places the covid 19 test device pack on the table with his left hand.,table@@@@@packet
134.01715,C moves the covid 19 test device on the table with his left hand.,can@@@@@table
142.48258,C moves the covid 19 test device on the table with his let hand.,table
143.76475,C places the covid 19 test tube on the table with his right hand.,table
144.46112,C picks the covid 19 sterile swab pack from the table with his left hand.,table
145.46568,C picks the covid 19 test device pack from the table with his left hand.,table
149.49599,C picks the covid 19 test tube from the table with his right hand.,table
153.97014,C places the covid 19 test device pack on the table with his left hand.,table@@@@@packet
