timestamp,narration,object
23.63055,C takes a covid test pack from the table with his left hand.,box
24.577,C holds the covid test pack with both hands.,person@@@@@box
26.36539,C opens the covid test pack with his right hand.,person@@@@@box
28.36785,C takes the test materials from the covid test pack in his left hand with his left hand.,person@@@@@box
29.10686,C puts the test materials on the table with his right hand.,person
29.40184,C moves a testing tube on the table with his right hand.,person@@@@@cup@@@@@glass_(drink_container)
31.06055,C takes a test cassette with package from the covid test pack in his left hand with his right hand.,person@@@@@box
32.31761,C puts the covid test pack on the table with his left hand.,person@@@@@box
32.54427,C transfers the test cassette with package from his right hand to his left hand.,person@@@@@box
33.14046,C puts the test cassette with package on the table with his left hand.,person@@@@@box
33.66234,C takes the covid test pack from the table with his left hand.,person@@@@@box
34.035,C holds the covid test pack with both hands.,person@@@@@box
35.68358,C flips the covid test pack with both hands.,person@@@@@box
36.86013,C puts the covid test pack on the table with his left hand.,person@@@@@box
37.0,C opens the tube holder on the covid test pack on the table with his right hand.,person@@@@@box
37.8372,C takes the testing tube from the table with his right hand.,person@@@@@cup@@@@@glass_(drink_container)
37.88327,C moves the covid test pack on the table with his left hand.,person@@@@@box
38.47649,C positions the testing tube in the tube holder in the covid test pack with his right hand.,person@@@@@cup@@@@@box@@@@@glass_(drink_container)
39.10529,C moves the covid test pack on the table with his left hand.,person@@@@@box
39.70163,C takes the test instructions from the table with his right hand.,book@@@@@person@@@@@booklet
40.037,C holds the test instructions with both hands.,book@@@@@person@@@@@booklet
40.60941,C unfolds the test instructions with both hands.,book@@@@@person@@@@@booklet
42.71629,C studies the test instructions in his hands.,book@@@@@person@@@@@booklet
58.05966,C puts the test instructions on the table with his right hand.,book@@@@@person@@@@@booklet
58.46802,C moves a disposable swab with package on the table with his left hand.,person@@@@@box
58.73271,C moves the test instructions on the table with his right hand.,book@@@@@person@@@@@booklet
59.23119,C takes a plastic bag from the table with his right hand.,person@@@@@plastic_bag
60.04995,C puts the plastic bag on the table with his right hand.,person@@@@@plastic_bag
60.1764,C takes the disposable swab with package from the table with his left hand.,person@@@@@box
60.50086,C holds the disposable swab with package with both hands.,person@@@@@box
61.98252,C puts the disposable swab with package on the table with his right hand.,person@@@@@box
62.13788,C takes the test cassette with package from the table with his left hand.,person@@@@@box
62.47481,C holds the test cassette with package with both hands.,person@@@@@box
62.95593,C presses the test cassette with package with both hands.,person@@@@@box
64.06226,C puts the test cassette with package on the table with his left hand.,person@@@@@box
65.16371,C puts the disposable swab with package on the table with his right hand.,person@@@@@box
71.3027,C takes the plastic bag from the table with his left hand.,plastic_bag
72.82209,C opens the seal of the plastic bag with both hands.,plastic_bag
77.48015,C seals the plastic bag with both hands.,person@@@@@plastic_bag
79.03186,C puts the plastic bag on the table with his right hand.,person@@@@@plastic_bag
79.038,C takes the disposable swab with package from the table with his left hand.,person@@@@@box
79.5522,C moves the test instructions on the table with his right hand.,book@@@@@person@@@@@booklet
80.45376,C holds the disposable swab with package with both hands.,person@@@@@box
159.16715,C positions the testing tube on the tube holder with his left hand.,hat
160.63304,C takes the plastic bag from the table with his left hand.,plastic_bag
163.38949,C opens the seal of the plastic bag with both hands.,plastic_bag
167.31855,C puts the disposable swab in the plastic bag in his left hand with his right hand.,plastic_bag
168.63787,C covers the seal of the plastic bag with both hands.,plastic_bag
172.36565,C puts the plastic bag on the table with his left hand.,plastic_bag
173.58768,C takes the test cassette with package from the table with his left hand.,person@@@@@box
174.09803,C holds the test cassette with package with both hands.,person@@@@@box
226.6789,C takes the plastic bag from the table with his right hand.,plastic_bag
227.69953,C opens the plastic bag with both hands.,plastic_bag
230.46718,C puts the testing tube into the plastic bag in his right hand with his left hand.,bottle@@@@@plastic_bag
231.33248,C transfers the plastic bag from his right hand to his left hand.,person@@@@@plastic_bag
239.42074,C seals the plastic bag with both hands.,person@@@@@plastic_bag
243.47779,C takes the test cassette package from the table with his left hand.,person@@@@@box
244.42119,C transfers the test cassette package to his left hand from his right hand.,person@@@@@box
245.42277,C takes the covid test pack from the table with his left hand.,person@@@@@box
246.34147,C puts the plastic bag and the test cassette package into the covid test pack in his left hand with his right hand.,person@@@@@plastic_bag@@@@@box
249.68261,C covers the covid test pack with his left hand.,person@@@@@box
252.10702,C puts the covid test pack on the table with his left hand.,person@@@@@box
252.998,C takes the test instruction from the table with his left hand.,book@@@@@person@@@@@booklet
253.70794,C holds the test instructions with both hands.,book@@@@@person@@@@@booklet
253.91225,C studies the test instructions in his hands.,book@@@@@person@@@@@booklet
262.77349,c puts the test instruction on the table with both hands.,book@@@@@person@@@@@booklet
