timestamp,narration,object
2.07383,C displaces a covid-19 test kit pack on the table with his left hand.,packet
3.59521,C picks up a covid-19 test kit pack with his left hand.,packet
4.41152,C picks up a lemon scissors from the table with his right hand.,scissors
6.77312,C cuts the covid-19 test kit pack wrap with the lemon scissors in his right hand.,scissors@@@@@packet
8.43612,C places the lemon scissors in his right hand on the table.,scissors
9.42939,C opens the pack of covid-19 test kit with his right hand.,packet
14.57424,C unpacks the covid-19 test kit with his right hand.,packet
16.48904,C places the covid-19 test kit on the table with his right hand.,packet
27.24292,C places the covid-19 test kit pack in his right hand on the table.,packet
27.87305,C displaces the lemon scissors on the table with his right hand.,scissors
28.78643,C displaces the covid-19 test kit pack on the table with his right hand.,packet
29.4976,C touches a test plate on the table with his right hand.,can
32.84621,C picks a test tube from the table with his left hand.,can
32.87954,C displaces the covid-19 test pack on the table with his right hand.,packet
34.51937,C displaces the lemon scissors on the table with his right hand.,scissors
35.43937,C holds the covid-19 test kit pack on the table with his right hand.,packet
37.28867,C changes the face of the covid-19 test kit pack with his right.,packet
45.59233,C displaces the covid-19 test kit on the table with his right hand.,packet
48.1788,C picks the test plate pack from the table with his left hand.,packet
53.61503,C tears the nasal swab pack with his left hand.,packet
64.80802,C removes the nasal swab from the pack with his left hand.,packet
66.16787,C places the nasal swab pack in his right hand on the table.,packet
175.0329,C picks the test plate pack from the table with his left hand.,packet
177.00901,C picks the lemon scissors from the table with his right hand.,scissors
178.79869,C cuts off the test plate pack with the lemon scissors in his right hand.,scissors
183.24306,C places the lemon scissors in his right hand on the table.,scissors
188.76599,C places the test plate pack in his left hand on the table.,packet
225.21283,C picks a desiccant from the table with his right hand.,can
226.63008,C picks the test plate pack from the table with his left hand.,packet
227.69814,C inserts the desiccant in his right hand into the test plate pack.,packet
230.31045,C places the test plate pack in his left hand on the table.,packet
232.45933,C places the test tube seal on the test plate pack.,packet
235.85496,C removes a drug wallet from the test tube holder with his left hand.,wallet
238.8556,C places the drug wallet in his left hand on the table.,wallet@@@@@booklet@@@@@book@@@@@hat@@@@@can@@@@@packet@@@@@box
239.61748,C picks the drug leaflet from the table with his left hand.,booklet@@@@@book
241.89081,C places the drug leaflet into the test tube holder in his right hand.,booklet@@@@@book
245.48021,C picks the drug wallet from the table with his left hand.,wallet
246.63922,C opens the drug leaflet with his left hand.,booklet@@@@@book
254.7879,C inserts the nasal swab in his left hand into the drug leaflet in his right hand.,booklet@@@@@book
256.44734,C inserts the nasal swab in his left hand into the drug leaflet in his right hand.,booklet@@@@@book
262.05666,C inserts the test tube seal in his left hand into the drug wallet.,wallet
263.00738,C picks the test plate pack from the table with his left hand.,packet
265.96023,C folds the test plate pack with his hands.,packet
268.10779,C inserts the test plate pack into the packaging nylon in his right hand.,packet
296.35737,C places the drug wallet in his left hand on the table.,wallet@@@@@booklet@@@@@book@@@@@hat@@@@@can@@@@@packet@@@@@box
