timestamp,narration,object
27.76783,C picks a scissors from the table with his right hand.,scissors
28.58075,C picks the covid 19 antigen test box from the table with his left hand.,table-tennis_table@@@@@box
30.61211,C moves his left hand on the covid 19 antigen test box.,box
38.72466,C unwarps the covid 19 antigen test box with the scissors in his right hand.,scissors@@@@@box
45.88059,C places the scissors on the table with his right hand.,scissors
46.91546,C unboxes the covid 19 antigen test box with his right hand.,box
48.46869,C picks the test tube from the covid 19 antigen test box with his right hand.,box
50.32367,C places the test tube on the table with his right hand.,table-tennis_table@@@@@glass_(drink_container)
54.63636,C picks the collection swab pack and instruction manual paper from the covid 19 antigen test box with his right hand.,box
56.29579,C picks the collection swab pack from the covid 19 antigen test box with his right hand.,box
60.70709,C places the collection swab pack on the table with his right hand.,table-tennis_table@@@@@packet
61.29205,C inserts the covid test materials into the covid 19 antigen test box with his right hand.,box
61.99136,C picks the instruction manual paper from the covid 19 antigen test box with his right hand.,box
62.24679,C inserts the covid test materials into the covid 19 antigen test box with his left hand.,box
64.00781,C spreads the covid 19 antigen test box with his right hand.,box
64.72741,C picks the ziploc bag from the covid 19 antigen test box with his right hand.,box
66.57649,C spreads the covid 19 antigen test box with his right hand.,box
68.02934,C moves the ziploc bag in the covid 19 antigen test box with his right hand.,box
69.86797,C holds the ziploc bag in the covid 19 antigen test box with his left hand.,box
72.42723,C picks the test plate pack from the covid 19 antigen test box with his right hand.,box
73.98025,C places the test plate pack on the table with his right hand.,box
74.68435,C moves the test plate pack in the covid 19 antigen test box with his right hand.,box
76.40793,C inserts the covid test materials into the covid 19 antigen test box with his right hand.,box
77.39729,C places the covid 19 antigen test box on the table with his left hand.,box
88.13437,C moves the collection swab pack on the table with his left hand.,box
88.47649,C picks the test tube from the table with his right hand.,table-tennis_table@@@@@glass_(drink_container)
88.76022,C holds the test tube with his left hand.,bottle
89.57743,C turns the test tube with both hands.,bottle
95.30429,C turns around the covid 191 antigen test box with his left hand.,box
97.1886,C places the covid 19 antigen test box on the table with his left hand.,box
100.41076,C removes the seal on the test tube with his left hand.,bottle
106.2437,C picks the covid 19 antigen test box from the table with his left hand.,table-tennis_table@@@@@box
107.17885,C reads the instruction on the covid 19 antigen test box in his left hand.,box
109.89657,C places the covid 19 antigen test box on the table with his left hand.,box
110.33433,C places the test tube on the table with his right hand.,table-tennis_table@@@@@glass_(drink_container)
111.51405,C picks the test tube from the table with his right hand.,table-tennis_table@@@@@glass_(drink_container)
112.03903,C places the test tube on the table with his right hand.,table-tennis_table@@@@@glass_(drink_container)
113.06464,C bends the covid 19 antigen test box on the table with his left hand.,table-tennis_table@@@@@box
113.67503,C reads the instruction on the covid 19 antigen test box in his left hand.,box
115.12534,C places the covid 19 antigen test box on the table with his left hand.,box
115.75518,C picks the collection swab pack from the table with his left hand.,table-tennis_table@@@@@packet
116.52085,C holds the collection swab pack with his right hand.,packet
117.5407,C holds the collection swab pack with his right hand.,packet
118.49511,C tears the collection swab pack with his left hand.,packet
121.24031,C holds the collection swab pack with his right hand.,packet
121.75942,C tears the collection swab pack with his left hand.,packet
123.70597,C draws the collection swab pack with his left hand.,packet
124.53056,C holds the collection swab pack with his right hand.,packet
125.01337,C turns over the collection swab pack with his left hand.,packet
125.3554,C holds the collection swab pack with his right hand.,packet
126.21898,C tears the collection swab pack with his left hand.,packet
127.56361,C holds the collection swab pack with his left hand.,packet
127.72904,C moves his right hand on the collection swab pack.,packet
128.81699,C turns over the collection swab pack with both hands.,packet
134.1521,C pulls out the collection swab from the collection swab pack with his right hand.,packet
136.0509,C draws the collection swab pack with his right hand.,packet
137.21236,C places the collection swab pack on the table with his right hand.,table-tennis_table@@@@@packet
138.3613,C picks the covid 19 antigen test box from the table with his left hand.,table-tennis_table@@@@@box
139.17701,C reads the instruction on the covid 19 antigen test box in his left hand.,box
146.21708,C places the covid 19 antigen test box on the table with his left hand.,box
147.45615,C holds the test tube with his left hand.,bottle
182.36653,C holds the test tube with his left hand.,bottle
210.4859,C picks the covid 19 antigen test box from the table with his left hand.,table-tennis_table@@@@@box
211.30905,C reads the instruction on the covid 19 antigen test box in his left hand.,box
212.70943,C places the covid 19 antigen test box on the table with his left hand.,box
252.73033,C picks the covid 19 antigen test box from the table with his right hand.,box
253.56475,C reads the instruction on the covid 19 antigen test box in his right hand.,box
255.58922,C places the covid 19 antigen test box on the table with his right hand.,box
280.20708,C picks the test plate from the table with his right hand.,card@@@@@toilet_tissue@@@@@envelope@@@@@bowl@@@@@booklet@@@@@napkin@@@@@book@@@@@newspaper@@@@@hat@@@@@place_mat@@@@@magazine@@@@@tissue_paper@@@@@paperback_book@@@@@paper_towel@@@@@business_card@@@@@identity_card@@@@@poster@@@@@checkbook@@@@@notebook@@@@@phonebook
