timestamp,narration,object
1.50435,C adjusts the camera in her face with her left hand.,camera@@@@@person
2.42194,C picks a covid antigen box from the table with her left hand.,person@@@@@box
3.18593,C picks a scissors from the table with her right hand.,person@@@@@scissors
8.88518,C cuts the seal of the covid antigen box with the scissors in her right hand.,scissors@@@@@box
13.04014,C places the scissors on the table with her right hand.,table@@@@@scissors
13.941,C passes the covid antigen box from her left hand to her right hand.,person@@@@@box
14.6,C opens the covid antigen box with her left hand.,person@@@@@box
15.81117,C picks a manual from the covid antigen box with her left hand.,booklet@@@@@person@@@@@book
20.1057,C adjusts the manual on the table with her left hand.,booklet@@@@@person@@@@@book
20.889,C picks a dispose bag from the covid antigen box with her left hand.,person@@@@@plastic_bag
23.4467,C picks a test cassette from the covid antigen box with her left hand.,person@@@@@cassette
24.403,C places the test cassette on the table with her left hand.,table@@@@@cassette
26.09885,C picks a micro test tube from the covid antigen box with her left hand.,person
28.345,C passes the micro test tube from her left hand to her right hand.,person
29.357,C picks the disposable bag from the table with her left hand.,table
29.91105,C opens the disposable bag with both hands.,person@@@@@plastic_bag
31.071,C passes the disposable bag from her left hand to her right hand.,person@@@@@plastic_bag
32.43786,C adjusts the disposable bag on the table.,person@@@@@plastic_bag
32.9068,C opens the lid of the micro test tube with her left hand.,person
34.69198,C holds the covid antigen box on the table with her left hand.,table@@@@@box
34.84694,C puts the micro test tube in the covid antigen box hole with her right hand.,box
36.567,C picks the disposable bag from the table with her left hand.,table
37.12873,C places the lid in the disposable bag with her right hand.,plastic_bag
38.67577,C places the disposable bag on the table with her right hand.,table
43.22252,C picks the manual from the table with her left hand.,table
45.33892,C unfolds the manual.,booklet@@@@@person@@@@@book
50.29664,C passes the manual from her right hand to her left hand.,booklet@@@@@person@@@@@book
50.32984,C flips the manual with her left hand.,booklet@@@@@person@@@@@book
61.31898,C places the manual on the table with her right hand.,table@@@@@book
64.3449,C opens the swap pack with both hands.,person@@@@@box
68.92986,C picks the swab from the pack with her right hand.,person
70.404,C places the swab pack on the table with her left hand.,table@@@@@box
73.33722,C adjusts the covid antigen box on the table with her left hand.,table@@@@@box
74.84207,C adjusts the swab and disposable bag on the table with her left hand.,table
100.27275,C holds the micro test tube on the covid antigen box with her left hand.,box
100.69969,C picks the micro test tube from the covid antigen box hole with her left hand.,box
108.45448,C puts the micro test tube in the covid antigen box hole with her left hand.,box
109.46147,C picks the swab pack from the table with her left hand.,table@@@@@box
109.60444,C folds the swab pack with both hands.,person@@@@@box
113.10451,C picks the disposable bag from the table with her left hand.,table
113.757,C puts the swab pack in the disposable bag with her right hand.,box
115.50314,C picks the swab stick in her left hand with her right hand.,person
117.1548,C passes  the disposable bag from her left hand to her right hand.,person
117.57033,C places the disposable bag on the table with her right hand.,table
117.93835,C picks the test cassette from the table with her left hand.,table
118.17006,C picks the scissors from the table with her right hand.,table@@@@@scissors
119.33654,C cuts the test cassette pack with the scissors in her right hand.,scissors
123.17235,C places the scissors on the table with her right hand.,table@@@@@scissors
123.96487,C passes the test cassette pack from her left hand to her right hand.,hat@@@@@person
124.7292,C picks the disposable bag from the table with her left hand.,table
129.25454,C takes the disposable bag from her left hand with her right hand.,person
129.453,C places the disposable bag on the table with her right hand.,table
130.01026,C passes the test cassette pack from her left hand to her right hand.,hat@@@@@person
130.763,C moves the covid antigen box forward on the table with her left hand.,table@@@@@box
131.79885,C pushes the test cassette in the pack with her right hand.,cassette
133.24332,C picks the test cassette from the pack with her left hand.,cassette
133.95084,C places the test cassette on the table with her left hand.,table@@@@@cassette
134.70867,C adjusts the covid antigen box on the table with her left hand.,table@@@@@box
134.84478,C places the test cassette pack on the table with her right hand.,table
135.44971,C holds the covid antigen box on the table with her left hand.,table@@@@@box
135.61157,C picks the micro test tube from the covid antigen box hole with her right hand.,box
137.96541,C squeezes the solution from the micro test tube to the test cassette on the table with her right hand.,cassette
142.19586,C picks the disposable bag from the table with her left hand.,table
144.17731,C places the disposable bag on the table with her left hand.,table
144.47627,C picks the test cassette pack from the table with her right hand.,table
147.04229,C picks the disposable bag from the table with her left hand.,table
152.73031,C picks the test cassette from the table with her right hand.,table@@@@@cassette
153.34682,C puts the test cassette in the disposable bag with her right hand.,cassette
156.7283,C picks the manual from the table with her left hand.,table
157.954,C adjusts the covid antigen box on the table with her left hand.,table@@@@@box
160.5655,C picks the covid antigen box from the table with her left hand.,table@@@@@box
161.22351,C puts the test materials in the covid antigen box with her right hand.,box
163.44149,C picks the scissors from the table with her right hand.,table@@@@@scissors
164.46417,C places the covid antigen box on the table with her left hand.,table@@@@@box
164.93543,C places the scissors on the table with her right hand.,table@@@@@scissors
