timestamp,narration,object
1.72324,C sits down on a chair.,person@@@@@chair
4.32853,C packs up a hand full of sliced red onions from a bowl on the tabletop with his left hand.,bowl@@@@@person
4.48398,C picks up the knife from the tabletop with his right hand.,person@@@@@knife
6.69536,C pours the sliced onions on the chopping board.,person@@@@@chopping_board
8.16622,C packs up a small portion of sliced red onions from a bowl on the tabletop with his left hand.,bowl@@@@@person
10.30842,C pours the sliced onions on the chopping board.,person@@@@@chopping_board
11.77517,C chops the red onions using a knife with his right hand while his left hand acts a wedge.,knife@@@@@chopping_board@@@@@can
22.63115,C chops the red onions using a knife with his right hand while his left hand acts a wedge.,knife@@@@@chopping_board@@@@@can
33.88351,C chops the red onions using a knife with his right hand while his left hand acts a wedge.,knife@@@@@chopping_board@@@@@can
44.12366,C brushes down chopped red onions from the knife using his left hand.,knife
47.06439,C arranges the chopped onions together in a bunch with the knife.,knife@@@@@chopping_board
52.37087,C chops the red onions using a knife with his right hand while his left hand acts a wedge.,knife@@@@@chopping_board@@@@@can
64.11498,C brushes down chopped red onions from the knife using his left hand.,knife
68.99404,C grabs the tomato container with his left hand.,cup@@@@@tomato@@@@@can@@@@@box@@@@@cupboard@@@@@basket
69.13847,C grabs the tomato container with his right hand.,cup@@@@@tomato@@@@@can@@@@@box@@@@@cupboard@@@@@basket
71.58346,C turns the tomato container with both hands.,cup@@@@@tomato@@@@@can@@@@@box@@@@@cupboard@@@@@basket
72.53481,C opens the tomato container with his right hand.,cup@@@@@tomato@@@@@can@@@@@box@@@@@cupboard@@@@@basket
76.79484,C picks up the knife with his right hand.,knife
77.45551,C arranges the chopped onions together in a bunch with the knife.,knife@@@@@chopping_board
81.51103,C brushes down chopped red onions from the knife using his left hand.,knife
83.39877,C picks up a tomato from the tomato container with his left hand.,tomato
84.52593,C places the tomato on the chopping board.,tomato@@@@@chopping_board
85.04105,C cuts the tomato into two using the knife.,tomato@@@@@knife
88.78352,C cuts the half tomatoes into two halves each using the knife.,tomato@@@@@knife
92.33348,C picks up a tomato from the tomato container with his left hand.,tomato
93.15565,C shifts the chopped red onions to the side with the knife.,knife
93.87189,C places the tomato on the chopping board.,tomato@@@@@chopping_board
94.44667,C cuts the tomato into two using the knife.,tomato@@@@@knife
98.06895,C picks up a tomato from the tomato container with his left hand.,tomato
98.92622,C places the tomato on the chopping board.,tomato@@@@@chopping_board
99.39019,C cuts the tomato into two using the knife.,tomato@@@@@knife
102.55754,C shifts the salad ingredients to the side with the knife.,knife
103.58142,C picks up two tomatoes from the tomato container with his left hand.,tomato
105.48001,C places the tomato on the chopping board.,tomato@@@@@chopping_board
106.08562,C places the tomato on the chopping board.,tomato@@@@@chopping_board
106.98652,C grabs the tomato on the chopping board with his left hand.,tomato@@@@@chopping_board
107.56344,C cuts the tomato into two using the knife.,tomato@@@@@knife
111.16587,C picks up the tomato from the chopping board with his left hand.,tomato@@@@@chopping_board
111.77459,C places the tomato on the chopping board.,tomato@@@@@chopping_board
112.17459,C cuts the tomato into two using the knife.,tomato@@@@@knife
119.31075,C places cucumber on the chopping board.,chopping_board
119.46129,C picks up the knife with his right hand.,knife
120.91351,C cuts the cucumber into two using the knife.,knife
122.89805,C places the half cucumber on the chopping board.,chopping_board
125.41651,"C cuts the tip of the half cucumber with the knife,",knife
128.80686,C dices the half cucumber with the knife.,knife
143.37937,C shifts the salad ingredient to the side with his left hand.,salad
145.42938,C chops the diced cucumber using a knife with his right hand while his left hand acts a wedge.,knife
164.66066,C brushes down chopped cucumbers from the knife using his left hand.,knife
168.67638,C shifts the chopped cucumber into the salad ingredient mixture.,salad
171.03759,C picks up the white bowl from the tabletop with his left hand.,bowl
172.64029,C packs the salad ingredient mixture from the chopping board into the bowl using his right hand.,bowl@@@@@chopping_board
190.35867,C places the bowl on the countertop.,bowl
191.81113,C opens the right kitchen shelf with his right hand.,cup@@@@@cupboard
194.87564,C turns on the tap with his right hand.,faucet
197.12726,C turns on the tap with his right hand.,faucet
200.16794,C picks up the black pepper container from the countertop with his right hand.,canister@@@@@can
201.16575,C transfers the black pepper container to his left hand.,canister@@@@@can
201.71663,C grabs the black pepper container with his right hand.,canister@@@@@can
203.35732,C opens the black pepper container cover with his right hand.,canister@@@@@can
204.63772,C places the black pepper container cover on the countertop.,canister@@@@@can
205.32889,C grinds black pepper into the salad mixture with both hands.,pepper@@@@@pepper_mill
210.50817,C picks up the black pepper container cover with his right hand.,canister@@@@@can
211.58805,C closes the black pepper container cover with his right hand.,canister@@@@@can
214.01287,C places the black pepper container on the countertop.,kitchen_table@@@@@coffee_table@@@@@sink@@@@@pepper@@@@@kitchen_sink@@@@@pepper_mill
216.29573,C picks up the salt container from the kitchen shelf with his left hand.,cup@@@@@saltshaker@@@@@cabinet@@@@@cupboard
218.1491,C places the salt container on the countertop.,kitchen_table@@@@@coffee_table@@@@@saltshaker@@@@@sink@@@@@kitchen_sink
219.24539,C puts his left hand inside the salt container to pinch some salt.,hand_towel@@@@@towel@@@@@saltshaker
224.64424,C picks up the salt container with his left hand.,hand_towel@@@@@towel@@@@@saltshaker
227.07862,C places the salt container in the kitchen shelf.,cup@@@@@saltshaker@@@@@cabinet@@@@@cupboard
228.99758,C picks up a red wine bottle from the countertop with his right hand.,kitchen_table@@@@@coffee_table@@@@@sink@@@@@bucket@@@@@kitchen_sink@@@@@wine_bucket
230.48954,C transfers the red wine bottle to his left hand.,hand_towel@@@@@towel@@@@@bucket@@@@@wine_bucket
231.01423,C opens the red wine bottle cork with his right hand.,hand_towel@@@@@towel@@@@@cork_(bottle_plug)@@@@@bottle@@@@@bucket@@@@@wine_bucket
237.45093,C pours red wine vinegar into the salad mixture.,dish@@@@@bowl@@@@@plate@@@@@salad@@@@@bucket@@@@@wine_bucket
245.82255,C closes the red wine bottle cork with his right hand.,cork_(bottle_plug)@@@@@bottle
247.82412,C places the red wine bottle on the countertop.,bottle
251.35859,C turns on the tap with his right hand.,faucet
255.15719,C picks up the spoon from the dish rack with his right hand.,spoon
255.32453,C turns off the tap with his left hand.,faucet
258.18952,C grabs the white bowl with his left hand.,bowl
258.22488,C mixes the salad mixture with the dressing using a spoon.,spoon@@@@@salad
269.78588,C picks up the white bowl with both hands.,bowl
272.2345,C places the white bowl on the tabletop.,bowl
4.3281,C gathers onions on the chopping board.,person@@@@@chopping_board
73.30182,C opens the tomatoes container.,cup@@@@@tomato@@@@@can@@@@@box@@@@@cupboard@@@@@basket
76.91132,C uses the knife to gather the onions on the chopping board.,knife@@@@@chopping_board
83.61199,C picks a tomato from the container.,cup@@@@@tomato@@@@@can@@@@@box@@@@@cupboard@@@@@basket
84.53158,C places the tomato on the chopping board.,tomato@@@@@chopping_board
85.12356,C dices the tomato with a knife.,tomato@@@@@knife
92.52581,C picks up tomatoes from the container.,tomato
93.03896,C uses knife to gather onions.,knife
93.8995,C places the tomato on the chopping board.,tomato@@@@@chopping_board
98.09037,C picks the tomato from the container.,tomato
98.9679,C places the tomato on the chopping board.,tomato@@@@@chopping_board
102.45373,C uses knife to gather the tomato.,tomato@@@@@knife
103.84591,C picks up the tomato from the container.,tomato
105.31671,C places the tomato on the chopping board.,tomato@@@@@chopping_board
107.46152,C slices the tomato with a knife.,tomato@@@@@knife
114.35228,C uses the knife to gather the tomato.,tomato@@@@@knife
116.2826,C picks up cucumber from the plastic bag.,plastic_bag
119.23349,C places the cucumber on the chopping board.,chopping_board
121.15867,C slices the cucumber into half.,knife
125.35079,C cuts off the edge of cucumber.,knife
168.62816,C uses the knife to gather the cucumber.,knife
171.12272,C picks up the bowl.,bowl
172.77853,C gathers the vegetables on the chopping board.,chopping_board
174.02331,C pours the vegetables into the bowl.,bowl
190.37445,C places the bowl on the counter top.,bowl
191.73051,C opens the kitchen cabinet.,cabinet
194.84643,C turns on the tap.,faucet
197.05722,C turns off the tap.,faucet
200.07274,C picks up the back pepper container.,canister@@@@@can
203.54595,C opens the black pepper container.,canister@@@@@can
204.671,C drops the lid on the counter top.,canister@@@@@can
205.58054,C adds black pepper to salad.,pepper
210.51738,C picks up the lid.,canister@@@@@can
211.3984,C covers the container with the lid.,canister@@@@@can
214.00232,C returns the black pepper container.,canister@@@@@can
251.34409,C turns on the tap.,faucet
255.30415,C turns off the tap.,faucet
255.38155,C picks up the spoon from the rack.,spoon
257.99217,C stirs the salad.,spoon@@@@@salad
269.85502,C picks up the bowl.,bowl
272.10147,C places the bowl on the table.,bowl
