timestamp,narration,object
14.43554,C picks a cucumber on a bowl on the sinktop with his right hand.,sink@@@@@bowl
15.66191,C turns the tap handle with his right hand.,person
16.0437,C rinses the cucumber under the running tap with his hands.,faucet
19.51533,C turns the tap handle with his right hand.,person
21.60772,C places the cucumber on a chopping board with his left hand.,chopping_board
23.86842,C pulls out a kitchen island cabinet drawer with his right hand.,drawer
25.26026,C pushes in the kitchen island cabinet drawer with his right hand.,drawer
26.592,C pulls a drawer box with his hands.,drawer
28.88259,C picks a small bowl from the drawer box with his right hand.,bowl@@@@@drawer
31.1436,C pushes in the drawer box with his left hand.,drawer
33.47393,C places the small bowl on the countertop with his right hand.,bowl
34.32622,C picks up a knife on the countertop with his right hand.,knife
36.38498,C cuts off the tip of the cucumber on the chopping board with the knife in his right hand.,knife@@@@@chopping_board
39.25312,C cuts off the tip of the cucumber on the chopping board with the knife in his right hand.,knife@@@@@chopping_board
45.28994,C slices the cucumber on the chopping board with the knife in his right hand.,knife@@@@@chopping_board
94.23114,C drops the knife on the chopping board with his right hand.,knife@@@@@chopping_board
97.38174,C adds the cucumbers in his hands into the small bowl.,bowl@@@@@can
100.73671,C adds the cucumbers in his hands into the small bowl.,bowl@@@@@can
101.7507,C picks a garlic clove on the countertop with his left hand.,person@@@@@garlic
102.47325,C drops the garlic clove on the chopping board with his left hand.,person@@@@@chopping_board@@@@@garlic
102.79991,C picks the knife on the chopping board with his right hand.,person@@@@@knife@@@@@chopping_board
102.79991,C slices the garlic clove with the knife in his right hand.,person@@@@@knife@@@@@garlic
120.08132,C adjusts the garlic on the chopping board with his hands.,garlic
121.73427,C chops the garlic on the chopping board with the knife in his right hand.,knife@@@@@garlic
127.94268,C drops the knife on the chopping board with his right hand.,knife@@@@@chopping_board
128.64182,C touches the garlic on the chopping board with his hands.,garlic
130.05018,C adjusts the garlic on the chopping board with the knife in his right hand.,knife@@@@@chopping_board
132.22597,C picks the chopping board off the countertop with his left hand.,chopping_board
133.16193,C adds the garlic on the chopping board into the small bowl with the knife in his right hand.,knife@@@@@chopping_board@@@@@bowl
136.17573,C places the chopping board on the countertop with his left hand.,chopping_board
137.2557,C removes the garlics at the blade of the knife into the small bowl with his left hand.,knife@@@@@garlic@@@@@bowl
139.74126,C drops the knife in his right hand on the chopping board.,knife
140.44341,C picks a tomato crate off the countertop with his hands.,crate
155.00159,C opens the tomato crate flap with his left hand.,crate
158.45952,C picks tomatoes from its crate with his right hand.,crate
159.92436,C picks tomatoes from the tomato crate with his left hand.,crate
166.06684,C turns the tap handle with his right hand.,person
169.05946,C turns the tap handle with his right hand.,person
171.57035,C picks the knife off the chopping board with his right hand.,knife@@@@@chopping_board
172.41434,C drops the tomatoes on the chopping board with his left hand.,chopping_board
173.90219,C holds a tomato on the chopping board with his left hand.,apple@@@@@chopping_board@@@@@banana@@@@@cauliflower@@@@@garlic@@@@@egg@@@@@can
175.87129,C chops the tomato with the knife in his right hand.,knife
203.43061,C drops the knife on the countertop with his right hand.,knife
203.85612,C packs the tomatoes on the chopping board with his hands.,chopping_board
204.97508,C drops the tomatoes in his hands into the small bow.,bowl
205.97029,C holds a tomato on the chopping board with his left hand.,apple@@@@@chopping_board@@@@@banana@@@@@cauliflower@@@@@garlic@@@@@egg@@@@@can
207.44565,C chops the tomato with the knife in his right hand.,knife
224.75335,C drops the knife on the countertop with his right hand.,knife
225.47966,C packs the tomatoes on the chopping board with his hands.,chopping_board
225.94636,C adds the tomatoes into the small bowl with his hands.,bowl
228.52751,C picks the knife off the countertop with his right hand.,knife
229.02661,C chops the tomato with the knife in his right hand.,knife
242.95229,C drops the knife on the countertop with his right hand.,knife
243.60994,C packs the tomatoes on the chopping board with his hands.,chopping_board
244.53455,C adds the tomatoes into the small bowl with his hands,bowl
248.8736,C holds a tomato on the chopping board with his left hand.,apple@@@@@chopping_board@@@@@banana@@@@@cauliflower@@@@@garlic@@@@@egg@@@@@can
249.23162,C picks up the knife on the countertop with his right hand.,knife
252.05794,C drops the knife on the countertop with his right hand.,knife
254.39313,C picks up the knife on the countertop with his right hand.,knife
255.17276,C chops the tomato with the knife in his right hand.,knife
261.72471,C chops the tomato with the knife in his right hand.,knife
269.67587,C drops the knife on the chopping board with his right hand.,knife@@@@@chopping_board
270.24984,C packs the tomatoes on the chopping board with his hands.,chopping_board
271.31423,C adds the tomatoes in his hands into the small bowl.,bowl
274.36207,C turns the tap handle with his right hand.,person
278.57235,C wipes the countertop with the  tissue,tissue_paper
280.79808,C drops the tissue paper on the countertop with his right hand.,tissue_paper
284.03157,C shakes the small bowl with his hands.,bowl
286.96946,C picks up a bottle of realemon juiceof the kitchen island with his right hand.,bottle
287.93901,C turns the realemon bottle cap with his left hand.,bottle@@@@@bottle_cap
290.91438,C adds realemon juice into the small bowl from the realemon bottle with his right hand.,bottle@@@@@bowl
295.82129,C covers the realemon bottle with his left hand.,bottle
298.27931,C places the realemon bottle on the kitchen island with his hands.,bottle
298.81757,C picks a bottle of wine on ht kitchen island with his right hand.,bottle
299.50185,C opens the bottle of salad wine cover with his left hand.,bottle
305.24142,C adds the salad wine from its bottle into the small bowl with his right hand.,bottle@@@@@bowl
308.63709,C covers the bottle of salad wine with its cover in his left hand.,bottle@@@@@bottle_cap
315.0585,C picks a white pepper container off the countertop with his right hand.,shaker@@@@@saltshaker
315.59631,C holds the white pepper container with both hands.,shaker@@@@@saltshaker
316.4823,C adds white pepper from its container into the small bowl with his right hand.,bowl@@@@@pepper_mill
322.61259,C places the white pepper container on the countertop with his right hand.,pepper_mill
325.33527,C picks a salt container on the countertop with his right hand.,shaker@@@@@saltshaker
326.2987,C adds salt from its container into the small bowl with his right hand.,shaker@@@@@saltshaker@@@@@bowl
329.91811,C places the salt container on the countertop with his right hand.,shaker@@@@@saltshaker
331.46228,C pulls out the kitchen island cabinet drawer with his right hand.,cabinet@@@@@drawer
332.44084,C holds the kitchen island cabinet drawer with his left hand.,cabinet@@@@@drawer
333.05717,C picks a spoon from the kitchen island cabinet drawer with his right hand.,spoon@@@@@drawer
334.98292,C drops the spoon into the kitchen island cabinet drawer with his right hand.,spoon@@@@@drawer
335.68455,C picks a spoon from the kitchen island cabinet drawer with his right hand.,spoon@@@@@drawer
337.09404,C pushes in the kitchen island cabinet drawer with his left hand.,person@@@@@drawer
337.69323,C passes the spoon from his right han to his left hand.,person@@@@@spoon
338.19887,C turns the tap handle with his right hand.,person
338.52399,C rinses the spoon under the running tap with his hands.,person@@@@@spoon
340.54256,C turns the tap handle with his right hand.,person
341.39959,C passes the spoon from his left hand to his right hand.,person@@@@@spoon
342.50848,C holds the small bowl on the countertop with his left hand.,person@@@@@bowl
342.58595,C mixes the cucumber and tomato salad in the small bowl with the spoon in his right hand.,bowl@@@@@spoon
374.04657,C picks the small bowl off the countertop with his hands.,kitchen_sink@@@@@table@@@@@sink@@@@@bowl@@@@@kitchen_table@@@@@can
377.20677,C places the small bowl on the kitchen island with his hands.,table@@@@@bowl@@@@@kitchen_table
4.05309,C moves the bag of cucumbers on the countertop with his right hand.,shopping_bag@@@@@plastic_bag@@@@@can
9.60774,C places the cucumber into the bag of cucumber with his right hand.,shopping_bag@@@@@plastic_bag@@@@@can
11.22295,C moves the bag of cucumbers on the countertop with his right hand.,shopping_bag@@@@@plastic_bag@@@@@can
14.66,C picks a cucumber from the plate with his right hand.,tray@@@@@dish_antenna@@@@@antenna@@@@@can
15.66685,C opens the tap with his right hand.,person
16.06966,C rinses the cucumber under the running tap with his left hand.,faucet
16.37127,C rinses the cucumber under the running tap with both hands.,faucet
18.87182,C rinses the cucumber under the running tap with his left hand.,faucet
19.57776,C turns off the tap with his right hand.,person
21.615,C places the cucumber on the chopping board with his left hand.,chopping_board
24.40029,C opens the cabinet with his right hand.,cabinet@@@@@handle
25.37745,C closes the cabinet with his right hand.,cabinet
26.82756,C opens the cabinet with both hands.,cabinet
28.957,C picks a bowl from the cabinet with his right hand.,cabinet@@@@@bowl
30.39385,C closes the cabinet with his left hand.,person@@@@@cabinet
33.526,C places the bowl on the countertop with his right hand.,bowl
34.54713,C picks a knife from the countertop with his right hand.,knife
37.165,C cuts away the cucumber stem from the cucumber on the chopping board with the knife in his right hand.,knife@@@@@chopping_board
39.42967,C cuts away the cucumber stem from the cucumber on the chopping board with the knife in his right hand.,knife@@@@@chopping_board
42.765,C places the cucumber on the chopping board with his left hand.,chopping_board
47.19683,C slices the cucumber on the chopping board with the knife in his right hand.,knife@@@@@chopping_board
94.33385,C places the knife on the chopping board with his right hand.,knife@@@@@chopping_board
94.83197,C packs the sliced cucumber on the chopping board with both hands.,knife@@@@@chopping_board@@@@@hat
98.89168,C packs the sliced cucumber on the chopping board with both hands.,knife@@@@@chopping_board@@@@@hat
102.578,C places the garlic on the chopping board with his left hand.,person@@@@@chopping_board@@@@@garlic
102.71134,C picks a knife from the countertop with his right hand.,knife
103.21122,C turns the chopping board with his left hand.,person@@@@@chopping_board
104.12977,C slices the garlic on the chopping board with the knife in his right hand.,knife@@@@@garlic
119.42107,C adjusts the sliced garlic on the chopping board with his left hand.,garlic
119.95413,C adjusts the sliced garlic on the chopping board with both hands.,garlic
120.7105,C adjusts the sliced garlic on the chopping board with his left hand.,garlic
120.866,C turns the chopping board with his left hand.,person@@@@@chopping_board
122.70573,C dices the sliced garlic on the chopping board with the knife in his right hand.,knife@@@@@garlic
127.33921,C rubs his left hand on the knife in his right hand.,knife
127.938,C places the knife on the chopping board with his right hand.,knife@@@@@chopping_board
128.61663,C adjusts the diced garlic on the chopping board with his right hand.,garlic
129.216,C picks a knife from the chopping board with his right hand.,knife@@@@@chopping_board
129.79807,C adjusts the diced garlic on the chopping board with the knife in his right hand.,knife@@@@@chopping_board
130.58766,C adjusts the diced garlic on the chopping board with his left hand.,chopping_board
132.23672,C picks the chopping board from the countertop with his left hand.,chopping_board
133.20813,C pours the diced garlic from the chopping into the bowl with the knife in his right hand.,knife@@@@@chopping_board@@@@@bowl
135.77575,C rubs the tip of the bowl with the knife in his right hand.,knife@@@@@bowl
136.011,C places the chopping board on the countertop with his left hand.,chopping_board
137.2481,C rubs the knife with his left hand.,knife
139.69382,C places the knife on the chopping board with his left hand.,knife
156.802,C opens the pack of cherry tomatoes with his left hand.,crate
158.574,C picks some cherry tomatoes from the pack of cherry tomatoes with his right hand.,crate
159.974,C picks some cherry tomatoes from the pack of cherry tomatoes with his left hand.,crate
166.24319,C opens the tap with his right hand.,person
166.75066,C rinses the cherry tomatoes under the running tap with his left hand.,faucet
167.08399,C rinses the cherry tomatoes under the running tap with both hands.,faucet
168.62588,C rinses the cherry tomatoes under the running tap with his left hand.,faucet
169.30083,C turns off the tap with his right hand.,person
172.00741,C picks a knife from the chopping board with his right hand.,knife@@@@@chopping_board
172.327,C places the cherry tomatoes on the chopping board with his left hand.,chopping_board
173.8822,C picks a cherry tomato from the chopping board with his left hand.,chopping_board
175.28664,C places the cherry tomato on the chopping board with his left hand.,chopping_board
175.83932,C turns the chopping board on the countertop with his left hand.,chopping_board
177.63401,C cuts the cherry tomato on the chopping board with the knife in his right hand.,knife
185.61229,C picks the cherry tomato from the chopping board with his left hand.,chopping_board
191.34951,C slices the half cherry tomato on the chopping board with the knife in his right hand.,knife@@@@@chopping_board
198.76825,C slices the half cherry tomato on the chopping board with the knife in his right hand.,knife@@@@@chopping_board
203.51924,C places the knife on countertop with his right hand.,knife
204.86492,C pours the sliced cherry tomatoes into the bowl with both hands.,bowl
205.701,C picks a cherry tomato from the chopping board with his left hand.,chopping_board
205.867,C picks the knife from the chopping board with his right hand.,knife
206.46478,C places the cherry tomato on the chopping board with his left hand.,chopping_board
207.3732,C cuts the cherry tomato on the chopping board with the knife in his right hand.,knife
215.45105,C turns the cherry tomato on the chopping board with his left hand.,chopping_board
215.91407,C picks the cherry tomato from the chopping board with with both hands.,chopping_board
216.81914,C places the halves cherry tomato on the chopping board with both hands.,chopping_board
217.63213,C holds the half cherry tomato on the chopping board with his left hand.,chopping_board
218.5883,C slices the half cherry tomato on the chopping board with the knife in his right hand.,knife@@@@@chopping_board
221.4864,C holds the half cherry tomato on the chopping board with his left hand.,chopping_board
221.96309,C slices the half cherry tomato on the chopping board with the knife in his right hand.,knife@@@@@chopping_board
224.723,C places the knife on the chopping with his right hand.,knife
224.78506,C picks the sliced cherry tomato from the chopping board with his left hand.,chopping_board
226.30452,C pours the sliced cherry tomato into the bowl with his left hand.,bowl
226.69193,C picks the sliced cherry tomato from the chopping board with his right hand.,chopping_board
227.62655,C pours the sliced cherry tomato into the bowl with his right hand.,bowl
228.089,C picks a cherry tomato from the chopping board with with his left hand.,chopping_board
228.575,C picks the knife from the chopping board with his right hand.,knife
228.99937,C places the cherry tomato on the chopping board with his left hand.,chopping_board
230.792,C cuts the cherry tomato with the knife in his right hand.,knife
233.72454,C turns the cherry tomato on the chopping board with his left hand.,chopping_board
235.08274,C picks the cherry tomato from the chopping board with his left hand.,chopping_board
236.71623,C slices the cherry tomato on the chopping board with the knife in his right hand.,knife
242.843,C places the knife on the chopping board with his right hand.,knife@@@@@chopping_board
244.47905,C pours the sliced cherry tomato into the bowl with both hands.,bowl
245.62919,C picks a sliced cherry tomato from the bowl with his right hand.,bowl
246.18053,C places the sliced cherry tomato into the bowl with both hands.,bowl
246.72773,C picks a sliced cherry tomato from the bowl with both hands.,bowl
248.20019,C places the sliced cherry tomato into the bowl with both hands.,bowl
248.91356,C picks the cherry tomato from the chopping board with his left hand.,chopping_board
249.23194,C picks the knife from the chopping board with his right hand.,knife
249.38022,C places the cherry tomato on the chopping board with his left hand.,chopping_board
252.031,C places the knife on the chopping with his right hand.,knife
253.581,C drops a piece of sliced cherry tomato into the bowl with his right hand.,bowl
254.34627,C picks a knife from the countertop with his right hand.,knife
255.12953,C cuts the cherry tomato on the chopping board with the knife in his right hand.,knife
258.00025,C picks the cherry tomato from the chopping board with his left hand.,chopping_board
260.75273,C places the halves cherry tomato on the chopping board with both hands.,chopping_board
261.32469,C turns the half cherry tomato on the chopping board with his left hand.,chopping_board
261.91948,C slices the half cherry tomato on the chopping board with the knife in his right hand.,knife@@@@@chopping_board
266.2558,C turns the half cherry tomato on the chopping board with his left hand.,chopping_board
267.34079,C slices the half cherry tomato on the chopping board with the knife in his right hand.,knife@@@@@chopping_board
269.615,C places the knife on the chopping board with his right hand.,knife@@@@@chopping_board
270.1296,C packs the sliced cherry tomato on the chopping board with both hands.,chopping_board
271.23262,C pours the sliced cherry tomato into the bowl with both hands.,bowl
272.20838,C adjusts the sliced cherry tomatoes in the bowl with both hands.,bowl
274.52767,C opens the tap with his right hand.,person
276.70735,C turns off the tap with his right hand.,person
277.557,C picks a paper towel from the countertop with his right hand.,towel@@@@@paper_towel
278.1472,C moves the chopping board on the countertop with his left hand.,chopping_board
278.5078,C wipes the countertop with the paper towel in his right hand.,towel@@@@@paper_towel
280.981,C places the paper towel on the countertop with his right hand.,towel@@@@@paper_towel
283.95271,C picks the bowl from the countertop with both hands.,bowl
284.41562,C shakes the bowl with both hands.,bowl
284.508,C places the bowl on the countertop with both hands.,kitchen_sink@@@@@table@@@@@sink@@@@@bowl@@@@@kitchen_table@@@@@can
287.0025,C picks a lemon juice bottle from the countertop with his right hand.,bottle
287.52651,C shakes the lemon juice bottle with his right hand.,bottle
288.01444,C opens the lemon juice bottle with his left hand.,bottle
291.90413,C pours the lemon juice from the lemon juice bottle into the bowl with his right hand.,bottle@@@@@bowl
295.80468,C covers the lemon juice bottle in his right hand with the cap in his left hand.,bottle@@@@@bottle_cap
296.18526,C tightens the cap of the lemon juice bottle in his right hand with his left hand.,bottle@@@@@bottle_cap
298.165,C places the lemon juice bottle on the countertop with both hands.,bottle
298.83385,C picks a cooking oil bottle from the countertop with his right hand.,bottle
299.63697,C opens the cap of the cooking oil bottle in his right hand with his left hand.,bottle@@@@@bottle_cap
304.824,C pours the cooking oil from the cooking oil bottle into the bowl with his right hand.,bottle@@@@@bowl
308.72348,C covers the cooking oil bottle in his right hand with the cap in his left hand.,bottle@@@@@bottle_cap
308.93369,C tightens the cap of the cooking oil bottle in his right hand with his left hand.,bottle@@@@@bottle_cap
315.03539,C picks a black pepper container from the countertop with his right hand.,shaker@@@@@saltshaker
315.61276,C holds the black pepper container with both hands.,shaker@@@@@saltshaker
316.14497,C holds the black pepper container with his right hand.,shaker@@@@@saltshaker
316.35465,C pours the black pepper from the black pepper container into the bowl with his right hand.,bowl@@@@@pepper_mill
322.541,C places the black pepper container on the countertop with his right hand.,pepper_mill
325.49716,C picks a salt container from the countertop with his right hand.,shaker@@@@@saltshaker
326.11816,C pours the salt from the salt container into the bowl with his right hand.,shaker@@@@@saltshaker@@@@@bowl
329.811,C places the salt container on the countertop with his right hand.,shaker@@@@@saltshaker
331.57306,C opens the cabinet with his right hand.,cabinet@@@@@handle
332.44228,C holds the cabinet with his left hand.,cabinet@@@@@handle
333.16054,C picks a spoon from the cabinet with his right hand.,cabinet@@@@@spoon
335.39832,C places the spoon in the cabinet with his right hand.,cabinet@@@@@spoon
336.014,C picks a spoon from the cabinet with his right hand.,cabinet@@@@@spoon
336.64028,C closes the cabinet with his left hand.,person@@@@@cabinet
337.68962,C passes the spoon from his right hand to his left hand.,person@@@@@spoon
338.18524,C opens the tap with his right hand.,person
338.44939,C rinses the spoon under the running water with his left hand.,person@@@@@spoon
338.95665,C rinses the spoon under the running water with both hands.,person@@@@@spoon
340.47712,C turns off the tap with his right hand.,person
341.23875,C passes the spoon from his left hand to his right hand.,person@@@@@spoon
341.81276,C shakes the spoon with his left hand.,person@@@@@spoon
342.502,C holds the bowl with his left hand.,person@@@@@bowl
342.668,C stirs the cucumber and tomato salad in the bowl with the spoon in his right hand.,bowl@@@@@spoon
374.29564,C picks the bowl from the countertop with his left hand.,kitchen_sink@@@@@table@@@@@sink@@@@@bowl@@@@@kitchen_table@@@@@can
374.72629,C places the spoon in the bowl with his right hand.,bowl@@@@@spoon
374.727,C holds the bowl with both hands.,bowl
377.03953,C places the bowl on the countertop with both hands.,kitchen_sink@@@@@table@@@@@sink@@@@@bowl@@@@@kitchen_table@@@@@can
