timestamp,narration,object
2.73563,C holds a knob on the cooker with his right hand.,knob
4.484,C turns a knob on the cooker with his right hand.,knob
12.39799,C takes an egg from an egg crate with his right hand.,egg
15.0983,C cracks the egg on the counter top with his right hand.,egg
16.04703,C adds the egg into a bowl on the counter top with both hands.,bowl@@@@@egg
23.70018,C throws the egg shell in the sink with his left hand.,sink@@@@@egg
25.13029,C picks a fork from the counter top with his right hand.,fork
25.98971,C picks the bowl on the counter top with his left hand.,bowl
26.34169,C beats the egg in the bowl with the fork in his right hand.,fork@@@@@bowl@@@@@egg
46.91111,C places the bowl on the counter top with his left hand.,bowl
50.60272,C adds salt to the egg in the bowl with his right hand.,bowl@@@@@egg
52.43713,C picks the bowl from the counter top with his left hand.,bowl
52.6647,C beats the egg in the bowl with the fork in his right hand.,fork@@@@@bowl@@@@@egg
62.27901,C places the bowl on the counter top with his left hand.,bowl
82.30156,C takes a spatula from a container on the counter top with his right hand.,spatula
84.98341,C picks a bowl from the counter top with his right hand.,bowl
86.27005,C beats the egg in the bowl with the fork in his right hand.,fork@@@@@bowl@@@@@egg
97.08577,C turns the knob on the cooker with his right hand.,knob
99.48612,C beats the egg in the bowl with the fork in his right hand.,fork@@@@@bowl@@@@@egg
110.04893,C pours egg from the bowl into the frying pan with his left hand.,bowl@@@@@egg
113.39511,C puts the fork in the bowl with his right hand.,fork@@@@@bowl
114.10811,C places the bowl on the counter top with his left hand.,bowl
114.98645,C holds the spatula with his right hand.,spatula
117.05885,C turns the knob on the cooker with his left hand.,knob
118.7874,C stirs the egg in the frying pan with the spatula in his right hand.,spatula@@@@@egg
167.75441,C turns the knob on the cooker with his right hand.,knob
