timestamp,narration,object
1.73506,C adjusts a camera on his face with his left hand.,person@@@@@camera
4.01529,C touches a mug on a counter top with his left hand.,person@@@@@mug
5.73764,C turns a knob of an electric cooker with his left hand.,knob@@@@@person
8.85777,C moves the mug on the counter top with his left hand.,person@@@@@mug
10.96902,C opens a fridge with his right hand.,person@@@@@refrigerator
17.30051,C closes the fridge with his right hand.,refrigerator
24.71627,C pours milk from the pack into the mug on the counter top with both hands.,mug@@@@@carton
30.36781,C closes the pack of milk with his left hand.,carton
33.35924,C opens the fridge with his right hand.,refrigerator
34.25626,C drops the pack of milk in the fridge with his left hand.,refrigerator@@@@@carton
36.38463,C closes the fridge with his right hand.,refrigerator
38.71152,C moves the mug on the counter top with both hands.,mug
39.75764,C picks the mug from the counter top with both hands.,mug
40.71423,C pulls up a faucet with her right hand.,faucet
42.25187,C pulls down the faucet with her right hand.,faucet
44.38127,C picks a saucepan on the counter top with her right hand.,mug@@@@@cup@@@@@hat@@@@@carton@@@@@saucepan
45.73615,C pours the milk from the mug into the saucepan with her left hand.,mug@@@@@saucepan
52.07126,C pulls up the faucet with her right hand.,faucet
52.38349,C pulls down the faucet with his right hand.,faucet
52.65015,C pulls up the faucet with her right hand.,faucet
52.81681,C pulls down the faucet with her right hand.,faucet
54.68691,C pours water from the mug into the saucepan with his left hand.,mug@@@@@saucepan
56.21567,C touches the saucepan on the counter top with his right hand.,saucepan
56.31227,C drops the mug on the counter top with his left hand.,mug
57.14424,C moves the saucepan from the counter top with his right hand.,saucepan
57.75724,C picks the saucepan from the counter top with his hand.,saucepan
59.31714,C places the saucepan on the electric cooker with his right hand.,saucepan
60.45837,C moves the saucepan on the electric cooker with his left hand.,saucepan@@@@@stove@@@@@can@@@@@hotplate@@@@@plate
61.97628,C turns the electric cooker knob with his left hand.,knob@@@@@stove
63.00095,C adjusts the camera on his face with his left hand.,camera
64.43034,C opens the kitchen shelf with his right hand.,cup@@@@@cupboard
66.62459,C picks a pack of sugar from the shelf with his left hand.,packet@@@@@cup@@@@@cupboard
69.13456,C drops a pack of sugar on the counter top with his left hand.,kitchen_table@@@@@packet
71.82819,C picks a bunch of measuring spoons from a plate rack with his right hand.,spoon@@@@@plate
73.14404,C passes the bunch of measuring spoons from his right hand to his left hand.,spoon
78.27024,C picks a medium measuring spoon from the bunch of measuring spoons with his left hand.,spoon
79.43586,C opens the pack of sugar on the counter top with both hands.,kitchen_table@@@@@packet
80.54217,C dips the medium measuring spoon into the pack of sugar with his right hand.,packet@@@@@measuring_cup@@@@@cup@@@@@ring
81.86967,C scoops sugar from the pack with the medium measuring spoon in his right hand.,packet@@@@@measuring_cup@@@@@cup@@@@@ring
83.82281,C scoops sugar from the pack with the medium measuring spoon in his right hand.,packet@@@@@measuring_cup@@@@@cup@@@@@ring
86.22791,C scoops sugar from the pack with the medium measuring spoon in his right hand.,packet@@@@@measuring_cup@@@@@cup@@@@@ring
88.32255,C pours the sugar into the saucepan with the measuring spoon in his right hand.,measuring_cup@@@@@cup@@@@@ring@@@@@saucepan
90.49465,C scoops sugar from the pack with the medium measuring spoon in his right hand.,packet@@@@@measuring_cup@@@@@cup@@@@@ring
92.22991,C pours the sugar into the saucepan with the measuring spoon in his right hand.,measuring_cup@@@@@cup@@@@@ring@@@@@saucepan
93.99801,C scoops sugar from the pack with the medium measuring spoon in his right hand.,packet@@@@@measuring_cup@@@@@cup@@@@@ring
95.10647,C pours the sugar into the saucepan with the measuring spoon in his right hand.,measuring_cup@@@@@cup@@@@@ring@@@@@saucepan
97.60818,C drops the bunch of measuring spoons on the counter top with her right hand.,measuring_cup@@@@@cup@@@@@ring
98.56517,C drops the pack of sugar in the shelf with his left hand.,packet
102.28646,C moves the saucepan on the electric cooker with his left hand.,saucepan@@@@@stove@@@@@can@@@@@hotplate@@@@@plate
105.73477,C picks tea bags from a plate with his right hand.,baguet@@@@@envelope@@@@@packet@@@@@backpack@@@@@shopping_bag@@@@@paper_towel@@@@@handbag@@@@@tote_bag@@@@@tissue_paper@@@@@plastic_bag@@@@@towel@@@@@can@@@@@paper_plate@@@@@plate
109.46867,C adds the tea bags into the saucepan with his left hand.,baguet@@@@@envelope@@@@@packet@@@@@backpack@@@@@shopping_bag@@@@@paper_towel@@@@@handbag@@@@@tote_bag@@@@@tissue_paper@@@@@plastic_bag@@@@@towel@@@@@saucepan@@@@@can@@@@@paper_plate@@@@@plate
110.46293,C separates the tea bags in the saucepan with both hands.,baguet@@@@@envelope@@@@@packet@@@@@backpack@@@@@shopping_bag@@@@@paper_towel@@@@@handbag@@@@@tote_bag@@@@@tissue_paper@@@@@plastic_bag@@@@@towel@@@@@saucepan@@@@@can@@@@@paper_plate@@@@@plate
113.81045,C moves the saucepan on the electric cooker with his left hand.,saucepan@@@@@stove@@@@@can@@@@@hotplate@@@@@plate
114.83016,C lifts the saucepan from the electric cooker with his left hand.,saucepan@@@@@stove@@@@@can@@@@@hotplate@@@@@plate
116.3321,C drops the saucepan on the electric cooker.,oven@@@@@toaster_oven@@@@@microwave_oven@@@@@toaster@@@@@saucepan@@@@@stove
120.58822,C picks a stainless fork from the plate rack with his right hand.,fork@@@@@plate
128.18634,C dips the stainless fork into the saucepan with his right hand.,fork@@@@@saucepan
128.60254,C stirs the chai tea with the stainless fork in his right hand.,fork@@@@@saucepan
132.85652,C presses the tea bags in the chai tea with stainless fork in his right hand.,fork
137.76042,C swings the tea bags in the saucepan with her left hand.,saucepan
140.36037,C presses the tea bags in the chai tea with stainless fork in his right hand.,fork
141.32345,C removes the stainless fork from the saucepan with his right hand.,fork@@@@@saucepan
142.88456,C taps the edge of the saucepan with the stainless fork in his hand.,fork@@@@@saucepan
144.14283,C lifts the stainless fork from the edge of the saucepan with her right hand.,fork@@@@@saucepan
146.80682,C dips the stainless fork into the saucepan with  her right hand.,fork@@@@@saucepan
147.13266,C presses the tea bags in the chai tea with stainless fork in his right hand.,fork
147.48195,C touches the tea bags ropes on the saucepan with his left hand.,saucepan
147.48987,C removes the stainless fork from the saucepan with his right hand.,fork@@@@@saucepan
150.51485,C removes his left hand from the handle of the saucepan .,handle@@@@@saucepan
152.75441,C passes the stainless fork from his right hand to his left hand.,fork
153.32142,C drops the stainless fork on the counter top with his left hand.,fork
194.76089,C picks the stainless fork from the counter top with his right hand.,fork
196.75796,C dips the stainless fork in the saucepan with his right hand.,fork@@@@@saucepan
196.92151,C presses the tea bags in the saucepan with the stainless fork in his right hand.,fork@@@@@saucepan
198.16205,C presses the tea bags in the saucepan with the stainless fork in his right hand.,fork@@@@@saucepan
199.32455,C presses the tea bags in the saucepan with the stainless fork in his right hand.,fork@@@@@saucepan
200.4912,C presses the tea bags in the saucepan with the stainless fork in his right hand.,fork@@@@@saucepan
201.84159,C presses the tea bags in the saucepan with the stainless fork in his right hand.,fork@@@@@saucepan
202.81182,C presses the tea bags in the saucepan with the stainless fork in his right hand.,fork@@@@@saucepan
204.16296,C hits the edge of the saucepan with the stainless fork in his right hand.,fork@@@@@saucepan
207.78423,C moves the saucepan on the electric cooker with his left hand.,saucepan@@@@@stove@@@@@can@@@@@hotplate@@@@@plate
211.1447,C hits the edge of the saucepan with the stainless fork in his right hand.,fork@@@@@saucepan
218.39512,C hits the edge of the saucepan with the stainless fork in his right hand.,fork@@@@@saucepan
220.38976,C stirs the chai tea in the saucepan with the stainless fork in his right hand.,fork@@@@@saucepan
221.41098,C taps the edge of the saucepan with the stainless fork in his right hand.,fork@@@@@saucepan
222.33495,C passes the stainless fork from his right hand to his left hand.,fork
222.99822,C drops the stainless fork on the counter top with his left hand.,fork
262.21603,C picks the stainless fork from the counter top with his left hand.,kitchen_table@@@@@fork@@@@@dining_table@@@@@can
263.34202,C passes the stainless fork from his left hand to his right hand.,fork
264.05341,C stirs the chai tea with the stainless fork in his right hand.,fork@@@@@saucepan
267.42038,C picks the tea bags ropes with stainless fork in his right hand.,fork
270.522,C stirs the chai tea with the stainless fork in his right hand.,fork@@@@@saucepan
275.59443,C taps the edge of the saucepan with stainless fork in his right hand.,fork@@@@@saucepan
276.63437,C passes the stainless fork from his right hand to his left hand.,fork
277.35567,C drops the stainless fork on the counter top with his left hand.,fork
319.99854,C picks the stainless fork from the counter top with his left hand.,kitchen_table@@@@@fork@@@@@dining_table@@@@@can
321.06868,C passes the stainless fork from his left hand to his right hand.,fork
321.99528,C stirs the chai tea with the stainless fork in his right hand.,fork@@@@@saucepan
325.97478,C taps the edge of the saucepan with stainless fork in his right hand.,fork@@@@@saucepan
328.91774,C stirs the chai tea with the stainless fork in his right hand.,fork@@@@@saucepan
330.03074,C taps the edge of the saucepan with stainless fork in his right hand.,fork@@@@@saucepan
330.53771,C passes the stainless fork from his right hand to his left hand.,fork
330.97848,C drops the stainless fork on the counter top with his left hand.,fork
331.78926,C moves the saucepan on the electric cooker with his left hand.,saucepan@@@@@stove@@@@@can@@@@@hotplate@@@@@plate
332.98155,C removes his left hand from the saucepan handle.,person@@@@@saucepan
346.43508,C holds the handle of the saucepan on the electric cooker with his left hand.,person@@@@@saucepan
348.37078,C moves the saucepan on the electric cooker with his left hand.,saucepan@@@@@stove@@@@@can@@@@@hotplate@@@@@plate
349.37096,C turns the knob of the electric cooker with his right hand.,person
350.52068,C lifts the saucepan on the electric cooker with his left hand.,saucepan
353.26542,C turns off the knob of the electric cooker with his right hand.,person
355.68433,C drops the saucepan on the electric cooker with his left hand.,saucepan
356.41814,C picks the stainless fork from the counter top with his left hand.,kitchen_table@@@@@fork@@@@@dining_table@@@@@can
357.36914,C passes the stainless fork from his left hand to his right hand.,fork
357.92178,C holds the handle of the saucepan with his left hand.,handle@@@@@saucepan
358.01242,C stirs the chai tea with the stainless fork in his right hand.,fork@@@@@saucepan
364.64545,C moves the saucepan on the electric cooker with his left hand.,saucepan@@@@@stove@@@@@can@@@@@hotplate@@@@@plate
365.00284,C stirs the chai tea with the stainless fork in his right hand.,fork@@@@@saucepan
369.37335,C stirs the chai tea with the stainless fork in his right hand.,fork@@@@@saucepan
370.43869,C taps the edge of the saucepan with stainless fork in his right hand.,fork@@@@@saucepan
370.93478,C taps the edge of the saucepan with stainless fork in his right hand.,fork@@@@@saucepan
371.50831,C moves the saucepan on the electric cooker with his left hand.,saucepan@@@@@stove@@@@@can@@@@@hotplate@@@@@plate
372.27235,C stirs the chai tea with the stainless fork in his right hand.,fork@@@@@saucepan
373.31138,C taps the edge of the saucepan with stainless fork in his right hand.,fork@@@@@saucepan
374.43834,C lifts the saucepan from the electric cooker with his left hand.,saucepan@@@@@stove@@@@@can@@@@@hotplate@@@@@plate
376.07828,C stirs the chai tea with the stainless fork in his right hand.,fork@@@@@saucepan
378.34836,C taps the edge of the saucepan with stainless fork in his right hand.,fork@@@@@saucepan
381.76185,C moves the mug cup on the counter top with his right hand.,mug
384.30288,C pours the chai tea from the saucepan into the mug cup with his left hand.,mug@@@@@saucepan
395.72219,C taps the edge of the saucepan with the stainless fork in his right hand.,fork@@@@@saucepan
397.16667,C drops the saucepan into the kitchen sink with his left hand.,sink@@@@@saucepan
398.21452,C drops the stainless fork in the kitchen sick with his right hand.,sink@@@@@fork
1.7,C adjusts his camera with his left hand.,camera
4.1,C touches the cup with his left hand.,person@@@@@cup
5.63,C turns on the stove with his left hand.,person@@@@@stove
8.6,C moves the position of the cup on the kitchen cabinet with his left hand.,person@@@@@cup
10.9,C opens the fridge door with his right hand.,refrigerator
14.77,C picks up a milk carton from the fridge with his left hand.,person@@@@@carton
16.77,C closes the fridge door with his right hand.,refrigerator
20.35,C drops the milk carton on the kitchen cabinet with his hands.,person@@@@@carton
20.9,C opens the milk carton with his left hand.,person@@@@@carton
23.9,C picks up the milk carton from the top of  kitchen cabinet with his hands.,person@@@@@carton
25.4,C pours the milk into the cup on the kitchen cabinet with his hands.,cup@@@@@carton
30.49973,C closes the milk carton with his left hand.,carton
33.0,C opens the fridge door with his right hand.,refrigerator
34.38638,C drops the milk carton in the fridge with his left hand.,refrigerator@@@@@carton
36.42,C closes the fridge door with his right hand.,refrigerator
38.596,C picks up the milk cup with his hands.,cup
40.4,C opens the tap with his right hand.,faucet
40.7,C adds water to the milk cup on his left hand.,cup
42.4,C closes the tap with his right hand.,faucet
42.8,C removes the milk cup from the mouth of the tap with his left hand.,cup@@@@@faucet
44.25,C picks up a pot from the top of the kitchen cabinet with his right hand.,pot
45.96958,C pours the milk from the milk cup into the pot with his left hand.,cup@@@@@pot
52.05,C opens the tap with his right hand.,faucet
52.3,C adds water to the cup on his left hand from the tap.,cup@@@@@faucet
53.9,C closes the tap with his right hand.,faucet
54.6,C pours water from the cup with his left hand into the pot of milk.,cup@@@@@pot
56.15,C picks up the pot of milk with his right hand.,pot
58.99,C places the pot of milk on the stove with his right hand.,stove@@@@@pot
62.05891,C adjusts the stove temperature with his left hand.,stove
63.05,C adjusts his camera with his left hand.,camera
64.15,C opens the drawer door with his right hand.,drawer
66.5,C picks up sugar pack from the drawer with his left hand.,packet@@@@@drawer
69.2,C places the sugar pack on top of the kitchen cabinet with his left hand.,packet@@@@@cup@@@@@cupboard
71.83847,C picks a spoon from the plate rack with his right hand.,spoon@@@@@plate
79.4,C opens the sugar pack with his hands.,packet
80.5,C dips his spoon into the sugar pack with his right hand.,spoon@@@@@packet
82.07153,C lifts the sugar pack from the top of the kitchen cabinet with his left hand.,packet@@@@@cup@@@@@cupboard
97.4,C places the spoon on the top of the kitchen cabinet with his right hand.,measuring_cup@@@@@cup@@@@@ring@@@@@cupboard
98.73495,C places the sugar pack into the drawer with his left hand.,baguet@@@@@envelope@@@@@packet@@@@@backpack@@@@@shopping_bag@@@@@paper_towel@@@@@handbag@@@@@tote_bag@@@@@tissue_paper@@@@@plastic_bag@@@@@towel@@@@@drawer@@@@@can@@@@@paper_plate@@@@@plate
100.1,C closes the drawer with his hands.,person@@@@@drawer
102.3,C adjusts the pot on the stove with his left hand.,stove@@@@@pot
105.75,C picks the tea bags from the top of the table with his right hand.,baguet@@@@@envelope@@@@@packet@@@@@backpack@@@@@shopping_bag@@@@@paper_towel@@@@@handbag@@@@@tote_bag@@@@@tissue_paper@@@@@plastic_bag@@@@@towel@@@@@can@@@@@paper_plate@@@@@plate
109.7,C drops the tea bags with his hands into the pot of milk on the stove.,baguet@@@@@envelope@@@@@packet@@@@@backpack@@@@@shopping_bag@@@@@paper_towel@@@@@handbag@@@@@tote_bag@@@@@tissue_paper@@@@@plastic_bag@@@@@towel@@@@@can@@@@@pot@@@@@paper_plate@@@@@plate
113.7,C lifts the pot of tea from the stove with his left hand.,kettle@@@@@stove@@@@@pot
117.1,C drops the pot of tea on the stove with his  left hand.,kettle@@@@@stove@@@@@pot
120.6,C picks a fork from the rack on top of the kitchen cabinet with his right hand.,fork
123.6,C adjusts the tea bags in the tea pot with his left hand.,teapot@@@@@pot
128.1,C dips the fork into the tea pot with his right hand.,fork@@@@@teapot@@@@@pot
128.45,C steeps the tea bags with the fork in his right hand.,fork
148.2,C adjusts the tea bag in the pot with his left hand.,pot
152.8,C transfers the fork from his right hand to his left hand.,person@@@@@fork
153.3,C drops the fork on the top of the kitchen cabinet with his left hand.,fork@@@@@cabinet
193.45,C picks the tea bags within the tea pot with his left hand.,pot
194.75,C picks the fork on the top of the kitchen cabinet with his right hand.,fork@@@@@cabinet
196.5,C steeps the tea bags with a fork within the tea pot.,fork@@@@@pot
207.2,C adjusts the pot on the stove with his left hand.,stove@@@@@pot
208.6,C steeps the tea bag with his left hand within the pot.,pot
220.0,C stirs the tea in the pot with the fork on his right hand.,fork@@@@@pot
222.33334,C transfers the fork from his right hand to his left hand.,person@@@@@fork
223.0,C drops the fork on the top of the kitchen cabinet with his left hand.,fork@@@@@cabinet
263.4,C transfers the fork from his left hand to his right hand.,fork
263.8,C dips the fork into the tea pot.,fork@@@@@teapot@@@@@pot
264.0,C stirs the tea within the pot with the fork in his right hand.,fork@@@@@pot
267.8,C lifts the tea bags using the fork on the tip of the tea pot with his right hand.,fork@@@@@teapot@@@@@pot
270.3,C stirs the tea with the fork on his right hand.,fork
276.411,C transfers the fork from his right hand to his left hand.,person@@@@@fork
277.367,C drops the fork on the top of the kitchen cabinet.,fork@@@@@cup@@@@@cupboard
319.99,C picks the fork on the kitchen cabinet with his left hand.,fork@@@@@cup@@@@@cupboard
321.05,C transfers the fork from his left hand to his right hand.,fork
321.7,C dips the fork into the tea pot with his right hand.,fork@@@@@teapot@@@@@pot
321.88,C stirs the tea within the tea pot with the fork on his right hand.,batter_(food)@@@@@soup@@@@@fork@@@@@pudding@@@@@teapot@@@@@can@@@@@pot
330.539,C transfers the fork from his right hand to his left hand.,person@@@@@fork
330.97125,C drops the fork on top of the kitchen cabinet with his left hand.,fork@@@@@cabinet
331.8,C adjusts the tea pot on top of the stove with his left hand.,teapot@@@@@stove@@@@@pot
346.5,C grabs the tea pot handle with his left hand.,person@@@@@teapot@@@@@pot
349.31265,C adjusts  the stove temperature with his right hand.,person@@@@@stove
350.766,C lifts the tea pot with his left hand.,teapot@@@@@pot
353.3,C adjusts the stove temperature with his right hand.,person@@@@@stove
355.0,C drops the tea pot with his left hand on the stove.,teapot@@@@@stove@@@@@pot
356.4,C picks up the fork with his left hand from the top of the kitchen cabinet.,person@@@@@fork
357.34,C transfers the fork from his left hand to his right hand.,fork
357.89,C dips the fork with his right hand into the tea.,batter_(food)@@@@@soup@@@@@fork@@@@@pudding@@@@@can
358.0,C grabs the handle of the tea pot with his left hand.,handle@@@@@teapot@@@@@pot
358.06,C stirs the tea within the tea pot with the fork on his right hand.,batter_(food)@@@@@soup@@@@@fork@@@@@pudding@@@@@teapot@@@@@can@@@@@pot
374.58,C lifts the tea pot with his left hand.,teapot@@@@@pot
376.1,C stirs the tea with the fork on his right hand.,fork
381.67615,C adjusts the cup on top of the kitchen cabinet with his right hand.,cup@@@@@cabinet
382.9,C holds back the tea bag in the tea pot with the fork on his right hand.,fork@@@@@teapot@@@@@pot
384.2,C pours the tea from the pot on his left hand into the cup on top of the kitchen cabinet.,cup@@@@@pot
397.10306,C drops the tea pot in the sink with his left hand.,sink@@@@@teapot@@@@@pot
398.17615,C drops the fork on his right hand into the sink.,sink@@@@@fork
