timestamp,narration,object
4.15229,C draws out the dishwasher rack with his left hand.,dish
6.88883,C gets a white ceramics bowl from the dishwasher rack.,bowl
7.83155,C passes the white ceramics bowl to his left hand.,bowl
8.37117,C drops the white ceramics bowl on the counter top.,bowl@@@@@can
13.61961,C picks a knife from the dishwasher lower rack.,dish@@@@@knife
15.75056,C spicks a red spoon from the dishwasher lower rack.,dish@@@@@spoon
17.39766,C draws in the dishwahser lower rack.,dish
20.95984,C passes the knife to his right hand.,knife
21.31972,C drops the red spoon on the tray.,tray@@@@@spoon
21.65059,C drops the knife on the tray.,tray@@@@@knife
26.55726,C drops the white ceramics bowl on the counter top.,bowl@@@@@can
27.94422,C touches a blue mug cup with his left hand.,cup
28.03904,C touches a blue mug cup with his left hand.,cup
28.12553,C sets the blue mugs,mug
28.89927,C sets the tomato pack,box
30.30294,C opens the tomato pack seal with his hands.,box
39.6253,C gets tomatoes from the tomato pack with his right hand.,packet
41.72768,C pours the tomatoes into the white ceramics bowl.,bowl@@@@@can@@@@@packet
42.80008,C gets tomatoes from the tomato pack with his right hand.,packet
44.62406,C pours the tomatoes into the white ceramics bowl.,bowl@@@@@can@@@@@packet
46.37373,C gets tomatoes from the tomato pack with his right hand.,packet
48.79989,C pours the tomatoes into the white ceramics bowl.,bowl@@@@@can@@@@@packet
53.0207,C holds the cucumber pack with his right hand.,plastic_bag@@@@@packet
55.72584,C unzip the cucumber pack with his right hand.,plastic_bag@@@@@packet
57.39555,C opens the cucumber pack with is hands.,plastic_bag@@@@@packet
58.53822,C dips his right hand into the cucumber pack.,can@@@@@hat@@@@@plastic_bag@@@@@packet
59.86057,C lift the cucmber pack from the counter top with his left hand.,kitchen_table@@@@@can@@@@@table@@@@@packet
65.09838,C drops the cucumber pack on the counter top with his left hand.,kitchen_table@@@@@can@@@@@table@@@@@packet
65.76669,C drops the cucumber into the white ceramics bowl.,bowl
68.06652,C dips his right hand into the cucumber pack.,can@@@@@hat@@@@@plastic_bag@@@@@packet
73.84239,C drops the cucumber into the white ceramics bowl.,bowl
74.91169,C holds the cucumber pack with his right hand.,plastic_bag@@@@@packet
79.81984,C picks the white ceramics bowl with his right hand.,bowl
80.35619,C holds the white ceramics bowl with his left hand.,person@@@@@bowl
80.98729,C drops the white ceramics bowl in the kitchen sink.,sink@@@@@bowl
81.666,C turns on the faucet with the handle.,handle@@@@@faucet
82.46307,C picks cucumbers from the white ceramics bowl  with his right hand.,bowl
83.08325,C moves the white ceramics bowl in the sink with his left hand.,sink@@@@@bowl
83.59489,C rinse cucumbers with both hands under the running faucet.,faucet
94.19209,C drops the cucumbers on the chopping board.,chopping_board@@@@@oar
95.17103,C picks up the with ceramics bowl in the sink.,sink@@@@@bowl
96.31503,C passes the white ceramics bowl to his left hand.,bowl
96.89374,C pours water in the white ceramics bowl into the kitchen sink.,sink@@@@@bowl
98.03734,C rinse the tomatoes with his left hand under the running faucet.,bowl@@@@@faucet
104.83521,C pours the water in the white ceramics bowl into the sink.,sink@@@@@bowl@@@@@plate@@@@@cup@@@@@hat@@@@@mug@@@@@washbasin
105.84574,C rinse the tomatoes with his left hand under the running faucet.,bowl@@@@@faucet
111.22519,C dips his right hand into the white ceramics bowl.,bowl
111.46438,C pours the water in the white ceramics bowl into the kitchen sink.,sink@@@@@bowl@@@@@kitchen_sink
113.97844,C turns off the faucet with the handle.,handle@@@@@faucet
114.50071,C dips his right hand into the white ceramics bowl.,bowl
114.68923,C pours the water in the white ceramics bowl into the kitchen sink.,sink@@@@@bowl@@@@@kitchen_sink
117.16309,C passes the white ceramics bwol into his right hand.,bowl
118.03192,C drops the white ceramics bowl on the counter top.,bowl@@@@@can
119.3713,C picks up the knife on the chopping board with his right hand.,oar@@@@@knife
119.62566,C touches the red spoon on the chopping board.,spoon@@@@@chopping_board@@@@@oar
120.93213,C turns on the faucet with the handle.,handle@@@@@faucet
121.69733,C rinses the knife under the sink running faucet.,faucet@@@@@knife
122.99102,C turns of the running faucet with the handle.,handle@@@@@faucet
123.66616,C picks the red spoon on the chopping board with  his right hand.,spoon@@@@@chopping_board@@@@@oar
124.48394,C drops the red spoon in the white ceramics bowl.,bowl@@@@@spoon
125.18483,C passes the knife to his right hand.,knife
125.66731,C drops the knife on the chopping board.,oar@@@@@knife
127.64008,C opens the dishwasher door with his right hand.,dish
129.2097,C draws out the dishwasher rack with his left hand.,dish
131.15616,C gets a ceramics bowl from the dishwahser rack.,bowl@@@@@dish@@@@@can@@@@@handle@@@@@faucet
132.70109,C draws in the dishwasher rack wih his right hand.,dish@@@@@can
134.72152,C closes the dishwasher door with his right hand.,dish
137.45301,C turns on the faucet with the handle.,handle@@@@@faucet
137.70033,C rinses the ceramics bowl under the running faucet.,bowl@@@@@faucet
138.41006,C turns off the faucet with the handle.,handle@@@@@faucet
138.5216,C pours the water in the ceramics bowl into the kitchen sink.,sink@@@@@bowl@@@@@kitchen_sink
140.59301,C holds the knife on the chopping board.,oar@@@@@knife
140.73384,C picks up the cucumbers from the chopping board with his left hand.,oar
141.73403,C drops cucumber into the ceramics bowl.,bowl
142.61044,C picks up the knife on the chopping board with his right hand.,oar@@@@@knife
143.22333,C drops the cucumber on the chopping board.,chopping_board@@@@@oar
143.92941,C cuts off the cucumber tip off on the chopping board.,chopping_board@@@@@oar
146.50623,C cuts off the cucumber stalk on the chopping board.,chopping_board@@@@@oar@@@@@knife
147.31031,C picks up the cucumber waste on the chopping board.,chopping_board@@@@@oar
148.2625,C drops the cucumber watse into the sink.,sink
148.93599,C holds the cucumber on the copping board with his left hand.,chopping_board@@@@@oar
149.78204,C slices the cucumber with the knife on the chopping board.,chopping_board@@@@@oar@@@@@knife
166.19432,C packs the cucumber aside on the chopping boad with his left hand.,chopping_board@@@@@oar
167.10136,C picks cucumber from the ceramics bowl with his left hand.,bowl
167.86813,C sets  the cucumber on the chopping board with his left hand.,chopping_board@@@@@oar
168.20475,C cuts off the cucumber tip on the chopping board.,chopping_board@@@@@oar@@@@@knife
170.236,C cuts off the cucumber stalk on the chopping board.,chopping_board@@@@@oar@@@@@knife
171.43022,C picks the cucmber waste from the chopping board.,chopping_board@@@@@oar
172.13215,C drops the cucumber watse in the kitchen sink.,sink@@@@@kitchen_sink
172.99561,C stes the cucumber on the chopping board with his left hand.,chopping_board@@@@@oar
174.52915,C slices the cucumber on the chopping board with the kife.,chopping_board@@@@@oar@@@@@knife
188.73129,C drops cucumber into the ceramics bowl.,bowl
189.2623,C moves the chopping board on the counter top.,chopping_board@@@@@oar
189.58584,C drops knife on the chopping board.,chopping_board@@@@@oar@@@@@knife
191.47741,C packs cucmbers on the chopping board with both hands.,chopping_board@@@@@oar
193.46836,C drops the cucumbers in the ceramics bowl.,bowl
194.30009,C packs cucmbers on the chopping board with both hands.,chopping_board@@@@@oar
194.72757,C drops the cucumbers in the ceramics bowl.,bowl
195.01724,C packs cucmbers on the chopping board with both hands.,chopping_board@@@@@oar
196.50922,C drops the cucumbers in the ceramics bowl.,bowl
197.56909,C picks the red spoon from the white ceramcis bowl.,bowl@@@@@spoon
198.1481,C packs tomatoes from the white ceramics bowl.,bowl
200.62242,C drops the tomatoes on the chopping board.,chopping_board@@@@@oar
201.68662,C packs tomatoes from the white ceramics bowl.,bowl
203.49858,C drops the red spoon into the ceramics bowl.,bowl@@@@@spoon
204.27117,C drops the tomatoes on the chopping board.,chopping_board@@@@@oar
205.44796,C picks up tomato from the chopping board.,chopping_board@@@@@oar
207.25254,C sets the tomato on the chopping board with left hand.,chopping_board@@@@@oar
207.80913,C slices the tomato on the chopping board.,chopping_board@@@@@oar
210.40062,C picks up tomato from the chopping board.,chopping_board@@@@@oar
210.98352,C sets the tomato on the chopping board with left hand.,chopping_board@@@@@oar
211.45375,C slices the tomato on the chopping board.,chopping_board@@@@@oar
213.09044,C picks up tomato from the chopping board.,chopping_board@@@@@oar
214.04072,C slices the tomato on the chopping board.,chopping_board@@@@@oar
215.30991,C picks up tomato from the chopping board.,chopping_board@@@@@oar
215.74415,C sets the tomato on the chopping board with left hand.,chopping_board@@@@@oar
216.26376,C slices the tomato on the chopping board.,chopping_board@@@@@oar
218.49813,C picks up tomato from the chopping board.,chopping_board@@@@@oar
219.36658,C sets the tomato on the chopping board with left hand.,chopping_board@@@@@oar
220.30593,C slices the tomato on the chopping board.,chopping_board@@@@@oar
222.21355,C picks up tomato from the chopping board.,chopping_board@@@@@oar
224.86884,C sets the tomato on the chopping board with left hand.,chopping_board@@@@@oar
225.92787,C slices the tomato on the chopping board.,chopping_board@@@@@oar
227.05473,C picks up tomato from the chopping board.,chopping_board@@@@@oar
227.3814,C sets the tomato on the chopping board with left hand.,chopping_board@@@@@oar
228.47497,C slices the tomato on the chopping board.,chopping_board@@@@@oar
229.90477,C picks up tomato from the chopping board.,chopping_board@@@@@oar
230.8709,C slices the tomato on the chopping board.,chopping_board@@@@@oar
232.68297,C picks up tomato from the chopping board.,chopping_board@@@@@oar
233.19711,C slices the tomato on the chopping board.,chopping_board@@@@@oar
235.42678,C picks up tomato from the chopping board.,chopping_board@@@@@oar
235.73616,C sets the tomato on the chopping board with left hand.,chopping_board@@@@@oar
236.16809,C slices the tomato on the chopping board.,chopping_board@@@@@oar
237.6427,C moves tomato on the chopping board.,chopping_board@@@@@oar
238.41996,C slices the tomato on the chopping board.,chopping_board@@@@@oar
239.89107,C picks up tomato from the chopping board.,chopping_board@@@@@oar
240.81753,C sets the tomato on the chopping board with left hand.,chopping_board@@@@@oar
241.55487,C slices the tomato on the chopping board.,chopping_board@@@@@oar
242.88911,C picks up tomato from the chopping board.,chopping_board@@@@@oar
243.31533,C sets the tomato on the chopping board with left hand.,chopping_board@@@@@oar
245.01426,C slices the tomato on the chopping board.,chopping_board@@@@@oar
246.51004,C picks up tomato from the chopping board.,chopping_board@@@@@oar
247.64463,C slices the tomato on the chopping board.,chopping_board@@@@@oar
251.14484,C picks up chopping board from counter top with both hands.,chopping_board@@@@@oar
253.44019,C packs the tomatoes into the white ceramics bowl with knife.,bowl@@@@@knife
261.26843,C turns on the faucet with the handle.,handle@@@@@faucet
261.46603,C rinses the chopping board under the running faucet.,chopping_board@@@@@faucet@@@@@oar
262.98696,C rinses knife under running faucet.,faucet@@@@@knife
264.93394,C turns of the faucet with the handle.,handle@@@@@faucet
266.69954,C drops the knife on the chopping board.,oar@@@@@knife
267.12042,C moves white ceramics bowl on the counter top with his right hand.,bowl
267.85821,C picks up the white ceramics bowl on the counter top.,bowl
269.25628,C touches the ceramics bowl with right hand.,bowl
269.85137,C shakes the white ceramics bowl with his right hand.,bowl
270.61932,C drops the white ceramics bowl on the counter top.,bowl@@@@@can
270.88754,C picks ceramics bowl on the counter top.,bowl@@@@@kitchen_table@@@@@can@@@@@table@@@@@dining_table
271.16265,C picks the red spoon in the ceramics bowl.,bowl@@@@@spoon
272.21905,C pours cucumbers in the ceramics bowl into the white ceramics bowl.,bowl
274.28911,C drops the ceramics on the counter top.,bowl@@@@@table
274.4162,C dips spoon into the white ceramics bowl.,bowl@@@@@spoon
274.66397,C holds the white ceramics bowl with his left hand.,person@@@@@bowl
274.79748,C mixes the vegetables in the white ceramics bowl with the red spoon.,bowl@@@@@spoon
279.9171,C drops the white ceramics bowl on the counter top.,bowl@@@@@can
281.62555,C drops the tomato into the white ceramics bowl.,bowl
281.95547,C dips the red spoon into the white ceramics bowl.,bowl@@@@@spoon
282.24323,C mixes the vegetables in the white ceramics bowl with the red spoon.,bowl@@@@@spoon
282.51652,C lift the white ceramics bowl with his left hand.,bowl
289.83123,C drops the red spoon ointo the white ceramics bowl with his right hand.,bowl@@@@@spoon
290.62904,C drops the white ceramics bowl on the counter top.,bowl@@@@@can
292.25784,C holds the fying pan on the cooking burner with is right hand.,can@@@@@urn
293.63174,C moves the oil jar on the counter closer with his left hand.,can@@@@@jar
294.57397,C picks up the salt jar on the counter top with his left hand.,jar
299.68045,C drops the oil container on the counter top,table@@@@@bottle
301.64101,C drops the spice container on the counter top.,table@@@@@bottle
302.78104,C passes the salt jar to his left hand.,jar
303.82001,C mixes the vegetables in the white ceramics bowl with the red spoon.,bowl@@@@@spoon
304.28073,C drops the red spoon into the white ceramics bowl.,bowl@@@@@spoon
305.06299,C opens the salt jar lid with his right hand.,jar
305.72776,C drops the salt jar lid on the counter top with hhis right hand.,jar
306.89815,C moves the salt jar lid closer to the chopping board on the counter top.,jar@@@@@oar
308.3546,C picks a white spoon from the salt jar with his right hand.,spoon@@@@@jar
308.78238,C mixes the salt in the salt jar with the white spoon.,spoon@@@@@jar
310.21768,C gets salt from the salt jar with the white spoon.,spoon@@@@@jar
311.36209,C pours the salt into the white ceramics bowl.,bowl
314.65068,C dips the white spoon into the salt jar.,spoon@@@@@jar
315.66782,C picks the salt jar lid from the counter top with his right hand.,jar
316.78091,C covers the salt jar with the lid.,jar
319.55651,C drops the salt jar on the counter top with his right hand.,jar
324.06298,C holds the red spoon in the white ceramics bowl,bowl@@@@@spoon
325.22369,C adds spice into the vegetables in the white ceramics bowl.,bowl
333.99825,C drops the spice container on the counter top.,table@@@@@bottle
334.47072,C picks the oil container from the counter top with his right hand.,bottle
334.8107,C passes the oil container to his left hand.,bottle
335.21671,C opens the oil container lid with his right hand.,bottle
336.838,C drops the oil container lid on the counter top with his right hand.,lamp@@@@@table@@@@@oil_lamp
337.68269,C picks the red spoon in the white ceramics bowl with his right hand.,bowl@@@@@spoon
341.37085,C pours oil from the oil container into the red spoon.,spoon
342.89453,C pours the oil from the red spoon into the white ceramics bowl.,bowl@@@@@spoon@@@@@hat@@@@@bed
345.42722,C pours oil from the oil container into the red spoon.,spoon
348.34532,C pours the oil from the red spoon into the white ceramics bowl.,bowl@@@@@spoon@@@@@hat@@@@@bed
349.74702,C drops the red spoon into the white ceramics bowl.,bowl@@@@@spoon
353.60823,C drops the oil container on the counter top with his right hand.,bowl@@@@@can@@@@@pan_(metal_container)@@@@@lamp@@@@@oil_lamp
354.74729,C picks up the white ceramics bwl with his left hand.,bowl@@@@@can
355.00241,C picks the spoon in the white ceramics bowl with his right hand.,bowl@@@@@spoon
355.1066,C mixes the vegetables in the white ceramics bowl with the red spoon.,bowl@@@@@spoon
389.19214,C drops the white white ceramics bowl on the counter top.,bowl
389.93118,C drops the red spoon in the white ceramics bowl.,bowl@@@@@spoon
