timestamp,narration,object
9.07615,C opens the coffee machine lid with his left hand.,person
9.75694,C pours the ground coffee into the coffee machine.,person@@@@@coffee_maker
14.02216,C grabs the electric kettle with his right hand.,person@@@@@kettle
14.37279,C picks up the electric kettle with his right hand.,person@@@@@kettle
14.61857,C grabs the coffee machine with his left hand.,person@@@@@coffee_maker
15.69595,C pours water into the coffee machine from the electric kettle.,person@@@@@kettle@@@@@coffee_maker
19.4629,C closes the coffee machine lid with his left hand.,person
20.34748,C places the electric kettle on the countertop.,person@@@@@kettle
20.599,C turns on the coffee machine with his left index finger.,person@@@@@coffee_maker
22.95772,C picks up a glass cup from the countertop with his left hand.,person@@@@@glass_(drink_container)
24.20347,C places the glass cup on the countertop.,person@@@@@glass_(drink_container)
28.1478,C opens the fridge with his left hand.,knob
29.13961,C picks up the milk container from the fridge with his right hand.,refrigerator@@@@@can@@@@@milk_can
29.93397,C closes the fridge.,person
32.43577,C places the milk container on the countertop.,can@@@@@milk_can
34.45695,C touches the handle of the fridge with his left hand.,handle
87.56242,C shifts the glass cup with his left hand.,glass_(drink_container)
87.75932,C grabs the milk container with his right hand.,can@@@@@milk_can
88.15655,C picks up the milk container with his right hand.,can@@@@@milk_can
88.48765,C opens the milk container cap with his left hand.,can@@@@@bottle_opener@@@@@bottle@@@@@milk_can
90.51896,C pours milk into the glass cup.,glass_(drink_container)@@@@@can@@@@@milk_can
94.02953,C closes the milk container cap with his left hand.,can@@@@@bottle_opener@@@@@bottle@@@@@milk_can
97.95205,C opens the fridge with his left hand.,knob
99.43048,C places the milk container in the fridge.,refrigerator@@@@@can@@@@@milk_can
99.93082,C closes the fridge.,person
137.53341,C grabs the handle of the coffee machine cup with his left hand.,cup@@@@@person
142.72619,C opens the coffee machine lid with his left hand.,person
145.16905,C closes the coffee machine lid with his left hand.,person
150.1887,C grabs the handle of the coffee machine cup with his left hand.,cup@@@@@person
156.212,C turns off the coffee machine with his left index finger.,person
158.87865,C picks up coffee machine cup with his left hand.,cup@@@@@person
160.6754,C pours the hot coffee into the glass cup.,cup@@@@@person
165.88012,C places the coffee machine cup in the coffee machine.,cup@@@@@person
9.16498,C opens coffee maker with his left hand.,person@@@@@coffee_maker
9.68805,C pours coffee into the coffee maker with his right hand.,person@@@@@coffee_maker
13.08018,C places his left hand on the electric kettle.,person@@@@@kettle
14.26439,C picks up the electric kettle with his right hand.,person@@@@@kettle
14.4976,C places his left on the coffee maker.,person@@@@@coffee_maker
15.61242,C pours water into the coffee maker with his right hand.,person@@@@@coffee_maker
19.4601,C closes the lid of the coffee maker with his left hand.,person
20.23375,C places the electric kettle on the counter top with his right hand.,person@@@@@kettle
20.71029,C turns on the coffee maker with his left index finger.,person@@@@@coffee_maker
22.8353,C picks a glass cup with his left hand.,person@@@@@glass_(drink_container)
23.99426,C places the cup on the counter top with his left hand.,person@@@@@glass_(drink_container)
28.35719,C opens the refrigerator with his left hand.,knob@@@@@refrigerator
29.2991,C picks up a gallon of milk from the refrigerator with his right hand.,refrigerator@@@@@can@@@@@milk_can
32.18695,C places gallon of milk on the counter top with his right hand.,can@@@@@milk_can
34.5157,C places his left hand on the refrigerator.,knob@@@@@refrigerator
87.72205,C picks up the gallon of milk with his right hand.,can@@@@@milk_can
88.64163,C opens the gallon of milk with his left hands.,can@@@@@bottle_opener@@@@@bottle@@@@@milk_can
90.23161,C pours milk into the cup with his right hand.,cup@@@@@can@@@@@milk_can
94.10621,C closes the gallon of milk with the lid in his left hand.,can@@@@@bottle_opener@@@@@bottle@@@@@milk_can
98.01401,C opens the refrigerator with left hand.,knob@@@@@refrigerator
99.10306,C places the gallon of milk in the refrigerator with his right hand.,refrigerator@@@@@can@@@@@milk_can
137.56651,C turns the coffee pot with his left hand.,person@@@@@pot
139.52197,C holds the coffee pot with his left hand.,person@@@@@pot
143.23703,C opens the lid of the coffee maker with his left hand.,person
145.38493,C closes the lid of the coffee maker with his left hand.,person
149.3321,C places his left hand on the handle of the coffee pot.,person@@@@@pot
150.20412,C turns the coffee pot with his left hand.,person@@@@@pot
151.51214,C remove his left hand from the handle of the coffee pot.,person@@@@@pot
157.18022,C turns off the coffee maker with his left index finger.,person
158.88846,C picks up the coffee pot with his left hand.,person@@@@@pot
160.65797,C pours coffee from the coffee pot into the cup of milk with his left hand.,cup@@@@@person@@@@@pot
165.24633,C fixes the coffee pot in the coffee maker with his left hand.,person@@@@@pot
166.77235,C removes his left hands from the handle of the coffee pot.,person@@@@@pot
