timestamp,narration,object
83.10713,C picks a skillet from the plate dryer with her right hand.,can@@@@@plate
86.81295,C places the skillet in his right hand on the countertop.,kitchen_table@@@@@can@@@@@dining_table
88.4236,C picks a mug from the countertop with her right hand.,kitchen_table@@@@@can@@@@@mug@@@@@dining_table
89.77873,C places the mug in her left hand on the faucet.,faucet@@@@@mug
90.09775,C open the faucet with his right hand.,faucet
96.16118,C closes the faucet with her left hand.,faucet
98.56636,C turns the water from the mug  in her right hand to the skillet.,can@@@@@mug
101.03543,C turns on the gas cooker with her right hand.,stove
104.08283,C passes the mug from her left hand to her right hand.,cup
104.57475,C places the mug in her right hand on the countertop.,cup
108.66244,C displaces the mug on the countertop with her right hand.,kitchen_table@@@@@can@@@@@mug@@@@@dining_table
110.0469,C adjusts the knob of the gas cooker with her right,can@@@@@stove
114.49947,C picks a teabag from the tray on the island with her left hand.,tray@@@@@bagel
115.33279,C picks a teabag from the island with her left hand.,can
118.02438,C holds the teabag in her right hand on the skillet.,pan_(for_cooking)
121.76945,C removes the tea bag in her right hand from the skillet.,pan_(for_cooking)
123.70047,C opens a wall cabinet with her right hand,cabinet
124.845,C picks a bag of sugar from the wall cabinet with her left hand.,cabinet
126.05298,C closes the wall cabinet door with her right hand.,cabinet
131.63166,C opens the base door of  the fridge with her right hand.,refrigerator
134.99958,C picks a box of milk with her left hand from the fridge door shelf.,refrigerator@@@@@box
138.32529,C places her right hand on the box of the milk.,box
141.96789,C turns on the gas cooker with her right hand.,stove
149.17666,C picks the mug from the countertop with her left hand.,mug
152.78917,C turns the milk in her right hand into the mug in her left hand.,cup
166.68309,C passes the mug from her left hand to her right hand.,cup
167.50213,C places the mug in her right hand on the countertop.,cup
198.93306,C adjusts a skillet on the gas cooker with the right hand.,stove
214.51089,C inserts the teabag in her right hand into the skillet on the gas cooker.,stove
221.55059,C aligns the teabag thread in her right hand with the handle of the cup.,cup
233.25501,C opens the bad of sugar on the countertop with her right hand.,plastic_bag
234.48131,C picks a small plastic spoon from the countertop with her right hand.,spoon
237.39993,C scoops the sugar with the small plastic spoon in her right hand.,spoon
240.30204,C turns the sugar in the small plastic spoon into the skillet on the gas cooker.,spoon@@@@@condiment@@@@@can
246.37255,C places the small plastic spoon in her right hand on the countertop.,kitchen_table@@@@@spoon@@@@@can@@@@@dining_table
249.93889,C picks a big spoon from the plate dryer with her right hand.,spoon@@@@@dishrag@@@@@can@@@@@plate@@@@@towel
254.42874,C adjusts the skillet on the gas cooker with her right hand.,stove
256.38336,C stirs the water in the skillet with the spoon in her right hand,spoon
266.07527,C places the spoon in her right hand on the countertop.,kitchen_table@@@@@spoon@@@@@can@@@@@dining_table
297.68584,C picks the mug from the countertop with her right hand.,mug
301.88903,C turns milk from the mug in her right hand into the skillet.,mug
308.50276,C places the mug in her right hand on the countertop,mug
331.97215,C holds the skillet handle with her right hand.,handle
352.39239,C adjusts the knob of gas cooker with her left hand.,knob
372.91419,C opens the wall cabinet with her right hand.,cabinet
374.19529,C places the bag of sugar on the wall cabinet with her left hand.,cabinet
375.03714,C closes the wall cabinet door with her right hand.,cabinet
461.02262,C opens the base cabinet with her left hand.,cabinet
461.86407,C disposes of the teabag in her right hand into a wastebin in the base cabinet.,can@@@@@trash_can
462.08863,C closes the door of the base cabinet with her left hand.,cabinet
486.71795,C picks the big spoon from the countertop with her right hand,spoon
488.80615,C stirs the tea in the skillet with the spoon in her right hand.,spoon
491.69921,C places the big spoon in her right hand on the countertop.,spoon
499.28197,C holds the skillet handle with her right hand.,handle
508.47482,C turns off the knob of the gas cooker with her left hand.,knob
510.43271,C picks the mug from the countertop with her left hand.,mug
512.6568,C turns the tea from the skillet in her right hand into the mug in her left hand.,mug
522.70035,C places the mug in her left hand on the island.,mug
