timestamp,narration,object
76.99962,C unwraps a plastic bag of groceries with both of her hands.,key@@@@@pastry@@@@@pepper@@@@@knife@@@@@hat@@@@@monkey@@@@@cassette@@@@@plastic_bag@@@@@sausage@@@@@wineglass@@@@@jar@@@@@pot@@@@@crumb@@@@@beanbag@@@@@bagel@@@@@pizza@@@@@can@@@@@chocolate_bar@@@@@camera@@@@@spoon@@@@@banana@@@@@tortilla@@@@@bowl@@@@@glove@@@@@carrot@@@@@ladle@@@@@clarinet@@@@@cup@@@@@bottle_cap@@@@@inhaler@@@@@cake@@@@@sandwich@@@@@bottle@@@@@pear@@@@@mug@@@@@bell_pepper@@@@@dog@@@@@bread@@@@@apple@@@@@sink@@@@@escargot@@@@@puppy
78.70404,C touches a plastic bag in a plastic bag of groceries with her right hand.,plastic_bag
79.20401,C touches a plastic bag of cucumber in a plastic bag of groceries with her right hand.,plastic_bag
80.71593,C picks a plastic bag of cucumber from a plastic bag of groceries with her right hand.,plastic_bag
82.29983,C drops a plastic bag of cucumber in a plastic bag of groceries with her right hand.,plastic_bag
82.90264,C picks a plastic bag of cucumber with her right hand from a plastic bag of groceries.,plastic_bag
84.14211,C hold a plastic bag of groceries down with her left hand.,plastic_bag
84.97342,C transfers a plastic bag of cucumber to her left hand.,plastic_bag
85.82599,C passes a plastic bag of cucumber to her right hand.,plastic_bag
86.76668,C places a plastic bag of cucumber on a chopping board.,plastic_bag@@@@@chopping_board
88.04742,C unwraps a big plastic bag.,plastic_bag
90.88816,C opens a plastic bag with both of her hands.,plastic_bag
91.71708,C opens a plastic bag of groceries with both of her hand.,plastic_bag
92.40516,C picks a pack of tomatoes from the plastic bag of groceries with her right hand.,plastic_bag
93.62594,C holds a pack of tomatoes with both of her hands.,can@@@@@carrot@@@@@pear@@@@@packet
94.49615,C holds a pack of tomatoes with both of her hands.,can@@@@@carrot@@@@@pear@@@@@packet
95.5551,C places a pack of tomatoes on a chopping board with her right hand.,chopping_board@@@@@packet
97.0876,C touches a plastic bag of groceries with her left hand.,plastic_bag@@@@@can@@@@@packet
97.28149,C moves a plastic bag of cucumber in a plastic bag with her right hand.,plastic_bag@@@@@can@@@@@carrot@@@@@pear
97.80249,C moves a plastic bag of groceries with her right hand.,plastic_bag@@@@@packet
98.24397,C closes a plastic bag of groceries with both of her hands.,plastic_bag
100.35047,C picks up a plastic bag of cucumber with her right hand.,plastic_bag
100.82067,C passes a plastic bag of cucumber with her left hand.,plastic_bag
101.45354,C moves a plastic bag of cucumber between her hands.,plastic_bag
103.55187,C opens a zip lock on the plastic bag of cucumbers with her right hand.,plastic_bag
106.55723,C opens a plastic bag of cucumber with her right hand.,plastic_bag
110.49853,C picks a cucumber from a plastic bag with her right hand.,plastic_bag
111.39495,C pulls a plastic bag of cucumber with her left hand.,plastic_bag
111.51004,C pulls out a cucumber from a plastic bag with her right hand.,plastic_bag
112.53681,C places a cucumber on a chopping board with her right hand.,chopping_board
113.01811,C holds a plastic bag with both of her hands.,plastic_bag@@@@@person
113.51068,C throws a plastic bag on a countertop with her right hand.,plastic_bag
114.72224,C opens a kitchen cabinet with her left hand.,cabinet
115.88913,C picks a bowl from the kitchen cabinet with her right hand.,cabinet@@@@@bowl
117.30187,C closes the kitchen cabinet with her left hand.,cabinet
118.85575,C places a bowl on a plate rack with her right hand.,plate@@@@@can@@@@@bowl
120.8731,C picks a peeler from the countertop with her right hand.,can@@@@@table
122.05512,C picks a cucumber from a chopping board with her right hand.,can@@@@@table@@@@@carrot
123.11236,C drops a peeler on a chopping board.,chopping_board
123.13589,C holds a cucumber with both hands.,can@@@@@table@@@@@carrot
124.1127,C picks a peeler from the chopping board with her right hand.,can@@@@@table@@@@@chopping_board@@@@@peeler_(tool_for_fruit_and_vegetables)
124.86857,C peels off the flesh of a cucumber with a peeler.,can@@@@@table@@@@@peeler_(tool_for_fruit_and_vegetables)
149.95499,C places the cucumber flesh on the chopping board.,chopping_board
150.30364,C gathers the cucumber fleshes on the chopping board with her right hand.,chopping_board
151.75913,C places a peeler on the chopping board with her right hand.,table@@@@@chopping_board@@@@@peeler_(tool_for_fruit_and_vegetables)
152.77329,C turns on the tap with her right hand.,faucet
154.36381,C turns off the tap with her right hand.,faucet
155.68697,C picks up a knife from a chopping board with her right hand.,knife@@@@@chopping_board
155.86813,C places a cucumber on a chopping board with her left hand.,chopping_board
156.721,C moves a peeler on a chopping board with her left hand.,table@@@@@chopping_board@@@@@peeler_(tool_for_fruit_and_vegetables)
158.31541,C cuts the top of a cucumber with a knife.,knife
160.26736,C cuts the bottom of a cucumber with a knife.,knife
162.93046,C cuts a cucumber with a knife.,knife
165.76323,C picks a cucumber from a chopping board with her left hand.,chopping_board
167.07109,C cuts a cucumber with a knife.,knife
171.4831,C picks diced cucumber from a chopping board with her left hand.,chopping_board
173.16038,C drops diced cucumbers into a bowl with her left hand.,can@@@@@table@@@@@bowl@@@@@carrot
174.013,C picks diced cucumbers from a chopping board with her left hand.,can@@@@@table@@@@@chopping_board@@@@@carrot
175.2609,C drops diced cucumbers in a bowl with her left hand.,can@@@@@table@@@@@bowl@@@@@carrot
175.91666,C picks a cucumber from a chopping board with her left hand.,chopping_board
176.7228,C cuts a cucumber with a knife.,knife
178.88289,C picks sliced cucumbers from the chopping board with her left hand.,chopping_board
179.28029,C pours diced cucumber into a bowl with her left hand.,bowl
180.11756,C picks a cucumber from a chopping board with her left hand.,chopping_board
180.68428,C cuts a cucumber with a knife.,knife
182.02347,C cuts a cucumber with a knife.,knife
185.73897,C places sliced cucumbers in a bowl with her left hand.,bowl
186.33635,C picks sliced cucumbers from a chopping board with her left hand.,chopping_board
186.90737,C pours sliced cucumbers in a bowl with her left hand.,bowl
187.47525,C picks cucumber on the chopping board with her left hand.,chopping_board
187.98465,C cuts cucumber with a knife.,knife
190.68352,C picks cucumber from a chopping board with her left hand.,chopping_board
193.01505,C pours sliced cucumbers in a bowl with her left hand.,bowl
193.61115,C picks cucumber from a chopping board with her left hand.,chopping_board
194.63906,C pours sliced cucumbers in a bowl with her left hand.,bowl
195.22295,C places a knife on a chopping board wit her right hand.,knife@@@@@chopping_board
209.57691,C turns on the tap with her right hand.,faucet
212.54734,C turns on the tap with her right hand.,faucet
213.83557,C picks up a knife on the chopping board with her right hand.,knife@@@@@chopping_board
214.2132,C places the tomatoes on a chopping board with her left hand.,chopping_board
215.38417,C picks a tomato from the chopping board with her left hand.,chopping_board
216.53294,C places a tomato on the chopping board.,chopping_board
216.89637,C cuts a tomato with a knife on a chopping board.,knife@@@@@chopping_board
224.09174,C picks up a tomato on a chopping board.,chopping_board
224.9817,C cuts a tomato with a knife on a chopping board.,knife@@@@@chopping_board
226.4671,C moves a tomato on a chopping board with her left hand.,chopping_board
226.97534,C cuts a tomato with a knife on a chopping board.,knife@@@@@chopping_board
233.30381,C gathers sliced tomatoes onto a  knife with her left hand.,knife
235.5337,C pours sliced tomatoes on a knife into a bowl with her left hand.,knife@@@@@bowl
236.66431,C picks sliced tomato from a chopping board with her left hand.,chopping_board
239.849,C puts sliced tomato in a bowl wit her left hand.,bowl
240.56479,C picks a tomato from a chopping board with her left hand.,chopping_board
241.11491,C cuts a tomato with a knife on a chopping board.,knife@@@@@chopping_board
245.47983,C picks sliced tomatoes from a chopping board with her left hand.,chopping_board
246.38977,C pours sliced tomatoes into a bowl with her left hand.,bowl
247.16572,C picks a a tomato on a chopping board with her left hand.,pepper@@@@@sausage@@@@@can@@@@@chopping_board@@@@@carrot
247.87292,C cuts a tomato with a knife on a chopping board.,knife@@@@@chopping_board
249.97555,C picks sliced tomatoes from a chopping with her left hand.,pepper@@@@@sausage@@@@@can@@@@@chopping_board@@@@@carrot
250.98893,C pours sliced tomatoes into a bowl with her left hand.,bowl
251.54485,C picks a tomato on the chopping board with her left hand.,pepper@@@@@sausage@@@@@can@@@@@chopping_board@@@@@carrot
252.05446,C cuts a tomato with a knife on a chopping board.,knife@@@@@chopping_board
257.48138,C picks sliced tomatoes from the chopping board with her left hand.,chopping_board
258.70524,C pours sliced tomatoes into a bowl with her left hand.,bowl
259.24958,C picks a tomato on a chopping board with her left hand.,chopping_board
259.97875,C cuts a tomato with a knife on a chopping board.,knife@@@@@chopping_board
261.16261,C picks sliced tomatoes on a chopping board with her left hand.,chopping_board
262.2722,C pours sliced tomatoes into a bowl with her left hand.,bowl
262.7111,C picks up a bowl of sliced cucumber with sliced tomatoes with he left hand.,bowl
263.57378,C places a knife on a chopping board with her right hand.,knife@@@@@chopping_board
264.14089,C places a bowl of sliced tomatoes with sliced cucumbers on a chopping board with her left hand.,chopping_board@@@@@bowl
265.52997,C turns in a tap with her right hand.,faucet
265.98361,C washes her left hand in a sink.,sink
266.38231,C turns off the tap with her right hand.,faucet
269.53067,C picks a jar of salt from the kitchen cabinet with her right hand.,person@@@@@jar
270.35253,C places a jar of salt on her left hand.,person@@@@@jar
270.68066,C opens a jar of salt with her right hand.,person@@@@@jar
272.52676,C shakes salt from a jar of salt into a bowl of cucumber and tomato salad.,jar@@@@@bowl
275.31076,C places a jar of salt in her left hand.,jar
275.34369,C closes a lid on a jar of salt with her right hand.,jar
276.54568,C places a jar of salt in a kitchen cabinet with her right hand.,jar@@@@@cabinet
277.30199,C picks a jar of ground black pepper in a kitchen cabinet with her right hand.,jar@@@@@cabinet
277.828,C places a jar of ground black pepper in her left hand.,jar
278.0369,C opens a lid from the jar of ground black pepper with her right hand.,jar
278.99013,C holds a jar of ground black pepper with both of her hand.,pepper@@@@@jar
279.27286,C adds ground black pepper into a bowl of salad with both of her hands.,pepper@@@@@bowl
282.47902,C shakes a jar of ground black pepper with her right hand.,pepper@@@@@jar
283.00372,C adds ground black pepper into a bowl of salad with both of her hands.,pepper@@@@@bowl
286.61882,C passes a jar of ground black pepper to her left hand.,pepper@@@@@jar
287.56504,C covers a jar of ground black pepper with lid.,pepper@@@@@jar
289.30247,C places a jar of ground black pepper in a kitchen cabinet with her right hand.,pepper@@@@@jar@@@@@cabinet
290.33152,C wipes her hands on a blue kitchen towel.,hand_towel@@@@@towel
292.03341,C picks a bottle of oil from a kitchen shelf with her right hand.,bottle
292.99615,C places a bottle of oil in her left hand.,bottle_cap@@@@@bottle
293.5543,C removes a bottle cap from a bottle of oil with her right hand.,bottle_cap@@@@@bottle
296.42002,C pours oil from a bottle into a bottle cap with her left hand.,bottle_cap@@@@@bottle
298.04332,C pours oil from a bottle cap into a bowl of salad.,bowl@@@@@bottle_cap@@@@@bottle
302.03034,C pours oil in a bottle from a bottle cap.,bottle_cap@@@@@bottle
302.54873,C covers a bottle of oil with a bottle cap.,bottle_cap@@@@@bottle
305.92158,C passes a bottle of oil to her right hand.,bottle
306.71164,C places a bottle of oil in the kitchen cabinet with her right hand.,cabinet@@@@@bottle
308.94567,C picks lemon from a bowl with her right hand.,bowl
311.90534,C drops lemon shaft on a chopping board with her left hand.,chopping_board
313.00842,C turns on a tap with her left hand.,person@@@@@faucet
313.37607,C washes a lemon in a sink with her right hand.,sink
313.8609,C turns off a tap with her left hand.,faucet
314.27959,C drains water from a lemon with her right hand.,banana@@@@@pear@@@@@apple@@@@@grape
315.0682,C holds a lemon with both of her hands.,banana@@@@@pear@@@@@apple@@@@@grape
316.21147,C squeezes lemon into a bowl of salad with both of her hands.,banana@@@@@bowl@@@@@pear@@@@@apple@@@@@grape
320.80628,C places a squeezed lemon on a chopping board with both of her hand.,banana@@@@@chopping_board@@@@@pear@@@@@apple@@@@@grape
322.39347,C wipes her hands with a blue kitchen towel.,person@@@@@hand_towel@@@@@towel
324.54791,C picks a fork with her right hand.,person@@@@@fork
325.28202,C picks a spoon with her left hand.,person@@@@@spoon
326.62335,C passes a spoon to her right hand.,person@@@@@spoon
327.23653,C turns on a tap with her left hand.,person@@@@@faucet
327.40446,C washes a spoon with a fork with her right hand.,person@@@@@spoon@@@@@fork
328.27739,C turns off a tap with her left hand.,faucet
329.106,C passes a spoon to her left hand.,spoon
330.00556,C stirs the salad in a bowl with a spoon in her left hand.,spoon@@@@@bowl
330.1519,C stir a salad in a bowl with a fork in her right hand.,bowl@@@@@fork
347.90817,C transfers a spoon to her right hand.,spoon
20.0,A man X picks up the camera glasses.,camera@@@@@spectacles
31.40994,A man X drops the camera glasses.,camera@@@@@spectacles
37.69192,A man X picks up the camera glasses.,camera@@@@@spectacles
45.27578,A man X passes the camera glasses to Y.,camera@@@@@spectacles
47.35652,A woman Y wears the camera glasses.,camera@@@@@spectacles
55.82044,A man X tightens the camera glasses on woman Y.,camera@@@@@spectacles
77.31677,C picks a zip lock bag with cucumber from a plastic bag.,plastic_bag@@@@@can
86.01491,C drops the cucumber on a chopping board.,chopping_board
91.81366,C picks a tomato pack from plastic bag.,plastic_bag
95.13306,C drops tomato pack on a chopping board.,chopping_board@@@@@packet
100.0,C picks up the zip lock bag with cucumber from the chopping board.,chopping_board
106.48834,C picks cucumber from zip lock bag.,plastic_bag
112.11876,C drops the cucumber on the chopping board.,chopping_board
113.1833,C drops the zip lock bag on the counter top.,plastic_bag
114.36348,C opens a cabinet.,cabinet
115.49192,C picks a bowl from the cabinet.,cabinet@@@@@bowl
117.61129,C place the bowl on the counter top.,bowl
120.18758,C pick peeler knife from the counter top.,knife
121.91244,C picks cucumber from the chopping board.,can@@@@@table@@@@@carrot
123.70683,C peels the cucumber with the peeler knife.,knife@@@@@can
150.24103,C moves the cucumber peel to the side of the chopping board.,chopping_board
151.6,C drops the peeler knife on the chopping board.,knife@@@@@table@@@@@chopping_board@@@@@peeler_(tool_for_fruit_and_vegetables)
152.54982,C opens a tap.,faucet
154.49736,C closes the tap.,faucet
155.14655,C places peeled cucumber on the chopping board.,chopping_board
155.95,C picks up the knife from the chopping board.,knife@@@@@chopping_board
158.04326,C cuts the tip of the peeled cucumber.,knife
161.44997,C moves the tip of the cucumber to the side of the chopping board.,chopping_board
162.689,C cuts peeled cucumber on the chopping board.,chopping_board
171.93402,C places the cut cucumber into the bowl.,can@@@@@bowl@@@@@carrot
176.36259,C cuts peeled cucumber on the chopping board.,chopping_board
178.79503,C places the cut cucumber into the bowl.,can@@@@@bowl@@@@@carrot
180.16711,C cuts peeled cucumber on the chopping board.,chopping_board
184.11056,C places the cut cucumber into the bowl.,can@@@@@bowl@@@@@carrot
187.53889,C cuts peeled cucumber on the chopping board.,chopping_board
190.87578,C places the cut cucumber in the bowl.,bowl
194.97667,C drops the knife on the chopping board.,knife@@@@@chopping_board
209.23851,C opens the tap.,faucet
212.38812,C closes the tap.,faucet
213.56224,C places the tomatoes on the chopping board.,chopping_board
214.63948,C chops the tomatoes on the chopping board.,chopping_board
233.20802,C places the chopped cucumber into the bowl.,bowl
240.65545,C slices the tomatoes on the chopping board.,chopping_board
245.8,C places the cut tomatoes in the bowl.,bowl
247.69989,C cuts tomatoes on the chopping board.,knife@@@@@chopping_board
249.86593,C places the cut tomatoes in the bowl.,bowl
251.98296,C cuts tomatoes on the chopping board.,knife@@@@@chopping_board
258.02016,C places the cut tomatoes in the bowl.,bowl
260.02171,C cuts tomatoes on the chopping board.,knife@@@@@chopping_board
261.25171,C places the cut tomatoes in the bowl.,bowl
262.735,C drops the knife on the chopping board.,knife@@@@@chopping_board
263.56439,C places the bowl on the chopping board.,chopping_board@@@@@bowl
265.3027,C opens the tap.,faucet
266.4,C closes the tap.,faucet
267.52974,C cleans her hands with a towel.,person@@@@@towel
271.71327,C adds salt to the cucumber and tomato mixture in the bowl.,person@@@@@bowl
277.30417,C picks black pepper container from the cabinet.,pepper@@@@@cabinet
277.89894,C remove the lid of the black pepper container.,pepper
278.28728,C puts the lid of the black pepper container on the chopping board.,pepper@@@@@chopping_board
278.73557,C adds black pepper to the cucumber and tomato mixture in the bowl.,pepper@@@@@bowl
288.78935,C places the salt pepper container in the cabinet.,pepper@@@@@cabinet
291.6186,C picks a sauce bottle from the cabinet.,cabinet@@@@@bottle
293.34792,C opens the lid of the sauce bottle.,saucepan@@@@@bottle
296.21988,C pours the sauce into the lid.,saucepan@@@@@bottle
298.22589,C pours the sauce into the cucumber and the tomato mix in the bowl.,bowl@@@@@bottle
301.86086,C closes the sauce bottle with the lid.,bottle_cap@@@@@bottle
306.10565,C puts the sauce bottle in the cabinet.,cabinet@@@@@bottle
308.48133,C picks a lemon from a cup.,cup
311.7986,C places the lemon seed on the chopping board.,chopping_board
312.73372,C opens the tap.,faucet
315.83297,C squeezes the lemon into the cucumber and tomato mix in the bowl.,banana@@@@@bowl@@@@@pear@@@@@apple@@@@@grape
320.80916,C drops the lemon on the chopping board.,banana@@@@@chopping_board@@@@@pear@@@@@apple@@@@@grape
324.15015,C picks a fork from the countertop.,table@@@@@fork@@@@@dining_table
325.61471,C picks a spoon from the countertop.,table@@@@@spoon@@@@@dining_table
327.01513,C turns on the tap.,person@@@@@faucet
327.827,C rinses the spoon and fork.,spoon@@@@@fork
329.7998,C stirs the cucumber and tomato mixture with a spoon and fork.,spoon@@@@@fork
330.96966,C stirs the cucumber and tomato mixture with the fork.,fork
336.74536,C stirs the cucumber and tomato mixture with the spoon and fork.,spoon@@@@@fork
