timestamp,narration,object
25.74512,The man X picks the eyeglass camera on the kitchen countertop with his right hand.,camera@@@@@spectacles
28.95981,The man X passes the eyeglass camera to the man Y with his right hand.,person@@@@@camera_lens@@@@@camera
29.76527,The man Y receives the eyeglass camera from the man X with his left hand.,camera@@@@@spectacles
35.27324,The man Y removes his eyeglass with his right hand.,spectacles
36.45644,The man Y drops his eyeglass on the kitchen countertop with his right hand.,table@@@@@kitchen_table@@@@@spectacles
37.565,The man Y holds the eyeglass camera with his two hands.,camera@@@@@spectacles
39.25557,The man X holds the eyeglass camera strap with his right hand.,camera_lens@@@@@camera@@@@@handbag
41.77834,The man X wears the eyeglass camera for man Y.,camera@@@@@spectacles
46.7759,C adjust the eyeglass camera on his face.,camera
64.73616,C opens the kitchen cabinet door with his left hand.,cabinet
66.66903,C picks a white bowl from the kitchen cabinet with his right hand.,cabinet@@@@@bowl
68.34166,C closes the kitchen cabinet door with his left hand.,cabinet
70.18846,C drops the white bowl on the kitchen countertop with his right hand.,table@@@@@bowl@@@@@kitchen_table
72.25303,C opens the refrigerator door with his right hand.,refrigerator
74.23152,C picks the egg carton from the refrigerator with his left hand.,egg@@@@@refrigerator
78.08728,C closes the refrigerator door with his right hand.,refrigerator
78.99605,C holds the egg carton with his both hands.,egg
80.27901,C drops the egg carton on the kitchen countertop with his both hands.,sink@@@@@egg@@@@@kitchen_sink
81.22111,C opens the egg carton cover with his right hand.,egg
82.96348,C picks an egg from the egg carton with his right hand.,egg@@@@@eggbeater@@@@@can
84.22341,C closes the egg carton cover with his left hand.,egg@@@@@eggplant@@@@@eggbeater@@@@@can
85.47768,C adjust the position of the white bowl on the kitchen countertop with his left hand.,table@@@@@bowl@@@@@kitchen_table
86.69423,C cracks the egg on the kitchen sink edge with his right hand.,sink@@@@@egg@@@@@kitchen_sink
87.96727,C removes egg shell with his both hands.,egg
90.09553,C pours the egg yolk and white into the white bowl with his both hands.,egg@@@@@bowl
91.76866,C passes egg shell on his left hand to his right hand.,egg
93.52554,C drops the egg shell on the kitchen sink edge with his right hand.,sink@@@@@egg@@@@@kitchen_sink
97.63045,C clean his hands with the paper towel on the kitchen countertop.,towel@@@@@paper_towel@@@@@sink@@@@@kitchen_sink
99.03152,C places his right hand on the paper towel holder on the kitchen countertop.,towel@@@@@paper_towel
99.22372,C tears paper towel from the paper towel holder with his left hand.,towel@@@@@paper_towel
100.34103,C cleans his right hand with the paper towel.,towel@@@@@paper_towel
101.03437,C drops the paper towel on the kitchen countertop with his right hand.,towel@@@@@paper_towel@@@@@sink@@@@@kitchen_sink
101.2341,C opens the kitchen cabinet door with his left hand.,cabinet
102.4619,C picks the chopsticks from the kitchen cabinet with his right hand.,cabinet@@@@@chopstick
104.15574,C holds the chopsticks with his both hands.,chopstick
108.12494,C drops the chopsticks on the white bowl with his right hand.,bowl@@@@@chopstick
110.7859,C picks the black pepper container with his right hand.,pepper_mill
114.25329,C holds the black pepper container with his left hand.,pepper_mill
114.54358,C opens the black pepper container with his right hand.,pepper_mill
116.24627,C drops the lid of the black pepper container on the kitchen countertop with his right hand.,table@@@@@pepper_mill@@@@@kitchen_table
116.81694,C adjust the chopsticks on the bowl with his right hand.,bowl@@@@@chopstick
118.11149,C holds the black pepper container with his both hands.,pepper_mill
118.55852,C pours black pepper into the egg in the white bowl.,egg@@@@@bowl@@@@@pepper_mill
125.72622,C drops the black pepper container on the kitchen countertop with his left hand.,pepper_mill
128.57165,C pours sweetener into the egg mixture in the white bowl.,bowl@@@@@spoon
134.63357,C holds the egg mixture in the white bowl on the kitchen countertop with his left hand.,bowl@@@@@spoon
134.6567,C picks chopsticks with his right hand.,chopstick
135.30096,C dips the chopsticks in the egg mixture in the white bowl with his right hand.,bowl@@@@@chopstick
135.79765,C lifts the egg mixture in the white bowl with his left hand.,egg@@@@@bowl
135.99628,C whisks the egg mixture in the white bowl until its well integrated.,egg@@@@@bowl
152.12644,C drops the egg mixture in the white bowl on the kitchen countertop with his left hand.,egg@@@@@bowl@@@@@spoon
152.87973,C drops the chopsticks on the white bowl with his right hand.,bowl@@@@@chopstick
156.5334,C turns the knob of the gas burner.,knob
161.50485,C turns on the gas burner.,stove
166.38004,C passes the oil container from his right hand to his left hand.,canister@@@@@can
181.13921,C drops the oil container on the kitchen countertop with his left hand.,bottle@@@@@table@@@@@kitchen_table
182.3804,C hits the range hood of the gas burner with his right hand.,stove
184.26619,C rotates skillet with his right hand to allow oil flow into empty spaces.,frying_pan@@@@@saucepan
191.34214,C drops the skillet on the gas burner with his right hand.,pan_(for_cooking)@@@@@stove
192.72942,C hits the range hood of the gas burner with his right hand.,stove
193.83319,C rotates skillet with his right hand to allow oil flow into empty spaces.,frying_pan@@@@@saucepan
197.59317,C drops the skillet on the gas burner with his right hand.,pan_(for_cooking)@@@@@stove
201.70614,C picks the chopsticks on the white bowl with his right hand.,bowl@@@@@chopstick
201.89875,C picks the egg mixture in the white bowl on the kitchen countertop with his left hand.,bowl@@@@@spoon
205.93845,C drops the egg mixture in the white bowl on the kitchen countertop with his left hand.,egg@@@@@bowl@@@@@spoon
207.09316,C passes the chopsticks from his right hand to his left hand.,chopstick
209.97072,C turns the knob of the gas burner with his right hand.,knob
216.81938,C passes the chopsticks from his left hand to his right hand.,chopstick
217.91104,C picks the egg mixture in the white bowl on the kitchen countertop with his left hand.,bowl@@@@@spoon
221.00418,C pours egg mixture into oil in the skillet on the gas burner with his left hand.,pan_(for_cooking)@@@@@stove
226.87018,C drops the white bowl on the kitchen countertop with his left hand.,table@@@@@bowl@@@@@kitchen_table
227.54371,C drops the chopsticks on the white bowl with his right hand.,bowl@@@@@chopstick
228.70005,C turns the knob of the gas burner with his right hand.,knob
230.32325,C rotates skillet with his right hand to allow uncooked egg liquid flow into empty spaces to fry.,pan_(for_cooking)@@@@@egg
235.78763,C drops the skillet on the gas burner with his right hand.,pan_(for_cooking)@@@@@stove
239.68573,C turns the knob of the gas burner with his right hand.,knob
250.39331,C turns the knob of the gas burner.,knob
252.44312,C shakes the omelet in the skillet with his left hand.,egg@@@@@eggbeater@@@@@can
255.07248,C drops the skillet on the gas burner with his right hand.,pan_(for_cooking)@@@@@stove
255.09247,C picks the chopsticks on the white bowl with his left hand.,bowl@@@@@chopstick
257.09601,C passes the chopsticks from his left hand to his right hand.,chopstick
257.71466,C tilt the omelet in the skillet round with the chopsticks in his right hand.,chopstick
265.27146,C shakes the omelet in the skillet with his left hand.,egg@@@@@eggbeater@@@@@can
266.54842,C tilt the omelet in the skillet round with the chopsticks in his right hand.,chopstick
278.46335,C shakes the omelet in the skillet with his left hand.,egg@@@@@eggbeater@@@@@can
280.38338,C spread the omelet in the skillet with the chopsticks in his right hand.,pan_(for_cooking)@@@@@chopstick
286.15094,C turns off the gas burner with his left hand.,stove
290.99545,C turns off the gas burner with his left hand.,stove
293.48363,C shakes the omelet in the skillet with his left hand.,egg@@@@@eggbeater@@@@@can
296.3335,C drops the skillet on the gas burner.,pan_(for_cooking)@@@@@stove
297.62673,C tilt the omelet in the skillet round with the chopsticks in his right hand.,chopstick
304.9639,C shakes the omelet in the skillet with his left hand.,egg@@@@@eggbeater@@@@@can
307.08731,C drops the skillet on the gas burner.,pan_(for_cooking)@@@@@stove
307.69154,C tilt the omelet in the skillet with the chopsticks on his right hand.,chopstick
309.54875,C drops the chopsticks on the white bowl on the kitchen countertop with his right hand.,bowl@@@@@chopstick
311.98307,C opens the kitchen cabinet door with his left hand.,cabinet
313.8188,C lifts a white bowl in the kitchen cabinet with his right hand.,cabinet@@@@@bowl
314.61104,C picks a white plate from the kitchen cabinet with his left hand.,cabinet@@@@@plate
316.46761,C drops the white bowl in the kitchen cabinet with his right hand.,cabinet@@@@@bowl
317.47455,C closes the kitchen cabinet door with his right hand.,cabinet
320.78749,C drops the white plate on the kitchen countertop with his left hand.,table@@@@@plate@@@@@kitchen_table
323.75114,C picks the chopsticks on the white bowl with his right hand.,bowl@@@@@chopstick
325.98676,C slide the omelet with the chopsticks in his right hand into the white plate on the kitchen countertop.,plate@@@@@chopstick
337.30738,C drops the chopsticks on the white bowl on the kitchen countertop with his right hand.,bowl@@@@@chopstick
338.19974,C moves the white bowl on the kitchen countertop to the front of the microwave with his both hands.,oven@@@@@bowl@@@@@microwave_oven
341.30643,C touches the knob of the gas burner with his right hand.,knob
346.73126,C holds the plate of omelet with both hands.,plate
347.24362,C slides the plate of omelet forward with his right hand.,plate
64.87306,C opens the cabinet door.,cabinet
66.72499,C picks a white ceramics bowl  from the cabinet.,cabinet@@@@@bowl
68.45175,C closes the cabinet.,cabinet
70.21906,C drops the white ceramics bowl on the counter top.,bowl
72.70213,C opens the lower fridge door.,refrigerator
74.51767,C picks an egg crate from the fridge.,crate@@@@@refrigerator
78.40416,C closes the lower fridge door.,refrigerator
79.15313,C holds the egg crate with his right hand.,crate
80.42347,C drops the egg crate on the counter top.,crate
82.0687,C opens the egg crate.,egg@@@@@crate
83.20658,C picks egg from the egg crate.,egg@@@@@crate
83.96964,C covers the egg crate.,egg@@@@@crate
85.64932,C touches the white ceramics bowl with left hand.,bowl
86.20831,C cracks the egg shell on the counter top.,egg
88.0738,C touches the egg with his left hand.,egg
88.98517,C pours the egg into the white ceramics bowl.,egg@@@@@bowl
91.81599,C puts the egg shell together.,egg
93.83389,C drops the egg shell on the counter top.,egg@@@@@table
96.87128,C touches the cabinet door.,cabinet
97.5508,C touches the white cloth on the counter top.,towel@@@@@table@@@@@tablecloth
99.30477,C touches the tissue roll on the counter top with right hand.,tissue_paper
99.56247,C tears out tissue from the tissue roll on the counter top.,tissue_paper
100.5631,C wipes his hands with the tissue.,tissue_paper
101.05714,C drops the tissue on the counter top.,tissue_paper
101.59995,C pulls out the cabinet drawer.,cabinet@@@@@drawer
102.6032,C picks chopping sticks form the cabinet drawer.,cabinet@@@@@chopping_board
108.33105,C places the chopping sticks on the white ceramics bowl.,bowl@@@@@chopstick
117.08488,C moves aside the chopping sticks on the white ceramics bowl.,bowl@@@@@chopstick
118.56474,C pours nut meg into the white ceramics bowl.,bowl
128.56264,C pours thyme into the white ceramics bowl.,bowl
134.54344,C picks the chopping sticks on the white ceramics bowl.,bowl@@@@@chopstick
134.81394,C picks the white ceramics bowl with his left hand.,bowl
135.92325,C whisks ingredients in the white ceramics bowl with the chopping stick.,bowl@@@@@chopping_board
151.66714,C beats the chopping sticks on the edge of the white ceramics bowl.,bowl@@@@@chopping_board
152.79824,C drops the chopping sticks on the white ceramics.,plate@@@@@chopstick
156.96917,C turns the burner knob.,knob@@@@@stove
158.06542,C removes his left hand from the skillet.,person@@@@@pan_(for_cooking)
167.85903,C opens the yellow keg oil cap.,bottle@@@@@bottle_cap
179.33461,C covers the yellow keg with the lid.,bucket
185.64063,C shakes the skillet over the burner.,stove@@@@@saucepan
193.84793,C picks up the skillet on the burner.,pan_(for_cooking)@@@@@stove
194.53874,C shakes the skillet over the burner.,stove@@@@@saucepan
202.11382,C picks up the chopping sticks form the white ceramics bowl.,bowl@@@@@chopping_board
202.91115,C picks up the white ceramics bowl from the counter top.,bowl
206.12987,C drops the white ceramics bowl on the counter top.,bowl
207.21433,C passes the chopping sticks to his left hand.,chopstick
207.76727,C feel the heat from the skillet with his palm.,pan_(for_cooking)
210.32995,C turns the burner knob.,knob@@@@@stove
216.17731,C feel the heat from the skillet with his palm.,pan_(for_cooking)
217.0617,C passes the chopping sticks to his right hand.,chopstick
217.99863,C picks the white ceramics bowl from the counter top.,bowl
221.10718,C pours egg from the white ceramics bowl into the skillet.,pan_(for_cooking)@@@@@bowl
227.22048,C drops the white ceramics on the counter top.,table@@@@@plate
227.89214,C places the chopping sticks on the white ceramics bowl.,bowl@@@@@chopstick
228.89778,C turns the burner knob.,knob@@@@@stove
232.00755,C shakes the skillet over the burner.,stove@@@@@saucepan
239.94836,C turns the burner knob.,knob@@@@@stove
250.57426,C turns the burner knob.,knob@@@@@stove
252.56856,C picks up the skillet on the burner.,pan_(for_cooking)@@@@@stove
253.99324,C shakes the skillet over the burner.,stove@@@@@saucepan
255.70879,C picks up the chopping sticks from the white ceramics bowl.,bowl@@@@@chopstick
256.909,C removes his right hand from the skillet handle.,pan_(for_cooking)
257.17056,C passes the chopping sticks to his right hand.,chopstick
258.43235,C moves the chopping board round the omelet in the skillet.,pan_(for_cooking)@@@@@chopping_board
263.8855,C picks up the skillet on the burner.,pan_(for_cooking)@@@@@stove
265.51369,C shakes the skillet over the burner.,stove@@@@@saucepan
266.93728,C moves the omelet in the skillet with the chopping sticks.,pan_(for_cooking)@@@@@chopstick@@@@@frying_pan@@@@@can
278.36864,C picks up the skillet on the burner.,pan_(for_cooking)@@@@@stove
278.75221,C shakes the skillet over the burner.,stove@@@@@saucepan
280.50647,C moves the omelet to the center of the skillet with the chopping sticks.,pan_(for_cooking)@@@@@chopstick
286.4715,C turns the burner knob.,knob@@@@@stove
294.30316,C shakes the skillet over the burner.,stove@@@@@saucepan
298.02554,C moves the omelet to the center of the skillet with the chopping sticks.,pan_(for_cooking)@@@@@chopstick
305.16868,C shakes the skillet over the burner.,stove@@@@@saucepan
309.67049,C drops the chopping sticks on the white ceramics bowl.,bowl@@@@@chopping_board
311.06782,C removes his left hand from the skillet handle.,pan_(for_cooking)@@@@@handle
312.13075,C opens the cabinet door.,cabinet
314.19195,C lift a white ceramics bowl from a white ceramics plate.,plate@@@@@bowl
315.15972,C picks a white ceramics plate from the cabinet.,cabinet@@@@@plate
316.85285,C drops the white ceramics bowl on the ceramics plate in the cabinet.,cabinet@@@@@plate@@@@@bowl
317.72322,C closes the cabinet door.,cabinet
321.00574,C drops the white ceramics plate on the counter top.,plate
323.99503,C picks the chopping sticks from the white ceramics bowl.,bowl@@@@@chopstick
330.72959,C serves the omelet into the ceramics plate.,plate
337.53184,C drops the chopping sticks on the white ceramics bowl.,bowl@@@@@chopping_board
338.24309,C moves the white ceramics bowl aside on the counter top.,bowl
342.18016,C turns the burner knob.,knob@@@@@stove
347.08978,C moves the ceramics plate aside on the counter top.,plate
