timestamp,narration,object
0.741,C picks an electric kettle from the base on the countertop with his right hand.,kettle
1.94787,C opens the lid of the electric kettle with his left hand.,kettle
2.9138,C switches on the faucet with his left hand.,faucet
3.07321,C gets water from the faucet into the electric kettle in his right hand.,faucet@@@@@kettle
6.64756,C switches off the faucet with his left hand.,faucet
7.30681,C closes the electric kettle lid with his left hand.,kettle
8.60273,C places the electric kettle on the base with his right hand.,kettle
9.20459,C sets the electric kettle with his right thumb.,kettle
14.43134,C picks a saucepan from the countertop with his right hand.,saucepan
15.4757,C places the saucepan on the electric cooker with his right hand.,saucepan
19.983,C picks a cup from the countertop with his right hand.,cup
21.32039,C places the cup on the electric cooker with his right hand.,cup
68.90817,C opens the cabinet with his left hand.,cabinet
70.17624,C picks a fork from the cabinet with his left hand.,fork@@@@@cabinet
71.84265,C closes the cabinet with his left hand.,cabinet
73.99758,C drops the fork on the electric cooker with his right hand.,fork
206.60992,C picks the electric kettle from the base with his right hand.,kettle
208.52437,C pours hot water from the electric kettle into the cup on the electric cooker with his right hand.,cup@@@@@kettle
215.61146,C places the electric kettle on the base with his right hand.,kettle
220.8144,C picks a scissors from the rack with his right hand.,scissors
223.60261,C cuts the coffee mix bag with the scissors in his right hand.,scissors
226.128,C places the scissors on the electric cooker with his right hand.,scissors@@@@@hotplate@@@@@plate@@@@@stove
228.64872,C pours the coffee mix from the bag into the hot water in the cup with both hands.,cup
238.10612,C places the coffee mix bag on the electric cooker with his right hand.,hotplate@@@@@plate@@@@@stove
238.27355,C picks the fork from the electric cooker with his left hand.,fork@@@@@hotplate@@@@@plate@@@@@stove
239.17,C stirs the coffee and hot water in the cup with the fork in his right hand.,fork@@@@@cup
249.27709,C drops the fork in the sink with his right hand.,sink@@@@@fork
