timestamp,narration,object
1.35885,C moves a crate of eggs on the countertop with both hands.,egg@@@@@crate
2.81572,C opens the crate of eggs with both hands.,egg@@@@@crate
4.6323,C picks two eggs from the crate of eggs with both hands.,egg@@@@@crate
6.029,C closes the crate of eggs with both hands.,egg@@@@@crate
6.53596,C transfers the egg in his left hand to his right hand.,egg
8.56384,C moves a faucet lever with his left hand.,faucet
10.03352,C transfers an egg from his right hand to his left hand.,egg
10.83161,C transfers an egg from his right hand to his left hand.,egg
11.42538,C moves the faucet lever with his right hand.,faucet
12.25704,C transfers an egg from his left hand to his right hand.,egg
13.89317,C places the eggs on the countertop with both hands.,egg
15.04204,C picks an egg from the countertop with his right hand.,egg
15.74011,C places the egg on the countertop with his right hand.,egg
17.40126,C picks a mug from the countertop with his right hand.,mug
20.42527,C moves the faucet lever with his right hand.,faucet
21.515,C transfers the mug from his left hand to his right hand.,can@@@@@mug
22.11263,C pours the water from the mug into the sink with his right hand.,mug@@@@@sink
23.63785,C places the mug on the countertop with his right hand.,mug
25.35852,C presses some buttons on an electric cooker with his right hand.,button@@@@@stove
25.51721,C holds a skillet handle on the electric cooker with his left hand.,pan_(for_cooking)@@@@@frying_pan@@@@@handle@@@@@ski
32.67691,C places his left hand over the skillet on the electric cooker.,hat@@@@@ski
33.47212,C places his left hand over the skillet on the electric cooker.,hat@@@@@ski
35.32,C picks an egg from the countertop with his left hand.,egg
37.42298,C picks a knife from the countertop with his right hand.,knife
39.46609,C hits the egg in his left hand with the knife in his right hand.,knife@@@@@egg
40.67907,C places the knife on the countertop with his right hand.,knife
41.3033,C cracks the egg into the mug on the countertop with both hands.,mug@@@@@egg
48.46624,C transfers an egg shell from his left hand to his right hand.,ring@@@@@egg
50.88712,C opens a cupboard with his left hand.,cup
53.06193,C closes the cupboard with his left hand.,cup
54.79512,C places the egg shells on the countertop with his right hand.,egg
55.69057,C picks an egg from the countertop with his left hand.,egg
56.03157,C picks a knife from the countertop with his right hand.,knife
57.55479,C hits the egg in his left hand with the knife in his right hand.,knife@@@@@egg
59.33667,C places the knife on the countertop with his right hand.,knife
60.3587,C cracks the egg into the mug on the countertop with both hands.,mug@@@@@egg
65.41769,C transfers an egg shell from his right hand to his left hand.,egg@@@@@person
65.88697,C transfers the egg shells from his left hand to his right hand.,egg@@@@@person
66.37931,C places the egg shells on the countertop with his right hand.,egg
67.15279,C cuts some paper towel from the roll of paper towel on the countertop with his right hand.,paper_towel@@@@@person@@@@@towel
67.49588,C holds the top of the roll of paper towel on the countertop with his left hand.,paper_towel@@@@@towel
70.05326,C wipes both hands with the paper towel.,paper_towel@@@@@person@@@@@towel
71.10282,C wipes the countertop with the paper towel in his right hand.,paper_towel@@@@@towel
73.63379,C lifts the mug from the countertop with his left hand.,mug
77.651,C places the mug on the countertop with his left hand.,mug
78.43986,C lifts the paper towel from the countertop with his right hand.,paper_towel@@@@@towel
78.74232,C wipes his left hand on the paper towel in his right hand.,paper_towel@@@@@towel
79.37649,C drops the paper towel on the countertop with his right hand.,paper_towel@@@@@towel
80.43603,C opens a drawer with his right hand.,can@@@@@drawer
82.62,C picks a fork from the drawer with his right hand.,drawer@@@@@fork
84.05262,C closes the drawer with his left hand.,drawer
87.02703,C transfers the fork from his right hand to his left hand.,fork
88.41109,C picks a seasoning powder container from the countertop with his right hand.,person
89.52084,C transfers the seasoning powder container from his right hand to his left hand.,person
90.08787,C pulls off the cover of the seasoning powder container with his right hand.,person
93.57452,C adds some seasoning powder into the mug on the countertop with his right hand.,can@@@@@hat@@@@@mug@@@@@bottle
101.3263,C adds some chili powder into the mug on the countertop with his right hand.,mug
109.25123,C picks a salt container from the countertop with his right hand.,shaker@@@@@saltshaker
110.16909,C adds some salt to the mug on the countertop with his right hand.,mug@@@@@shaker@@@@@saltshaker
115.31085,C places the salt container on the countertop with his right hand.,shaker@@@@@saltshaker
115.83626,C transfers the fork from his left hand to his right hand.,fork
116.29642,C holds the mug on the countertop with his left hand.,mug
116.55612,C beats the egg mixture in the mug with the fork in his right hand.,mug@@@@@fork
128.89457,C places his left hand under the faucet.,faucet
131.009,C places his left hand over the skillet on the electric cooker.,hat@@@@@ski
133.21098,C opens a cupboard with his right hand.,cabinet
136.07627,C picks a bottle of cooking oil from the cupboard with his right hand.,bottle
137.87025,C opens the bottle of cooking oil with his left hand.,bottle_opener@@@@@bottle
139.29027,C pours some cooking oil from the bottle of cooking oil into the skillet on the electric cooker with his right hand.,bottle@@@@@ski
148.16095,C closes the bottle of cooking oil with his left hand.,bottle
150.51778,C places the bottle of cooking oil in the cupboard with his right hand.,bottle@@@@@cup
155.88637,C holds the mug on the countertop with his left hand.,mug
156.23701,C beats the egg mixture in the mug with the fork in his right hand.,mug@@@@@fork
160.11848,C picks a mesh bag of garlic cloves from the countertop with his right hand.,garlic
160.49121,C holds the mesh bag of garlic cloves with both hands.,garlic
161.05881,C pours out some garlic from the mesh bag of garlic cloves on the countertop with both hands.,garlic
162.82423,C pulls out a garlic clove from the mesh bag of garlic cloves with his right hand.,garlic
164.49506,C holds the garlic clove with both hands.,garlic
166.76552,C touches some dirt on a chopping board on the countertop with his right hand.,chopping_board@@@@@can@@@@@crumb
167.19514,C picks the knife from the countertop with his right hand.,knife
167.86091,C places the garlic clove on the chopping board with his left hand.,garlic@@@@@chopping_board
169.0156,C turns the garlic clove on the cutting board with his left hand.,garlic@@@@@chopping_board
169.7837,C places the knife on the garlic clove on the chopping board with his right hand.,garlic@@@@@chopping_board@@@@@knife
171.67887,C places the knife on the countertop with his right hand.,knife
171.77705,C picks the garlic clove from the chopping board with his left hand.,garlic@@@@@chopping_board
172.29095,C holds the garlic clove with both hands.,garlic
174.0281,C peels the garlic clove with both hands.,garlic
197.36677,C picks the knife from the countertop with his right hand.,knife
197.42448,C places the garlic clove on the chopping board with his left hand.,garlic@@@@@chopping_board
198.22875,C cuts the garlic clove on the chopping board with the knife in his right hand.,garlic@@@@@chopping_board@@@@@knife
200.53709,C picks a cut piece of the garlic clove from the chopping board with his right hand.,garlic@@@@@chopping_board
201.37079,C drops the cut piece of the garlic clove on the chopping board with his right hand.,garlic@@@@@chopping_board
202.2132,C places the garlic clove on the chopping board with the knife in his right hand.,garlic@@@@@chopping_board@@@@@knife
203.23536,C cuts the garlic clove on the chopping board with the knife in his right hand.,garlic@@@@@chopping_board@@@@@knife
204.91541,C moves the cut garlic clove on the chopping board with his left hand.,garlic@@@@@chopping_board
205.22325,C picks the cut garlic clove from the chopping board with his left hand.,garlic@@@@@chopping_board
205.48569,C places the cut garlic clove on the chopping board with his left hand.,garlic@@@@@chopping_board
205.97545,C cuts the garlic clove on the chopping board with the knife in his right hand.,garlic@@@@@chopping_board@@@@@knife
221.71981,C moves some cut garlic from the side of the knife in his right hand into the mug on the countertop with his left hand.,garlic@@@@@knife@@@@@mug
222.79288,C moves the paper towel on the countertop with his right hand.,paper_towel@@@@@towel
222.82217,C places the knife on the countertop with his right hand.,knife
224.23083,C picks some cut garlic from the chopping board with his right hand.,garlic@@@@@chopping_board
226.39282,C adds the cut garlic into the mug on the countertop with his right hand.,garlic@@@@@mug
226.48238,C moves some cut garlic on the chopping board with his left hand.,garlic@@@@@chopping_board
227.9759,C picks some cut garlic from the chopping board with his right hand.,garlic@@@@@chopping_board
229.96,C adds the cut garlic into the mug on the countertop with his right hand.,garlic@@@@@mug
230.77902,C adds the cut garlic into the mug on the countertop with his  left hand.,garlic@@@@@mug
231.41021,C beats the egg mixture in the mug with the fork in his right hand.,mug@@@@@fork
231.71873,C holds the mug on the countertop with his left hand.,mug
239.08161,C presses some buttons on the electric cooker with his left hand.,person@@@@@stove
250.00378,C tilts the skillet with his right hand.,pan_(for_cooking)
253.54987,C places the skillet on the electric cooker with his right hand.,pan_(for_cooking)@@@@@stove
255.52369,C beats the egg mixture in the mug with the fork in his right hand.,mug@@@@@fork
255.769,C lifts the mug from the countertop with his left hand.,mug
259.5398,C pours the egg mixture from the mug into the skillet with his left hand.,mug@@@@@pan_(for_cooking)
270.25268,C drops the fork into the mug with his right hand.,mug@@@@@fork
272.35315,C places the mug on the countertop with his left hand.,mug
273.66818,C opens a drawer with his right hand.,can@@@@@drawer
275.09325,C places his left hand on the drawer.,can@@@@@drawer
275.69133,C touches a spoon in the drawer with his right hand.,drawer@@@@@spoon
276.35173,C picks a spatula from the drawer with his right hand.,drawer@@@@@spatula
276.83912,C closes the drawer with his left hand.,drawer
279.19532,C moves the egg in the skillet with the spatula in his right hand.,egg@@@@@spatula@@@@@ski
279.52181,C holds the skillet with his left hand.,ski
297.87659,C tilts the skillet on the electric cooker with his left hand.,stove@@@@@ski
303.908,C moves the egg in the skillet with the spatula in his right hand.,egg@@@@@spatula@@@@@ski
306.29784,C touches some egg on the spatula with his left hand.,egg@@@@@spatula
307.15788,C transfers the spatula from his right hand to his left hand.,spatula
309.81669,C picks the fork from the mug on the countertop with his right hand.,mug@@@@@fork
312.1754,C moves some egg from the spatula to the skillet with the fork in his right hand.,fork@@@@@egg@@@@@spatula@@@@@ski
316.52081,C transfers the spatula from his left hand to his right hand.,spatula
317.01324,C transfers the fork from his right hand to his left hand.,fork
318.26059,C folds the egg in the skillet with the spatula in his right hand.,egg@@@@@spatula@@@@@ski
323.33932,C moves the egg in the skillet with the spatula in his right hand.,egg@@@@@spatula@@@@@ski
325.6173,C presses the omelet in the skillet with the spatula in his right hand.,spatula@@@@@ski
329.0594,C moves the omelet in the skillet with the spatula in his right hand.,pan_(for_cooking)@@@@@person@@@@@spatula
334.62074,C moves the omelet in the skillet with the fork in his left hand.,omelet@@@@@fork@@@@@ski
336.3812,C flips the omelet in the skillet with the spatula in his right hand.,spatula@@@@@ski
340.06846,C picks some omelet from the top of the electric cooker with the fork in his left hand.,can@@@@@omelet@@@@@fork@@@@@stove
342.29071,C moves the omelet from the fork to the skillet with the spatula in his right hand.,can@@@@@omelet@@@@@pan_(for_cooking)@@@@@fork@@@@@spatula@@@@@ski@@@@@pan_(metal_container)
343.26672,C presses the omelet in the skillet with the spatula in his right hand.,spatula@@@@@ski
354.44483,C presses some buttons on the electric cooker with his left hand.,person@@@@@stove
357.34245,C moves the omelet in the skillet with the spatula in his right hand.,pan_(for_cooking)@@@@@person@@@@@spatula
358.20747,C holds the skillet on the electric cooker with his left hand.,pan_(for_cooking)@@@@@person@@@@@stove
359.37135,C flips the omelet in the skillet with the spatula in his right hand.,spatula@@@@@ski
361.3739,C presses the omelet in the skillet with the spatula in his right hand.,spatula@@@@@ski
363.86559,C places the spatula in his right hand in the skillet.,spatula@@@@@ski
364.965,C transfers the fork from his left hand to his right hand.,fork
365.781,C moves some omelet in the skillet with the fork in his right hand.,omelet@@@@@fork@@@@@ski
367.94529,C places the fork on the spatula in the skillet with his right hand.,fork@@@@@spatula@@@@@ski
371.95411,C picks a plate from the countertop with his right hand.,plate
375.25024,C picks the fork from the top of the spatula in the skillet with his right hand.,fork@@@@@spatula@@@@@ski
377.135,C drops the fork in the mug on the countertop with his right hand.,mug@@@@@fork
378.68026,C picks the spatula from the skillet with his right hand.,spatula@@@@@ski
379.53618,C flips the omelet in the skillet with the spatula in his right hand.,spatula@@@@@ski
381.90234,C presses the omelet in the skillet with the spatula in his right hand.,spatula@@@@@ski
387.32419,C places the spatula in the skillet with his right hand.,spatula@@@@@ski
388.2,C presses a button on the electric cooker with his right hand.,button
389.29983,C removes the omelet from the skillet with the spatula in his right hand.,omelet@@@@@spatula@@@@@ski
393.62306,C places the omelet on the spatula on the plate with his right hand.,omelet@@@@@plate@@@@@spatula
395.78363,C removes the omelet from the skillet with the spatula in his right hand.,omelet@@@@@spatula@@@@@ski
397.85082,C places the omelet on the spatula on the plate with his right hand.,omelet@@@@@plate@@@@@spatula
399.3233,C places the spatula in the skillet with his right hand.,spatula@@@@@ski
403.5633,C places the plate of egg on the countertop with his left hand.,egg@@@@@plate
