timestamp,narration,object
1.86255,C picks a fork from the bowl on the countertop with his right hand.,bowl@@@@@fork
2.5148,C holds the bowl on the countertop with his left hand.,bowl
3.47174,C places the fork in his right hand on a square plate,plate@@@@@fork
4.34332,C picks an egg from the countertop with his right hand.,egg
5.52416,C holds the bowl on the countertop with his left hand.,bowl
6.36198,C cracks the egg in his right hand against the bowl.,bowl@@@@@egg
7.55841,C brakes the egg in his right hand into the bowl on the countertop.,bowl@@@@@egg
9.17647,C passes the eggshell from his right hand to his left hand.,egg@@@@@can
9.44382,C picks an egg from the countertop with his right hand.,egg
11.04192,C cracks the egg in his right hand against the bowl.,bowl@@@@@egg
12.21242,C brakes the egg in his right hand into the bowl on the countertop.,bowl@@@@@egg
13.80436,C passes the eggshell from his right hand to his left hand.,egg@@@@@can
15.11592,C opens the door of the base cabinet with his left hand.,cabinet
16.17526,C opens a waste bin in the base cabinet door with his left hand.,cabinet
16.78191,C places the eggshells in his right hand into the waste bin.,egg@@@@@can@@@@@trash_can
16.90346,C closes the waste bin with his left hand.,can@@@@@trash_can
17.27543,C closes the base cabinet door with his left hand.,cabinet
18.15972,C turns on the faucet with his right hand.,faucet
18.55389,C rinses his hands from the faucet.,faucet
19.40602,C turns off the faucet with his left hand.,faucet
21.65984,C picks the fork from the countertop with his right hand.,fork
22.20456,C holds the bowl on the countertop with his left hand.,bowl
22.43095,C mixes the egg in the bowl with the fork in his right hand.,bowl@@@@@egg@@@@@fork
30.61106,C places the fork in his right hand on the bowl.,bowl@@@@@fork
32.32926,C opens a wall cabinet with his left hand.,cabinet
32.86861,C picks a bottle of salt from the wall cabinet with his right hand.,bottle
34.14036,C turns the salt in his right hand into the egg in the bowl.,bowl@@@@@egg
36.65325,C places the bottle of salt in his right hand in the wall cabinet.,bottle@@@@@cabinet
37.44902,C closes the wall cabinet door with his left hand.,cabinet
38.95252,C picks a bottle of thyme from the countertop with his right hand.,bottle
40.22435,C opens the bottle of thyme in his right hand with his left hand.,bottle
41.80445,C turns the thyme in his hands into the bowl on the countertop.,bowl
45.68768,C covers the bottle of thyme with the lid in his left hand.,bottle
47.04968,C opens the cabinet drawer with his right hand.,cabinet
48.04085,C picks a bottle of oregano from the drawer with his right hand.,bottle
49.19414,C passes the bottle of oregano from his right hand to his left hand.,bottle
49.75986,C passes the bottle of oregano from his left hand to his right hand.,bottle
50.74438,C places the bottle of oregano in his left hand in the drawer.,drawer@@@@@bottle
51.05662,C picks a bottle of  chives with his right hand from the drawer.,drawer@@@@@bottle
52.00222,C holds the bottle of chive with his left hand.,bottle
53.56377,C opens the bottle of chive with his left hand.,bottle
54.9318,C turns the chive into the bowl with his right hand.,bowl@@@@@spoon
57.07056,C covers the bottle of chive in his right hand with his left hand.,bottle
58.05811,C places the bottle of chive in his right hand in the drawer.,drawer@@@@@bottle
59.36383,C picks a bottle of tarragon with his right hand from the countertop.,bottle
60.10832,C passes the bottle of tarragon from his right hand to his left hand.,bottle
60.54212,C passes the bottle of tarragon from his left hand to his right hand.,bottle
61.51109,C opens the lid of the bottle of tarragon with his left hand.,bottle
63.68253,C turns the tarragon in his right hand into the bowl on the countertop.,bowl@@@@@spoon
65.58294,C covers the bottle of tarragon with his left hand.,bottle
66.46332,C places the bottle of tarragon in the drawer with his left hand.,drawer@@@@@bottle
69.21949,C picks the fork from the bowl with his right hand.,bowl@@@@@fork
69.51387,C holds the bowl on the countertop with his left hand.,bowl
70.0473,C mixes the egg mixture in the bowl with the fork in his right hand.,bowl@@@@@fork
78.31773,C picks a bottle of oil from the countertop with his right hand.,bottle
79.32253,C holds the pan on the electric burner with his left hand.,urn
81.72464,C lifts up the pan from the electric burner with his left hand.,urn
82.55797,C places the bottle of oil in his right hand on the countertop.,bottle
88.61618,C turns on the electric burner with his left hand.,urn
92.50287,C picks the bowl from the countertop with his right hand.,bowl
94.73262,C turns the egg mixtures from the bowl into the pan on the electric burner.,bowl
97.08799,C places the bowl in his right hand on the countertop.,bowl
100.47599,C places the pan in his left hand on the electric burner.,urn
102.99693,C picks a silicone spatula from the plate basket with his right hand.,spatula@@@@@plate
105.25387,C passes the silicone spatula from his left hand to his right hand.,spatula
105.73789,C holds the pan on the electric burner with his left hand.,urn
105.76148,C mixes the egg in the pan with the wooden with the silicone spatula in his right hand.,spatula
134.31891,C adjusts the knob of the electric burner with his left hand.,urn@@@@@knob
135.32966,C holds the pan on the electric burner with his left hand.,urn
164.80924,C adjusts the knob of the electric burner with his left hand.,urn@@@@@knob
166.34387,C holds the pan on the electric burner with his left hand.,urn
180.84827,C removes the pan from the electric burner with his left hand.,urn
185.72616,C turns the egg from the pan onto the plate with the silicone spatula in his right hand.,spatula@@@@@plate
199.804,C places the silicone spatula in his right hand in the pan in his left hand.,spatula
200.27925,C places the pan in his left hand in the sink.,sink
