timestamp,narration,object
2.03562,C picks a knife from the chopping board on the countertop with his right hand.,knife@@@@@chopping_board
3.40133,C slices the cucumber on the chopping board on the countertop with the knife in his right hand.,knife
23.03837,C slices the tomato on the chopping board on the countertop with the knife in his right hand.,knife
25.80059,C slices the tomato on the chopping board on the countertop with the knife in his right hand.,knife
37.691,C marks the tomato on the chopping board on the countertop with the knife in his right hand.,knife
40.548,C slices the cut tomato on the chopping board on the countertop with the knife in his right hand.,knife
43.80524,C places the knife on the chopping board on the countertop with his right hand.,knife@@@@@chopping_board
