timestamp,narration,object
3.84,C picks a cucumber from the chopping board with his left hand.,chopping_board
3.95068,C picks a knife from the chopping board with his right hand.,chopping_board@@@@@knife
4.727,C touches the tomato on the chopping board with the knife in his right hand.,chopping_board@@@@@knife
5.30403,C places the cucumber on the chopping board with his left hand.,chopping_board
8.60147,C cuts the cucumber on the chopping board with the knife in his right hand.,chopping_board@@@@@knife
9.69317,C picks the cut cucumber from the chopping board with his left hand.,chopping_board
9.99609,C places the cut cucumber on the chopping board with his left hand.,chopping_board
10.11,C rests the knife in his right hand on the chopping board.,chopping_board@@@@@knife
10.4,C picks the cut cucumber from the chopping board with his left hand.,chopping_board
10.84265,C cuts the wrapper on the cut cucumber in his left hand with the knife in his right hand.,knife
11.42438,C places the knife in his right hand on the chopping board.,chopping_board@@@@@knife
15.48756,C turns on the kitchen faucet with his right hand.,faucet
15.8388,C washes the cut cucumber in the kitchen sink with both hands.,sink
19.285,C turns off the kitchen faucet with his right hand.,faucet
21.30516,C places the cut cucumber on the chopping board with his right hand.,chopping_board
21.72031,C picks the knife from the chopping board with his right hand.,chopping_board@@@@@knife
22.49569,C holds the cut cucumber on the chopping board with his left hand.,chopping_board
22.71957,C slices the cut cucumber on the chopping board into two with the knife in his right hand.,chopping_board@@@@@knife
23.67483,C arranges the sliced cucumber on the chopping board with his left hand and the knife in his right hand.,chopping_board@@@@@knife
28.64496,C cuts the sliced cucumbers on the chopping board with the knife in his right hand.,chopping_board@@@@@knife
35.00024,C removes the sliced cucumber from the knife onto the chopping board with his left hand.,chopping_board@@@@@knife
36.1813,C arranges the sliced cucumbers on the chopping board with his left hand and the knife in his right hand.,chopping_board@@@@@knife
38.22502,C cuts the sliced cucumber on the chopping board with the knife in his right hand.,chopping_board@@@@@knife
39.03533,C gathers the sliced cucumbers on the chopping board with his left hand and the knife in his right hand.,chopping_board@@@@@knife
42.70779,C picks the white salad bowl from the countertop with his left hand.,bowl
43.95909,C moves the chopping board to the countertop edge with his right hand.,chopping_board
44.8,C moves the sliced cucumbers from the chopping board into the white salad bowl in his left hand with the knife in his right hand.,chopping_board@@@@@bowl@@@@@knife
49.85,C moves the tomato on the chopping board with the knife in his right hand.,chopping_board@@@@@knife
50.18665,C moves the sliced cucumber on the chopping board with the knife in his right hand.,chopping_board@@@@@knife
51.84779,C places the white salad bowl on the countertop with his left hand.,bowl
52.99895,C arranges the tomato on the chopping board with his left hand.,chopping_board
53.71628,C cuts the tomato on the chopping board with the knife in his right hand.,chopping_board@@@@@knife
55.78476,C arranges the cut tomato on the chopping board with his left hand.,chopping_board
57.72842,C slices the cut tomato on the chopping board with the knife in his right hand.,chopping_board@@@@@knife
61.14285,C arranges the sliced tomatoes on the chopping board with his left hand and the knife in his right hand.,chopping_board@@@@@knife
63.68493,C dices the sliced tomatoes on the chopping board with the knife in his right hand.,chopping_board@@@@@knife
67.8906,C moves the diced tomatoes on the chopping board with the knife in his right hand.,chopping_board@@@@@knife
67.89876,C picks the sliced tomato from the chopping board with his left hand.,chopping_board
68.55262,C places the sliced tomato on the chopping board with his left hand.,chopping_board
68.99652,C cuts the sliced tomato on the chopping board with the knife in his right hand.,chopping_board@@@@@knife
70.10541,C removes the cut tomato from the knife in his right hand onto the chopping board with his left hand.,chopping_board@@@@@knife
70.87312,C chops the cut tomato on the chopping board with the knife in his right hand.,chopping_board@@@@@knife
73.15157,C picks the chopped tomato from the chopping board with his left hand.,chopping_board
73.8074,C places the chopped tomato on the chopping board with his left hand.,chopping_board
73.8551,C moves the chopped tomatoes on the countertop with the knife in his right hand.,knife
74.23,C picks the white salad bowl from the countertop with his left hand.,bowl
75.1,C moves the chopped tomatoes from the chopping board with the knife in his right hand into the salad bowl in his left hand.,chopping_board@@@@@bowl@@@@@knife
78.09129,C places the knife in his right hand on the chopping board.,chopping_board@@@@@knife
78.77362,C places the white salad bowl on the countertop with his left hand.,bowl
79.67785,C picks a tissue from the countertop with his left hand.,tissue_paper
80.21,C wipes both hands with the tissue.,tissue_paper
82.29251,C drops the tissue on the countertop with his left hand.,tissue_paper
83.06682,C picks his phone from the countertop with his right hand.,cellular_telephone
84.14381,C operates his phone with both hands.,cellular_telephone
