timestamp,narration,object
2.8651,C picks a gas lighter from the countertop with his right hand.,can@@@@@kitchen_table@@@@@igniter
3.68961,C places his right hand on a knob of the gas cooker.,knob@@@@@stove
3.99656,C turns on the gas lighter with his left hand.,igniter
4.48889,C turns the a knob of the gas cooker with his right hand.,knob@@@@@stove
5.5654,C turns a knob of the gas cooker with his light hand.,knob
10.50472,C takes a stainless bowl from the countertop with his right hand.,kitchen_sink@@@@@sink@@@@@bowl
10.94037,C holds the stainless bowl to both hands.,bowl
12.51879,C empties the stainless bowl into the sink with his left hand.,sink@@@@@bowl
17.49895,C lifts the stainless bowl from the countertop with his left hand.,bowl
17.999,C pours milk from the stainless jug into the stainless bowl with his right hand.,milk_can@@@@@can@@@@@pitcher_(vessel_for_liquid)@@@@@bowl@@@@@bottle
35.46213,C places his left hand on the stainless bowl.,bowl
37.34676,C picks a mug from the countertop with his left hand.,mug
38.36061,C holds the mug with both hands.,mug
38.65876,C transfers the mug to his left hand.,mug@@@@@person
38.95374,C takes the stainless bowl from the countertop with his right hand.,bowl
40.04941,C pours the milk into the mug with his right hand.,mug
42.72098,C pours the milk from the mug into the stainless bowl with his left hand.,mug@@@@@bowl
45.25102,C places the mug on the countertop with his left hand.,mug
46.76866,C places the stainless bowl on the gas cooker with his right hand.,stove@@@@@bowl
54.67283,C moves a match box on the countertop with his right hand.,matchbox@@@@@box
55.7916,C presses a green pack on the countertop with his right hand.,packet
63.25265,C picks a spoon from the countertop with his left hand.,spoon
66.30835,C cleans the spoon with a napkin on the countertop with his left hand.,spoon@@@@@napkin
69.50802,C picks the pack of sugar from the cabinet with his left hand.,bowl@@@@@sugar_bowl@@@@@packet@@@@@cabinet
74.05599,C pours sugar into the spoon with his left hand.,spoon@@@@@can
75.48992,C adds sugar to the stainless bowl on the gas cooker.,stove@@@@@bowl
81.26166,C places the pack of sugar on the countertop with his left hand.,kitchen_table@@@@@packet
82.41808,C pours sugar into the pack of sugar with his right hand.,bowl@@@@@sugar_bowl@@@@@packet
83.83049,C takes the pack of sugar from the countertop with his left hand.,kitchen_table@@@@@packet
84.88227,C places the pack of sugar on the countertop with his left hand.,kitchen_table@@@@@packet
86.74497,C stirs the milk in the stainless bowl with a spoon in his right hand.,spoon@@@@@bowl
106.6,C scoops some milk from the stainless bowl with a spoon in his right hand.,spoon@@@@@bowl
107.16472,C pours some milk into the stainless bowl with his right hand.,spoon@@@@@bowl
108.78649,C scoops some milk from the stainless bowl with a spoon in his right hand.,spoon@@@@@bowl
109.26034,C pours some milk into the stainless bowl with his right hand.,spoon@@@@@bowl
110.528,C scoops some milk from the stainless bowl with a spoon in his right hand.,spoon@@@@@bowl
111.0916,C pours some milk into the stainless bowl with his right hand.,spoon@@@@@bowl
112.23482,C scoops some milk from the stainless bowl with a spoon in his right hand.,spoon@@@@@bowl
113.04012,C pours some milk into the stainless bowl with his right hand.,spoon@@@@@bowl
114.79017,C scoops some milk from the stainless bowl with a spoon in his right hand.,spoon@@@@@bowl
115.38374,C dips his left index finger in the spoon on his right hand.,spoon
116.64523,C stirs the milk with the spoon in his right hand.,spoon
124.35555,C adds the cinnamon sticks to the milk on the gas cooker with both hands.,can@@@@@stove@@@@@bowl
125.45384,C stirs the milk with a spoon in his right hand.,spoon
128.00428,C flicks the spoon with his right hand.,spoon
130.63845,C places the spoon on a spatula on the countertop with his right hand.,spoon@@@@@spatula
137.15141,C picks a large stainless bowl from the cabinet with his left hand.,bowl@@@@@cabinet
138.42478,C turns the large stainless bowl with her left hand.,bowl
138.4866,C holds the large stainless bowl with both hands.,bowl
140.00297,C places the large stainless bowl on the stainless bowl on the gas cooker with the both hands.,stove@@@@@bowl
146.92604,C feels the heat of the large stainless bowl with both hands.,plate@@@@@hand_glass@@@@@vase
161.27571,C feels the heat of the large stainless bowl with both hands.,plate@@@@@hand_glass@@@@@vase
162.74719,C takes the large stainless bowl from the gas cooker with both hands,plate@@@@@hand_glass@@@@@vase
164.6352,C places the large stainless bowl on the stainless bowl on the gas cooker with the both hands.,stove@@@@@bowl
169.994,C picks a knife from the countertop with his right hand.,knife
172.4985,C scrapes the cassia with a knife in his right hand.,knife
180.95172,C drops the knife on the countertop with his right hand.,knife
185.34446,C places the cassia inside the sachet on the countertop with his left hand.,packet
186.14055,C feels the heat of the large stainless bowl on the gas cooker with his left hand.,stove@@@@@bowl
188.47741,C takes a napkin from the countertop with his left hand.,napkin
189.18166,C holds the napkin with both hands.,napkin
190.247,C places the napkin on the large stainless bowl with both hands.,napkin@@@@@bowl
190.92832,C takes the large stainless bowl from the gas cooker with both hands.,stove@@@@@bowl
192.519,C turns up the large stainless bowl with both hands.,bowl
195.74,C places the large stainless bowl on a burner of the gas cooker with both hands.,stove@@@@@bowl
196.69209,C takes the napkin from the base of the large stainless with his left hand.,napkin
198.35434,C places the napkin on the countertop with his right hand.,napkin
199.84961,C adds the scrapped cassia to the milk in the stainless bowl on the gas cooker.,stove@@@@@bowl
202.20805,C picks some scrapped cassia from the cabinet with his right hand.,cabinet
203.27529,C adds the scrapped cassia in his right hand to the milk.,milk_can@@@@@can@@@@@bottle
203.85986,C picks the spoon from the countertop with his right hand.,spoon
204.47826,C stirs the milk in the stainless bowl on the gas cooker with a spoon in his right hand,spoon@@@@@bowl
213.73598,C adds the scrapped cassia to the milk in the stainless bowl on the gas cooker.,stove@@@@@bowl
215.46011,C stirs the milk in the stainless bowl on the gas cooker with a spoon in his right hand.,spoon@@@@@bowl
225.94146,C scoops some milk with a spoon in his right hand.,spoon
226.26735,C pours some milk into the stainless bowl with his right hand.,spoon@@@@@bowl
227.04415,C stirs the milk in the stainless bowl on the gas cooker with a spoon in his right hand.,spoon@@@@@bowl
227.78866,C scoops some milk with a spoon in his right hand.,spoon
228.23211,C pours some milk into the stainless bowl with his right hand.,spoon@@@@@bowl
228.94545,C stirs the milk in the stainless bowl on the gas cooker with a spoon in his right hand.,spoon@@@@@bowl
229.66725,C scoops some milk with a spoon in his right hand.,spoon
230.21861,C pours some milk into the stainless bowl with his right hand.,spoon@@@@@bowl
230.77817,C stirs the milk in the stainless bowl on the gas cooker with a spoon in his right hand.,spoon@@@@@bowl
236.457,C holds the coffee container with both hands.,coffee_maker
237.14996,C turns the lid of the coffee container with his left hand.,rat
238.792,C takes the lid of the coffee container with his left hand.,can@@@@@coffee_maker@@@@@cup
239.43601,C places the lid of the coffee container on the countertop with his left hand.,cover@@@@@coffee_maker
239.8449,C holds the coffee container with both hands.,coffee_maker
240.66347,C taps the coffee container with his left hand.,canister@@@@@can@@@@@coffee_maker
241.8743,C adds some spice from the coffee container to the milk on the gas cooker with his right hand.,stove@@@@@coffee_maker
248.4063,C picks the lid of the coffee container from the countertop with his left hand.,coffee_maker
249.28125,C places the lid on the coffee container with his left hand.,can@@@@@coffee_maker
249.75826,C turns the lid of the coffee container with his left hand.,rat
252.38802,C places the coffee container on the countertop with his right hand.,can@@@@@kitchen_table@@@@@coffee_maker
253.12348,C stirs the coffee latte with a spoon in his right hand.,spoon
281.249,C scoops some coffee latte with a spoon in his right hand.,spoon
282.60082,C dips his left hand index finger in the spoon in his right hand.,spoon
284.15584,C pours the coffee latte in the spoon into the stainless bowl on the gas cooker.,spoon@@@@@bowl
284.7088,C stirs the coffee latte with a spoon in his right hand.,spoon
285.29813,C scoops some coffee latte with a spoon in his right hand.,spoon
285.54733,C pours the coffee latte in the spoon into the stainless bowl on the gas cooker.,spoon@@@@@bowl
285.95435,C stirs the coffee latte with a spoon in his right hand.,spoon
286.5613,C scoops some coffee latte with a spoon in his right hand.,spoon
286.83621,C pours the coffee latte in the spoon into the stainless bowl on the gas cooker.,spoon@@@@@bowl
287.37958,C stirs the coffee latte with a spoon in his right hand.,spoon
287.91044,C scoops some coffee latte with a spoon in his right hand.,spoon
288.17175,C pours the coffee latte in the spoon into the stainless bowl on the gas cooker.,spoon@@@@@bowl
288.71424,C stirs the coffee latte with a spoon in his right hand.,spoon
289.64303,C flicks the coffee latte from the spoon with his right hand.,spoon@@@@@coffee_maker
293.9995,C places the spoon on the knife on the countertop with his right hand.,spoon@@@@@knife
297.798,C takes the mug from the countertop with his left hand,mug
298.38907,C holds the mug with both hands.,mug
301.82112,C holds the mug with both hands.,mug
302.72024,C places the mug on the countertop with both hands.,mug@@@@@person
308.52513,C places his right hand on the edge of the countertop.,person
322.20672,C adds the cinnamon sticks on his left hand to the coffee latte.,cup
326.856,C picks the spoon from the countertop with his left hand.,spoon@@@@@can@@@@@dining_table@@@@@kitchen_table
328.41383,C stirs the coffee latte with a spoon in his right hand.,spoon
335.13749,C scoops some coffee latte with a spoon in his right hand.,spoon
335.893,C lifts the spoon in his right hand.,spoon
336.099,C pours the coffee latte in the spoon into the stainless bowl on the gas cooker.,spoon@@@@@bowl
336.91744,C stirs the coffee latte with a spoon in his right hand.,spoon
337.61493,C scoops some coffee latte with a spoon in his right hand.,spoon
338.10451,C pours the coffee latte in the spoon into the stainless bowl on the gas cooker.,spoon@@@@@bowl
338.77013,C stirs the coffee latte with a spoon in his right hand.,spoon
339.47856,C scoops some coffee latte with a spoon in his right hand.,spoon
339.93813,C pours the coffee latte in the spoon into the stainless bowl on the gas cooker.,spoon@@@@@bowl
340.61239,C stirs the coffee latte with a spoon in his right hand.,spoon
341.57218,C scoops some coffee latte with a spoon in his right hand.,spoon
342.00678,C pours the coffee latte in the spoon into the stainless bowl on the gas cooker.,spoon@@@@@bowl
342.94752,C stirs the coffee latte with a spoon in his right hand.,spoon
343.69567,C scoops some coffee latte with a spoon in his right hand.,spoon
344.2197,C pours the coffee latte in the spoon into the stainless bowl on the gas cooker.,spoon@@@@@bowl
344.83292,C stirs the coffee latte with a spoon in his right hand.,spoon
345.6201,C scoops some coffee latte with a spoon in his right hand.,spoon
346.0273,C pours the coffee latte in the spoon into the stainless bowl on the gas cooker.,spoon@@@@@bowl
346.76251,C stirs the coffee latte with a spoon in his right hand.,spoon
347.58402,C scoops some coffee latte with a spoon in his right hand.,spoon
348.00068,C pours the coffee latte in the spoon into the stainless bowl on the gas cooker.,spoon@@@@@bowl
348.61799,C stirs the coffee latte with a spoon in his right hand.,spoon
349.3945,C scoops some coffee latte with a spoon in his right hand.,spoon
349.86357,C pours the coffee latte in the spoon into the stainless bowl on the gas cooker.,spoon@@@@@bowl
350.52973,C stirs the coffee latte with a spoon in his right hand.,spoon
351.11141,C scoops some coffee latte with a spoon in his right hand.,spoon
351.72444,C pours the coffee latte in the spoon into the stainless bowl on the gas cooker.,spoon@@@@@bowl
352.20613,C stirs the coffee latte with a spoon in his right hand.,spoon
352.94531,C scoops some coffee latte with a spoon in his right hand.,spoon
353.34638,C pours the coffee latte in the spoon into the stainless bowl on the gas cooker.,spoon@@@@@bowl
354.0654,C stirs the coffee latte with a spoon in his right hand.,spoon
354.75604,C scoops some coffee latte with a spoon in his right hand.,spoon
355.05374,C pours the coffee latte in the spoon into the stainless bowl on the gas cooker.,spoon@@@@@bowl
355.43746,C stirs the coffee latte with a spoon in his right hand.,spoon
357.82827,C flicks the spoon with his right hand.,spoon
360.3725,C places the spoon on the knife on the countertop.,spoon@@@@@knife
361.92919,C places his hand on a knob of the gas cooker.,knob
362.43213,C turns a knob of the gas cooker with his right hand.,knob@@@@@stove
363.61217,C places his right hand on the napkin on the countertop.,napkin
365.30636,C picks a pink napkin from the countertop with his left hand.,napkin@@@@@kitchen_table
365.82584,C holds the pink napkin with both hands.,napkin
366.80402,C places the pink napkin on the edge of the stainless bowl on the gas cooker with both hands.,napkin@@@@@bowl
371.06224,C puts the stainless bowl on the countertop with both hands,bowl
372.99,C lifts the stainless bowl from the countertop with both hands.,bowl
375.89912,C pours the coffee latte into the mug on the countertop with his both hands.,mug
379.737,C picks the spoon from the countertop with his left hand.,spoon@@@@@can@@@@@dining_table@@@@@kitchen_table
381.95266,C places the spoon on the edge of the stainless bowl with his left hand.,spoon@@@@@bowl
382.5615,C pours the coffee latte into the mug with his right hand.,mug
398.59607,C moves the cinnamon sticks in the coffee latte with a spoon in his left hand.,mug@@@@@spoon
400.0461,C pours the coffee latte into the mug with his right hand.,mug
406.33519,C places the spoon inside the stainless bowl with his left hand.,spoon@@@@@bowl
406.55295,C places the stainless bowl on the gas cooker with his right hand.,stove@@@@@bowl
407.62096,C takes the pink napkin from the stainless bowl with his right hand.,napkin@@@@@bowl
408.44935,C holds the pink napkin with both hands.,napkin
409.40649,C places the pink napkin on the countertop with his right hand.,kitchen_sink@@@@@napkin@@@@@kitchen_table@@@@@sink
409.699,C picks the pink napkin from the countertop with his right hand.,kitchen_sink@@@@@napkin@@@@@kitchen_table@@@@@sink
410.102,C takes the mug from the countertop with his left hand.,mug
410.49081,C cleans the base of the mug with the pink napkin in his right hand.,mug@@@@@napkin
413.01873,C puts the pink napkin on the countertop with his right hand.,can@@@@@napkin@@@@@dining_table@@@@@kitchen_table
413.93341,C moves an orange napkin on the countertop with his right hand.,can@@@@@napkin@@@@@dining_table@@@@@kitchen_table
415.2135,C places the mug on the orange napkin on the countertop with his left hand.,mug@@@@@napkin
415.44502,C holds the mug with both hands.,mug
415.67218,C moves the mug on the orange napkin with his left hand.,mug@@@@@napkin
416.66529,C picks the orange napkin from the countertop with his right hand.,napkin
417.68811,C drops the orange napkin on the countertop with his right hand.,napkin
418.21963,C wipes the countertop with the orange napkin in his right hand.,napkin@@@@@kitchen_table
420.02367,C places the mug on the orange napkin with his left hand.,mug@@@@@napkin
420.30395,C moves the mug on the orange napkin with his left hand.,mug@@@@@napkin
421.356,C lifts the cup from the orange napkin on the countertop.,napkin@@@@@cup
423.70877,C places the mug on the table with his left hand.,mug
428.10742,The woman A holds the mug on the table with both hands.,mug
2.71381,C picks a lighter from a countertop with his right hand.,can@@@@@kitchen_table@@@@@igniter
3.64467,C places his right hand on a knob on a gas cooker.,knob@@@@@stove
4.09512,C lights the lighter with his left hand.,igniter
4.45678,C turns the knob on the gas cooker with his right hand.,knob
5.40825,C places his right hand on a knob on the gas cooker.,knob
5.70563,C turns the knob on the gas cooker with his right hand.,knob
10.5023,C picks a stainless steel bowl from the countertop with his right hand.,sink@@@@@bowl
10.94366,C holds the stainless steel bowl with both hands.,bowl
12.5894,C pours water from the stainless steel bowl into a sink with his left hand.,sink@@@@@bowl
18.54197,C places the stainless steel bowl in his left hand on the countertop.,can@@@@@dining_table@@@@@kitchen_table@@@@@bowl@@@@@table-tennis_table
35.45049,C places his left hand on the stainless steel bowl on the countertop.,bowl
37.28847,C picks a white mug from the top of a dish mat on the countertop with his left hand.,mug@@@@@dishrag
38.25115,C holds the white mug with both hands.,mug@@@@@person
38.9349,C picks the stainless steel bowl from the countertop with his right hand.,bowl
39.88624,C pours milk from the stainless steel bowl into the white mug in his left hand with his right hand.,mug@@@@@bowl
42.48582,C pours milk from the white mug into the stainless steel bowl in his right hand with his left hand .,mug@@@@@bowl
45.30033,C places the white mug in his left hand on the countertop.,mug
46.61408,C places the stainless steel bowl on a gas burner with his right hand.,stove@@@@@bowl
48.95096,C holds the container of ground coffee with both hands.,coffee_maker
49.74186,C places the container of ground coffee on the countertop with his left hand.,kitchen_table@@@@@coffee_maker
51.40836,C moves a pack of tea on the countertop towards himself with his right hand.,tea_bag@@@@@kitchen_table
52.11275,C picks the pack of tea from the countertop with his right hand.,tea_bag@@@@@kitchen_table
52.39581,C turns the pack of tea with both hands.,tea_bag
54.52196,C slides a matchbox on the countertop with his right hand.,matchbox@@@@@box
55.71894,C places his right hand on a packet of sugar on the countertop.,packet
63.02557,C picks a spoon from the top of a dish mat on the countertop with his left hand.,spoon@@@@@dishrag
66.2907,C holds an orange dish cloth with his left hand.,dishrag
66.45836,C wipes the spoon in his right hand with the orange dish cloth in his left hand.,spoon@@@@@dishrag
68.92132,C dips the spoon in his right hand in the packet of sugar on the countertop.,spoon@@@@@bowl@@@@@sugar_bowl@@@@@packet
69.3981,C picks the packet of sugar from the countertop with his left hand.,kitchen_table@@@@@packet
70.36607,C holds the packet of sugar with both hands.,packet
71.11217,C holds the packet of sugar with his left hand.,can@@@@@packet
73.08343,C pours some sugar from the packet of sugar in his left hand on the spoon in his right hand.,spoon@@@@@can@@@@@packet
75.3985,C pours some of the sugar on the spoon in his right hand into the bowl of milk on the gas burner.,spoon@@@@@plate@@@@@can@@@@@stove@@@@@bowl@@@@@hotplate
81.94418,C pours the sugar on the spoon in his right hand into the sachet of sugar.,spoon@@@@@packet
83.88471,C picks the packet of sugar from the countertop with his left hand.,kitchen_table@@@@@packet
84.89037,C places the packet of sugar on the countertop with his left hand.,packet
86.80568,C stirs the milk in the stainless steel bowl on the gas burner with the spoon in his right hand.,spoon@@@@@bowl
106.77002,C scoops some milk from the stainless steel bowl on the gas burner with the spoon in his right hand.,spoon@@@@@bowl
107.04173,C pours the milk in the spoon into the stainless steel bowl on the gas burner with his right hand.,spoon@@@@@bowl
107.8547,C scoops some milk from the stainless steel bowl on the gas burner with the spoon in his right hand.,spoon@@@@@bowl
109.24556,C pours the milk in the spoon into the stainless steel bowl on the gas burner with his right hand.,spoon@@@@@bowl
110.09762,C scoops some milk from the stainless steel bowl on the gas burner with the spoon in his right hand.,spoon@@@@@bowl
111.11807,C pours the milk in the spoon into the stainless steel bowl on the gas burner with his right hand.,spoon@@@@@bowl
112.03207,C scoops some milk from the stainless steel bowl on the gas burner with the spoon in his right hand.,spoon@@@@@bowl
113.04147,C pours the milk in the spoon into the stainless steel bowl on the gas burner with his right hand.,spoon@@@@@bowl
113.83147,C hits the spoon in his right hand against the stainless steel bowl on the gas burner.,spoon@@@@@bowl
114.67844,C scoops some milk from the stainless steel bowl on the gas burner with the spoon in his right hand.,spoon@@@@@bowl
115.24714,C dips his left index finger in the milk on the spoon in his right hand.,spoon
116.35999,C stirs the milk in the stainless steel bowl on the gas burner with the spoon in his right hand.,spoon@@@@@bowl
120.29144,C pulls out a cinnamon stick from the sachet of cinnamon with his left hand.,canister@@@@@can@@@@@box
124.19178,C puts the cinnamon stick into the stainless steel bowl of milk on the gas burner.,bowl@@@@@rat@@@@@hat
125.42851,C stirs the milk and cinnamon in the stainless steel bowl on the gas burner with the spoon in his right hand.,spoon@@@@@can@@@@@stove@@@@@bowl
127.98416,C shakes the spoon in his right hand.,spoon
130.67916,C places the spoon on a wooden spatula on the countertop with his right hand.,spoon
137.04424,C picks a large stainless steel bowl from a shelf with his left hand.,bowl
138.38294,C turns the large stainless steel bowl over with his left hand.,bowl
138.40625,C holds the large stainless steel bowl with both hands.,bowl
139.31699,C places the large stainless steel bowl over the stainless steel bowl on the gas burner with both hands.,stove@@@@@bowl
146.99296,C places both hands by the sides of the large stainless steel bowl.,plate@@@@@hand_glass@@@@@vase
161.20681,C places both hands by the sides of the large stainless steel bowl.,plate@@@@@hand_glass@@@@@vase
162.80684,C lifts the large stainless steel bowl from over the stainless steel bowl on the gas burner with both hands.,stove@@@@@bowl
164.63015,C places the large stainless steel bowl over the stainless steel bowl on the gas burner with both hands.,stove@@@@@bowl
169.99625,C picks a knife from the countertop with his right hand.,knife
171.71522,C scrapes the stick of cassia in his left hand with the knife in his right hand.,knife
180.9013,C places the knife in his right hand on the countertop.,knife
182.44173,C picks the shavings of the cassia from the countertop with his right hand.,can
185.26945,C places the stick of cassia on the sachet of cassia on the countertop with his left hand.,spoon@@@@@packet
186.0985,C places his left hand on the large stainless steel bowl on the gas burner.,stove@@@@@bowl
188.31333,C picks a dish cloth from the countertop with his left hand.,dishrag
190.96447,C lifts the the large stainless steel bowl with the dish cloth over with both hands.,dishrag@@@@@bowl
192.14747,C turns the large stainless steel bowl with both hands.,bowl
195.84444,C places the large stainless steel bowl on a gas burner with both hands.,stove@@@@@bowl
196.64947,C pulls the dish cloth from beneath the large stainless steel bowl with his left hand.,bowl
198.3619,C drops the dish cloth on the countertop with his right hand.,dishrag
199.92237,C sprinkles the cassia shavings into the stainless steel bowl on the gas burner with his right hand.,spoon@@@@@pan_(for_cooking)@@@@@plate@@@@@bowl@@@@@hotplate@@@@@saucepan@@@@@rat
203.23306,C sprinkles the cassia shavings into the stainless steel bowl on the gas burner with his right hand.,spoon@@@@@pan_(for_cooking)@@@@@plate@@@@@bowl@@@@@hotplate@@@@@saucepan@@@@@rat
203.7422,C picks the spoon from the countertop with his right hand.,spoon
204.47833,C stirs the content of the stainless steel bowl on the gas burner with the spoon in his right hand.,spoon@@@@@can@@@@@bowl@@@@@saucepan
213.73229,C pours the cassia shavings into the stainless steel bowl on the gas burner with his right hand.,stove@@@@@bowl
214.35332,C dusts his hands over the stainless steel bowl on the gas burner.,stove@@@@@bowl
215.28656,C stirs the content of the stainless steel bowl on the gas burner with the spoon in his right hand.,spoon@@@@@can@@@@@bowl@@@@@saucepan
225.67532,C scoops some milk from the stainless steel bowl on the gas burner with the spoon in his right hand.,spoon@@@@@bowl
226.38929,C pours the milk in the spoon into the stainless steel bowl on the gas burner with his right hand.,spoon@@@@@bowl
227.10561,C scoops some milk from the stainless steel bowl on the gas burner with the spoon in his right hand.,spoon@@@@@bowl
228.39955,C pours the milk in the spoon into the stainless steel bowl on the gas burner with his right hand.,spoon@@@@@bowl
229.67408,C scoops some milk and cinnamon from the stainless steel bowl on the gas burner with the spoon in his right hand.,spoon@@@@@bowl
230.25819,C pours the milk in the spoon into the stainless steel bowl on the gas burner with his right hand.,spoon@@@@@bowl
230.8176,C stirs the content of the stainless steel bowl on the gas burner with the spoon in his right hand.,spoon@@@@@can@@@@@bowl@@@@@saucepan
236.40727,C holds the container of ground coffee with both hands.,coffee_maker
239.26687,C places the cover of the container of ground coffee on the countertop with his left hand.,cover@@@@@coffee_maker
239.78974,C holds the container of ground coffee with both hands.,coffee_maker
240.48198,C tips the container of ground coffee over the stainless steel bowl on the gas burner with his right hand.,bowl@@@@@saucepan
240.77009,C taps his left hand against the container of ground coffee.,canister@@@@@can@@@@@coffee_maker
248.87132,C closes the container of ground coffee with the cover in his left hand.,can@@@@@cover@@@@@coffee_maker
252.49014,C places the container of ground coffee on the countertop with his right hand.,canister@@@@@can@@@@@kitchen_table
253.08222,C stirs the content of the stainless steel bowl on the gas burner with the spoon in his right hand.,spoon@@@@@can@@@@@bowl@@@@@saucepan
281.17996,C scoops some coffee latte from the stainless steel bowl on the gas burner with the spoon in his right hand.,spoon@@@@@bowl
282.50977,C dips his left index finger in the coffee late on the spoon in his right hand,spoon
284.16652,C pours the coffee latte in the spoon in his right hand into the stainless steel bowl on the gas burner.,spoon@@@@@bowl
284.74956,C scoops some coffee latte from the stainless steel bowl on the gas burner with the spoon in his right hand.,spoon@@@@@bowl
285.52062,C pours the coffee latte in the spoon in his right hand into the stainless steel bowl on the gas burner.,spoon@@@@@bowl
286.07498,C scoops some coffee latte from the stainless steel bowl on the gas burner with the spoon in his right hand.,spoon@@@@@bowl
286.86921,C pours the coffee latte in the spoon in his right hand into the stainless steel bowl on the gas burner.,spoon@@@@@bowl
287.46103,C scoops some coffee latte from the stainless steel bowl on the gas burner with the spoon in his right hand.,spoon@@@@@bowl
288.18241,C pours the coffee latte in the spoon in his right hand into the stainless steel bowl on the gas burner.,spoon@@@@@bowl
288.87008,C stirs the coffee latte in the stainless steel bowl on the gas burner with the spoon in his right hand,spoon@@@@@bowl
297.538,C picks the white mug from the countertop with his left hand.,mug
298.37359,C holds the white mug with both hands.,mug@@@@@person
299.091,C holds the white mug with his left hand.,mug@@@@@person
301.98574,C holds the white mug with both hands.,mug@@@@@person
302.62045,C places the white mug on the countertop with both hands.,mug@@@@@person
322.2746,C puts the cinnamon stick into the stainless steel bowl of coffee latte on the gas burner with both hands.,spoon@@@@@can@@@@@stove@@@@@bowl
323.43133,C puts the cinnamon stick into the stainless steel bowl of coffee latte on the gas burner with both hands.,spoon@@@@@can@@@@@stove@@@@@bowl
326.61558,C picks the spoon from the countertop with his left hand.,spoon@@@@@can@@@@@dining_table@@@@@kitchen_table
328.42574,C stirs the coffee latte in the stainless steel bowl on the gas burner with the spoon in his right hand.,spoon@@@@@bowl
334.90394,C scoops some coffee latte from the stainless steel bowl on the gas burner with the spoon in his right hand.,spoon@@@@@bowl
335.92317,C pours the coffee latte in the spoon in his right hand into the stainless steel bowl on the gas burner.,spoon@@@@@bowl
337.0669,C scoops some coffee latte from the stainless steel bowl on the gas burner with the spoon in his right hand.,spoon@@@@@bowl
337.88721,C pours the coffee latte in the spoon in his right hand into the stainless steel bowl on the gas burner.,spoon@@@@@bowl
338.90151,C scoops some coffee latte from the stainless steel bowl on the gas burner with the spoon in his right hand.,spoon@@@@@bowl
340.0077,C pours the coffee latte in the spoon in his right hand into the stainless steel bowl on the gas burner.,spoon@@@@@bowl
340.69697,C scoops some coffee latte from the stainless steel bowl on the gas burner with the spoon in his right hand.,spoon@@@@@bowl
342.13184,C pours the coffee latte in the spoon in his right hand into the stainless steel bowl on the gas burner.,spoon@@@@@bowl
342.98887,C scoops some coffee latte from the stainless steel bowl on the gas burner with the spoon in his right hand.,spoon@@@@@bowl
344.24735,C pours the coffee latte in the spoon in his right hand into the stainless steel bowl on the gas burner.,spoon@@@@@bowl
344.94678,C scoops some coffee latte from the stainless steel bowl on the gas burner with the spoon in his right hand.,spoon@@@@@bowl
345.97492,C pours the coffee latte in the spoon in his right hand into the stainless steel bowl on the gas burner.,spoon@@@@@bowl
346.86964,C scoops some coffee latte from the stainless steel bowl on the gas burner with the spoon in his right hand.,spoon@@@@@bowl
347.90456,C pours the coffee latte in the spoon in his right hand into the stainless steel bowl on the gas burner.,spoon@@@@@bowl
348.64239,C scoops some coffee latte from the stainless steel bowl on the gas burner with the spoon in his right hand.,spoon@@@@@bowl
349.82775,C pours the coffee latte in the spoon in his right hand into the stainless steel bowl on the gas burner.,spoon@@@@@bowl
350.68661,C scoops some coffee latte from the stainless steel bowl on the gas burner with the spoon in his right hand.,spoon@@@@@bowl
351.57246,C pours the coffee latte in the spoon in his right hand into the stainless steel bowl on the gas burner.,spoon@@@@@bowl
352.27211,C scoops some coffee latte from the stainless steel bowl on the gas burner with the spoon in his right hand.,spoon@@@@@bowl
353.28023,C pours the coffee latte in the spoon in his right hand into the stainless steel bowl on the gas burner.,spoon@@@@@bowl
354.16231,C scoops some coffee latte from the stainless steel bowl on the gas burner with the spoon in his right hand.,spoon@@@@@bowl
354.97144,C pours the coffee latte in the spoon in his right hand into the stainless steel bowl on the gas burner.,spoon@@@@@bowl
355.79724,C stirs the coffee latte in the stainless steel bowl on the gas burner with the spoon in his tight hand.,spoon@@@@@bowl
357.93438,C shakes the spoon in his right hand.,spoon
360.33141,C places the spoon on the knife on the countertop with his right hand.,spoon@@@@@knife
361.86566,C places his right hand on a knob on the gas cooker.,knob
362.38551,C turns a knob on the gas cooker with his right hand.,knob@@@@@stove
365.73277,C holds the pink dish cloth with both hands.,dishrag
366.68236,C places the pink dish cloth on the rim of the stainless steel bow on the gas burner with both hands.,dishrag@@@@@stove
371.06808,C places the stainless steel bowl on the countertop with both hands.,bowl
373.03217,C lifts the stainless steel bowl from the countertop with both hands.,bowl
375.52786,C pours the coffee latte from the stainless steel bowl into the white mug on the countertop with both hands.,mug@@@@@bowl
379.72326,C picks the spoon from the top of the knife on the countertop with his left hand.,spoon@@@@@knife
381.1814,C places the spoon in the stainless steel bowl in his right hand.,spoon@@@@@bowl
382.29579,C pours the coffee latte from the stainless steel bowl into the white mug on the countertop with his right hand.,mug@@@@@bowl
393.17735,C moves some cinnamon sticks in the coffee latte in the stainless steel bowl with the spoon in his left hand.,spoon@@@@@bowl
393.9328,C pours the coffee latte from the stainless steel bowl into the white mug on the countertop with his right hand.,mug@@@@@bowl
398.45963,C moves some cinnamon sticks in the coffee latte in the stainless steel bowl with the spoon in his left hand.,spoon@@@@@bowl
399.87041,C pours the coffee latte from the stainless steel bowl into the white mug on the countertop with his right hand.,mug@@@@@bowl
405.50975,C places the spoon in his left hand into the stainless steel bowl in his right hand.,spoon@@@@@bowl
406.42719,C places the stainless steel bowl on the gas burner with his right hand.,stove@@@@@bowl
408.32863,C holds the pink dish cloth with both hands.,dishrag
409.26948,C lifts the white mug from the countertop with his left hand.,mug
409.32948,C places the pink dishcloth on the countertop with his right hand.,kitchen_sink@@@@@dishrag@@@@@kitchen_table@@@@@sink
409.93481,C picks the pink dish cloth from the countertop with his right hand.,kitchen_sink@@@@@dishrag@@@@@kitchen_table@@@@@sink
410.36015,C wipes the side of the white mug in his left hand with the pink dish cloth in his right hand.,mug
415.2006,C places the white mug in his left hand on the orange dish cloth on the countertop.,mug@@@@@dishrag
415.53074,C places his right hand on the orange dish cloth on the countertop.,dishrag@@@@@hand_towel@@@@@towel@@@@@dishtowel
415.9855,C moves the white mug on the orange dish cloth with his left hand.,mug@@@@@dishrag
416.78495,C picks the orange dish cloth from the countertop with his right hand.,dishrag
417.78098,C places the orange dish cloth on the countertop with his right hand.,dishrag@@@@@kitchen_table
418.27866,C wipes coffee latte on the countertop with the orange dish cloth in his right hand.,dishrag@@@@@kitchen_table
420.01652,C places the white mug in his left hand on the orange dish cloth on the countertop.,mug@@@@@dishrag
421.03976,C drags the white mug in his left hand across the orange dish cloth on the countertop.,mug@@@@@dishrag
421.52893,C lifts the white mug from the orange dish cloth with his left hand.,mug
422.99881,C places the white mug on a wooden table top with his left hand.,mug
425.06671,C places his left hand on the orange dish cloth on the countertop.,hand_towel@@@@@towel
425.42782,C places his right hand on the pink dish cloth on the countertop.,hand_towel@@@@@towel
425.61321,C slides the pink dish cloth away from him on the countertop with his right hand.,hand_towel@@@@@towel
425.70368,C slides the orange dish cloth away from him on the countertop with his left hand.,hand_towel@@@@@towel
428.19173,A woman O places both hands on the white mug on the wooden table top.,mug
