timestamp,narration,object
3.9112,C picks a stainless tray from the countertop with his hands.,tray
5.69035,C picks a bowl from the countertop with his right hand.,bowl
6.86677,C places the stainless tray in his left hand on the countertop.,tray
9.34926,C places the bowl in his left hand on the countertop.,bowl
10.16539,C picks an egg with his right hand from the egg carrier.,basket@@@@@box@@@@@tray@@@@@egg
11.99519,C cracks the egg in his right hand against the bowl on the countertop.,bowl@@@@@egg
14.52399,C breaks the egg with his hands into the bowl on the countertop.,bowl@@@@@egg
23.00772,C places the eggshell in his right hand into the waste bin on the base cabinet.,egg@@@@@cabinet
27.39489,C picks a fork from the countertop with his right hand.,fork
29.45474,C mixes the egg in the bowl with the fork in his right hand.,bowl@@@@@fork@@@@@egg
40.64326,C picks a bottle of salt with his  right hand from the countertop.,bottle
41.37627,C opens the bottle the salt with his right hand.,bottle
42.0558,C places the lid of the bottle of salt in his right hand on the countertop.,bottle
42.33396,C turns the salt in his left hand into the bowl.,bowl@@@@@saltshaker
45.10184,C mixes the egg in the bowl with the fork in his right hand.,bowl@@@@@fork@@@@@egg
47.22598,C picks a wok from the countertop with his left hand.,pan_(for_cooking)
47.22598,C picks a bowl from the countertop with his right hand.,bowl
49.7723,C turns on a knob of the electric burner with his right hand.,knob
52.47374,C places the wok in his left hand on the electric burner.,stove@@@@@urn@@@@@can
56.57821,C turns on a knob of the electric burner with his right hand.,knob
62.81739,C displaces the wok on the electric burner with his left hand.,stove@@@@@pan_(for_cooking)
68.96702,C passes the groundnut oil from his right hand to his left hand.,bottle
69.63061,C opens the ground nut oil bottle with his right hand.,bottle
71.62121,C turns the groundnut oil into the wok on the electric burner.,stove@@@@@pan_(for_cooking)@@@@@bottle
74.05351,C covers the ground nut oil bottle with the lid in his right hand.,bottle
74.60962,C places the groundnut oil bottle in his left hand on the countertop.,table@@@@@bottle
77.071,C turns on the faucet with his right hand.,faucet
77.89042,C rinses his hands from the faucet.,faucet
80.522,turns off the faucet with his right hand.,faucet
85.33231,C picks up the wok from the electric burner with his right hand.,stove@@@@@pan_(for_cooking)
86.24462,C turns around the wok in his right hand.,person@@@@@can@@@@@saucepan@@@@@pan_(metal_container)
90.09337,C places the wok in his right hand on the countertop.,pan_(for_cooking)@@@@@table
91.89311,C pick a napkin from the countertop with his right hand.,napkin@@@@@table
93.20574,C places the napkin in his left hand on the countertop.,napkin@@@@@table
95.99354,C holds the fork in the bowl with his right hand.,bowl@@@@@fork
96.33549,C mixes the egg in the bowl with the fork in his right hand.,bowl@@@@@fork@@@@@egg
112.57133,C places his right-hand palm above the wok.,pan_(metal_container)
113.38276,C picks the wok from the electric burner with his right hand.,stove@@@@@pan_(for_cooking)
114.43431,C turns around the wok in his right hand.,person@@@@@can@@@@@saucepan@@@@@pan_(metal_container)
117.63296,C places the wok in his right hand on the electric burner.,stove@@@@@urn@@@@@can@@@@@pan_(metal_container)
118.65348,C places his left palm above the wok.,pan_(metal_container)
119.6274,C picks up the fork from the bowl with his right hand.,bowl@@@@@fork
121.79103,C places the fork in his right hand in the bowl.,bowl@@@@@fork
122.42199,C picks up the wok from the electric burner with his left hand.,stove@@@@@pan_(metal_container)
123.52076,C adjusts the knob of the electric cooker with his right hand.,stove@@@@@knob
130.45677,C places the wok in his left hand on the electric burner.,stove@@@@@urn@@@@@can
131.3157,C places his right-hand palm above the wok.,pan_(metal_container)
131.83474,C adjusts the knob of the electric cooker with his right hand.,stove@@@@@knob
133.50557,C places the wok in his left hand on the electric burner.,stove@@@@@urn@@@@@can
134.13977,C places his right-hand palm above the wok.,pan_(metal_container)
136.30548,C removes the fork in the bowl with his right hand.,bowl@@@@@fork
136.30548,C picks up the bowl from the countertop with his left hand.,bowl@@@@@kitchen_table@@@@@table@@@@@can
139.45583,C turns the egg from the bowl into the wok.,bowl@@@@@egg@@@@@pan_(metal_container)
141.89665,C adjusts the knob of the electric burner with his right hand.,knob
143.33641,C scratches the bowl in his left hand with the fork in his right hand.,bowl@@@@@fork
152.76165,C places the fork in his right hand in the bowl on his left hand.,bowl@@@@@fork
153.27471,C places the bowl in his left hand in the sink.,bowl@@@@@sink
153.69677,C picks a wooden spatula from the countertop with his right hand.,spatula
155.83608,C scrubs the egg in the wok with the wooden spatula in his right hand.,spatula
206.17465,C picks up the wok from the electric burner with his left hand.,stove@@@@@pan_(metal_container)
208.40914,C places the wooden spatula in his right hand on the countertop.,spatula
209.11076,C adjusts the knob of the electric burner with his right hand.,knob
214.90394,C picks the wooden spatula from the countertop with his right hand.,spatula
215.87668,C scrapes the the egg in the wok with the wooden spatula in his right hand.,spatula
222.03004,C places the wooden spatula in his right hand on the countertop.,spatula
226.10813,C picks a plate from the countertop with his right hand.,plate
226.64734,C holds a stainless bowl on the countertop with his left hand.,bowl@@@@@plate@@@@@can
228.57699,C passes the plate from his right hand to his left hand.,plate
230.45479,C picks up the wok from the countertop with his right hand.,can
232.74665,C picks up the wooden spatula from the countertop with his right hand.,spatula
234.17136,C turns the egg from the wok with the wooden spatula in his right hand.,spatula@@@@@egg
244.16789,C places the wok in his left hand on the electric burner.,stove@@@@@urn@@@@@can
244.31806,C places the spatula in his right hand in the wok in his left hand.,spatula
247.12997,C picks the plate from the countertop with his right hand.,plate
248.81445,C places the plate in his right hand on the kitchen rack.,plate
