timestamp,narration,object
7.82439,C picks a spring onion from a plastic bag with her right hand.,plastic_bag@@@@@green_onion@@@@@onion
9.78287,C passes the spring onion to her left hand with her right hand.,green_onion@@@@@onion
10.51315,C picks a small knife from the countertop with her right hand.,knife
11.457,C places the spring onion on the cutting board with her left hand.,oar@@@@@onion
11.75554,C cuts off the stem of the spring onion with the small knife in her right hand.,knife@@@@@green_onion@@@@@onion
13.05334,C places the small knife on the cutting board with her right hand.,chopping_board@@@@@knife@@@@@oar
13.187,C picks the spring onion from the cutting board with her left hand.,chopping_board@@@@@green_onion@@@@@oar@@@@@onion
13.37776,C picks the stem of the spring onion from the cutting board with her right hand.,oar@@@@@onion
14.0576,C drops the stem of the spring onion into the trash can with her right hand.,trash_can@@@@@can@@@@@green_onion@@@@@onion
14.421,C touches the spring onion with her right hand.,green_onion@@@@@onion
15.05362,C picks the spring onion from her left hand with her right hand.,green_onion@@@@@onion
15.528,C picks the spring onion from her right hand to her left hand.,green_onion@@@@@onion
15.73101,C peels off the spring onion with her right hand.,onion
16.6427,C drops the peel of the spring onion in the kitchen sink with her right hand.,kitchen_sink@@@@@sink@@@@@green_onion@@@@@onion
16.98382,C peels off the spring onion with her right hand.,onion
18.48383,C drops the peel of the spring onion in the kitchen sink with her right hand.,kitchen_sink@@@@@sink@@@@@green_onion@@@@@onion
19.00341,C holds the spring onion with her right hand.,green_onion@@@@@onion
20.50685,C places the spring onion on the cutting board with her left hand.,oar@@@@@onion
20.50685,C holds the small knife on the cutting board with her right hand.,chopping_board@@@@@knife@@@@@oar
21.038,C picks the small knife from the cutting board with her right hand.,knife@@@@@oar
21.51894,C cuts the spring onion with the small knife in her right hand.,knife@@@@@green_onion@@@@@onion
22.18589,C picks the spring onion from the cutting board with her left hand.,chopping_board@@@@@green_onion@@@@@oar@@@@@onion
22.38597,C places the small knife on the cutting board with her right hand.,chopping_board@@@@@knife@@@@@oar
22.70753,C packs the parts of the spring onion on the cutting board with her right hand.,oar@@@@@onion
23.23074,C picks the parts of the spring onion from the cutting board with her right hand.,oar@@@@@onion
23.63245,C drops the parts of the spring onion in the trash can with her right hand.,trash_can@@@@@can@@@@@green_onion@@@@@onion
24.72542,C opens the tap switch with her right hand.,faucet
25.63528,C washes the spring onion with both hands under the running tap.,faucet@@@@@green_onion@@@@@onion
34.26506,C peels the spring onion with her right hand.,green_onion@@@@@onion
34.65286,C drops the peel of the spring onion in the kitchen sink with her right hand.,kitchen_sink@@@@@sink@@@@@green_onion@@@@@onion
34.9556,C washes the spring onion with both hands under the running tap.,faucet@@@@@green_onion@@@@@onion
36.00542,C closes the tap switch with her right hand.,faucet
36.617,C holds the spring onion with her right hand.,green_onion@@@@@onion
36.87114,C tosses the spring onion over the kitchen sink with both hands.,kitchen_sink@@@@@sink@@@@@green_onion@@@@@onion
37.69157,C holds the spring onion with her right hand.,green_onion@@@@@onion
38.225,C places the spring onion on the cutting board with both hands.,oar@@@@@onion
38.97155,C picks the small knife from the cutting board with her right hand.,knife@@@@@oar
39.03399,C holds the spring onion with her left hand.,green_onion@@@@@onion
39.77034,C slices through the spring onion with the small knife in her right hand.,knife@@@@@onion
43.6054,C places the small knife in her right hand on the cutting board.,chopping_board@@@@@knife@@@@@oar
43.845,C picks a big knife from the cutting board with her left hand.,chopping_board@@@@@knife@@@@@oar
44.72627,C passes the big knife from her left hand to her right hand.,knife@@@@@person
45.19247,C holds the spring onion on the cutting board with her left hand.,oar@@@@@onion
45.424,C adjusts the spring onion on the cutting board with her left hand.,chopping_board@@@@@green_onion@@@@@oar@@@@@onion
46.89,C chops the spring onion on the cutting board with the big knife in her right hand.,chopping_board@@@@@knife@@@@@green_onion@@@@@oar@@@@@onion
79.67834,C picks a piece of the spring onion from the cutting board with her left hand.,chopping_board@@@@@green_onion@@@@@oar@@@@@onion
80.62115,C drops the piece of the spring onion in the trash can with her left hand.,trash_can@@@@@can@@@@@green_onion@@@@@onion
81.27514,C packs the pieces of the spring onion together with the big knife in her right hand.,knife@@@@@onion
82.39365,C packs the pieces of the spring onion together with left hand.,onion
83.006,C packs the pieces of the spring onion together with the big knife in her right hand.,knife@@@@@onion
83.23657,C packs the pieces of the spring onion together with her left hand.,onion
84.16658,C chops the pieces of the spring onion with the knife in her right hand.,knife@@@@@onion
85.2981,C packs the pieces of the spring onion together with both hands.,green_onion@@@@@onion
88.17221,C chops the pieces of the spring onion with the knife in her right hand.,knife@@@@@onion
88.69974,C packs the pieces of the spring onion together with her left hand.,onion
89.66829,C chops the pieces of the spring onion with the big knife in her right hand.,knife@@@@@onion
93.51192,C places her left hand on the big knife in her right hand.,knife
93.61106,C chops the pieces of the spring onion with the big knife in her right hand.,knife@@@@@onion
108.814,C packs the pieces of the spring onion together with the big knife in her right hand.,knife@@@@@onion
109.68874,C places her left hand on the big knife in her right hand.,knife
110.05398,C chops the pieces of spring onion with the big knife in her right hand.,knife@@@@@green_onion@@@@@onion
121.33542,C packs the pieces of the spring onion together with both hands.,green_onion@@@@@onion
126.97377,C places her left hand on the big knife in her right hand.,knife
127.35986,C chops the pieces of spring onion with the big knife in her right hand.,knife@@@@@green_onion@@@@@onion
136.5439,C wipes the pieces of spring onion from the big knife with her left hand.,knife@@@@@onion
140.10649,C packs the pieces of spring onion with the big knife in her right hand.,knife@@@@@green_onion@@@@@onion
142.75004,C wipes the pieces of spring onion from the big knife with her left hand.,knife@@@@@onion
144.22426,C places the big knife on the cutting board with her right hand.,chopping_board@@@@@knife@@@@@oar
144.348,C picks a tomato from a net bag with her left hand.,tomato@@@@@plastic_bag
146.39105,C opens the tap switch with her right hand.,faucet
146.80638,C places the tomato under the tap with her left hand.,faucet@@@@@tomato
147.25924,C washes the tomato under the running tap with both hands.,faucet@@@@@tomato
150.40785,C closes the tap switch with her right hand.,faucet
151.02486,C passes the tomato from her left hand to her right hand.,tomato
151.49018,C tosses the tomato over the kitchen sink with both hands.,tomato@@@@@kitchen_sink@@@@@sink
152.172,C passes the tomato from her left hand to her right hand.,tomato
153.1868,C picks the big knife from the cutting board with her right hand.,chopping_board@@@@@knife@@@@@oar
153.24861,C places the tomato on the cutting board with her left hand.,chopping_board@@@@@tomato@@@@@oar
154.30972,C cuts the tomato with the big knife in her right hand.,tomato@@@@@knife
156.85,C picks a tomato piece from the cutting board with her left hand.,chopping_board@@@@@tomato@@@@@oar
157.458,C places the tomato piece on the cutting board with her left hand.,chopping_board@@@@@tomato@@@@@oar
157.8515,C moves the tomato on the cutting board with her left hand.,chopping_board@@@@@tomato@@@@@oar
158.46965,C cuts the tomato with the big knife in her right hand.,tomato@@@@@knife
160.90101,C moves a tomato piece on the cutting board with the knife in her right hand.,chopping_board@@@@@tomato@@@@@knife@@@@@oar
161.23884,C moves the tomato pieces on the cutting board with her left hand.,chopping_board@@@@@tomato@@@@@oar
163.25223,C slices through a tomato piece with the big knife in her right hand.,tomato@@@@@knife
165.46397,C adjusts the tomato piece on the cutting board with her left hand.,chopping_board@@@@@tomato@@@@@oar
167.46843,C cuts the tomato piece with the big knife in her right hand.,tomato@@@@@knife
168.37879,C adjusts the tomato piece on the cutting board with her left hand.,chopping_board@@@@@tomato@@@@@oar
169.05706,C cuts the tomato piece on the cutting board with the big knife in her right hand.,chopping_board@@@@@knife@@@@@oar
170.79732,C adjusts the tomato piece on the cutting board with her left hand.,chopping_board@@@@@tomato@@@@@oar
172.01857,C slices the tomato piece with the big knife in her right hand.,tomato@@@@@knife
179.52799,C moves a tomato slice on the cutting board with her left hand.,chopping_board@@@@@tomato@@@@@oar
179.968,C moves the tomato slices on the cutting board with her left hand.,chopping_board@@@@@tomato@@@@@oar
180.76757,C moves the pieces of spring onion on the cutting board with the big knife in her right hand.,chopping_board@@@@@knife@@@@@green_onion@@@@@oar@@@@@onion
180.96777,C adjusts the tomato slices on the cutting board with her left hand.,chopping_board@@@@@tomato@@@@@oar
182.8596,C chops the tomato slices with the big knife in her right hand.,tomato@@@@@knife
193.94945,C picks a tomato piece from the cutting board with her left hand.,chopping_board@@@@@tomato@@@@@oar
194.13814,C moves the tomato pieces on the cutting board with the big knife in her right hand.,chopping_board@@@@@tomato@@@@@knife@@@@@oar
195.05778,C places the tomato piece on the cutting board with her left hand.,chopping_board@@@@@tomato@@@@@oar
196.005,C cuts through the tomato piece with the big knife in her right hand.,tomato@@@@@knife
198.14027,C adjusts the tomato piece on the cutting board with her left hand.,chopping_board@@@@@tomato@@@@@oar
199.49246,C slices the tomato piece with the big knife in her right hand.,tomato@@@@@knife
208.92653,C moves the tomato slices on the cutting board with her left hand.,chopping_board@@@@@tomato@@@@@oar
209.66745,C adjusts the tomato slices on the cutting board with the big knife in her right hand.,chopping_board@@@@@tomato@@@@@knife@@@@@oar
211.6611,C chops the tomato slices with the big knife in her right hand.,tomato@@@@@knife
223.86438,C wipes the tomato pieces on the big knife with her left hand.,tomato@@@@@knife
225.88709,C moves the tomato pieces on the cutting board with the big knife in her right hand.,chopping_board@@@@@tomato@@@@@knife@@@@@oar
226.41869,C places the big knife on the cutting board with her right hand.,chopping_board@@@@@knife@@@@@oar
227.60642,C picks a butter bar from the countertop with her left hand.,butter
228.40395,C places the butter bar on the cutting board with her left hand.,chopping_board@@@@@oar@@@@@butter
229.49854,C moves a stainless bowl on the countertop with her left hand.,bowl
231.20118,C picks an egg from the crate with her right hand.,egg
233.19845,C moves the stainless bowl on the countertop with her left hand.,bowl
233.96554,C hits the egg on the stainless bowl with her right hand.,bowl@@@@@egg
235.06854,C moves the stainless bowl on the countertop with her left hand.,bowl
235.5843,C hits the egg on the edge of the countertop with her right hand.,egg
236.80504,C cracks the egg into the stainless bowl with her right hand.,bowl@@@@@egg
239.95845,C drops the egg shell in the trash can with her right hand.,trash_can@@@@@seashell@@@@@can
241.14242,C picks an egg from the crate with her right hand.,egg
243.67857,C holds the stainless bowl on the countertop with her left hand.,bowl
243.80086,C hits the egg on the edge of the countertop with her right hand.,egg
245.32181,C cracks the egg into the stainless bowl with her right hand.,bowl@@@@@egg
248.03825,C drops the egg shell in the trash can with her right hand.,trash_can@@@@@seashell@@@@@can
249.19737,C picks the fork from the countertop with her left hand.,fork
249.78826,C passes the fork from her left hand to her right hand.,fork
250.124,C holds the stainless bowl with her left hand.,bowl
250.35326,C whisks the egg mixture with the fork in her right hand.,fork@@@@@egg
250.674,C tilts the stainless bowl on the countertop with her left hand.,bowl
260.48722,C places the stainless bowl on the countertop with her left hand.,bowl
261.953,C tilts the stainless bowl on the countertop with her left hand.,bowl
266.29248,C places the stainless bowl on the countertop with her left hand.,bowl
267.305,C places the fork in the stainless bowl with her right hand.,fork@@@@@bowl
272.09596,C picks a jar form the countertop with her right hand.,jar
272.79438,C holds the jar with her left hand.,jar
274.05325,C turns the lid of the jar with her left hand.,jar
278.36744,C opens the lid of the jar with her left hand.,jar
279.9014,C adds salt to the egg mixture in the stainless bowl with her right hand.,bowl@@@@@shaker@@@@@saltshaker@@@@@spoon
282.829,C closes the lid of the jar of salt with her left hand.,jar
284.58728,C places the jar of salt on the countertop with her right hand.,jar
286.789,C picks the fork from the stainless bowl with her right hand.,fork@@@@@bowl
286.848,C holds the stainless bowl on the countertop with her left hand.,bowl
287.26345,C tilts the stainless bowl on the countertop with her left hand.,bowl
287.32372,C whisks the egg mixture with the fork in her right hand.,fork@@@@@egg
292.322,C places the stainless bowl on the countertop with her left hand.,bowl
292.672,C places the fork in the stainless bowl with her right hand.,fork@@@@@bowl
294.50029,C holds the butter bar on the cutting board with her left hand.,chopping_board@@@@@oar@@@@@butter
301.61508,C picks a frying pan from the shelf with her right hand.,frying_pan
306.82109,C holds the frying pan with her left hand.,frying_pan
309.49206,C places the frying pan on the shelf with her right hand.,pan_(for_cooking)
315.55171,C picks the frying pan from the shelf with her right hand.,frying_pan
316.81078,C passes the frying pan from her right hand to her left hand.,frying_pan
317.77191,C places the frying pan on the cooker with her left hand.,frying_pan@@@@@cooker
319.63994,C turns the cooker switch with her left hand.,cooker
323.42681,C wipes her right hand on her dress.,dress
326.09571,C lights the cooker with the lighter in he right hand.,cooker
327.40069,C moves the frying pan on the cooker with her left hand.,frying_pan@@@@@cooker
328.94068,C holds the cooker switch with her right hand.,cooker
329.5566,C tilts the frying pan on the cooker with her left hand.,frying_pan@@@@@cooker
331.55144,C adjusts the heat temperature of the cooker with the switch with her left hand.,cooker
338.35586,C adjusts the frying pan on the cooker with her left hand.,cooker
340.59286,C picks the butter bar from the cutting board with her left hand.,chopping_board@@@@@oar@@@@@butter
340.65648,C touches the big knife from the cutting board with her right hand.,knife@@@@@oar
341.12,C picks the small knife from the cutting board with her right hand.,knife@@@@@oar
341.88412,C holds the butter bar with her right hand.,butter
343.90839,C cuts the butter bar with the small knife in her right hand.,knife@@@@@butter
346.99269,C adds the butter to the frying pan with the small knife in her right hand.,knife@@@@@frying_pan@@@@@butter
350.1461,C places the butter bar on the cutting board with her left hand.,chopping_board@@@@@oar@@@@@butter
350.91145,C places the small knife on the countertop with her right hand.,knife
353.51907,C picks the bottle of oil from the countertop with her left hand.,bottle
354.28,C passes the bottle of oil from her left hand to her right hand.,bottle
354.73817,C turns the lid of the bottle of oil with her left hand.,bottle
356.13144,C opens the lid of the bottle of oil with her left hand.,bottle_opener@@@@@pen@@@@@bottle
357.40597,C adds oil to the frying pan from the bottle of oil in her right hand.,pan_(for_cooking)@@@@@frying_pan@@@@@bottle
360.54344,C closes the lid of the bottle of oil with her left hand.,bottle
360.87692,C turns the lid of the bottle of oil with her left hand.,bottle
361.86187,C places the bottle of oil on the countertop with her right hand.,bottle
363.1551,C adjusts the heat temperature of the cooker with the switch in her right hand.,cooker
364.44908,C moves the frying pan on the cooker with her left hand.,frying_pan@@@@@cooker
364.92876,C passes the frying pan from her left hand to her right hand.,pan_(for_cooking)
365.65207,C tilts the frying pan on the cooker with her right hand.,frying_pan@@@@@cooker
366.13,C rotates the frying pan over the cooker with her right hand.,frying_pan@@@@@cooker
375.83017,C places the frying pan on the cooker with her right hand.,pan_(for_cooking)@@@@@cooker
378.68929,C holds the big knife on the cutting board with her right hand.,chopping_board@@@@@knife@@@@@oar
378.83571,C moves the butter bar from the cutting board to the countertop with her left hand.,oar@@@@@butter
379.18076,C picks a tomato piece from the cutting board with her right hand.,chopping_board@@@@@tomato@@@@@oar
379.91457,C moves the butter bar on the countertop with her left hand.,butter
380.09983,C places the tomato piece on the countertop with her right hand.,tomato
380.512,C picks the big knife from the cutting board with her right hand.,chopping_board@@@@@knife@@@@@oar
380.61206,C moves the small knife on the countertop with her left hand.,knife
381.20662,C picks the cutting board from the countertop with both hands.,chopping_board@@@@@oar
382.96506,C places the big knife on the cutting board with her right hand.,chopping_board@@@@@knife@@@@@oar
383.83585,C picks the big knife from the cutting board with her right hand.,chopping_board@@@@@knife@@@@@oar
385.90792,C adds the spring onions to the frying pan with the big knife in her right hand.,knife@@@@@onion
399.33591,C wipes the big knife on the frying pan with her right hand.,knife@@@@@frying_pan
402.26434,C places the cutting board on the countertop with her left hand.,chopping_board@@@@@kitchen_sink@@@@@sink@@@@@oar
402.64,C places the big knife on the cutting board with her right hand.,chopping_board@@@@@knife@@@@@oar
411.35605,C moves a white plastic on the shelf with her right hand.,plastic_bag
415.40899,C picks a spoon from the countertop with her right hand.,spoon
416.721,C holds the spoon with her left hand.,person@@@@@spoon
418.1308,C passes the spoon from her right hand to her left hand.,spoon
418.76389,C moves the frying pan on the cooker with her right hand.,frying_pan@@@@@cooker
419.15627,C picks the frying pan from the cooker with her right hand.,frying_pan@@@@@cooker
419.36265,C tosses the frying pan over the cooker with her right hand.,frying_pan@@@@@cooker
421.17426,C places the frying pan on the cooker with her right hand.,pan_(for_cooking)@@@@@cooker
422.26655,C transfers the spoon from her left hand to her right hand.,spoon
422.684,C holds the frying pan on the cooker with her left hand.,frying_pan@@@@@cooker
423.30513,C picks the spring onion hanging on the edge of the frying pan with the spoon in her right hand.,spoon
423.40259,C moves the frying pan on the cooker with her left hand.,frying_pan@@@@@cooker
424.4711,C stirs the spring onion with the spoon in her right hand.,green_onion@@@@@onion@@@@@spoon
432.67417,C tosses the spoon in her right hand over the frying pan.,frying_pan@@@@@spoon
434.17,C places the spoon on the countertop with her right hand.,spoon
434.78091,C tosses the frying pan over the cooker with her right hand.,frying_pan@@@@@cooker
436.42195,C places the frying pan on the cooker with her right hand.,pan_(for_cooking)@@@@@cooker
436.546,C moves the frying pan on the cooker with her right hand.,frying_pan@@@@@cooker
438.29277,C adjusts the heat temperature of the cooker with her right hand.,cooker
440.64616,C moves the frying pan on the cooker with her right hand.,frying_pan@@@@@cooker
443.593,C passes the frying pan from her right hand to her left hand.,frying_pan
443.657,C moves the frying pan on the cooker with her left hand.,frying_pan@@@@@cooker
448.51213,C adjusts her camera glasses with her right hand.,spectacles
450.425,C holds the stainless bowl on the countertop with her left hand.,bowl
451.6223,C picks a tomato piece from the countertop with her right hand.,tomato
452.745,C drops the tomato piece in the trash can with her right hand.,trash_can@@@@@tomato@@@@@can
453.58534,C picks the butter bar from the countertop with her right hand.,butter
454.26039,C holds the butter bar with both hands.,butter
456.1303,C adjusts the wrap of the butter bar with her left hand.,plastic_bag@@@@@butter
458.51014,C places the butter bar on the countertop with her right hand.,butter
461.6669,C picks the spoon from the countertop with her left hand.,spoon
462.33063,C passes the spoon from her left hand to her right hand.,spoon
463.04129,C holds the frying pan with her left hand.,frying_pan
463.55609,C stirs the spring onion with the spoon in her right hand.,green_onion@@@@@onion@@@@@spoon
475.94227,C tosses the spoon in her right hand over the frying pan.,frying_pan@@@@@spoon
479.46178,C places the spoon on the countertop with her right hand.,spoon
479.5602,C moves the frying pan on the cooker with her left hand.,frying_pan@@@@@cooker
482.15877,C holds the cooker switch with her right hand.,cooker
485.36194,C holds the big knife on the cutting board with her right hand.,chopping_board@@@@@knife@@@@@oar
486.25726,C picks the cutting board from the countertop with both hands.,chopping_board@@@@@oar
488.62565,C adds the tomato pieces to the frying pan with the big knife in her right hand.,tomato@@@@@knife@@@@@pan_(for_cooking)
494.59229,C wipes the big knife on the frying pan with her right hand.,knife@@@@@frying_pan
495.99026,C places the big knife on the cutting board with her right hand.,chopping_board@@@@@knife@@@@@oar
497.54672,C places the cutting board with the big knife in the kitchen sink with her right hand.,knife@@@@@kitchen_sink@@@@@sink
499.01361,C picks the small knife from the countertop with her right hand.,knife
499.917,C places the small knife in the kitchen sink with her right hand.,knife@@@@@kitchen_sink@@@@@sink
502.28,C picks the spoon from the countertop with her left hand.,spoon
502.87477,C passes the spoon from her left hand to her right hand.,spoon
503.41405,C holds the frying pan on the cooker with her left hand.,frying_pan@@@@@cooker
503.64186,C stirs the vegetable mix with the spoon in her right hand.,bowl@@@@@spoon
519.83539,C tosses the spoon in her right hand over the frying pan.,frying_pan@@@@@spoon
521.29795,C stirs the vegetable mix with the spoon in her right hand.,bowl@@@@@spoon
528.02618,C places the spoon on the countertop with her right hand.,spoon
529.77329,C picks the fork from the stainless bowl with her right hand.,fork@@@@@bowl
530.40231,C tosses the fork over the stainless bowl with her right hand.,fork@@@@@bowl
531.089,C picks the stainless bowl from the countertop with her left hand.,bowl
531.16305,C whisks the egg mixture with the fork in her right hand.,fork@@@@@egg
534.14097,C tosses the fork over the stainless bowl with her right hand.,fork@@@@@bowl
534.40167,C places the stainless bowl on the countertop with her left hand.,bowl
535.688,C mashes the vegetable mix with the fork in her right hand.,fork
535.75877,C holds the frying pan with her left hand.,frying_pan
546.603,C moves the frying pan on the cooker with her left hand.,frying_pan@@@@@cooker
550.47148,C wipes the fork on the frying pan with her right hand.,fork
551.77242,C moves the frying pan on the cooker with her left hand.,frying_pan@@@@@cooker
552.26762,C mashes the vegetable mix with the fork in her right hand.,fork
553.37342,C moves the frying pan on the cooker with her left hand.,frying_pan@@@@@cooker
556.93142,C passes the fork from her right hand to her left hand.,fork
557.58501,C holds the cooker switch with her right hand.,cooker
560.93859,C picks the fork from her left hand with her right hand.,fork
561.43684,C picks the stainless bowl from the countertop with her right hand.,bowl
562.02246,C whisks the egg mixture with the fork in her right hand.,fork@@@@@egg
563.52074,C adds the egg mixture to the frying pan with her left hand.,pan_(for_cooking)@@@@@frying_pan@@@@@egg
566.33701,C adds the egg mixture to the frying pan with the fork in her right hand.,pan_(for_cooking)@@@@@fork
568.72502,C places the stainless bowl on the countertop with her left hand.,bowl
569.11081,C tosses the fork in her right hand over the frying pan.,fork@@@@@frying_pan
569.4957,C picks the stainless bowl from the countertop with her left hand.,bowl
569.63636,C places the fork in the stainless bowl with her right hand.,fork@@@@@bowl
571.78131,C places the stainless bowl in the kitchen sink with her left hand.,kitchen_sink@@@@@sink@@@@@bowl
574.16956,C pushes the spoon on the countertop with her left hand.,spoon
574.67284,C picks the spoon from the countertop with her left hand.,spoon
575.19422,C passes the spoon from her left hand to her right hand.,spoon
575.60484,C holds the frying pan on the cooker with her left hand.,frying_pan@@@@@cooker
577.8948,C stirs the eggs with the vegetable mix with the spoon in her right hand.,egg@@@@@spoon
588.42246,C passes the spoon from her right hand to her left hand.,spoon
588.80513,C holds the cooker switch with her right hand.,cooker
590.17111,C passes the spoon from her left hand to her right hand,spoon
590.82159,C holds the frying pan on the cooker with her left hand.,frying_pan@@@@@cooker
590.95168,C stirs the eggs with the vegetable mix with the spoon in her right hand.,egg@@@@@spoon
637.49383,C tosses the spoon in her right hand over the frying pan.,frying_pan@@@@@spoon
639.43776,C places the spoon on the countertop with her right hand.,spoon
640.35943,C holds a plastic bag on the countertop with her left hand.,plastic_bag
640.40906,C picks a cheese slice from the plastic bag with her right hand.,plastic_bag
641.92886,C tears the pack of the cheese with her right hand.,packet
644.10526,C adds the slice of cheese to the frying pan with her right hand.,casserole@@@@@can@@@@@hat@@@@@pan_(for_cooking)@@@@@pizza@@@@@lasagna
646.44377,C adds the slice of cheese to the frying pan with her right hand.,casserole@@@@@can@@@@@hat@@@@@pan_(for_cooking)@@@@@pizza@@@@@lasagna
647.35175,C adds the slice of cheese to the frying pan with her left hand.,pan_(for_cooking)
647.92564,C adds the slice of cheese to the frying pan with her right hand.,casserole@@@@@can@@@@@hat@@@@@pan_(for_cooking)@@@@@pizza@@@@@lasagna
650.8058,C adds the slice of cheese to the frying pan with her right hand.,casserole@@@@@can@@@@@hat@@@@@pan_(for_cooking)@@@@@pizza@@@@@lasagna
651.78872,C adds the slice of cheese to the frying pan with her right hand.,casserole@@@@@can@@@@@hat@@@@@pan_(for_cooking)@@@@@pizza@@@@@lasagna
652.74738,C adds the slice of cheese to the frying pan with her right hand.,casserole@@@@@can@@@@@hat@@@@@pan_(for_cooking)@@@@@pizza@@@@@lasagna
654.24832,C adds the slice of cheese to the frying pan with her right hand.,casserole@@@@@can@@@@@hat@@@@@pan_(for_cooking)@@@@@pizza@@@@@lasagna
655.04602,C adds the slice of cheese to the frying pan with her left hand.,pan_(for_cooking)
655.93036,C adds the slice of cheese to the frying pan with both hands.,pan_(for_cooking)
656.85956,C holds the cheese slices in the plastic bag with her right hand.,plastic_bag
657.97751,C holds the cheese slices in the plastic bag with her left hand.,plastic_bag
658.62004,C picks a cheese slice from the plastic bag with both hands.,plastic_bag
661.09004,C drops the pack on the countertop with her right hand.,backpack
661.47201,C tears off the cheese slice from the pack with her right hand.,packet
665.65287,C drops the pack on the countertop with her left hand.,backpack@@@@@kitchen_table
666.06469,C adds the slice of cheese to the frying pan with her right hand.,casserole@@@@@can@@@@@hat@@@@@pan_(for_cooking)@@@@@pizza@@@@@lasagna
667.60428,C adds the slice of cheese to the frying pan with her right hand.,casserole@@@@@can@@@@@hat@@@@@pan_(for_cooking)@@@@@pizza@@@@@lasagna
668.90982,C adds the slice of cheese to the frying pan with her right hand.,casserole@@@@@can@@@@@hat@@@@@pan_(for_cooking)@@@@@pizza@@@@@lasagna
672.22262,C adds the slice of cheese to the frying pan with her left hand.,pan_(for_cooking)
673.19832,C adds the slice of cheese to the frying pan with her left hand.,pan_(for_cooking)
673.53285,C adds the slice of cheese to the frying pan with her right hand.,casserole@@@@@can@@@@@hat@@@@@pan_(for_cooking)@@@@@pizza@@@@@lasagna
673.78556,C picks the spoon from the countertop with her left hand.,spoon
674.297,C passes the spoon from her left hand to her right hand.,spoon
674.84459,C holds the frying pan on the cooker with her left hand.,frying_pan@@@@@cooker
674.93611,C stirs the scrambled eggs with the spoon in her right hand.,egg@@@@@spoon
689.71961,C moves the spoon to her left hand and to her right hand.,person@@@@@spoon
690.35171,C holds the frying pan on the cooker with her left hand.,frying_pan@@@@@cooker
690.425,C tosses the spoon over the frying pan with her right hand.,frying_pan@@@@@spoon
693.04966,C places the spoon on the countertop with her right hand.,spoon
694.09067,C holds the cooker switch with her right hand.,cooker
694.50416,C turns the cooker switch with her right hand.,cooker
696.693,C picks a plate from the shelf with her left hand.,plate
697.05859,C holds the plate with her right hand.,plate@@@@@person
698.98618,C places the plate on the cooker with both hands.,plate@@@@@cooker
700.08359,C picks the spoon from the countertop with her left hand.,spoon
700.35564,C passes the spoon from her left hand to her right hand.,spoon
700.87158,C picks the frying pan from the cooker with her left hand.,frying_pan@@@@@cooker
701.81963,C packs the scrambled eggs together with the spoon in her right hand.,egg@@@@@spoon
705.67564,C serve the scrambled eggs  to the plate with the spoon in her right hand.,plate@@@@@spoon
713.15604,C places the spoon in the frying pan with her right hand.,frying_pan@@@@@spoon
714.64123,C holds the frying pan with her right hand.,frying_pan
715.21155,C places the frying pan in the kitchen sink with both hands.,kitchen_sink@@@@@pan_(for_cooking)@@@@@sink
718.02924,C picks the plate of eggs from the cooker with both hands.,plate@@@@@cooker
720.42337,C places the plate of eggs on the table top with her right hand.,plate
2.87678,C picks a chopping board from the cabinet with her right hand.,cabinet@@@@@chopping_board@@@@@oar
5.14024,C places the chopping board on the kitchen countertop with both hands.,chopping_board@@@@@kitchen_table@@@@@oar
8.00405,C picks a celery from the kitchen countertop with her right hand.,celery
10.06004,C passes the celery from her right hand to her left hand.,celery
10.80445,C picks a small knife from the kitchen countertop with her right hand.,knife
11.37627,C places the celery on the chopping board with her left hand.,chopping_board@@@@@celery@@@@@oar
12.248,C cuts the celery root on the chopping board with the small knife in her right hand.,chopping_board@@@@@knife@@@@@oar
13.03195,C places the small knife on the chopping board with her right hand.,chopping_board@@@@@knife@@@@@oar
13.23195,C picks the celery from the chopping board with her left hand.,chopping_board@@@@@green_onion@@@@@oar@@@@@onion
13.33535,C picks the celery root from the chopping board with her right hand.,chopping_board@@@@@celery@@@@@oar
14.108,C places the celery root in a trash can with her right hand.,trash_can@@@@@celery@@@@@can
15.81186,C peels the celery with her right hand.,celery
16.45966,C places the celery in her right hand in the sink.,celery@@@@@sink
17.21073,C peels the celery with her right hand.,celery
18.49118,C places the celery in her right hand in the sink.,celery@@@@@sink
20.31774,C places the celery on the chopping board with her left hand.,chopping_board@@@@@celery@@@@@oar
20.75778,C picks the small knife from the chopping board with her right hand.,chopping_board@@@@@knife@@@@@oar
21.49383,C cuts the celery leaf on the chopping board with the knife in her right hand.,chopping_board@@@@@celery@@@@@knife@@@@@oar
22.102,C picks the celery from the chopping board with her left hand.,chopping_board@@@@@green_onion@@@@@oar@@@@@onion
22.382,C places the small knife on the chopping board with her right hand.,chopping_board@@@@@knife@@@@@oar
22.76559,C picks the celery leaves from the chopping board with her right hand.,chopping_board@@@@@celery@@@@@oar
23.48475,C places the celery leaves in the trash can with her right hand.,trash_can@@@@@celery@@@@@can
24.7487,C opens a faucet lever with her right hand.,faucet@@@@@handle
25.491,C washes the celery with both hands with the water from the faucet.,faucet@@@@@celery
34.0739,C peels the celery with her right hand.,celery
34.56,C places the celery in her right hand in the sink.,celery@@@@@sink
36.23624,C closes the faucet lever with her right hand.,faucet@@@@@water_faucet
38.20782,C places the celery on the chopping board with both hands.,chopping_board@@@@@green_onion@@@@@oar@@@@@onion
38.969,C picks the small knife from the chopping board with her right hand.,chopping_board@@@@@knife@@@@@oar
40.78025,C slices the celery on the chopping board with the knife in her right hand.,chopping_board@@@@@celery@@@@@knife@@@@@oar
43.60391,C places the small knife on the chopping board with her right hand.,chopping_board@@@@@knife@@@@@oar
43.98698,C picks a big knife from the kitchen countertop with her left hand.,knife
44.71418,C passes the big knife from her left hand to her right hand.,knife@@@@@person
47.33326,C dices the celery on the chopping board with the big knife in her right hand.,chopping_board@@@@@celery@@@@@knife@@@@@oar
79.52564,C picks the celery leaf from the chopping board with her left hand.,chopping_board@@@@@green_onion@@@@@oar@@@@@onion
80.5293,C places the celery leaf in the trash can with her left hand.,trash_can@@@@@celery@@@@@can
81.34038,C gathers the celery on the chopping board with the knife in her right hand.,chopping_board@@@@@celery@@@@@knife@@@@@oar
84.25096,C dices the celery on the chopping board with the big knife in her right hand.,chopping_board@@@@@celery@@@@@knife@@@@@oar
85.39368,C gathers the celery on the chopping board with the knife in her right hand.,chopping_board@@@@@celery@@@@@knife@@@@@oar
87.07302,C dices the celery on the chopping board with the big knife in her right hand.,chopping_board@@@@@celery@@@@@knife@@@@@oar
88.79676,C gathers the celery on the chopping board with her left hand.,chopping_board@@@@@celery@@@@@oar
89.62771,C dices the celery on the chopping board with the big knife in her right hand.,chopping_board@@@@@celery@@@@@knife@@@@@oar
109.09575,C gathers the celery on the chopping board with the knife in her right hand.,chopping_board@@@@@celery@@@@@knife@@@@@oar
109.92374,C dices the celery on the chopping board with the big knife in her right hand.,chopping_board@@@@@celery@@@@@knife@@@@@oar
121.41234,C gathers the celery on the chopping board with the knife in her right hand.,chopping_board@@@@@celery@@@@@knife@@@@@oar
127.10522,C dices the celery on the chopping board with the big knife in her right hand.,chopping_board@@@@@celery@@@@@knife@@@@@oar
133.5634,C gathers the celery on the chopping board with the knife in her right hand.,chopping_board@@@@@celery@@@@@knife@@@@@oar
133.93077,C dices the celery on the chopping board with the big knife in her right hand.,chopping_board@@@@@celery@@@@@knife@@@@@oar
136.6263,C wipes the big knife in her right hand with her left hand.,knife
139.80228,C gathers the celery on the chopping board with the knife in her right hand.,chopping_board@@@@@celery@@@@@knife@@@@@oar
142.88754,C wipes the knife in her right hand with her left hand.,knife
144.14871,C places the big knife on the chopping board with her right hand.,chopping_board@@@@@knife@@@@@oar
144.61452,C picks a tomato from a net bag on the kitchen countertop with her left hand.,tomato
146.42091,C opens the faucet lever with her right hand.,faucet
147.05996,C washes the tomato with both hands with the water from the faucet.,faucet@@@@@tomato@@@@@water_faucet
150.53177,C closes the faucet lever with her right hand.,faucet@@@@@water_faucet
151.04326,C passes the tomato from her left hand to her right hand.,tomato
152.09516,C passes the tomato from her right hand to her left hand.,tomato
153.12315,C places the tomato on the chopping board with her left hand.,chopping_board@@@@@tomato@@@@@oar
153.52153,C picks the big knife from the chopping board with her right hand.,chopping_board@@@@@knife@@@@@oar
154.60812,C slices the tomato on the chopping board with the knife in her right hand.,chopping_board@@@@@tomato@@@@@knife@@@@@oar
157.13687,C picks the tomato from the chopping board with her left hand.,chopping_board@@@@@tomato@@@@@oar
157.50499,C places the tomato on the chopping board with her left hand.,chopping_board@@@@@tomato@@@@@oar
157.83334,C adjusts the tomato on the chopping board with her left hand.,chopping_board@@@@@tomato@@@@@oar
158.48886,C slices the tomato on the chopping board with the knife in her right hand.,chopping_board@@@@@tomato@@@@@knife@@@@@oar
162.00029,C adjusts the tomato on the chopping board with her left hand.,chopping_board@@@@@tomato@@@@@oar
163.47178,C slices the tomato on the chopping board with the knife in her right hand.,chopping_board@@@@@tomato@@@@@knife@@@@@oar
165.48699,C adjusts the tomato on the chopping board with her left hand.,chopping_board@@@@@tomato@@@@@oar
172.19028,C slices the tomato on the chopping board with the knife in her right hand.,chopping_board@@@@@tomato@@@@@knife@@@@@oar
180.2326,C adjusts the tomato on the chopping board with her left hand.,chopping_board@@@@@tomato@@@@@oar
182.29805,C dices the tomato on the chopping board with the knife in her right hand.,chopping_board@@@@@tomato@@@@@knife@@@@@oar
194.44,C picks the tomato from the chopping board with her left hand.,chopping_board@@@@@tomato@@@@@oar
195.08023,C places the tomato on the chopping board with her left hand.,chopping_board@@@@@tomato@@@@@oar
196.0955,C slices the tomato on the chopping board with the knife in her right hand.,chopping_board@@@@@tomato@@@@@knife@@@@@oar
198.21532,C adjusts the tomato on the chopping board with her left hand.,chopping_board@@@@@tomato@@@@@oar
199.48352,C slices the tomato on the chopping board with the knife in her right hand.,chopping_board@@@@@tomato@@@@@knife@@@@@oar
209.02065,C adjusts the tomato on the chopping board with her left hand.,chopping_board@@@@@tomato@@@@@oar
211.84268,C dices the tomato on the chopping board with the knife in her right hand.,chopping_board@@@@@tomato@@@@@knife@@@@@oar
224.18642,C wipes the knife in her right hand with her left hand.,knife
225.7058,C adjusts the tomato on the chopping board with the knife in her right hand.,chopping_board@@@@@tomato@@@@@knife@@@@@oar
226.33768,C places the big knife on the chopping board with her right hand.,chopping_board@@@@@knife@@@@@oar
227.88873,C picks a butter from the kitchen countertop with her left hand.,butter
228.22513,C places the butter on the chopping board with her left hand.,chopping_board@@@@@oar@@@@@butter
228.56759,C opens the butter wrap with her left hand.,butter
229.02407,C adjusts the butter on the chopping board with her left hand.,chopping_board@@@@@oar@@@@@butter
229.77379,C adjusts a stainless steel bowl on the kitchen countertop with her left hand.,bowl
231.35662,C picks an egg from the egg tray on the kitchen countertop with her right hand.,egg@@@@@tray
233.69961,C hits the egg on the edge of the stainless steel bowl with her right hand.,bowl@@@@@egg
235.53964,C hits the egg on the edge of the kitchen countertop with her right hand..,egg
236.81159,C pours the egg into the stainless steel bowl on the kitchen countertop with her right hand.,bowl@@@@@egg
239.92602,C places the egg shell in the trash can with her right hand.,trash_can@@@@@can@@@@@egg
241.57795,C picks an egg from the egg tray on the kitchen countertop with her right hand.,egg@@@@@tray
243.65682,C hits the egg on the edge of the kitchen countertop with her right hand.,kitchen_table@@@@@egg
245.46166,C pours the egg into the stainless steel bowl on the kitchen countertop with her right hand.,bowl@@@@@egg
247.94102,C places the egg shell in the trash can with her right hand.,trash_can@@@@@can@@@@@egg
249.19521,C picks a fork from the kitchen countertop with her left hand.,fork
249.82273,C passes the fork from her left hand to her right hand.,fork
250.3932,C whisks the egg in the stainless steel bowl with the fork in her right hand.,fork@@@@@bowl@@@@@egg
272.06462,C picks a salt container from the kitchen countertop with her right hand.,kitchen_sink@@@@@kitchen_table@@@@@sink@@@@@shaker@@@@@saltshaker
276.72721,C opens the salt container lid with her left hand.,shaker@@@@@saltshaker
280.11966,C pours the salt into the stainless steel bowl on the kitchen countertop with her right hand.,bowl@@@@@shaker@@@@@saltshaker
283.05072,C closes the salt container with the lid in her left hand.,shaker@@@@@saltshaker
284.53653,C places the salt container on the kitchen countertop with her right hand.,kitchen_table@@@@@shaker@@@@@saltshaker
287.46218,C whisks the egg in the stainless steel bowl with the fork in her right hand.,fork@@@@@bowl@@@@@egg
301.78608,C picks a frying pan from the cabinet with her right hand.,cabinet@@@@@frying_pan
309.79911,C places the frying pan in the cabinet with her right hand.,cabinet@@@@@frying_pan
313.33251,C adjusts a frying pan on the kitchen countertop with her right hand.,frying_pan
315.82876,C picks the frying pan from the cabinet with her right hand.,cabinet@@@@@frying_pan
316.84308,C passes the frying pan from her right hand to her left hand.,frying_pan
317.60638,C places the frying pan on the gas cooker with her left hand.,pan_(for_cooking)@@@@@cooker
319.81932,C turns the knob of the gas cooker with her left hand.,knob@@@@@cooker
326.15077,C ignites the lighter in her right hand to the gas cooker.,can@@@@@cooker
327.66926,C picks the frying pan from the gas cooker with her left hand.,frying_pan@@@@@cooker
328.03703,C places the frying pan on the gas cooker with her left hand.,pan_(for_cooking)@@@@@cooker
329.04196,C adjusts the knob of the gas cooker with her right hand.,knob@@@@@cooker
331.59012,C adjusts the knob of the gas cooker with her left hand.,knob@@@@@cooker
338.39676,C adjusts the frying pan on the gas cooker with her left hand.,pan_(for_cooking)@@@@@cooker
340.8475,C picks the butter from the chopping board with her left hand.,chopping_board@@@@@oar@@@@@butter
341.11538,C picks the small knife from the chopping board with her right hand.,chopping_board@@@@@knife@@@@@oar
341.97512,C opens the butter wrap with her left hand.,butter
344.05497,C slices the butter into the frying pan on the gas cooker with the knife in her right hand.,knife@@@@@butter
350.10956,C places the butter on the chopping board with her left hand.,chopping_board@@@@@oar@@@@@butter
351.13059,C places the small knife on the kitchen countertop with her right hand.,knife
353.56603,C picks a groundnut oil bottle from the kitchen countertop with her left hand.,bottle
354.36178,C passes the groundnut oil bottle from her left hand to her right hand.,bottle
357.10299,C pours the groundnut oil into the frying pan on the gas cooker with her right hand.,frying_pan@@@@@saucepan
360.643,C closes the groundnut oil with the lid in her left hand.,bottle_cap@@@@@bottle
361.82254,C places the groundnut oil bottle on the kitchen countertop with her right hand.,kitchen_table@@@@@bottle
363.29343,C adjusts the knob of the gas cooker with her right hand.,knob@@@@@cooker
364.73833,C passes the handle of the frying pan from her left hand to her right hand.,frying_pan@@@@@handle
365.62612,C tilts the frying pan with her right hand.,frying_pan
376.11028,C places the frying pan on the gas cooker with her right hand.,frying_pan@@@@@cooker
378.73765,C adjusts the butter from the chopping board to the kitchen  countertop with her left hand.,chopping_board@@@@@oar@@@@@butter
379.43285,C picks the tomato from the chopping board with her right hand.,chopping_board@@@@@tomato@@@@@oar
380.00152,C places the tomato on the kitchen countertop with her right hand.,tomato@@@@@kitchen_table
380.87141,C picks the big knife from the chopping board with her right hand.,chopping_board@@@@@knife@@@@@oar
381.5573,C picks the chopping board from the kitchen countertop with her left hand.,chopping_board@@@@@oar
382.87321,C places the big knife on the chopping board with her right hand.,chopping_board@@@@@knife@@@@@oar
383.83193,C picks the big knife from the chopping board with her right hand.,chopping_board@@@@@knife@@@@@oar
387.86762,C pours celery from the chopping board to the frying pan on the gas cooker with the knife in her right hand.,chopping_board@@@@@knife@@@@@frying_pan@@@@@oar
399.48042,C wipes the knife on the edge of the frying pan with her right hand.,knife@@@@@frying_pan
402.1222,C places the chopping board on the kitchen countertop with her left hand.,chopping_board@@@@@kitchen_table@@@@@oar
402.51217,C places the big knife on the chopping board with her right hand.,chopping_board@@@@@knife@@@@@oar
408.64286,C adjusts a sieve in the bowl with her right hand.,bowl
415.56961,C picks a spatula from the kitchen countertop with her right hand.,spatula
418.21228,C passes the spatula from her right hand to her left hand.,spatula
418.93113,C picks the frying pan from the gas cooker with her right hand.,frying_pan@@@@@cooker
419.27398,C shakes the frying pan with her right hand.,frying_pan
421.18029,C places the frying pan on the gas cooker with her right hand.,frying_pan@@@@@cooker
422.26631,C passes the spatula from her left hand to her right hand.,spatula
423.30083,C adjusts the frying pan on the gas cooker with her left hand.,pan_(for_cooking)@@@@@cooker
424.4202,C stirs the celery in the frying pan with the spatula in her right hand.,frying_pan@@@@@spatula
431.99847,C hits the spatula on the edge of the frying pan with her right hand.,frying_pan@@@@@spatula
434.00674,C places the spatula on the kitchen countertop with her right hand.,spatula
435.06753,C shakes the frying pan with her right hand.,frying_pan
436.43857,C places the frying pan on the gas cooker with her right hand.,frying_pan@@@@@cooker
438.38181,C adjusts the knob of the gas cooker with her right hand.,knob@@@@@cooker
440.57467,C adjusts the frying pan on the gas cooker with her right hand.,pan_(for_cooking)@@@@@cooker
443.584,C passes the frying pan handle from her right hand to her left hand.,frying_pan@@@@@handle
443.78517,C adjusts the frying pan on the gas cooker with her left hand.,pan_(for_cooking)@@@@@cooker
448.424,C adjusts the camera in her face with her right hand.,camera
451.6148,C picks the tomato from the kitchen countertop with her right hand.,tomato
452.72248,C places the tomato in the trash can with her right hand.,trash_can@@@@@tomato@@@@@can
453.80879,C picks the butter from the kitchen countertop with her right hand.,kitchen_table@@@@@butter
456.03877,C wraps the butter in her right hand with the wrap.,butter
458.74665,C places the butter on the kitchen countertop with her right hand.,kitchen_table@@@@@butter
461.77702,C picks the spatula from the kitchen countertop with her left hand.,spatula
462.34911,C passes the spatula from her left hand to her right hand.,spatula
463.28639,C stirs the celery in the frying pan with the spatula in her right hand.,frying_pan@@@@@spatula
475.80382,C hits the spatula on the edge of the frying pan with her right hand.,frying_pan@@@@@spatula
479.37429,C places the spatula on the kitchen countertop with her right hand.,spatula
479.67429,C adjusts the frying pan on the gas cooker with her left hand.,pan_(for_cooking)@@@@@cooker
482.71063,C adjusts the knob of the gas cooker with her right hand.,knob@@@@@cooker
485.5391,C picks the big knife from the kitchen countertop with her right hand.,knife
486.41019,C picks the chopping board from the kitchen countertop with her left hand.,chopping_board@@@@@oar
489.63966,C pours the tomato into the frying pan on the gas cooker with the knife in her right hand.,tomato@@@@@knife@@@@@cooker
494.67,C wipes the knife on the edge of the frying pan with her right hand.,knife@@@@@frying_pan
496.24856,C places the knife on the chopping board with her right hand.,chopping_board@@@@@knife@@@@@oar
496.58522,C passes the chopping board from her left hand to her right hand.,chopping_board@@@@@oar
497.61501,C places the chopping board in the sink with her right hand.,chopping_board@@@@@sink@@@@@oar
499.04471,C picks the small knife from the kitchen countertop with her right hand.,knife
499.971,C places the small knife in the sink with her right hand.,knife@@@@@sink
502.28251,C picks the spatula from the kitchen countertop with her left hand.,spatula
502.94626,C passes the spatula from her right hand to her left hand.,spatula
503.57858,C stirs the tomato and celery in the frying pan with the spatula in her right hand.,tomato@@@@@celery@@@@@frying_pan@@@@@spatula
527.98667,C places the spatula on the kitchen countertop with her right hand.,spatula
531.3534,C whisks the egg in the stainless steel bowl with the fork in her right hand.,fork@@@@@bowl@@@@@egg
531.37962,C picks the stainless steel bowl from the kitchen countertop with her left hand.,bowl
534.48214,C places the stainless steel bowl on the kitchen countertop with her left hand.,bowl
536.00076,C presses the tomato and celery in the frying pan with the fork in her right hand.,tomato@@@@@celery@@@@@fork@@@@@frying_pan
556.89726,C passes the fork from her right hand to her left hand.,fork
557.81224,C adjusts the knob of the gas cooker with her right hand.,knob@@@@@cooker
560.97638,C passes the fork from her left hand to her right hand.,fork
561.46119,C picks the stainless steel bowl from the kitchen countertop with her left hand.,bowl
562.04542,C whisks the egg in the stainless steel bowl with the fork in her right hand.,fork@@@@@bowl@@@@@egg
563.44184,C pours the egg in the stainless steel bowl into the frying pan on the gas cooker.,bowl@@@@@frying_pan@@@@@egg
566.48086,C scrapes the egg in the stainless steel bowl into the frying pan on the gas cooker with the fork in her right hand..,fork@@@@@frying_pan@@@@@egg
568.73246,C places the stainless steel bowl on the kitchen countertop with her left hand.,bowl
569.48271,C picks the stainless steel bowl from the kitchen countertop with her left hand.,bowl
569.532,C places the fork in her right hand into the stainless steel bowl.,fork@@@@@bowl
571.84752,C places the stainless steel bowl in the sink with her left hand.,sink@@@@@bowl
574.78523,C picks the spatula from the kitchen countertop with her left hand.,spatula
575.254,C passes the spatula from her right hand to her left hand.,spatula
575.77665,C adjusts the frying pan on the gas cooker with her left hand.,pan_(for_cooking)@@@@@cooker
577.80569,C stirs the egg in the frying pan with the spatula in her right hand.,frying_pan@@@@@spatula
588.16906,C passes the spatula from her right hand to her left hand.,spatula
588.88087,C adjusts the knob of the gas cooker with her right hand.,knob@@@@@cooker
590.28411,C passes the spatula from her left hand to her right hand.,spatula
590.883,C stirs the egg in the frying pan with the spatula in her right hand.,frying_pan@@@@@spatula
639.38252,C places the spatula on the kitchen countertop with her right hand.,spatula
644.06553,C places the cheese in the frying pan with her right hand.,pan_(for_cooking)@@@@@sausage
646.37894,C places the cheese in the frying pan with her right hand.,pan_(for_cooking)@@@@@sausage
647.52778,C places the cheese in the frying pan with her left hand.,frying_pan
647.97891,C places the cheese in the frying pan with her right hand.,pan_(for_cooking)@@@@@sausage
650.99642,C places the cheese in the frying pan with her right hand.,pan_(for_cooking)@@@@@sausage
652.82215,C places the cheese in the frying pan with her left hand.,frying_pan
653.289,C places the cheese in the frying pan with her right hand.,pan_(for_cooking)@@@@@sausage
654.25125,C places the cheese in the frying pan with her right hand.,pan_(for_cooking)@@@@@sausage
655.15392,C places the cheese in the frying pan with her left hand.,frying_pan
655.96689,C places the cheese in the frying pan with her right hand.,pan_(for_cooking)@@@@@sausage
656.1737,C places the cheese in the frying pan with her left hand.,frying_pan
665.86593,C places the cheese in the frying pan with her right hand.,pan_(for_cooking)@@@@@sausage
667.68748,C places the cheese in the frying pan with her right hand.,pan_(for_cooking)@@@@@sausage
669.07415,C places the cheese in the frying pan with her right hand.,pan_(for_cooking)@@@@@sausage
672.56574,C places the cheese in the frying pan with her left hand.,frying_pan
672.98942,C cuts the cheese with her left hand.,knife
673.414,C places the cheese in the frying pan with her left hand.,frying_pan
673.67071,C places the cheese in the frying pan with her right hand.,pan_(for_cooking)@@@@@sausage
673.93887,C picks the spatula from the kitchen countertop with her left hand.,spatula
674.304,C passes the spatula from her left hand to her right hand.,spatula
674.92573,C stirs the eggs in the frying pan with the spatula in her right hand.,spatula
693.06604,C places the spatula on the kitchen countertop with her right hand.,spatula
694.107,C turns the knob of the gas cooker with her right hand.,knob@@@@@cooker
696.97787,C picks a plate from the cabinet with both hands.,cabinet@@@@@plate
699.03947,C places the plate on the cabinet with both hands.,cabinet@@@@@plate
700.0,C picks the spatula from the kitchen countertop with her left hand.,spatula
700.4606,C passes the spatula from her left hand to her right hand.,spatula
700.98167,C picks the frying pan from the gas cooker with her left hand.,frying_pan@@@@@cooker
702.19564,C pours the scrambled eggs into the plate on the gas cooker with the spatula in her right hand.,plate@@@@@spatula
713.36236,C places the spatula in the frying pan with her right hand.,frying_pan@@@@@spatula
715.16259,C places the frying pan in the sink with both hands.,pan_(for_cooking)@@@@@sink
718.17298,C picks the plate from the gas cooker with both hands.,plate
720.33943,C places the plate on the table with her right hand.,plate
