timestamp,narration,object
0.0,C picks a mug from the countertop with her left hand.,mug
3.09211,C places the mug in her left hand on the faucet.,mug@@@@@faucet
3.2969,C turns on the faucet with her right hand.,faucet
8.13748,C turns off the faucet with her right hand.,faucet
8.81232,C holds the mug with her right hand.,mug
11.25043,C turns on the faucet with her right hand.,faucet
11.28376,C places the mug in her left hand on the faucet.,mug@@@@@faucet
13.33367,C turns off the faucet with her right hand.,faucet
13.95314,C holds the mug with her right hand.,mug
14.91589,C holds the bowl on the countertop with her left hand.,bowl
15.61449,C turns the water in the mug into the stainless cup.,mug@@@@@cup
16.36097,C places the mug in her right hand on the countertop.,mug
16.42763,C picks the bowl from the countertop with her left hand.,bowl
18.01216,C places the bowl in her left hand on the countertop.,bowl
20.19565,C turns on the knob of the gas cooker with her right hand.,knob
28.2501,C picks the bowl from the countertop with his right hand.,bowl
29.04357,C places the bowl in her right hand on the gas cooker.,stove@@@@@bowl
39.91669,C picks a stainless cup from the countertop with her right hand.,cup
40.85579,C places the stainless cup in her right hand on the countertop.,cup
58.08852,C picks a metal plate from the countertop with her left hand.,paper_plate
59.54771,C places the metal plate in her left hand on the countertop,paper_plate
64.78082,C picks a stainless cup from the cabinet shelf with her right hand.,cabinet@@@@@cup
67.16935,C places the stainless cup on the cabinet shelf with her right hand.,cabinet@@@@@cup
74.08137,C adjusts the knob of the gas cooker with her right hand.,knob
80.52502,C picks the mug from the countertop with her right hand.,mug@@@@@kitchen_sink@@@@@sink
81.5467,C places the mug in her right hand on the countertop.,mug
85.85454,C places her right palm over the bowl on the gas cooker.,bowl
92.13771,C touches the bowl with the lighter in her hand.,bowl
109.83647,C picks a napkin from the countertop with her left hand.,napkin
121.29167,C picks the bowl from the cooker with the napkin in her right hand.,napkin@@@@@bowl
125.09484,C turns the water in the bowl into the mug on the countertop.,mug@@@@@bowl
128.80539,C places the bowl in her right hand on the gas cooker.,stove@@@@@bowl
131.33618,C picks a milk pitcher from the countertop with her right hand.,kitchen_table@@@@@pitcher_(vessel_for_liquid)
133.07972,C turns milk from the milk pitcher in her right hand into the bowl on the gas cooker.,bowl@@@@@pitcher_(vessel_for_liquid)
141.24332,C places the milk pitcher in her right hand on the countertop.,kitchen_table@@@@@pitcher_(vessel_for_liquid)
142.54141,C adjusts the knob of the gas cooker with her right hand.,knob
150.44053,C picks a bottle of coffee from the countertop with her right hand.,bottle
151.59895,C opens the lid of the bottle of coffee with her right hand.,bottle
157.01639,C picks a small spoon from the cabinet countertop with her right hand.,spoon@@@@@cabinet
159.18541,C shakes the small spoon in her right hand.,spoon
163.14513,C scoops coffee from the coffee bottle with the small spoon in her right hand,spoon@@@@@bottle
165.17465,C turns the coffee into the mug on the countertop.,mug@@@@@bottle@@@@@can@@@@@hat
168.24887,C places the coffee bottle in her left hand on the countertop.,bottle
168.41554,C stirs the coffee in the mug with the spoon in her hand.,mug@@@@@spoon
175.00984,C picks a white napkin from the countertop with her left hand.,napkin
175.52423,C lifts up the mug from the countertop with her right hand.,mug
176.48895,C cleans a drop of coffee on the countertop with the napkin in her hand.,napkin
177.44218,C places the mug in her right hand on the countertop.,mug
178.40901,C stirs the coffee in the mug with the small spoon in her right hand.,mug@@@@@spoon
183.08288,C picks a white napkin from the countertop with her left hand.,napkin
183.28288,C lifts up the mug from the countertop with her right hand.,mug
184.09641,C cleans a drop of coffee on the countertop with the napkin in her hand.,napkin
184.66932,C places the mug in her right hand on the countertop.,mug
186.08703,C places the mug in her right hand closer to her nose.,mug
187.50624,C places the mug in her right hand on the countertop.,mug
188.41742,C stirs the coffee in the mug with the small spoon in her hand.,mug@@@@@spoon
192.85796,C scoops coffee from the mug with the small spoon in her hand.,mug@@@@@spoon
194.27158,C puts the coffee in her mouth with the small spoon in her right hand.,spoon
195.39235,C stirs the coffee in the mug with the small spoon in her right hand.,mug@@@@@spoon
198.43237,C passes the small spoon from her right hand to her left hand.,spoon
199.37849,C places the small spoon in her left hand in the sink.,spoon@@@@@sink
200.50167,C picks the lid of the coffee bottle from the countertop with her right hand.,bottle@@@@@bottle_cap
200.75488,C picks up the bottle of coffee from the countertop with her left hand.,bottle
201.50079,C covers the coffee bottle with the coffee lid in her right hand.,bottle@@@@@bottle_cap
205.0248,C places the coffee bottle in her right hand on the countertop.,bottle
206.28027,C turns off the knob of the gas cooker with her right hand.,stove@@@@@knob
210.49629,C picks the coffee piston from the countertop with her right hand.,coffee_maker@@@@@kitchen_table@@@@@can
212.57096,C opens the lid of the coffee piston with her right hand.,coffee_maker
214.55006,C turns the coffee piston upside down in the sink with her left hand.,coffee_maker@@@@@sink
222.89539,C removes the coffee piston lid with her right hand.,coffee_maker
271.98616,C adjusts the knob of the gas cooker with her right hand.,knob
288.69408,C picks a napkin from the countertop with her right hand.,napkin
290.97664,C picks the stainless bowl from the gas cooker with the napkin in her right hand.,napkin@@@@@bowl
297.95101,C places the stainless bowl in the sink with her right hand.,bowl@@@@@sink
308.81014,C removes the coffee piston lid with her right hand.,coffee_maker
330.04826,C removes the coffee piston lid with her right hand.,coffee_maker
345.92774,C picks the stainless cup from the countertop with her left hand.,cup
346.64336,C passes the stainless cup to her right hand.,cup
347.99139,C picks the coffee piston from the countertop with her right hand.,coffee_maker@@@@@kitchen_table@@@@@can
349.53765,C turns milk from the coffee piston in her left hand to the stainless cup in her right hand.,coffee_maker@@@@@can@@@@@cup
355.58119,C removes the coffee piston lid with her right hand.,coffee_maker
357.83083,C turns the milk from the coffee piston to the stainless cup on the countertop.,coffee_maker@@@@@kitchen_table@@@@@can@@@@@cup
363.90705,C picks up the stainless cup from the countertop with her right hand.,cup
365.12857,C turns the milk from the stainless cup into the mug on the countertop.,mug@@@@@cup
373.79653,C places the stainless cup on the sink with her right hand.,cup@@@@@sink
374.43891,C picks the white handkerchief from the countertop with her right hand.,hand_towel@@@@@towel
375.13687,C wipes the drop of milk from the countertop with the white handkerchief in her right hand.,kitchen_sink@@@@@sink@@@@@hand_towel@@@@@towel
377.24127,C places the white handkerchief in her left hand on the sink.,kitchen_sink@@@@@sink@@@@@hand_towel@@@@@towel
378.4359,C picks the coffee piston from the countertop with her right hand.,coffee_maker@@@@@kitchen_table@@@@@can
383.22659,C picks the mug from the countertop with her right hand.,mug@@@@@kitchen_sink@@@@@sink
385.747,C picks the white handkerchief from the countertop with her left hand.,hand_towel@@@@@towel
386.20579,C wipes the countertop with the white handkerchief in her left hand.,hand_towel@@@@@towel
387.97764,C places the mug in her right hand on the countertop.,mug
