timestamp,narration,object
4.65071,C picks a bowl on the counter top with both hands.,bowl
5.79421,C places the bowl on the counter top with both hands.,bowl
8.40006,C picks an egg from the crate with his right hand.,egg@@@@@crate
12.70217,C cracks the egg on the counter top with his right hand.,egg
14.49744,C touches the egg with his left hand.,egg@@@@@person
15.71537,C cracks the egg on the counter top with his right hand.,egg
16.67397,C holds the egg with his left hand.,egg@@@@@person
17.14633,C pours the egg into bowl with both hands.,egg@@@@@bowl
19.65273,C picks the shell in his left hand with his right hand.,seashell@@@@@person
21.22832,C drops the egg shell in the dustbin with his right hand.,can@@@@@seashell@@@@@trash_can
22.23203,C touches an egg in the crate with her right hand.,egg@@@@@crate
22.74834,C picks an egg from the crate with his right hand.,egg@@@@@crate
23.98501,C cracks the egg on the counter top with his right hand.,egg
24.94974,C holds the egg with his left hand.,egg@@@@@person
25.18072,C pours the egg into bowl with both hands.,egg@@@@@bowl
27.1161,C passes the egg shell to her right hand.,seashell
28.30766,C drops the egg shell in the dustbin with his right hand.,can@@@@@seashell@@@@@trash_can
29.45685,C turns on the tap with her right hand.,faucet
30.03454,C washes both hands in sink.,sink@@@@@person
31.58374,C turns off the tap with her right hand.,faucet
32.17565,C drains excess water from her hands.,sink
38.99332,C picks the salt container on the counter top with her right hand.,saltshaker
39.37329,C holds the salt container with her left hand.,saltshaker
39.7321,C opens the salt container lid with her right hand.,saltshaker@@@@@condiment
41.45022,C passes the salt container to her right hand.,saltshaker@@@@@person
41.84133,C adds salt to egg in bowl with the container in her right hand.,saltshaker@@@@@egg@@@@@bowl
42.97459,C touches the salt container with her left hand.,saltshaker
43.9875,C adds salt to egg in bowl with the container in her right hand.,saltshaker@@@@@egg@@@@@bowl
44.82871,C passes the salt container to her left hand.,saltshaker@@@@@person
45.02815,C closes the salt container with the lid in her right hand.,saltshaker
46.27638,C places the salt container on the counter top with her left hand.,saltshaker@@@@@kitchen_table
47.86536,C picks a pepper pack on the counter top with her left hand.,pepper
48.98559,C passes the pepper pack to her right hand.,pepper
49.56152,C holds the pepper pack with her left hand.,pepper
50.48629,C tears the pepper pack with both hands.,pepper
53.02537,C drops the torn pepper pack on the counter top with her right hand.,packet@@@@@pepper
54.35403,C passes the pepper pack to her right hand.,pepper
55.49727,C holds the pepper pack with her left hand.,pepper
55.70496,C adds the pepper into egg in bowl with the pack in her right hand.,egg@@@@@pepper@@@@@bowl
61.5347,C passes the pepper pack to her left hand.,pepper
63.09971,C places the pepper pack on the counter top with her left hand.,kitchen_table@@@@@pepper
67.3966,C touches a fork in the utensils drawer with her right hand.,fork
67.63527,C picks a fork from the utensils drawer with her right hand.,fork@@@@@drawer
68.42149,C passes the fork to her left hand.,fork@@@@@person
69.13227,C turns on the tap with her right hand.,faucet
70.4956,C washes the spoon in tap with both hands.,sink@@@@@spoon
72.095,C turns off the tap with her right hand.,faucet
73.7285,C whisk egg mixture in bowl with the fork in her right hand.,fork@@@@@bowl
74.28099,C holds the bowl on the counter top with his left hand.,bowl
75.58529,C picks the egg bowl from the counter top with her left hand.,egg@@@@@bowl
87.37946,C places the egg bowl on the counter top with her right hand.,egg@@@@@bowl
87.97819,C shifts the egg bowl forward on the counter top with her  right hand.,egg@@@@@bowl
91.3015,C picks the cutting board on the counter top with her right hand.,chopping_board
93.12032,C holds the cutting board with her left hand.,chopping_board
93.98345,C places the cutting board on the counter top with both hands.,kitchen_table@@@@@chopping_board
97.9991,C picks a knife on the sink with her right hand.,knife@@@@@sink
98.94195,C places the knife on the sink with her right hand.,knife@@@@@sink
99.74155,C picks the spoon on the knife with her right hand.,knife@@@@@spoon
100.40605,C picks the knife on the sink with her left hand.,knife@@@@@sink
100.6617,C places the spoon on the sink with her right hand.,sink@@@@@spoon
101.05757,C passes the knife to her right hand.,knife@@@@@person
102.97719,C places the knife on the cutting board with her right hand.,knife@@@@@chopping_board
104.06224,C picks a tomato from the net with her right hand.,tomato
104.62528,C passes the tomato to her left hand.,tomato
106.00756,C turns on the tap with her right hand.,faucet
106.38332,C rinses the tomatoes in sink with both hands.,sink@@@@@tomato
108.21038,C turns off the tap with her right hand.,faucet
110.494,C places the tomato on the cutting board with her left hand.,tomato@@@@@chopping_board
110.72861,C picks the knife on the cutting board with her right hand.,knife@@@@@chopping_board
111.53451,C cuts the tomato stalk on the cutting board with the knife in her right hand.,knife@@@@@tomato@@@@@chopping_board
117.01712,C flips the tomato on the cutting board with her left hand.,tomato@@@@@chopping_board
118.36273,C cuts the tomato head on the cutting board with the knife in her right hand.,knife@@@@@tomato@@@@@chopping_board
121.52837,C removes the sliced tomato from the knife with her left hand.,knife@@@@@tomato
122.38483,C places the tomato on the cutting board with her left hand.,tomato@@@@@chopping_board
123.02321,C slices the tomato on the cutting board with the knife in her right hand.,knife@@@@@tomato@@@@@chopping_board
161.8873,C shifts the tomato stalk on the cutting board with her left hand.,tomato@@@@@chopping_board
162.6707,C shifts the sliced tomatoes on the cutting board with the knife in her right hand.,knife@@@@@tomato@@@@@chopping_board
163.81376,C slices the tomato on the cutting board with the knife in her right hand.,knife@@@@@tomato@@@@@chopping_board
170.88654,C places the knife on the cutting board with her right hand.,knife@@@@@chopping_board
185.85068,C picks an onion from the net with her right hand.,onion
187.78808,C touches the onion with her left hand.,onion
189.26777,C places the onion on the cutting board with her right hand.,onion@@@@@chopping_board
189.93049,C picks the knife on the cutting board with her right hand.,knife@@@@@chopping_board
190.3385,C touches the onion on the cutting board with her left hand.,onion@@@@@chopping_board
191.83154,C removes the sliced tomatoes from the knife in her right hand with her left hand.,knife@@@@@tomato
193.82036,C turns on the tap with her left hand.,faucet@@@@@person
194.45338,C rinses the knife in tap with her left hand.,knife
197.22826,C turns off the tap with her left hand.,faucet@@@@@person
201.24163,C picks the onion on the cutting board with her left hand.,onion@@@@@chopping_board
202.38311,C shifts the sliced tomatoes on the cutting board with the knife in her right hand.,knife@@@@@tomato@@@@@chopping_board
206.37422,C places the onion on the cutting board with her left hand.,onion@@@@@chopping_board
208.56524,C turns on the tap with her left hand.,faucet@@@@@person
209.80762,C rinses the knife in tap with her right hand.,knife@@@@@sink
211.57451,C turns off the tap with her left hand.,faucet@@@@@person
213.12214,C picks the onion on the cutting board with her left hand.,onion@@@@@chopping_board
215.20111,C places the onion on the cutting board with her left hand.,onion@@@@@chopping_board
215.4015,C turns the onion on the cutting board with her left hand.,onion@@@@@chopping_board
221.88318,C cuts the onion stalk with the knife in her right hand.,knife@@@@@onion
224.44781,C picks the onion stalk on the cutting board with her left hand.,onion@@@@@chopping_board
225.18146,C drops the onion stalk on the cutting board edge with her left hand.,onion@@@@@chopping_board
226.16351,C picks the onion on the cutting board with her left hand.,onion@@@@@chopping_board
227.46108,C cuts the onion with the knife in his right hand.,knife@@@@@onion
229.85957,C places the knife on the cutting board with her right hand.,knife@@@@@chopping_board
230.531,C peels the onion skin with her right hand.,onion
250.29365,C picks the onion skin on the cutting board with her right hand.,onion@@@@@chopping_board
251.62274,C drops the onion skin on the counter top with her right hand.,kitchen_table@@@@@onion
253.12133,C places the onion on the cutting board with her left hand.,onion@@@@@chopping_board
255.7915,C picks the knife on the cutting board with her right hand.,knife@@@@@chopping_board
255.86849,C shifts the onion on the cutting board with her left hand.,onion@@@@@chopping_board
257.08091,C removes dirt from the onion with her left hand.,onion
257.92083,C holds the onion on the cutting board with her left hand.,onion@@@@@chopping_board
258.7528,C turns the onion on the cutting board with her left hand.,onion@@@@@chopping_board
261.65847,C slices the onion on the cutting board with the knife in her right hand.,knife@@@@@onion@@@@@chopping_board
284.3755,C places the half onion on the cutting board with her left hand.,onion@@@@@chopping_board
284.81501,C dices the onion on the cutting board with the knife in her right hand.,knife@@@@@onion@@@@@chopping_board
284.84558,C shifts the half onion backward on the cutting board with her left hand.,onion@@@@@chopping_board
286.52352,C picks the onion on the cutting board with her left hand.,onion@@@@@chopping_board
287.09727,C places the onion on the cutting board with her left hand.,onion@@@@@chopping_board
287.989,C shifts the slices onion on the cutting board with her left hand.,onion@@@@@chopping_board
293.62063,C dices the tomatoes on the cutting board with the knife in her right hand.,knife@@@@@tomato@@@@@chopping_board
299.7363,C dices the onion on the cutting board with the knife in her right hand.,knife@@@@@onion@@@@@chopping_board
303.73565,C removes the sliced onion from the knife with her right index finger.,knife@@@@@onion
306.1816,C dices the onion on the cutting board with the knife in her right hand.,knife@@@@@onion@@@@@chopping_board
311.77609,C removes the sliced onion from the knife with her right index finger.,knife@@@@@onion
315.24888,C places the knife on the counter top with her right hand.,knife
316.62415,C turns on the tap with her right hand.,faucet
318.5571,C turns off the tap with her right hand.,faucet
321.17044,C picks a frying pan from the shelf with her right hand.,frying_pan
322.16183,C  passes the frying pan to her left hand.,frying_pan
323.06691,C places the frying pan on the gas burner with her left hand.,frying_pan@@@@@stove
323.47406,C picks the frying pan from the gas burner with her left hand.,frying_pan@@@@@urn
326.33832,C turns on the knob of the gas burner with his left hand.,knob@@@@@stove
327.65013,C lights the gas burner with the lighter in his right hand.,stove
330.4499,C turns the knob of the gas burner with his left hand.,knob@@@@@stove
334.24122,C lights the gas burner with the lighter in his right hand.,stove
337.78369,C places the frying pan on the counter top with her left hand.,frying_pan
339.63106,C cleans her right hand with her trousers.,trousers
341.27565,C lights the gas burner with the lighter in his right hand.,stove
345.37286,C lights the gas burner with the lighter in his right hand.,stove
348.90611,C presses the lighter with her right hand.,igniter
350.49678,C turns off the gas burner knob with her left hand.,knob
351.48837,C cleans her right hand with her trousers.,trousers
353.774,C presses the lighter with her right hand.,igniter
358.48679,C presses the lighter with her left hand.,igniter
360.31491,C presses the lighter with her left hand.,igniter
369.91835,C opens the nylon on the sink with her right hand.,sink
370.35131,C cleans the lighter with the napkin on the sink with her left hand.,sink@@@@@napkin
375.54726,C presses the lighter with her left hand.,igniter
385.77123,C opens the napkin pack on the sink with her left hand.,sink@@@@@napkin
386.28484,C removes a napkin from the pack with both hands.,napkin
388.5958,C cleans the lighter with the napkin with both hands.,napkin
392.58044,C presses the lighter with her right hand.,igniter
394.80183,C presses the lighter with her left hand.,igniter
401.39333,C presses the lighter with her right hand.,igniter
408.7893,C turns on the gas burner knob with her right hand.,knob
412.8452,C picks the frying pan from the counter top with her left hand.,frying_pan
413.78192,C turns the gas burner knob with her right hand.,can@@@@@knob@@@@@stove@@@@@urn
415.51614,C places the frying pan on the gas burner with her left hand.,frying_pan@@@@@stove
418.73119,C picks the bottle of oil on the counter tp with her left hand.,bottle
419.37533,C holds the bottle of oil with her right hand.,bottle
419.82988,C tilts the frying pan with her right hand.,frying_pan
437.09107,C picks the frying pan on the sink with her right hand.,sink@@@@@frying_pan
442.05682,C places the bottle of oil on the counter top with her left hand.,bottle
442.99691,C picks the frying pan on the gas burner with her left hand.,frying_pan@@@@@urn
443.968,C places the frying pan on the gas burner with her right hand.,frying_pan@@@@@stove
445.03082,C holds the frying pan with her her right hand.,frying_pan@@@@@person
447.68662,C places the frying pan in the sink with her right hand.,sink@@@@@frying_pan
450.11851,C picks the bottle of oil on the counter top with her left hand.,bottle
450.31835,C opens the oil bottle cap with her right hand.,bottle@@@@@lamp@@@@@oil_lamp@@@@@bottle_cap
452.44755,C passes the oil bottle cap to her left hand.,bottle@@@@@bottle_cap
453.60739,C passes the oil bottle to her right hand.,bottle
455.35072,C places the oil bottle cap on the counter top with her left hand.,bottle@@@@@bottle_cap
457.20202,C turns the frying pan to the left with her left hand.,frying_pan@@@@@person
463.816,C turns the frying pan to the right with her left hand.,frying_pan
472.05309,C places the bottle of oil on the counter top with her right hand.,bottle
480.29871,C turns the frying pan on the gas burner on the gas burner with his right hand.,frying_pan@@@@@urn
501.64405,C holds the frying pan handle with her left hand.,handle@@@@@frying_pan
502.15531,C picks the bottle of oil on the counter top with her right hand.,bottle
503.84209,C pours oil into frying pan with the bottle in her right hand.,frying_pan@@@@@bottle
510.94667,C picks the oil bottle cap on the counter top with her left hand.,bottle@@@@@bottle_cap
511.50512,C closes the oil bottle with the cap in her left hand.,bottle@@@@@bottle_cap
514.46329,C places the bottle of oil on the counter top with her right hand.,bottle
515.70247,C tilts the frying pan with her right hand.,frying_pan
518.22571,C places the frying pan on the gas burner with her right hand.,frying_pan@@@@@stove
519.99525,C picks the frying pan on the gas burner with her right hand.,frying_pan@@@@@urn
523.75835,C places the frying pan on the gas burner with her right hand.,frying_pan@@@@@stove
525.80164,C picks the knife on the cutting board with her right hand.,knife@@@@@chopping_board
526.11852,C picks the onion on the cutting board with her left hand.,onion@@@@@chopping_board
527.10181,C places the onion on the counter top with her left hand.,onion
531.35158,C shifts the diced onion on the cutting board with the knife in her right hand.,knife@@@@@onion@@@@@chopping_board
532.51866,C adds the diced onion into frying pan with the knife in her right hand.,knife@@@@@frying_pan@@@@@onion
540.5738,C places the frying pan on the table with both hands.,frying_pan
541.21046,C places the knife on the cutting board with her right hand.,knife@@@@@chopping_board
546.00694,C touches the white napkin on the counter top with her left hand.,napkin
557.2044,C shakes the frying pan with her right hand.,frying_pan
560.1361,C places the frying pan on the gas burner with her right hand.,frying_pan@@@@@stove
566.57673,C picks a spoon from the utensils cabinet with her right hand.,cabinet@@@@@spoon
567.87152,C passes the spoon to her left hand.,spoon
568.40682,C picks the sponge on the sink with her right hand.,sink@@@@@sponge
569.59595,C washes the spoon with the sponge in her right hand.,spoon@@@@@sponge
573.02227,C places the sponge on the sink with her right hand.,sink@@@@@sponge
573.46148,C turns on the tap with her right hand.,faucet
574.28752,C rinses the spoon in tap with both hands.,sink@@@@@spoon
578.60228,C turns off the tap with her right hand.,faucet
582.06194,C turns the frying pan on the gas burner with her left hand.,frying_pan@@@@@stove
582.56614,C stirs the onion in the frying pan with the spoon in her right hand.,frying_pan@@@@@onion@@@@@spoon
597.13827,C places the spoon on the counter top with her right hand.,spoon
597.96184,C picks the knife on the cutting board with her right hand.,knife@@@@@chopping_board
598.40223,C picks the cutting board won the counter top with her left hand.,chopping_board
600.83445,C pours the sliced tomatoes in the frying pan with the knife in her right hand.,knife@@@@@frying_pan
605.52612,C picks the onion stalk in the frying pan with her right hand.,frying_pan@@@@@onion
606.25254,C places the onion stalk on the cutting board with her right hand.,onion@@@@@chopping_board
607.65789,C places the knife on the cutting board with her right hand.,knife@@@@@chopping_board
608.32282,C places the cutting board on the counter top with her left hand.,chopping_board
608.70447,C picks the spoon from the counter top with her right hand.,spoon
610.17713,C stirs the ingredients in the frying pan with the spoon in her right hand.,frying_pan@@@@@spoon
611.65488,C removes the onion skin in the frying pan with her left hand.,frying_pan@@@@@onion
613.58515,C stirs the ingredients in the frying pan with the spoon in her right hand.,frying_pan@@@@@spoon
622.83322,C drops the onion skin on the counter top with her left hand.,onion
623.66849,C places the spoon on the counter top with her right hand.,spoon
630.94547,C picks the seasoning from the pack with her left hand.,can@@@@@packet
633.17921,C picks the seasoning from the pack with her left hand.,can@@@@@packet
633.80181,C places the seasoning bar in the pack with her right hand.,can@@@@@duffel_bag@@@@@pouch@@@@@backpack@@@@@plastic_bag
636.8353,C pours the seasoning into the frying pan.,frying_pan
638.82363,C turns the seasoning pack on the counter top with both hands.,condiment
642.06148,C places the seasoning bar in the pack with her right hand.,can@@@@@duffel_bag@@@@@pouch@@@@@backpack@@@@@plastic_bag
643.09337,C covers the seasoning pack with her left hand.,packet
645.76673,C picks the knife on the counter top with her right hand.,knife
647.04642,C places the knife on the counter top with her right hand.,knife
647.63289,C picks the spoon on the counter top with her right hand.,spoon
649.02449,C holds the frying pan handle with her left hand.,handle@@@@@frying_pan
649.02449,C stirs the ingredients in frying pan with the spoon in her right hand.,frying_pan@@@@@spoon
689.61172,C picks the bowl of egg on the counter top with her left hand.,egg@@@@@bowl
691.1524,C drops the spoon in the frying pan with her right hand.,frying_pan@@@@@spoon
692.05701,C whisks the egg mixture with the fork in her right hand.,fork@@@@@egg
695.5967,C pours the egg mixture into frying pan with the bowl in her right hand.,bowl
701.13128,C drops the spoon in the bowl with her right hand.,spoon@@@@@bowl
702.33934,C places the bowl in the sink with both hands.,sink@@@@@bowl
705.10571,C picks the spoon in the frying pan with her right hand.,frying_pan@@@@@spoon
705.47134,C holds the frying pan with her left hand.,frying_pan@@@@@person
705.7921,C stirs the egg mixture in the frying pan with the spoon in her right hand.,frying_pan@@@@@spoon
772.83274,C lifts the frying pan from the gas burner with her left hand.,frying_pan@@@@@urn
775.29831,C places the frying pan on the gas burner with her left hand.,frying_pan@@@@@stove
776.73261,C places the spoon on the counter top with her right hand.,spoon
778.0852,C picks a plate from the utensils drawer with her right hand.,drawer@@@@@plate
778.74826,C holds the plate with her left hand.,plate
779.7267,C places the plate on the counter top with both hands.,plate
781.64617,C turns off the knob with her right hand.,knob
782.66139,C picks the frying pan from the gas burner with her left hand.,frying_pan@@@@@urn
783.82231,C picks the spoon on the counter top with her right hand.,spoon
784.77709,C packs the scramble egg in the frying pan with the spoon in her right hand.,egg@@@@@frying_pan@@@@@spoon
788.72037,C pours the scrambled egg into plate with the spoon in her right hand.,spoon@@@@@plate
797.12203,C places the frying pan in the sink with her left hand.,sink@@@@@frying_pan
798.02729,C drops the spoon in the frying pan with her right hand.,frying_pan@@@@@spoon
800.28573,C picks the pepper pack on the counter top with her right hand.,saltshaker@@@@@pepper_mill@@@@@pepper@@@@@spice_rack
801.12999,C holds the pepper pack with her left hand.,pepper
802.28139,C adds pepper to scrambled eggs in plate with the pepper pack in her right hand.,pepper@@@@@plate
804.83706,C presses the pepper pack with her right hand.,pepper_mill@@@@@pepper
808.22435,C places the pepper pack on the counter top with her right hand.,kitchen_table@@@@@pepper
809.73569,C picks the plate of scrambled eggs on the counter top with her right hand.,plate
810.92719,C holds the plate of scrambled eggs with her left hand.,plate
8.42311,C picks an egg from the egg tray with her right hand.,egg@@@@@tray
12.94298,C hits the egg at the edge of the kitchen countertop with her right hand.,kitchen_table@@@@@egg
16.89711,C cracks the egg shell with both hands.,egg
17.73635,C pours the egg into the bowl on the kitchen countertop with both hands.,egg@@@@@bowl
19.64061,C passes the egg shell from her left hand to her right hand.,seashell
21.12808,C places the egg shell in the trash can with her right hand.,can@@@@@egg@@@@@trash_can
22.84253,C picks an egg from the egg tray with her right hand.,egg@@@@@tray
24.19206,C hits the egg at the edge of the kitchen countertop with her right hand.,kitchen_table@@@@@egg
25.31105,C cracks the egg shell with both hands.,egg
25.35117,C pours the egg into the bowl on the kitchen countertop with both hands.,egg@@@@@bowl
27.03032,C passes the egg shell from her left hand to her right hand.,seashell
28.1011,C places the egg shell in the trash can with her right hand.,can@@@@@egg@@@@@trash_can
29.46938,C opens the faucet lever with her right hand.,faucet
29.8365,C washes her hands into the sink with the water from the faucet.,sink@@@@@faucet
31.52807,C closes the faucet lever with her right hand.,faucet
38.94293,C picks the salt container from the kitchen countertop with her right hand.,saltshaker@@@@@kitchen_table
39.44998,C passes the salt container from her right hand to her left hand.,saltshaker@@@@@person
40.08106,C opens the salt container cap with her right hand.,saltshaker@@@@@pen@@@@@bottle@@@@@bottle_opener
41.51282,C passes the salt container from her left hand to her right hand.,saltshaker
41.91257,C sprinkles the salt into the egg with her right hand.,saltshaker@@@@@egg
44.69225,C passes the salt container from her right hand to her left hand.,saltshaker@@@@@person
45.1683,C closes the salt container with the cap in her right hand.,saltshaker@@@@@bottle@@@@@cork_(bottle_plug)
46.27978,C places the salt container on the kitchen countertop with her left hand.,saltshaker@@@@@kitchen_table
47.76528,C picks a bag of black powdered pepper with her left hand.,pepper
48.946,C passes the bag of black powdered pepper from her left hand to her right hand.,pepper
50.61711,C opens the bag of black powdered pepper  with her hands.,pepper
54.32479,C passes the bag of black powdered pepper from her left hand to her right hand.,pepper
56.41777,C pours the black powdered pepper into the bowl of egg with her right hand.,egg@@@@@pepper@@@@@bowl
61.60522,C passes the bag of black powdered pepper from her right hand to her left hand.,pepper
62.92141,C places the bag of black powdered pepper on the kitchen countertop with her left hand.,kitchen_table@@@@@pepper
67.09762,C picks a fork from the cabinet with her right hand.,fork@@@@@cabinet
68.42754,C passes the fork from her right hand to her left hand.,fork@@@@@person
69.00298,C opens the faucet lever with her right hand.,faucet
70.37988,C rinses the fork with her right hand.,fork
71.97253,C closes the faucet lever with her right hand.,faucet
73.75576,C whisks the egg with the fork in her right hand.,fork@@@@@egg
75.572,C picks the bowl from the kitchen countertop with her left hand.,bowl
88.93527,C places the bowl on the kitchen countertop with her left hand.,kitchen_table@@@@@bowl
91.3514,C picks a chopping board from the kitchen countertop with her right hand.,chopping_board
94.01369,C places the chopping board on the kitchen countertop with both hands.,kitchen_table@@@@@chopping_board
97.90428,C picks a knife from the kitchen countertop with her right hand.,knife
98.86048,C places the knife on the kitchen countertop with her right hand.,knife@@@@@kitchen_table
99.96086,C picks a knife from the kitchen countertop with her left hand.,knife@@@@@kitchen_table
100.99651,C passes the knife from her left hand to her right hand.,knife@@@@@person
102.91923,C places the knife on the chopping board with her right hand.,knife@@@@@chopping_board
104.23898,C picks a tomato from the net on the kitchen countertop with her right hand.,tomato
104.59052,C passes the tomato from her right hand to her left hand.,tomato
106.13416,C opens the faucet lever with her right hand.,faucet
106.3511,C rinses the tomato with both hands.,tomato
108.33094,C closes the faucet lever with her right hand.,faucet
110.35727,C places the tomato on the chopping board with her left hand.,tomato@@@@@chopping_board
112.4929,C slices the tomato on the chopping board with the knife in her right hand.,knife@@@@@tomato@@@@@chopping_board
117.01563,C adjusts the tomato on the chopping board with her left hand.,tomato@@@@@chopping_board
118.62854,C slices the tomato on the chopping board with the knife in her right hand.,knife@@@@@tomato@@@@@chopping_board
121.69526,C wipes the tomato from the knife with her left hand.,knife@@@@@tomato
124.84257,C slices the tomato on the chopping board with the knife in her right hand.,knife@@@@@tomato@@@@@chopping_board
129.75435,C adjusts the tomato on the chopping board with her left hand.,tomato@@@@@chopping_board
131.78215,C dices the tomato on the chopping board with the knife in her right hand.,knife@@@@@tomato@@@@@chopping_board
161.829,C adjusts the tomato on the chopping board with her left hand.,tomato@@@@@chopping_board
162.51889,C gathers the tomato on the chopping board with the knife in her right hand.,knife@@@@@tomato@@@@@chopping_board
163.67852,C dices the tomato on the chopping board with the knife in her right hand.,knife@@@@@tomato@@@@@chopping_board
170.67,C places the knife on the chopping board with her right hand.,knife@@@@@chopping_board
186.26485,C picks onion from the net on the kitchen countertop with her right hand.,onion
189.081,C places the onion on the chopping with her right hand.,onion@@@@@chopping_board
189.95458,C picks the knife from the chopping board with her right hand.,knife@@@@@chopping_board
191.98887,C wipes the tomato from the knife with her left hand.,knife@@@@@tomato
193.93325,C opens the faucet lever with her left hand.,faucet
194.308,C rinses the knife into the sink with her left hand.,knife@@@@@sink
197.15886,C closes the faucet lever with her left hand.,faucet
201.38167,C picks the onion from the chopping board with her left hand.,onion@@@@@chopping_board
202.12512,C adjusts the tomato on the chopping board with the knife in her right hand.,knife@@@@@tomato@@@@@chopping_board
206.28339,C places the onion on the chopping board with her left hand.,onion@@@@@chopping_board
208.76189,C opens the faucet lever with her left hand.,faucet
209.718,C rinses the knife into the sink.,knife@@@@@sink
211.24501,C closes the faucet lever with her left hand.,faucet
213.08047,C picks the onion from the chopping board with her left hand.,onion@@@@@chopping_board
215.01578,C places the onion on the chopping board with her left hand.,onion@@@@@chopping_board
222.11079,C slices the onion root on the chopping board with the knife in her right hand.,knife@@@@@onion@@@@@chopping_board
224.32534,C picks the root from the chopping board with her left hand.,can@@@@@pot@@@@@celery@@@@@chopping_board@@@@@potato
225.17602,C places the root on the chopping board with her left hand.,pot@@@@@mushroom@@@@@egg@@@@@ginger@@@@@cauliflower@@@@@garlic@@@@@bell_pepper@@@@@onion@@@@@pepper@@@@@celery@@@@@artichoke@@@@@eggplant@@@@@chopping_board@@@@@sweet_potato@@@@@urn@@@@@broccoli@@@@@potato@@@@@card
226.10625,C picks the onion from the chopping board with her left hand.,onion@@@@@chopping_board
227.32957,C slices the onion with the knife in her right hand.,knife@@@@@onion
229.77272,C places the knife on the chopping board with her right hand.,knife@@@@@chopping_board
231.50402,C peels the onion with her right hand.,onion
253.08661,C places the onion on the chopping board with her left hand.,onion@@@@@chopping_board
255.75915,C picks the knife from the chopping board with her right hand.,knife@@@@@chopping_board
262.60433,C slices the onion on the chopping board with the knife in her right hand.,knife@@@@@onion@@@@@chopping_board
265.41206,C adjusts the onion on the chopping board with her left hand.,onion@@@@@chopping_board
266.81101,C slices the onion on the chopping board with the knife in her right hand.,knife@@@@@onion@@@@@chopping_board
273.8615,C dices the onion on the chopping board with the knife in her right hand.,knife@@@@@onion@@@@@chopping_board
283.82389,C picks the onion from the chopping board with her left hand.,onion@@@@@chopping_board
284.52015,C dices the onion on the chopping board with the knife in her right hand.,knife@@@@@onion@@@@@chopping_board
286.87315,C places the onion on the chopping board with her left hand.,onion@@@@@chopping_board
288.28747,C gathers the onions on the chopping board with her left hand.,onion@@@@@chopping_board
293.66616,C dices the tomatoes on the chopping board with the knife in her right hand.,knife@@@@@tomato@@@@@chopping_board
299.61578,C dices the onion on the chopping board with the knife in her right hand.,knife@@@@@onion@@@@@chopping_board
300.81481,C gathers the onions on the chopping board with her left hand.,onion@@@@@chopping_board
303.63019,C wipes off the onions from the knife with her left hand.,knife@@@@@onion
306.20072,C dices the onion on the chopping board with the knife in her right hand.,knife@@@@@onion@@@@@chopping_board
311.57807,C wipes off the onions from the knife with her left hand.,knife@@@@@onion
315.19829,C places the knife on the chopping board with her right hand.,knife@@@@@chopping_board
316.51047,C opens the faucet lever with her right hand.,faucet
316.70176,C rinses her hands into the sink with the water from the faucet.,sink@@@@@kitchen_sink@@@@@faucet
318.55487,C closes the faucet lever with her right hand.,faucet
321.2567,C picks a frying pan from the cabinet with her right hand.,cabinet@@@@@frying_pan
322.18803,C passes the frying pan from her right hand to her left hand.,frying_pan
326.23206,C turns the knob of the gas cooker with her right hand.,knob@@@@@stove
327.7901,C presses the lighter with her right hand.,igniter
330.53239,C turns the knob of the gas cooker with her right hand.,knob@@@@@stove
332.4752,C turns the knob of the gas cooker with her right hand.,knob@@@@@stove
334.05221,C presses the lighter with her right hand.,igniter
336.94048,C places the frying pan on the kitchen countertop with her left hand.,kitchen_table@@@@@frying_pan
338.81737,C passes the lighter from her right hand to her left hand.,person
341.54852,C presses the lighter with her right hand.,igniter
344.75357,C passes the lighter from her right hand to her left hand.,person
345.38632,C presses the lighter with her left hand.,igniter
348.96753,C presses the lighter with her right hand.,igniter
354.00714,C presses the lighter with her right hand.,igniter
356.8782,C passes the lighter from her right hand to her left hand.,person
358.54114,C presses the lighter with her left hand.,igniter
360.39399,C presses the lighter with her right hand.,igniter
363.67135,C passes the lighter from her right hand to her left hand.,person
372.17658,C cleans the lighter in her left hand with a tissue on the kitchen countertop.,tissue_paper
375.47894,C presses the lighter with her right hand.,igniter
379.89955,C passes the lighter from her right hand to her left hand.,person
385.9887,C picks a tissue from the pack with her right hand.,tissue_paper
387.16247,C adjusts the tissue with her left hand.,tissue_paper
388.37714,C cleans the lighter with the tissue in both hands.,tissue_paper
391.9912,C picks the lighter from the tissue with her right hand.,tissue_paper
392.54496,C presses the lighter with her right hand.,igniter
394.03276,C passes the lighter from her right hand to her left hand.,person
394.67318,C presses the lighter with her left hand.,igniter
401.37904,C presses the lighter with her right hand.,igniter
407.74033,C passes the lighter from her right hand to her left hand.,person
408.67573,C turns the knob of the gas cooker with her right hand.,knob@@@@@stove
413.03743,C picks the frying pan from the kitchen countertop with her left hand.,kitchen_table@@@@@frying_pan
415.24181,C places the frying pan on the gas cooker with her left hand.,frying_pan@@@@@stove
418.76127,C picks the groundnut oil from the kitchen countertop with her left hand.,kitchen_table@@@@@bottle
420.21241,C tilts the frying pan on the gas cooker with her right hand.,frying_pan
424.79488,C places the frying pan on the gas cooker with her right hand.,frying_pan@@@@@stove
436.76425,C picks a frying pan from the kitchen countertop with her right hand.,kitchen_table@@@@@frying_pan
441.82821,C places the groundnut oil on the kitchen countertop with her left hand.,kitchen_table@@@@@bottle
442.95567,C picks the frying pan from the gas cooker with her left hand.,frying_pan
443.83567,C places the frying pan on the gas cooker with her right hand.,frying_pan@@@@@stove
444.9032,C passes the frying pan from her left hand to her right hand.,frying_pan
447.60243,C places the frying pan in the sink with her right hand.,sink@@@@@frying_pan
450.48857,C picks the groundnut oil from the kitchen countertop with her left hand.,kitchen_table@@@@@bottle
450.68857,C opens the lid of the groundnut oil bottle with her right hand.,bottle@@@@@bottle_cap
456.99784,C adjusts the frying pan on the gas cooker with her left hand.,frying_pan
471.79998,C places the groundnut oil on the kitchen countertop with her right hand.,kitchen_table@@@@@bottle
480.57151,C adjusts the frying pan on the gas cooker with her right hand.,frying_pan
501.96325,C picks the groundnut oil from the kitchen countertop with her right hand.,kitchen_table@@@@@bottle
504.02745,C pours groundnut oil into the frying pan on the gas cooker with her right hand.,frying_pan@@@@@saucepan
510.75951,C picks the cap from the kitchen countertop with her left hand.,bottle@@@@@bottle_cap
511.57333,C closes the groundnut oil bottle with the cap in her left hand.,bottle
514.23891,C places the groundnut oil on the kitchen countertop with her right hand.,kitchen_table@@@@@bottle
515.65387,C tilts the frying pan on the gas cooker with her right hand.,frying_pan
518.13217,C places the frying pan on the gas cooker with her right hand.,frying_pan@@@@@stove
519.62604,C adjusts the knob of the gas cooker with her right hand.,knob@@@@@stove
520.02932,C picks the frying pan from the gas cooker with her left hand.,frying_pan
523.45387,C places the frying pan on the gas cooker with her left hand.,frying_pan@@@@@stove
526.05372,C picks the onion from the chopping board with her left hand.,onion@@@@@chopping_board
526.90147,C places the onion on the kitchen countertop with her left hand.,kitchen_table@@@@@onion
528.58525,C picks the chopping board from the kitchen countertop with her left hand.,chopping_board
531.11411,C pours onions from the chopping board into the frying pan with the knife in her right hand.,knife@@@@@frying_pan@@@@@chopping_board
540.4925,C places the chopping board on the kitchen countertop with her left hand.,chopping_board
541.2925,C places the knife on the chopping board with her right hand.,knife@@@@@chopping_board
546.43391,C adjusts a sieve on the kitchen countertop with her left hand.,colander
557.19468,C picks the frying pan from the gas cooker with her right hand.,frying_pan
557.56431,C tilts the frying pan with her right hand.,frying_pan
559.67024,C places the frying pan on the gas cooker with her right hand.,frying_pan@@@@@stove
566.11243,C picks a spoon from the cabinet with her right hand.,cabinet@@@@@spoon
567.832,C passes the spoon from her right hand to her left hand.,spoon
569.04569,C picks a sponge from the kitchen countertop with her right hand.,sponge
569.579,C washes the spoon with the sponge in her right hand.,spoon@@@@@sponge
572.95,C places the sponge on the kitchen countertop with her right hand.,kitchen_table@@@@@sponge
573.25084,C opens the faucet lever with her right hand.,faucet
573.93224,C rinses the spoon with both hands.,spoon
578.64603,C closes the faucet lever with her right hand.,faucet
579.40603,C passes the spoon from her left hand to her right hand.,spoon
582.02568,C adjusts the frying pan on the gas cooker with her left hand.,frying_pan
582.59745,C stirs the onions in the frying pan with the spoon in her right hand.,frying_pan@@@@@spoon
597.23647,C places the spoon on the kitchen countertop with her right hand.,kitchen_table@@@@@spoon
597.95568,C picks the knife from the chopping board with her right hand.,knife@@@@@chopping_board
598.726,C picks the chopping board from the kitchen countertop with her left hand.,chopping_board
600.88962,C pours tomatoes into the frying pan with the knife in her right hand.,knife@@@@@tomato@@@@@frying_pan
605.27636,C picks the onion root from the frying pan with her right hand.,frying_pan@@@@@onion
606.08383,C places the onion root on the chopping board with her right hand.,onion@@@@@chopping_board
607.13351,C moves the onions root and tomato on the chopping board to the kitchen countertop with the knife in her right hand.,knife@@@@@onion@@@@@chopping_board
608.02851,C places the chopping board on the kitchen countertop with her left hand.,chopping_board
608.0659,C places the knife on the chopping board with her right hand.,knife@@@@@chopping_board
608.9302,C picks the spoon from the kitchen countertop with her right hand.,spoon
609.97761,C stirs the tomatoes and onions in the frying pan with the spoon in her right hand.,frying_pan@@@@@spoon
610.88905,C picks an onion peel from the spoon with her left hand.,onion@@@@@spoon
611.5234,C picks an onion peel from the frying pan with her left hand.,frying_pan@@@@@onion
612.98334,C picks an onion peel from the spoon with her left hand.,onion@@@@@spoon
613.36216,C stirs the tomatoes and onions in the frying pan with the spoon in her right hand.,frying_pan@@@@@spoon
622.98272,C places the onion peels on the kitchen countertop with her left hand.,kitchen_table@@@@@onion
623.72286,C places the spoon on the chopping board with her right hand.,chopping_board@@@@@spoon
627.20313,C picks a chocolate from the kitchen countertop with her right hand.,can@@@@@kitchen_table@@@@@candy_bar
628.83546,C opens the chocolate with both hands.,chocolate_bar
631.49028,C picks a chocolate with her left hand.,chocolate_bar
633.25659,C picks a chocolate with her left hand.,chocolate_bar
633.71374,C closes the chocolate with her right hand.,chocolate_bar
634.88156,C adjusts the chocolate with her right hand.,chocolate_bar
636.85575,C pours the chocolate into the frying pan with both hands.,frying_pan@@@@@pan_(for_cooking)@@@@@saucepan
639.54929,C adjusts the chocolate with both hands.,chocolate_bar
641.93527,C places the chocolate in the pack with her right hand.,duffel_bag@@@@@pouch@@@@@chocolate_bar@@@@@backpack
642.959,C closes the chocolate pack with her left hand.,packet@@@@@chocolate_bar
645.71273,C picks the knife from the kitchen countertop with her right hand.,knife
646.894,C places the knife on the kitchen countertop with her right hand.,knife@@@@@kitchen_table
647.52331,C picks the spoon from the chopping board with her right hand.,chopping_board@@@@@spoon
648.86976,C stirs the tomatoes and onions in the frying pan with the spoon in her right hand.,frying_pan@@@@@spoon
689.52672,C picks the bowl from the kitchen countertop with her left hand.,bowl
691.21948,C places the spoon in the frying on the gas cooker with her right hand.,stove@@@@@spoon
692.05147,C whisks the egg in the bowl with the fork in her right hand.,fork@@@@@egg@@@@@bowl
695.758,C pours the egg from the bowl into the frying pan with her with her left hand.,egg@@@@@bowl
696.66991,C scrapes the egg from the bowl into the frying pan with the fork in her right hand.,fork@@@@@egg@@@@@bowl
700.4254,C places the fork in the bowl with her right hand.,fork@@@@@bowl
703.61527,C places the bowl in a sink with both hands.,sink@@@@@bowl
705.74136,C stirs the scrambled eggs in the frying pan with the spoon in her right hand.,frying_pan@@@@@spoon
773.00281,C picks the frying pan from the gas cooker with her left hand.,frying_pan
774.88266,C places the frying pan on the gas gas cooker with her left hand.,frying_pan@@@@@stove
776.50918,C places the spoon on the kitchen countertop with her right hand.,kitchen_table@@@@@spoon
778.08879,C picks a plate from the cabinet with her right hand.,cabinet@@@@@plate
779.47753,C places the plate on the kitchen countertop with both hands.,kitchen_table@@@@@plate
781.81207,C turns the knob of the gas cooker with her right hand.,knob@@@@@stove
782.52104,C picks the frying pan from the gas cooker with her left hand.,frying_pan
783.61426,C picks the spoon from the kitchen countertop with her right hand.,spoon
784.64068,C scrapes the scrambled eggs in the frying pan with the spoon in her right hand.,frying_pan@@@@@spoon
788.77868,C pours the scrambled egg into the plate on the kitchen countertop with the spoon in her right hand.,egg@@@@@spoon@@@@@plate
797.46256,C places the spoon in the frying pan with her right hand.,frying_pan@@@@@spoon
797.56256,C places the frying pan in the sink with her left hand.,sink@@@@@frying_pan
800.23349,C picks the black powdered pepper from the kitchen countertop with her right hand.,pepper
801.45259,C passes the black powdered pepper from her left hand to her right hand.,pepper
802.69122,C pours the black powdered pepper into the scrambled eggs with both hands.,frying_pan@@@@@pepper
809.82151,C picks the plate of scrambled egg from the kitchen countertop with her right hand.,egg@@@@@plate
