timestamp,narration,object
4.28834,C picks a stainless cup from the cabinet with his right hand.,cup@@@@@cabinet
4.73794,C holds the stainless cup with his right hand.,cup
5.258,C passes the stainless cup from his right hand to his left hand.,cup
5.78095,C holds the stainless cup with his left hand.,cup
6.56459,C opens the faucet with his right hand.,faucet
6.85242,C bends the stainless cup in his left hand.,cup
8.45115,C holds the stainless cup with his hands.,glass_(drink_container)@@@@@cup
8.77839,C swirls the water in the stainless cup with his hands.,cup
9.42644,C swirls the water in the stainless cup with his right hand.,cup
10.52794,C passes the stainless cup from his right hand to his left hand.,cup
11.02181,C holds the stainless cup with his left hand.,cup
11.0619,C pours the water from the stainless cup into the sink with his left hand.,glass_(drink_container)@@@@@kitchen_sink@@@@@sink@@@@@cup
11.93985,C fetches water from the faucet with the stainless cup in his left hand.,faucet@@@@@cup
12.02189,C holds the stainless cup with his hands.,glass_(drink_container)@@@@@cup
14.6328,C closes the faucet with his right hand.,faucet
19.593,C holds the stainless cup with his hands.,glass_(drink_container)@@@@@cup
21.76134,C pours the water from the stainless cup into the sink with his left hand.,glass_(drink_container)@@@@@kitchen_sink@@@@@sink@@@@@cup
27.71858,C holds the stainless cup with his hands.,glass_(drink_container)@@@@@cup
28.69772,C places the stainless cup on the gas cooker with his hands.,stove@@@@@glass_(drink_container)@@@@@cup
30.49911,C turns the cooker knob with his left hand.,knob
36.752,C turns the cooker knob with his left hand.,knob
42.76922,C turns the cooker knob with his right hand.,stove@@@@@knob
43.56053,C lights the cooker with the lighter in his hands.,stove
48.85188,C moves a white cup on the countertop with his right hand.,wineglass@@@@@kitchen_table@@@@@dining_table@@@@@glass_(drink_container)@@@@@mug@@@@@cup@@@@@can
49.97,C picks a white cup from the countertop with his right hand.,cup
51.00304,C holds the white cup with his hands.,cup
51.81872,C holds the white cup with his left hand.,cup
52.2,C places the white cup on the countertop with his left hand.,cup
53.21076,C moves a white cup on the countertop with his right hand.,wineglass@@@@@kitchen_table@@@@@dining_table@@@@@glass_(drink_container)@@@@@mug@@@@@cup@@@@@can
56.52544,C places the box of milk on the countertop with his left hand.,carton
56.98065,C opens the box of milk with his right hand.,box
58.23456,C holds the lid of the milk box with his right hand.,box
58.63173,C picks the box of milk from the countertop with his left hand.,carton
59.73812,C pours milk into the white cup with his left hand.,cup
63.31679,C places the box of milk on the countertop with his left hand.,carton
65.34648,C picks the box of milk from the countertop with his left hand.,carton
67.36796,C places the box of milk on the countertop with his left hand.,carton
69.09545,C picks the box of milk from the countertop with his left hand.,carton
70.1872,C places the box of milk on the countertop with his left hand.,carton
76.4339,C picks a spoon from the cabinet with his right hand.,spoon@@@@@can@@@@@cabinet
78.75492,C picks a coffee container from the countertop with his right hand.,bottle@@@@@mug@@@@@pot@@@@@cup@@@@@coffeepot@@@@@can@@@@@coffee_maker
79.52937,C places the coffee container in his left hand with his right hand.,bottle@@@@@mug@@@@@pot@@@@@cup@@@@@coffeepot@@@@@can@@@@@coffee_maker
79.87376,C opens the coffee container with his right hand.,bottle@@@@@mug@@@@@pot@@@@@cup@@@@@coffeepot@@@@@can@@@@@coffee_maker
81.8928,C places the coffee container lid on the countertop with his right hand.,kitchen_table@@@@@dining_table@@@@@coffee_maker
83.84448,C scoops coffee from the coffee container with the spoon in his right hand.,spoon@@@@@cup@@@@@coffee_maker
86.05291,C pours coffee into the stainless cup with the spoon in his right hand.,spoon@@@@@cup
87.46247,C scoops coffee from the coffee container with the spoon in his right hand.,spoon@@@@@cup@@@@@coffee_maker
92.88142,C pours coffee into the stainless cup with the spoon in his right hand.,spoon@@@@@cup
94.0102,C shakes the spoon in his right hand.,spoon
100.85023,C places the coffee container on the countertop with his right hand.,kitchen_table@@@@@cup
101.22876,C turns the coffee container on the countertop with his right hand.,kitchen_table@@@@@cup
102.73649,C passes the spoon from his left hand to his right hand.,spoon
104.06847,C moves the white cup on the countertop with his left hand.,kitchen_table@@@@@cup
107.14751,C passes the spoon from his right hand to his left hand.,spoon
108.23344,C moves the faucet to the side with his right hand.,faucet
109.43352,C opens the faucet with his right hand.,faucet
110.12753,C washes the spoon in his left hand with his right hand.,spoon
111.358,C turns the spoon with his left hand.,spoon
111.9547,C washes the spoon in his left hand with his right hand.,spoon
113.25111,C closes the faucet with his right hand.,faucet
113.76686,C shakes water off the spoon with his left hand.,spoon
115.1708,C picks a pink napkin from the countertop with his right hand.,napkin
115.61317,C cleans the spoon in his left hand with the pink napkin in his right hand.,spoon@@@@@napkin
116.39232,C places the pink napkin on the countertop with his right hand.,napkin
116.84001,C passes the spoon from his left hand to his right hand.,spoon
117.26626,C places the spoon on the countertop with his right hand.,spoon@@@@@kitchen_sink@@@@@sink
120.245,C moves the frying pan in the sink with his right hand.,frying_pan@@@@@sink
130.727,C turns the knob with his right hand.,knob
146.554,C moves a knife on the countertop with his right hand.,knife
147.58405,C moves a white cup on the countertop with his right hand.,wineglass@@@@@kitchen_table@@@@@dining_table@@@@@glass_(drink_container)@@@@@mug@@@@@cup@@@@@can
148.63772,C picks an orange napkin from the countertop with his right hand.,napkin
149.5597,C places the orange napkin on the countertop with his right hand.,kitchen_table@@@@@towel_rack@@@@@dining_table@@@@@paper_towel@@@@@hand_towel@@@@@dishrag@@@@@napkin@@@@@can@@@@@towel
149.64455,C moves a white cup on the countertop with his right hand.,wineglass@@@@@kitchen_table@@@@@dining_table@@@@@glass_(drink_container)@@@@@mug@@@@@cup@@@@@can
149.9569,C cleans the countertop with the orange napkin in his right hand.,kitchen_table@@@@@dining_table@@@@@paper_towel@@@@@hand_towel@@@@@dishrag@@@@@napkin@@@@@can@@@@@towel
150.43552,C picks a spoon from the countertop with his left hand.,kitchen_table@@@@@spoon@@@@@dining_table@@@@@can
152.06117,C wipes dirt off the countertop into the sink with the orange napkin in his right hand.,sink@@@@@napkin
155.884,C holds the orange napkin with his right hand.,napkin
157.454,C places the spoon on the countertop with his left hand.,spoon
157.91454,C moves pink napkins on the countertop with his left hand.,napkin
158.43647,C wipes dirt off the countertop into the sink with the orange napkin in his right hand.,sink@@@@@napkin
170.6386,C drops the orange napkin on the countertop with his right hand.,napkin
173.94067,C wipes dirt off the countertop into the sink with the orange napkin in his right hand.,sink@@@@@napkin
177.33862,C drops the orange napkin on the countertop with his right hand.,napkin
186.76473,C picks a pink napkin from the countertop with his right hand.,napkin
189.35472,C picks a pink napkin from the countertop with his right hand.,napkin
189.85351,C holds the pink napkin with his hands.,napkin
190.05616,C holds the pink napkin with his left hand.,person@@@@@napkin
190.20733,C holds the pink napkin with his hands.,napkin
192.06532,C places the pink napkin on the countertop with his hands.,napkin
192.29861,C folds the pink napkin on the countertop with his hands.,napkin
194.23848,C picks up the pink napkin from the countertop with his left hand.,napkin
194.52063,C places the pink napkin in his right hand.,napkin
194.86234,C cleans his left hand with the pink napkin in his right hand.,napkin
196.94863,C places the pink napkin on the countertop with his hands.,napkin
197.31301,C moves a white cup on the countertop with his left hand.,kitchen_table@@@@@kitchen_sink@@@@@sink@@@@@cup@@@@@can
197.61301,C moves the pink napkin on the countertop with his right hand.,kitchen_table@@@@@napkin
233.259,C picks the pink napkin on the countertop with his right hand.,kitchen_table@@@@@napkin
235.9036,C picks the white cup from the countertop with his left hand.,kitchen_table@@@@@cup
238.83859,C places the white cup on the countertop with his left hand.,cup
239.97896,C holds the pink napkin with his hands.,napkin
242.84476,C turns the knob with his left hand.,knob
246.19428,C picks up the stainless cup from the gas cooker with the pink napkin in his right hand.,napkin@@@@@cup
250.20045,C pours the coffee into the white cup on the countertop with his right hand.,cup
254.52826,C shakes the stainless bowl with his right hand.,bowl
256.23401,C places the stainless bowl in the sink with his right hand.,bowl@@@@@sink
257.4894,C holds the pink napkin with his hands.,napkin
260.20082,C holds the napkin with his right hand.,napkin
260.44059,C places the napkin on the countertop with his right hand.,napkin
4.11965,C picks a stainless steel bowl from the cabinet with his right hand.,bowl@@@@@cabinet
6.2591,C opens the faucet lever with his right hand.,faucet
6.46459,C rinses the stainless steel bowl with the water from the faucet.,faucet@@@@@bowl
11.03372,C pours the water in the stainless steel bowl into the sink with his left hand.,bowl@@@@@sink
11.87628,C places the stainless steel bowl under the faucet with his left hand.,faucet@@@@@bowl
14.55286,C closes the faucet lever with his right hand.,faucet
21.65444,C pours the water from the stainless steel bowl into the sink with his left hand.,kitchen_sink@@@@@bowl@@@@@sink
28.4031,C places the stainless steel bowl on the gas cooker with both hands.,stove@@@@@bowl
30.6611,C turns the knob of the gas cooker with his left hand.,knob
36.79677,C turns the knob of the gas cooker with his left hand.,knob
41.46868,C ignites the lighter to the gas cooker with his left hand.,stove
42.77701,C turns the knob of the gas cooker with his right hand.,stove@@@@@knob
48.7997,C adjusts a cup on the kitchen countertop with his right hand.,cup
49.96837,C picks a cup from the kitchen countertop with his right hand.,cup
50.978,C passes the cup from his right hand to his left hand.,cup
51.82419,C places the cup on the kitchen countertop with his left hand.,cup
53.28001,C adjusts the cup on the kitchen countertop with his right hand.,kitchen_table@@@@@cup
56.22913,C opens the lid of the liquid milk pack with his right hand.,kitchen_table@@@@@kitchen_sink@@@@@sink@@@@@hat@@@@@can
59.36388,C pours the milk from the liquid milk pack into the cup with his left hand.,cup
63.11627,C places the liquid milk on the kitchen countertop with his left hand.,carton
65.15626,C picks the liquid milk pack from the kitchen countertop with his left hand.,carton
66.05801,C pours the milk from the liquid milk pack into the cup with his left hand.,cup
67.19164,C places the liquid milk on the kitchen countertop with his left hand.,carton
67.51214,C closes the liquid milk container with the lid in his right hand.,bottle@@@@@bottle_cap
69.09064,C picks the liquid milk pack from the kitchen countertop with his left hand.,carton
70.06386,C places the liquid milk on the kitchen countertop with his left hand.,carton
76.33692,C picks a spoon from the cabinet with his right hand.,spoon@@@@@can@@@@@cabinet
78.72564,C picks a coffee container from the kitchen countertop with his right hand.,bottle@@@@@mug@@@@@pot@@@@@cup@@@@@coffeepot@@@@@can@@@@@coffee_maker
79.47842,C passes the coffee container from his right hand to his left hand.,bottle@@@@@mug@@@@@pot@@@@@cup@@@@@coffeepot@@@@@can@@@@@coffee_maker
79.71754,C opens the lid of the coffee container with his right hand.,bottle@@@@@mug@@@@@pot@@@@@cup@@@@@coffeepot@@@@@can@@@@@coffee_maker
84.14942,C scoops coffee from the container with the spoon in his right hand.,spoon@@@@@cup
86.16502,C pours the coffee into the stainless steel bowl on the gas cooker with the spoon in his right hand.,spoon@@@@@bowl@@@@@pan_(for_cooking)@@@@@saucepan
87.7291,C scoops coffee from the container with the spoon in his right hand.,spoon@@@@@cup
92.91307,C pours the coffee into the stainless steel bowl on the gas cooker with the spoon in his right hand.,spoon@@@@@bowl@@@@@pan_(for_cooking)@@@@@saucepan
95.90603,C passes the spoon from his right hand to his left hand.,spoon
100.73207,C places the coffee container on the kitchen countertop with his right hand.,kitchen_table@@@@@cup
102.53511,C passes the spoon from his left hand to his right hand.,spoon
104.0,C adjusts the cup on the kitchen countertop with his left hand.,kitchen_table@@@@@cup
107.2363,C passes the spoon from his right hand to his left hand.,spoon
108.20607,C adjusts the faucet with his right hand.,faucet
109.72373,C opens the faucet lever with his right hand.,faucet
110.09731,C rinses the spoon with the water from the faucet.,spoon@@@@@faucet
113.39647,C closes the faucet lever with his right hand.,faucet
115.11092,C picks a napkin from the kitchen countertop with his right hand.,napkin
115.59782,C wipes the spoon with the napkin in his right hand.,spoon@@@@@napkin
116.30171,C places the napkin on the kitchen countertop with his right hand.,napkin
116.86134,C passes the spoon from his left hand to his right hand.,spoon
117.26373,C places the spoon on the kitchen countertop with his right hand.,kitchen_table@@@@@spoon@@@@@kitchen_sink@@@@@sink
120.14018,C adjusts the frying pan in the sink with his right hand.,frying_pan@@@@@sink
130.89417,C adjusts the knob of the gas cooker with his right hand.,knob
146.60922,C adjusts a knife on the kitchen countertop with his right hand.,knife
147.53207,C adjusts a cup on the kitchen countertop with his right hand.,cup
148.56689,C picks a napkin from the kitchen countertop with his right hand.,napkin
149.48531,C places the napkin on the kitchen countertop with his right hand.,napkin
149.61349,C adjusts the cup on the kitchen countertop with his left hand.,kitchen_table@@@@@cup
149.9971,C wipes the kitchen countertop with the napkin in his right hand.,kitchen_table@@@@@napkin
150.40637,C picks the spoon from the kitchen countertop with his left hand.,kitchen_table@@@@@spoon@@@@@kitchen_sink@@@@@sink@@@@@can
157.25421,C places the spoon on the kitchen countertop with his left hand.,spoon
157.79736,C adjusts the napkin on the kitchen countertop with his left hand.,napkin
158.41323,C wipes the kitchen countertop with the napkin in his right hand.,kitchen_table@@@@@napkin
170.67028,C places the napkin on the kitchen countertop with his right hand.,napkin
173.98532,C wipes the kitchen countertop with the napkin on the kitchen countertop.,napkin
177.35323,C places the napkin on the kitchen countertop with his right hand.,napkin
186.75088,C adjusts the napkin on the kitchen countertop with his right hand.,napkin
189.34218,C picks the napkin from the kitchen countertop with his right hand.,kitchen_table@@@@@napkin
191.90477,C places the napkin on the kitchen countertop with both hands.,napkin
192.10897,C folds the napkin on the kitchen countertop with both hands.,napkin
194.14506,C picks the napkin from the kitchen countertop with his left hand.,napkin
194.42397,C folds the napkin with both hands.,napkin
196.76379,C places the napkin on the kitchen countertop with both hands.,napkin
197.39428,C adjusts the cup on the kitchen countertop with his left hand.,kitchen_table@@@@@cup
197.57809,C wipes the kitchen countertop with the napkin in his right hand.,kitchen_table@@@@@napkin
233.35977,C picks the napkin from the kitchen countertop with his right hand.,kitchen_table@@@@@napkin
236.41059,C picks the cup from the kitchen countertop with his left hand.,cup
238.54486,C places the cup on the kitchen countertop with his left hand.,cup
242.85012,C turns the knob of the gas cooker with his left hand.,knob
245.85658,C picks the stainless steel bowl from the gas cooker with the napkin in his right hand.,bowl@@@@@napkin
249.94171,C pours the coffee from the stainless steel bowl into the cup on the kitchen countertop with his right hand.,bowl@@@@@cup
255.93661,C places the stainless steel bowl in the sink with his right hand.,bowl@@@@@sink
260.39862,C places the napkin on the kitchen countertop with his right hand.,napkin
