timestamp,narration,object
1.81976,C picks up a stainless steel pot from the countertop with his right hand.,pot
2.57796,C holds the stainless steel pot with both hands.,pot
3.96147,C turns on the tap with his right hand.,faucet
4.0948,C fills a stainless steel pot with water from the tap.,faucet@@@@@pot
14.31996,C turns off the tap with his left hand.,faucet
14.91995,C holds the stainless steel pot with both hands.,pot
15.66266,C pours water into the sink from the stainless steel pot in his left hand.,pot@@@@@sink
16.84676,C holds the stainless steel pot with both hands.,pot
17.975,C places the stainless steel pot on the countertop with his right hand.,pot
18.10833,C picks up the gas lighter from the countertop with his left hand.,igniter
18.77499,C passes the gas lighter from his left hand to his right hand.,igniter
19.14165,C touches the stove knob with his left hand.,stove@@@@@knob
19.78131,C turns the stove knob with his left hand.,stove@@@@@knob
21.74081,C turns the stove knob with his left hand.,stove@@@@@knob
22.90439,C turns on the stove with the gas lighter in his right hand.,stove@@@@@can@@@@@igniter@@@@@map
24.11583,C passes the gas lighter from his right hand to his left hand.,can@@@@@igniter@@@@@map
24.57437,C picks up the stainless steel pot from the countertop with his right hand.,pot
25.63204,C places the stainless steel pot on the stovetop with his right hand.,stove@@@@@pot
26.90859,C adjusts the heat of the stove with his right hand.,stove@@@@@knob
28.16187,C passes the gas lighter from his left hand to his right hand.,igniter
28.7339,C places the gas lighter on the countertop with his right hand.,igniter
34.26961,C picks up a clear cup of water from the countertop with his left hand.,glass_(drink_container)@@@@@cup
35.17389,C holds the clear cup of water with both hands.,glass_(drink_container)@@@@@cup
37.14929,C places the clear cup of water on the countertop with his right hand.,glass_(drink_container)@@@@@cup
37.9607,C moves the clear cup of water on the countertop with his right hand.,glass_(drink_container)@@@@@cup
41.63141,C picks a mug from the pantry with his left hand.,mug
43.24802,C holds a mug with both hands.,mug
46.69591,C places the mug on the countertop with both hands.,mug@@@@@cup
48.76617,C touches a jug on the countertop with his right hand.,water_jug
68.21905,C picks up a spoon from the countertop with his right hand.,spoon
69.45318,C passes the spoon from his right hand to his left hand.,spoon
70.00769,C pick a skillet from the countertop with his right hand.,table@@@@@dining_table
72.17538,C places the skillet on the countertop with his right hand.,table@@@@@dining_table
73.14645,C pick a skillet from the countertop with his right hand.,table@@@@@dining_table
74.77642,C places the skillet on the countertop with his right hand.,table@@@@@dining_table
77.34859,C holds the spoon with both hands.,person@@@@@spoon
78.75953,C places the spoon on the countertop with his right hand.,spoon@@@@@table@@@@@dining_table
80.38832,C moves the spoon on the countertop with his right hand.,spoon@@@@@table@@@@@dining_table
83.27665,C picks a mug from the countertop with his right hand.,mug
84.39069,C places the mug in the pantry with his right hand.,mug
86.49036,C picks a mug from the countertop with his right hand.,mug
89.02361,C holds the mug with both hands.,mug
89.75159,C places the mug on the countertop with his right hand.,mug
90.89152,C adjusts the heat of the stove with his right hand.,stove@@@@@knob
98.62742,C touches the rim of the mug with his right hand.,mug
146.50754,C touches the rim of the mug with his right hand.,mug
147.38252,C moves the jar of instant coffee on the countertop with his right hand.,jar
149.62316,C moves the mug on the countertop with his right hand.,mug
153.30878,C opens the jug with his right hand.,water_jug
155.0711,C closes the jug with his right hand.,milk@@@@@can@@@@@water_jug
190.91238,C picks up the jug from the countertop with his right hand.,kitchen_table@@@@@can@@@@@table@@@@@map
192.29777,C opens the jug with his left hand.,water_jug
193.75404,C picks a sachet of milk from the jug with his left hand.,milk@@@@@water_jug
195.35085,C pours milk from the jug into the mug with both hands.,mug@@@@@water_jug
202.2429,C places the milk sachet in the jug with his left hand.,water_jug@@@@@packet
203.9433,C places the jag on the countertop with his right hand.,water_jug
220.36726,C picks a kitchen towel from the countertop with his right hand.,dishtowel@@@@@towel
221.48748,C passes the kitchen towel from his right hand to his left hand.,person@@@@@towel
222.58329,C turns the stove knob with his right hand.,stove@@@@@knob
224.9605,C turns on the stove with the lighter in his right hand.,stove
227.09153,C holds the kitchen towel with both hands.,towel
227.94383,C lifts the stainless steel pot from the stovetop with the kitchen towel in his right hand.,towel@@@@@pot
230.21041,C places the stainless steel pot on the stovetop with the kitchen towel in his right hand.,towel@@@@@pot
231.42828,C passes the kitchen towel from his right hand to his left hand.,person@@@@@towel
232.02535,C turns off the stove.,stove
234.0387,C turns off the stove.,stove
235.51775,C turns the stove knob with his right hand.,stove@@@@@knob
239.83874,C turns the stove knob with his right hand.,stove@@@@@knob
242.06985,C places the kitchen towel on the countertop with his left hand.,towel
243.99462,C turns on the stove with the lighter in his right hand.,stove
246.6937,C places the gas lighter on the countertop with his right hand.,igniter
247.37276,C adjusts the heat of the stove with his right hand.,stove@@@@@knob
264.63895,C moves the jar of instant coffee on the countertop with his right hand.,jar
265.38513,C holds the jar of instant coffee with his left hand.,jar
265.68012,C opens the jar of instant coffee with his right hand.,person@@@@@jar
268.24237,C picks up the spoon on the countertop with his right hand.,person@@@@@spoon
269.63748,C scoops the instant coffee from the jar with the spoon in his right hand.,jar@@@@@spoon
274.39597,C pours instant coffee into the milk in the mug with the spoon in his right hand.,mug@@@@@spoon
276.46492,C scoops the instant coffee from the jar with the spoon in his right hand.,jar@@@@@spoon
279.41188,C pours instant coffee into the milk in the mug with the spoon in his right hand.,mug@@@@@spoon
282.14504,C places the spoon on the countertop with his right hand.,spoon@@@@@table@@@@@dining_table
284.4972,C picks the instant coffee jar lid from the countertop with his right hand.,jar
285.29719,C holds the instant coffee jar with his left hand.,jar
285.36386,C closes the instant coffee jar with the lid in his right hand.,jar
289.30682,C picks the mug from the countertop with his right hand.,mug
290.97689,C places the mug on the countertop with his right hand.,mug
292.59025,C turns off the stove with his right hand.,stove
294.11571,C picks up the kitchen towel from the countertop with his left hand.,towel
294.48017,C holds the kitchen towel with both hands.,towel
298.00969,C lifts the stainless steel pot from the stove with his right hand.,stove@@@@@pot
306.01685,C adjusts the kitchen towel over the stainless steel pot with his left hand.,towel@@@@@pot@@@@@hand_towel
307.13767,C pours hot water from the stainless steel pot into the mug of instant coffee with kitchen towel in both hands.,mug@@@@@towel@@@@@pot@@@@@hand_towel
312.85579,C places the stainless steel pot on the countertop with the kitchen towel in both hands.,towel@@@@@pot@@@@@hand_towel
315.28464,C picks a spoon from the countertop with his right hand.,spoon
315.77053,C places the kitchen towel on the countertop with his left hand.,towel
316.07053,C drops the spoon on the floor with his right hand.,spoon
318.35153,C picks the spoon from the floor with his left hand.,spoon
319.00942,C passes the spoon from his left hand to his right hand.,spoon
319.99679,C holds the kitchen towel on the countertop with his left hand.,towel
320.42673,C wipes the spoon on the kitchen towel with his right hand.,towel@@@@@spoon@@@@@hand_towel
2.1125,C picks the stainless pot from the countertop with his right hand.,pot
2.77993,C holds the stainless pot with both hands.,pot
4.988,C turns on the faucet with his right hand.,faucet
5.1151,C fills the stainless pot with water from the faucet.,faucet@@@@@pot
14.453,C turns off the faucet with his right hand.,faucet
15.01317,C holds the stainless pot with both hands.,pot
15.87964,C pours water from the stainless pot into the sink with his left hand.,pot@@@@@sink
17.15608,C passes the stainless pot from his left hand to his right hand.,pot
18.10197,C places the stainless pot on the countertop with his right hand.,pot
18.46863,C picks the lighter on the countertop with his left hand.,igniter
18.83941,C passes the lighter from the left hand to the right hand.,can@@@@@igniter@@@@@map
19.46672,C adjusts the gas cooker knob with his left hand.,cooker@@@@@knob
23.37047,C ignites the gas cooker with the lighter in his right hand.,cooker
24.22813,C passes the lighter from his right hand to his left hand.,can@@@@@igniter@@@@@map
24.91847,C picks the stainless pot on the countertop with his right hand.,pot
25.86349,C places the stainless pot on the burner with his right hand.,stove@@@@@pot@@@@@cooker
27.16532,C adjusts gas cooker knob with his right hand.,cooker@@@@@knob
28.2507,C passes the lighter from his left hand to his right hand.,igniter
28.95887,C places the lighter on the countertop with his right hand.,igniter
34.58953,C picks the glass cup from the kitchen island with his left hand.,glass_(drink_container)
35.39927,C holds the glass cup with both hands.,glass_(drink_container)
37.56274,C places the glass cup on the countertop with his right hand.,glass_(drink_container)
42.25403,C picks the ceramic cup from the kitchen cabinet with his left hand.,glass_(drink_container)@@@@@cup
43.34799,C holds the ceramic cup with both hands.,mug@@@@@cup
47.80635,C places the ceramic cup on the countertop with both hands.,mug@@@@@cup
68.61656,C picks the spoon on the kitchen island with his right hand.,spoon
69.4914,C passes the spoon from his right hand to his left hand.,spoon
70.49476,C picks the skillet on the kitchen island with his right hand.,pan_(for_cooking)@@@@@frying_pan@@@@@saucepan
76.33375,C places the skillet on the kitchen island with his right hand.,table
79.41791,C places the spoon on the countertop with his right hand.,spoon@@@@@table@@@@@dining_table
83.53076,C picks the ceramic cup from the countertop with his right hand.,cup@@@@@table@@@@@dining_table
84.92458,C places the ceramic cup on the ceramic plate in the kitchen cabinet with his right hand.,cup@@@@@plate
88.17914,C picks the white cup from the countertop with his right hand.,cup
89.1458,C holds the white cup with both hands.,cup
89.89595,C places the white cup on the countertop with his right hand.,cup
91.07364,C adjusts the gas cooker knob with his right hand.,cooker@@@@@knob
150.68442,C moves the white cup on the countertop with his right hand.,cup
155.24013,C closes the stainless milk container lid on the countertop with his right hand.,mug@@@@@milk@@@@@bottle@@@@@can@@@@@map
156.29337,C places his left hand at the top of the stainless pot on the gas cooker.,stove@@@@@can@@@@@pot@@@@@cooker@@@@@map
191.92236,C picks the stainless milk container on the countertop with his right hand.,mug@@@@@milk@@@@@bottle@@@@@can@@@@@map
192.65811,C opens the stainless milk container lid on the countertop with his left hand.,mug@@@@@milk@@@@@bottle@@@@@can@@@@@map
194.03091,C picks the pack of milk in the stainless milk container with his left hand.,mug@@@@@milk@@@@@bottle@@@@@can@@@@@map
196.79713,C pours milk into the white cup on the countertop with his left hand on the pack of milk.,cup@@@@@packet
202.67125,C places the pack of milk in the stainless milk container with his left hand.,canister@@@@@can@@@@@packet
204.26023,C places the stainless milk container on the countertop with his right hand.,canister@@@@@can
221.1092,C picks a hand towel from the countertop with his right hand.,towel@@@@@hand_towel
221.642,C passes the hand towel from his right hand to his left hand.,towel@@@@@hand_towel
222.73823,C adjusts the gas cooker knob with his right hand.,cooker@@@@@knob
225.14917,C ignites the gas cooker with the lighter in his right hand.,cooker
226.75968,C places the lighter on the countertop with his right hand.,igniter
227.13767,C holds the hand towel with both hands,towel@@@@@hand_towel
228.66552,C grabs the stainless pot on the burner with the hand towel in his right hand.,towel@@@@@pot
228.97853,C picks the stainless pot on the burner with the hand towel in his right hand.,towel@@@@@pot
230.30997,C places the stainless pot on the burner with the hand towel in his right hand.,towel@@@@@pot
231.55121,C passes the hand towel from his right hand to this left hand.,person@@@@@towel
232.21787,C adjusts the gas cooker knob with his right hand.,cooker@@@@@knob
235.7932,C adjusts the gas cooker knob with his right hand.,cooker@@@@@knob
240.0597,C adjusts the gas cooker knob with his right hand.,cooker@@@@@knob
242.17564,C places the hand towel on the countertop with his left hand.,towel
245.18358,C ignites the gas cooker with the lighter in his right hand.,cooker
246.90485,C places the lighter on the countertop with his right hand.,igniter
247.62033,C adjusts the gas cooker knob with his right hand.,cooker@@@@@knob
268.7504,C picks the spoon on the countertop with his right hand.,spoon
274.66155,C pours tea into the white cup on the countertop with the spoon in his right hand.,cup@@@@@spoon
280.22155,C pours tea into the white cup on the countertop with the spoon in his right hand.,cup@@@@@spoon
282.41665,C places the spoon on the countertop with his right hand.,spoon@@@@@table@@@@@dining_table
289.89706,C picks the white cup on the countertop with his right hand.,cup
291.14814,C places the white cup on the kitchen island with his right hand.,cup
292.79571,C adjusts the gas cooker knob with his right hand.,cooker@@@@@knob
294.33561,C picks the hand towel on the countertop with his left hand.,towel
294.56895,C holds the hand towel with both hands.,towel
299.34542,C grabs the stainless pot on the gas cooker with both hands.,pot@@@@@cooker
299.83898,C picks the stainless pot on the gas cooker with the hand towel in both hands.,towel@@@@@pot@@@@@hand_towel
306.14097,C holds the hand towel with both hands,towel@@@@@hand_towel
307.80657,C pours water into the white cup on the kitchen island with the stainless pot in his right hand.,cup@@@@@pot
313.29528,C places the stainless pot on the kitchen island with the hand towel in both hands.,towel@@@@@pot@@@@@hand_towel
315.4461,C picks the spoon on the countertop with his right hand.,spoon
315.99179,C places the hand towel on the countertop with his left hand.,towel
318.53739,C picks the spoon on the floor with his left hand.,spoon
319.22011,C passes the spoon from his left hand to his right hand.,spoon
320.46435,C cleans the spoon on the hand towel on the countertop with his right hand.,towel@@@@@spoon@@@@@hand_towel
