timestamp,narration,object
2.1,C touches the knife on the chopping board with his left hand.,chopping_board@@@@@knife
2.12,C touches the chopping board with his right hand.,chopping_board
3.00712,C picks a tomato from the net on the countertop with his right hand.,tomato
4.80837,C opens the tomato net on the countertop with both hands.,tomato
5.42709,C picks a tomato from the net on the countertop with his left hand.,tomato
5.96327,C drops the tomato in the net on the countertop with his right hand.,tomato
6.257,C places the tomato on the chopping board with his left hand.,chopping_board@@@@@tomato
6.649,C opens the onion net on the countertop with his right hand.,onion@@@@@can@@@@@kitchen_table
6.75037,C picks the onion from the net on the countertop with his left hand.,onion
7.93747,C passes the onion from his left hand to his right hand.,person@@@@@onion
8.423,C places the onion on the chopping board with his right hand.,chopping_board@@@@@onion
8.5291,C picks the tomato from the chopping board with his left hand.,chopping_board@@@@@tomato
10.00687,C opens the tap with his right hand.,faucet
10.634,C rinses the tomato with both hands.,tomato
10.97335,C opens the tap with his right hand.,faucet
11.47,C rinses the tomato under the running tap with both hands.,faucet@@@@@tomato
15.48386,C closes the tap with his right hand.,faucet
17.28637,C drops the tomato on the chopping board with his left hand.,chopping_board@@@@@tomato
17.59225,C moves the onion on the chopping board with his right hand.,chopping_board@@@@@onion
17.71937,C picks the knife from the chopping board with his left hand.,chopping_board@@@@@knife
18.42239,C cuts the stem end of the onion with the knife in his left hand.,onion@@@@@knife
21.671,C picks the onion from the chopping board with his right hand.,chopping_board@@@@@onion
22.359,C drops the knife on the chopping board with his left hand.,chopping_board@@@@@knife
22.671,C peels the onion with his left hand.,peeler_(tool_for_fruit_and_vegetables)@@@@@onion
24.428,C picks the knife from the chopping board with his left hand.,chopping_board@@@@@knife
25.209,C peels the onion with the knife in his left hand.,onion@@@@@knife
32.257,C places the onion on the chopping board with his right hand.,chopping_board@@@@@onion
32.8298,C slices the onion with the knife in his left hand.,onion@@@@@knife
53.731,C picks the unsliced onion from the chopping board with his right hand.,chopping_board@@@@@onion
54.00131,C drops the knife on the countertop with his left hand.,knife
54.60634,C places the unsliced onion on the chopping board with his right hand.,chopping_board@@@@@onion
54.60634,C packs the onion peel from the chopping board with both hands.,chopping_board@@@@@onion
57.82164,C throws the onion peel in the bin with his right hand.,onion
58.56285,C picks the knife from the countertop with his left hand.,knife
58.808,C moves the tomato on the chopping board with his right hand.,chopping_board@@@@@tomato
59.84955,C dices the tomato with the knife in his left hand.,tomato@@@@@knife
87.22709,C moves the diced tomatoes together with the knife in his left hand.,tomato@@@@@knife
87.8769,C moves the stem end of the tomato on the chopping board with his right hand.,chopping_board@@@@@tomato
88.781,C picks the diced tomato from the countertop with his right hand.,tomato
90.10099,C drops the knife on the chopping board with his left hand.,chopping_board@@@@@knife
90.673,C picks the stem end of the tomato from the chopping board with his left hand.,chopping_board@@@@@tomato
91.29232,C puts the stem end of the tomato on his right hand from his left hand.,tomato
91.527,C passes the stem end of the tomato from his right hand to his left hand.,tomato
92.057,C picks the unsliced onion from the chopping board with his right hand.,chopping_board@@@@@onion
92.26372,C moves the plate on the countertop with his left hand.,plate
92.99993,C puts the stem end of the tomato in the plate with his left hand.,plate@@@@@tomato
93.08145,C puts the unsliced onion in the plate with his right hand.,plate@@@@@onion
94.18602,C moves the diced tomatoes on the chopping board with his right hand.,chopping_board@@@@@tomato
94.19948,C touches the knife on the chopping board with his left hand.,chopping_board@@@@@knife
95.28347,C moves the sliced onions on the chopping board with his right hand.,chopping_board@@@@@onion
105.61189,C opens the tap with his right hand.,faucet
106.63591,C opens the tap with his right hand.,faucet
106.9448,C rinses the scallion under the running tap with both hands.,faucet@@@@@onion
109.432,C closes the tap with his right hand.,faucet
111.67001,C picks the knife from the chopping board with his left hand.,chopping_board@@@@@knife
112.13426,C places the scallion on the chopping board with his right hand.,pepper@@@@@chopping_board@@@@@bell@@@@@bell_pepper
112.56579,C dices the scallion with the knife in his left hand.,onion@@@@@knife
122.356,C picks the unsliced scallion from the chopping board with his right hand.,chopping_board@@@@@onion
124.33689,C puts the unsliced scallion in the plate on the countertop with his right hand.,plate@@@@@onion
124.80379,C drops the knife on the countertop with his left hand.,knife
125.27782,C picks the chopping board from the countertop with both hands.,chopping_board
129.46911,C holds the chopping board with his right hand.,chopping_board
130.123,C picks the spatula from the countertop with his left hand.,spatula
130.34063,C places the chopping board on the countertop with his right hand.,chopping_board
131.898,C picks the gas lighter from the countertop with his right hand.,igniter
132.44285,C adjusts the chopping board on the countertop with both hands.,chopping_board
135.675,C places the spatula on the countertop with his left hand.,spatula
137.06792,C places the gas lighter on the countertop with his right hand.,igniter@@@@@kitchen_table
138.95516,C picks the napkin from the kitchen sink with his left hand.,napkin@@@@@sink@@@@@kitchen_sink
139.44315,C wipes his hands with the napkin.,towel@@@@@dishrag@@@@@napkin@@@@@hand_towel@@@@@dish
141.97952,C adjusts the napkin in his hands.,napkin
143.68942,C drops the napkin on the kitchen sink with both hands.,napkin@@@@@sink@@@@@kitchen_sink
147.41275,C adjusts the frying pan on the stovetop with his left hand.,stove@@@@@frying_pan
148.70322,C lifts the frying pan lid with his right hand.,pan_(for_cooking)@@@@@frying_pan
150.10312,C places the frying pan lid on the countertop with his right hand.,pan_(for_cooking)
151.1789,C adjusts the frying pan on the stovetop with his right hand.,pan_(for_cooking)@@@@@stove
152.52001,C picks the oil bottle from the countertop with his left hand.,bottle
153.57,C opens the oil bottle lid with his right hand.,pen@@@@@bottle@@@@@bottle_opener
158.11872,C adds oil to the frying pan from the oil bottle with his left hand.,pan_(for_cooking)@@@@@bottle
163.439,C covers the oil bottle with the lid in his right hand.,bottle_cap@@@@@bottle
165.82199,C places the oil bottle on the countertop with his left hand.,bottle
166.702,C moves the frying pan on the stovetop with his right hand.,pan_(for_cooking)@@@@@stove
167.0931,C passes the frying pan from his right hand to his left hand.,frying_pan
167.31625,C lifts the frying pan from the stovetop with his left hand.,pan_(for_cooking)@@@@@stove
167.46122,C tilts the frying pan with his left hand.,pan_(for_cooking)@@@@@frying_pan
169.84277,C places the frying pan on the stovetop with his left hand.,stove@@@@@frying_pan
172.08606,C picks the gas lighter from the countertop with his right hand.,igniter
173.28537,C turns the stove knob with his right hand.,stove@@@@@knob
173.78915,C lights the stove with the gas lighter in his left hand.,stove@@@@@igniter
180.207,C passes the gas lighter from his left hand to his right hand.,igniter
180.74973,C picks the frying pan from the stovetop with his left hand.,stove@@@@@frying_pan
181.4132,C drops the frying pan on the stovetop with his left hand.,stove@@@@@frying_pan
188.001,C adjusts the frying pan on the stovetop with his left hand.,stove@@@@@frying_pan
194.19114,C places the gas lighter on the countertop with his right hand.,igniter@@@@@kitchen_table
202.67369,C picks the frying pan from the stovetop with his left hand.,stove@@@@@frying_pan
203.43679,C tilts the frying pan with his left hand.,pan_(for_cooking)@@@@@frying_pan
205.08,C passes the frying pan from his left hand to his right hand.,pan_(for_cooking)
206.36816,C places the frying pan on the stovetop with his right hand.,pan_(for_cooking)@@@@@stove
217.15779,C touches the rack in the cabinet with his left hand.,spice_rack@@@@@cabinet
220.95677,C touches the spoon in the rack with his left hand.,spoon
221.56704,C picks a knife from the rack with his left hand.,knife
228.9104,C picks the butter pack from the countertop with his right hand.,butter
229.81843,C touches the butter pack with his left hand.,butter
230.70929,C unwraps the butter pack with his left hand.,butter
239.1548,C places the butter pack on the countertop with his right hand.,sink@@@@@butter@@@@@can@@@@@kitchen_table@@@@@kitchen_sink
241.25825,C picks the frying pan from the stovetop with his right hand.,stove@@@@@frying_pan
241.60946,C tilts the frying pan with his right hand.,pan_(for_cooking)@@@@@frying_pan
242.69913,C places the frying pan on the stovetop with his right hand.,pan_(for_cooking)@@@@@stove
244.61217,C drops the knife on the chopping board with his left hand.,chopping_board@@@@@knife
245.16641,C picks some diced scallion from the chopping board with his left hand.,chopping_board
247.29654,C adds the diced scallion to the frying pan with his left hand.,pan_(for_cooking)@@@@@onion
254.31497,C moves the frying pan on the stovetop with his right hand.,pan_(for_cooking)@@@@@stove
254.76141,C passes the frying pan from his right hand to his left hand.,frying_pan
255.04418,C lifts the frying pan from the stovetop with his left hand.,pan_(for_cooking)@@@@@stove
255.054,C shakes the frying pan with his left hand.,frying_pan
257.47426,C places the frying pan on the stovetop with his left hand.,stove@@@@@frying_pan
260.2,C picks the spatula from the chopping board with his left hand.,spatula@@@@@chopping_board
260.5,C places the spatula on the countertop with his left hand.,spatula
260.721,C picks the knife from the chopping board with his right hand.,chopping_board@@@@@knife
261.57,C passes the knife from his right hand to his left hand.,person@@@@@knife
262.13,C drops the knife on the countertop with his left hand.,knife
262.72058,C moves the chopping board from the countertop with his left hand.,chopping_board
263.41035,C holds the chopping board with both hands.,chopping_board
264.1716,C adjusts the chopping board in his right hand.,chopping_board
265.98021,C picks the spatula from the countertop with his left hand.,spatula
266.84744,C adds the diced scallion into the frying pan with the spatula in his left hand.,spatula@@@@@pan_(for_cooking)
268.27299,C adds the sliced onions into the frying pan with the spatula in his left hand.,spatula@@@@@frying_pan@@@@@onion
270.71137,C stirs the ingredients in the frying pan with the spatula in his left hand.,spatula@@@@@frying_pan
273.7994,C places the chopping board on the countertop with his right hand.,chopping_board
274.95535,C stirs the ingredients in the frying pan with the spatula in his left hand.,spatula@@@@@frying_pan
278.03065,C places the spatula on the chopping board with his left hand.,spatula@@@@@chopping_board
278.98461,C picks the frying pan lid from the countertop with his right hand.,pan_(for_cooking)@@@@@frying_pan
280.31662,C covers the frying with the frying pan lid with his right hand.,frying_pan
281.44351,C adjusts the frying pan on the stovetop with his left hand.,stove@@@@@frying_pan
282.67518,C turns the stove knob with his right hand.,stove@@@@@knob
287.06503,C adjusts the frying pan on the stovetop with his left hand.,stove@@@@@frying_pan
297.69249,C gets a bowl from the cabinet with his left hand.,bowl@@@@@cabinet
298.70105,C passes the bowl from his left hand to his right hand.,bowl
299.11143,C passes the bowl from his right hand to his left hand.,person@@@@@bowl
299.72297,C places the bowl on the countertop with his left hand.,bowl
303.23,C picks the knife from the countertop with his left hand.,knife
304.3,C drops the knife on the plate on the countertop with his  left hand.,plate@@@@@knife
306.82353,C picks the spatula from the chopping board with his left hand.,spatula@@@@@chopping_board
307.175,C lifts the frying pan lid with his right hand.,pan_(for_cooking)@@@@@frying_pan
308.11873,C stirs the ingredients in the frying pan with the spatula in his left hand.,spatula@@@@@frying_pan
317.71201,C covers the frying pan with the frying pan lid in his right hand.,pan_(for_cooking)
318.341,C places the spatula on the chopping board with his left hand.,spatula@@@@@chopping_board
319.53478,C turns the stove knob with his right hand.,stove@@@@@knob
322.7046,C adjusts the frying pan on the stovetop with his left hand.,stove@@@@@frying_pan
323.85085,C lifts the frying pan lid with his right hand.,pan_(for_cooking)@@@@@frying_pan
324.15372,C picks the frying pan from the stovetop with his left hand.,stove@@@@@frying_pan
324.54311,C shakes the frying pan with his left hand.,frying_pan
326.83382,C places the frying pan on the stovetop with his left hand.,stove@@@@@frying_pan
327.64073,C covers the frying pan with the frying lid in his right hand.,pan_(for_cooking)@@@@@pan_(metal_container)
340.76864,C lifts the frying pan lid with his right hand.,pan_(for_cooking)@@@@@frying_pan
340.96864,C picks the spatula from the chopping board with his left hand.,spatula@@@@@chopping_board
341.875,C stirs the ingredients in the frying pan with the spatula in his left hand.,spatula@@@@@frying_pan
348.7907,C places the spatula on the chopping board with his left hand.,spatula@@@@@chopping_board
349.83611,C covers the frying pan with the frying pan lid in his right hand.,pan_(for_cooking)
357.002,C lifts the frying pan lid with his right hand.,pan_(for_cooking)@@@@@frying_pan
358.42276,C picks the frying pan from the stovetop with his left hand.,stove@@@@@frying_pan
358.781,C shakes the frying pan with his left hand.,frying_pan
360.93693,C places the frying pan lid on the countertop with his right hand.,pan_(for_cooking)
362.5,C places the frying pan on the stovetop with his left hand.,stove@@@@@frying_pan
364.43464,C turns the stove knob with his right hand.,stove@@@@@knob
367.31256,C adjusts the frying pan on the stovetop with his left hand.,stove@@@@@frying_pan
375.21528,C picks the frying pan from the stovetop with his left hand.,stove@@@@@frying_pan
375.84592,C shakes the frying pan with his left hand.,frying_pan
378.301,C places the frying pan on the stovetop with his left hand.,stove@@@@@frying_pan
386.0,C picks the spatula from the chopping board with his left hand.,spatula@@@@@chopping_board
386.803,C stirs the ingredients in the frying pan with the spatula in his left hand.,spatula@@@@@frying_pan
397.35605,C places the spatula on the chopping board with his left hand.,spatula@@@@@chopping_board
400.61307,C picks the spatula from the chopping board with his left hand.,spatula@@@@@chopping_board
400.88847,C picks the chopping board from the countertop with both hands.,chopping_board
403.38999,C adds the diced tomatoes into the frying pan with the spatula in  his left hand.,spatula@@@@@pan_(for_cooking)
411.08134,C puts the chopping board in the kitchen sink with his right hand.,chopping_board@@@@@sink@@@@@kitchen_sink
413.4,C adjusts the frying pan on the stovetop with his right hand.,pan_(for_cooking)@@@@@stove
413.97692,C holds the frying pan on the stovetop with his right hand.,stove@@@@@frying_pan
413.97692,C stirs the ingredients in the frying pan with the spatula in his left hand.,spatula@@@@@frying_pan
428.22241,C places the spatula on the countertop with his left hand.,spatula
428.7401,C adjusts the frying pan on the stovetop with his right hand.,pan_(for_cooking)@@@@@stove
432.09838,C picks the salt container from the countertop with his left hand.,saltshaker
433.03365,C opens the salt container lid with his right hand.,saltshaker
434.13861,C checks the salt container in his hands.,saltshaker
435.05649,C holds the salt container with his right hand.,saltshaker
435.27888,C opens the salt container with his left hand.,saltshaker
438.932,C holds the salt container lid with his right hand.,saltshaker
439.87559,C passes the salt container from his right hand to his left hand.,saltshaker
440.338,C shakes the salt container with his left hand.,saltshaker
443.40386,C places the salt container on the countertop with his left hand.,saltshaker
444.002,C passes the salt container lid from his right hand to his left hand.,saltshaker@@@@@person
444.655,C drops the salt container lid on the countertop with his left hand.,saltshaker
445.3,C picks an egg from the egg crate with his right hand.,egg@@@@@crate
446.07,C passes the egg from his right hand to his left hand.,egg@@@@@person
446.55,C holds the bowl on the countertop with his right hand.,bowl
446.7,C cracks the egg on the bowl with his left hand.,egg@@@@@bowl
447.13901,C adds the egg in the bowl with both hands.,egg@@@@@bowl
449.4837,C passes the egg shell from his right hand to his left hand.,seashell
450.50665,C throws the egg shell in the bin with his left hand.,seashell
451.37835,C picks an egg from the egg crate with his right hand.,egg@@@@@crate
452.9,C passes the egg from his right hand to his left hand.,egg@@@@@person
453.45004,C holds the bowl on the countertop with his right hand.,bowl
453.45004,C cracks the egg on the bowl with his left hand.,egg@@@@@bowl
454.3,C cracks the egg in the bowl with both hands.,egg@@@@@bowl
456.263,C passes the egg shell from his right hand to his left hand.,seashell
457.2,C picks the egg shell from the bowl with his right hand.,seashell@@@@@bowl
460.90752,C puts the egg shell in his left hand.,seashell
461.85,C throws the egg shell in the bin with his left hand.,seashell
464.44599,C opens the tap with his right hand.,faucet
464.92263,C rinses his hands under the running tap.,faucet
469.31608,C closes the tap with his right hand.,faucet
470.651,C wipes his hands with the napkin on the kitchen sink.,napkin@@@@@sink@@@@@kitchen_sink
474.26257,C picks the salt container from the countertop with his left hand.,saltshaker
474.68268,C adds salt from the salt container to the bowl with his left hand.,saltshaker@@@@@bowl
476.22553,C drops the salt container on the countertop with his left hand.,saltshaker@@@@@kitchen_table
477.09661,C tilts the bowl on the countertop with his right hand.,bowl
489.04753,C picks the bowl from the countertop with his right hand.,bowl
489.27714,C puts the whisk in the plate with his left hand.,plate
490.04689,C passes the bowl from his right hand to his left hand.,person@@@@@bowl
491.33789,C places the bowl on the countertop with his left hand.,bowl
491.67196,C moves the frying pan on the stovetop with his right hand.,pan_(for_cooking)@@@@@stove
491.95,C picks the spatula from the countertop with his left hand.,spatula
492.35167,C tilts the frying on the stovetop with his right hand.,stove@@@@@frying_pan
493.15561,C holds the frying pan on the stovetop with his right hand.,stove@@@@@frying_pan
493.27987,C stirs the ingredients with the spatula in his left hand.,spatula
503.24255,C tilts the frying pan on the stovetop with his right hand.,pan_(for_cooking)@@@@@stove
503.96391,C touches the ingredients in the frying pan with the spatula in his left hand.,spatula@@@@@pan_(for_cooking)@@@@@frying_pan
506.3,C shakes the spatula in his left hand.,spatula
508.1704,C places the spatula on the countertop with his left hand.,spatula
516.9,C picks the salt container from the countertop with his right hand.,saltshaker
517.5,C passes the salt container from his right hand to his left hand.,saltshaker
518.4,C pours the salt on his right hand from the salt container in his left hand.,saltshaker
519.394,C pours the salt from his right hand to the frying pan.,pan_(for_cooking)@@@@@saltshaker
520.3489,C drops the salt container on the countertop with his left hand.,saltshaker@@@@@kitchen_table
521.65327,C picks the spatula from the countertop with his left hand.,spatula
522.35,C holds the bowl on the countertop with his right hand.,bowl
522.41047,C stirs the egg in the bowl with the spatula in his left hand.,spatula@@@@@egg@@@@@bowl
526.0004,C bangs the spatula in the bowl with his left hand.,spatula@@@@@bowl
529.99272,C picks the frying pan from the stovetop with his right hand.,stove@@@@@frying_pan
530.21002,C tilts the frying pan with his right hand.,pan_(for_cooking)@@@@@frying_pan
530.999,C places the frying pan on the stovetop with his right hand.,pan_(for_cooking)@@@@@stove
531.3044,C holds the frying pan on the stovetop with his right hand.,stove@@@@@frying_pan
531.4044,C stirs the ingredients with the spatula in his left hand.,spatula
537.14071,C shakes the spatula in his left hand.,spatula
538.01949,C picks the bowl from the countertop with his right hand.,bowl
538.97276,C adds the egg to the frying pan from the bowl in his right hand.,egg@@@@@bowl
540.43514,C adds the egg to the frying pan from the bowl with the spatula in his left hand.,spatula@@@@@egg@@@@@frying_pan@@@@@bowl
549.85456,C puts the bowl in the kitchen sink with his right hand.,sink@@@@@kitchen_sink@@@@@bowl
552.01423,C adjusts the frying pan on the stovetop with his right hand.,pan_(for_cooking)@@@@@stove
553.37474,C holds the frying pan on the stovetop with his right hand.,stove@@@@@frying_pan
553.59381,C touches the ingredients in the frying pan with the spatula in his left hand.,spatula@@@@@pan_(for_cooking)@@@@@frying_pan
556.601,C holds the frying pan on the stovetop with his right hand.,stove@@@@@frying_pan
556.6715,C stirs the ingredients with the spatula in his left hand.,spatula
582.97075,C shakes the spatula in his left hand.,spatula
583.899,C adjusts the frying pan on the stovetop with his right hand.,pan_(for_cooking)@@@@@stove
593.74805,C holds the frying pan on the stovetop with his right hand.,stove@@@@@frying_pan
593.74805,C stirs the ingredients with the spatula in his left hand.,spatula
613.98197,C shakes the spatula in his left hand.,spatula
614.93346,C picks the frying pan from the stovetop with his right hand.,stove@@@@@frying_pan
618.44849,C places the frying pan on the stovetop with his right hand.,pan_(for_cooking)@@@@@stove
618.94849,C holds the frying pan on the stovetop with his right hand.,stove@@@@@frying_pan
619.20455,C stirs the ingredients with the spatula in his left hand.,spatula
628.35664,C shakes the spatula in his left hand.,spatula
630.002,C holds the frying pan on the stovetop with his right hand.,stove@@@@@frying_pan
630.202,C stirs the ingredients with the spatula in his left hand.,spatula
630.99323,C picks the frying pan from the stovetop with his right hand.,stove@@@@@frying_pan
631.0125,C tilts the frying pan with his right hand.,pan_(for_cooking)@@@@@frying_pan
631.45128,C places the frying pan on the stovetop with his right hand.,pan_(for_cooking)@@@@@stove
633.2,C places the spatula on the countertop with his left hand.,spatula
634.04698,C turns the stove knob with his right hand.,stove@@@@@knob
641.29767,C picks a plate from the cabinet with his left hand.,plate@@@@@cabinet
642.131,C holds the plate with both hands.,person@@@@@plate
644.329,C picks the frying pan from the stovetop with his right hand.,stove@@@@@frying_pan
644.53583,C places the plate on the countertop with his left hand.,plate
645.09704,C picks the spatula from the countertop with his left hand.,spatula
645.84424,C adds the scrambled eggs into the plate with the spatula in his left hand.,spatula@@@@@plate
650.82337,C moves the scrambled eggs in the plate with the spatula in his left hand.,spatula@@@@@plate
654.85211,C puts the spatula in the frying pan with his left hand.,spatula@@@@@pan_(for_cooking)
655.33103,C passes the frying pan from his right hand to his left hand.,frying_pan
657.38983,C moves the bowl in the kitchen sink with his right hand.,sink@@@@@kitchen_sink@@@@@bowl
657.85259,C drops the frying pan in the kitchen sink with his left hand.,sink@@@@@frying_pan@@@@@kitchen_sink
660.18042,C picks the plate of food from the countertop with both hands.,plate
662.10354,C places the plate of food on the countertop with both hands.,plate
1.94247,C holds a knife on a chopping board with his left hand.,chopping_board@@@@@knife
2.15744,C holds the choppping board on the kitchen island with his right hand.,chopping_board
2.77601,C picks a tomato from the tomato pack on the kitchen island with his right hand.,tomato
4.76474,C picks a tomato from the tomato pack on the kitchen island with his left hand.,tomato
5.94608,C drops the tomato into the tomato pack on the kitchen island with his right hand.,tomato
6.04609,C drops the tamoto in his left on the chopping board.,chopping_board@@@@@tomato
6.61812,C touches the onion pack on the kitchen island with his right hand.,onion
6.70208,C picks an onion from the onion pack on the kitchen island.,onion
7.81175,C passes the onions in his left hand to his right hand.,onion
8.30254,C drops the onions in his right hand on the chopping board.,chopping_board@@@@@onion
8.4749,C picks the tomato on the chopping board with his left hand.,chopping_board@@@@@tomato
9.99909,C turns the faucet handle with his right hand.,faucet@@@@@handle
10.66219,C rinses the tomato under the running faucet with his left hand.,faucet@@@@@tomato
10.89775,C turns the faucet handle with his right hand.,faucet@@@@@handle
11.43148,C rinses the tomato under the running faucet with both hands.,faucet@@@@@tomato
15.44753,C turns the faucet handle with his right hand.,faucet@@@@@handle
17.12347,C drops the tomato on the chopping board with his left hand.,chopping_board@@@@@tomato
17.55434,C holds the onion on the chopping board with his right hand.,chopping_board@@@@@onion
17.60618,C picks the knife on the chopping board with his left hand.,chopping_board@@@@@knife
18.40445,C cuts the base of the onion on the chopping board with the knife in his left.,chopping_board@@@@@onion@@@@@knife
19.66592,C turns the onion on the chopping board with his right hand.,chopping_board@@@@@onion
20.30399,C cut the root of the onion on the chopping board with the knife in his left hand.,chopping_board@@@@@onion@@@@@knife
22.10803,C drops the knife in his left hand on the chopping board.,chopping_board@@@@@knife
22.6781,C peels the onion in his right hand with his left hand.,onion
24.34582,C picks the knife on the chopping board with his left hand.,chopping_board@@@@@knife
24.99176,C peels the onion in his right hand with the knife in his left hand.,onion@@@@@knife
32.24599,C places the onion in his right hand on the chopping board.,chopping_board@@@@@onion
32.81426,C cuts the onion on the chopping board with the knife in his left hand.,chopping_board@@@@@onion@@@@@knife
34.85407,C slices the onion on the chopping board with the knife in his left hand.,chopping_board@@@@@onion@@@@@knife
53.66077,C moves the onion on the chopping board aside with bis right hand.,chopping_board@@@@@onion
53.92044,C places the knife in his left hand on the kitchen island.,knife
54.61716,C packs the onion peels on the chopping board with both hands.,chopping_board@@@@@onion
57.83132,C drops the onion peels into the waste bin with his right hand.,onion@@@@@trash_can@@@@@can
58.47467,C picks the knife on the kicthen island with his left hand.,knife
58.80222,C moves the tomato to the center of the chopping board with his right.,chopping_board@@@@@tomato
59.54678,C chops the onions on the chopping board with the knife in his left hand.,chopping_board@@@@@onion@@@@@knife
88.94034,C picks the tomatoes on the kitchen island with his right hand.,tomato
88.94371,C places the knife on the kitchen island with his left hand.,knife@@@@@kitchen_table
90.5862,C picks a tomato off the chopping board with his left hand.,chopping_board@@@@@tomato
91.29398,C passes the tomato in his left hand to his right hand.,tomato
92.03045,C picks the onion on the kitchen island with his right hand.,onion
92.90852,C places the tomatoes in his left hand on a white plate.,plate@@@@@tomato
93.03315,C places the onion in his right hand on the white plate.,plate@@@@@onion
94.05356,C moves the knife on the kitchen island with his left hand.,knife
94.15743,C adjusts the tomatoes on the chopping board with his right hand.,chopping_board@@@@@tomato
95.21343,C adjusts the onions on the chopping board with his right hand.,chopping_board@@@@@onion
95.90963,C touches a plastci bag on the kitchen island with his right hand.,plastic_bag
99.51894,C drops the bunch of spring onions on the kitchen island with bis left hand.,onion@@@@@kitchen_table
100.54614,C holds the spring onions with both hands.,person@@@@@onion
102.57831,C cuts the leaf from the spring onion stalk with his hands.,onion@@@@@knife
104.10539,C places the spring onion leave on the kitchen island with his right hand.,onion@@@@@kitchen_table
105.55849,C turns the faucet handle with his right hand.,faucet@@@@@handle
106.05442,C rinses the spring onions with both hands under the running faucet.,faucet@@@@@onion
106.53784,C turns the faucet handle with his right hand.,faucet@@@@@handle
106.91029,C rinses the spring onions with both hands under the running faucet.,faucet@@@@@onion
109.33029,C turns the faucet handle with his right hand.,faucet@@@@@handle
111.56912,C picks the knife on the kitchen island with his left hand.,knife
112.00027,C places the spring onion stalk on the chopping board with his right hand.,chopping_board@@@@@onion
112.62981,C slices the spring onions on the chopping board with the knife in his left hand.,chopping_board@@@@@knife
124.33967,C drops the spring onion stalk on the white plate with his right hand.,plate@@@@@onion
125.11112,C holds the chopping board on the kitchen island.,chopping_board
125.26578,C picks the chopping board with both hand.,chopping_board
130.08121,C picks a slutted spatula on the counter top .,spatula
130.41145,C places  the chopping board on the counter top with his right hand.,chopping_board
132.29476,C moves the chopping board to close to the stove top with both hands.,chopping_board@@@@@stove
135.45672,C drops the slutted spatula on the chopping board with his left hand.,spatula@@@@@chopping_board
138.94784,C holds a kitchen towel with his left hand.,towel@@@@@dishrag@@@@@hand_towel@@@@@dish
139.36857,C wipes his hands with the kitchen towel.,towel@@@@@person@@@@@hand_towel
143.52412,C spreads the kitchen towel on the edge of the kitchen island with his hands.,towel@@@@@hand_towel@@@@@kitchen_table
143.93208,C picks a spring onion leave off the kitchen top with his right hand.,onion@@@@@kitchen_table
145.31374,C drops the spring onions leave into the waste bin with left hand.,onion@@@@@trash_can@@@@@can
147.3888,C moves a skillet on the stove top with his left hand.,pan_(for_cooking)@@@@@stove
151.13697,C holds the skillet handle with his right hand.,handle
153.50761,C opens the oil container cap in his left hand with his right hand.,bottle_cap@@@@@bottle
158.10576,C pours oil from the oil container in his left hand into the skillet.,saucepan@@@@@oil_lamp@@@@@lamp
163.50602,C covers the oil container with its can in his right hand.,can
167.05982,C holds the skillet handle with his left hand.,handle
167.33033,C lifts the skillet in his left hand with his handle off the stove.,stove@@@@@frying_pan
168.16205,C rotates the skillet in his left hand with its handle.,pan_(for_cooking)@@@@@handle
173.12103,C turns the knob of the stove with his right hand.,stove@@@@@knob
173.77213,C lights the stove with the lighter in his left hand.,stove
180.67854,C picks the skillet off the small stove top with his left hand.,pan_(for_cooking)@@@@@stove
181.4023,C places the skillet on the stove top with his left hand.,pan_(for_cooking)@@@@@stove
187.75657,C tilts the skillet on the stove with his left hand.,pan_(for_cooking)@@@@@stove
202.58476,C lifts the skillet off the stove with his left hand.,stove@@@@@frying_pan
204.44628,C tilts the skillet with his left hand.,pan_(for_cooking)@@@@@frying_pan@@@@@pan_(metal_container)
205.06223,C passes the skillet from his left hand to his right hand.,pan_(for_cooking)
206.1144,C drops the skillet on the stove top with his right hand.,stove
220.94428,C touches the spoon rack with his left hand.,spoon
221.54806,C picks a bread knife in the utensile rack with his left hand.,knife
226.70667,C opens the a plastic bag on the counter top with his right hand.,plastic_bag
227.66663,C holds the tip of the plastic bag on the cou nter top with both hands.,plastic_bag
228.94742,C picks a butter wrap off the couter top with his right hand.,plastic_bag@@@@@plate@@@@@tinfoil@@@@@can@@@@@paper_plate
229.83181,C holds the butter wrap with both hands.,butter@@@@@can
230.66216,C unwraps the butter wrap with his left hand.,butter
242.43594,C places the skillet on the stove with his right hand.,pan_(for_cooking)@@@@@stove
243.80212,C adjusts the skillet on the stove with his right hand.,pan_(for_cooking)@@@@@stove
244.4857,C drops the bread knife in his left hand on the chopping board.,chopping_board@@@@@knife
245.13602,C picks onions from the chopping board with his left hand.,chopping_board@@@@@onion
247.23757,C pours the onions in his left hand into the skillet.,pan_(for_cooking)@@@@@onion
254.22017,C holds the skillet handle with his right hand.,handle
254.77644,C picks the skillet off the stove with his left hand.,pan_(for_cooking)@@@@@stove
255.12043,C shakes the skillet in his left hand.,frying_pan
257.24575,C places the skillet in the stove with his left hand.,pan_(for_cooking)@@@@@stove
258.37755,C adjusts the skillet on the stove with his left hand.,pan_(for_cooking)@@@@@stove
260.15592,C picks the slutted spatula off the chopping board with his left hand.,spatula@@@@@chopping_board
260.59979,C places the slutted spatula on the counter top with his left hand.,spatula
260.68987,C picks the bread knife on the chopping board with his right hand.,chopping_board@@@@@knife
261.55817,C passes the bread knife from his right hand to his left hand.,knife
261.93753,C drops the bread knife on the counter top with is left hand.,knife
262.56947,C moves the chopping board on the counter top to the edge with his left hand.,chopping_board
263.36248,C picks the chopping board off the counter top with both hands.,chopping_board
265.07013,C adjusts his right hand at the edge of the chopping board.,chopping_board
265.84308,C picks the slutted spatula on the counter top with his left hand.,spatula
266.9789,C pours the onions on the chopping board into the skillet with the slutted spatula in his left hand.,spatula@@@@@chopping_board
270.6673,C stirs the onions in the skillet with the slutted spatula in his left hand.,spatula@@@@@pan_(for_cooking)
273.85516,C places the chopping board on the counter top with his right hand.,chopping_board
274.60423,C stirs the onions in the skillet with the slutted spatula in his left hand.,spatula@@@@@pan_(for_cooking)
278.0073,C drops the slutted spatula on the chopping board with his left hand.,spatula@@@@@chopping_board
280.25791,C covers the skilet with its cover in his right hand.,pan_(for_cooking)@@@@@frying_pan
281.44661,C adjusts the skillet on the stove with his left hand.,pan_(for_cooking)@@@@@stove
282.43728,C turns the knob of the stove with his right hand.,stove@@@@@knob
286.93624,C adjusts the skillet on the stove with his left hand.,pan_(for_cooking)@@@@@stove
297.4663,C picks a stainless bowl from underneath the counter top with his left hand.,bowl
298.57775,C passes the stainless bowl from his left hand to his right hand.,bowl
299.05425,C passes the stainless bowl from his right hand to his left hand.,bowl
299.49528,C places the stainless bowl on the kitchen island with his left hand.,can@@@@@kitchen_table@@@@@bowl
303.22605,C picks the knife on the kitchen island with his left hand.,knife
304.16143,C places the knife on the white plate on the kitchen island with his left hand.,plate@@@@@knife
307.30952,C picks the slutted spatula on the chopping board with his left hand.,spatula@@@@@chopping_board
308.16514,C stirs the onions in the skillet with the slutted spatula in his left hand.,spatula@@@@@pan_(for_cooking)
317.71423,C covers the skilet with its cover in his right hand.,pan_(for_cooking)@@@@@frying_pan
318.27344,C places the slutted spatula on the chopping board with his left hand.,spatula@@@@@chopping_board
319.51038,C turns the knob of the stove with his right hand.,stove@@@@@knob
322.7806,C moves the skillet on the stove with his left hand.,pan_(for_cooking)@@@@@stove
323.78024,C opens the skillet cover with his right hand.,pan_(for_cooking)
324.0612,C picks the skillet off the stove with his left hand.,pan_(for_cooking)@@@@@stove
324.38532,C shakes the skillet in his left hand.,frying_pan
326.61497,C places the skillet on the stove wuth his left hand.,stove@@@@@frying_pan
327.3779,C covers the skillet with it's cover with his right hand.,pan_(for_cooking)@@@@@frying_pan@@@@@can
340.70091,C opens the skillet cover with his right hand.,pan_(for_cooking)
340.94947,C picks the slutted spatula on the chopping board with his left hand.,spatula@@@@@chopping_board
341.70172,C stirs the onions in the skillet with the slutted spatula in his left hand.,spatula@@@@@pan_(for_cooking)
348.84523,C places the slutted spatula on the chopping board with his left hand.,spatula@@@@@chopping_board
349.79253,C covers the skillet with it's cover with his right hand.,pan_(for_cooking)@@@@@frying_pan@@@@@can
356.76952,C opens the skillet cover with his right hand.,pan_(for_cooking)
358.31783,C picks the skillet off the stove with his left hand.,pan_(for_cooking)@@@@@stove
362.24866,C places the skillet on the stove with his left hand.,pan_(for_cooking)@@@@@stove
363.95245,C turns the knob with his right hand.,knob
367.14073,C adjusts the skillet on the stove with his left hand.,pan_(for_cooking)@@@@@stove
375.10976,C picks the skillet off the stove with his left hand.,pan_(for_cooking)@@@@@stove
375.86582,C shakes the skillet with his left hand.,pan_(for_cooking)@@@@@frying_pan
378.12867,C places the skillet on the stove with his left hand.,pan_(for_cooking)@@@@@stove
385.77025,C picks the slutted spatula on the chopping board with his left hand.,spatula@@@@@chopping_board
386.80215,C stirs the onions in the skillet with the slutted spatula in his left hand.,spatula@@@@@pan_(for_cooking)
397.21998,C places the slutted spatula on the chopping board.,spatula@@@@@chopping_board
400.53585,C picks the slutted spatula on the chopping board with his left hand.,spatula@@@@@chopping_board
400.79642,C holds the chopping board on the counter top with his right hand.,chopping_board
401.04994,C picks the chopping board off the counter top with his hands.,chopping_board
403.40896,C adds the tomatoes on the chopping board into the skillet with the slutted spatula in his left hand.,spatula@@@@@chopping_board
411.13183,C places the chopping board into the kitchen sink with his right hand.,chopping_board@@@@@sink@@@@@kitchen_sink
413.24719,C adjusts the skillet on the stove with his right hand.,pan_(for_cooking)@@@@@stove
413.78757,C stirs the onions and tomatoes in the skillet with the slutted spatula in his left hand.,spatula@@@@@pan_(for_cooking)
428.07209,C places the spatula on the counter top with his left hand.,spatula
428.36901,C tilts the skillet on the stove with his left hand.,pan_(for_cooking)@@@@@stove
432.01393,C picks a  black pepper container off the counter top with his left hand.,pepper@@@@@pepper_mill
432.7762,C holds the black pepper container with both hands.,pepper@@@@@person@@@@@pepper_mill
435.33908,C opens the black pepper container cover with his left hand.,pepper@@@@@pepper_mill
439.90988,C passes the black pepper container in his right to his left hand.,pepper
443.46368,C places the black pepper container on the kitchen island with his left hand.,pepper@@@@@kitchen_table
444.06739,C passes the black pepper container cover in his right hand to his left hand.,pepper@@@@@pepper_mill
444.69438,C drops on the black pepper container  cover kitchen island with his left hand.,pepper
445.03082,C picks an egg from the egg crate with his right hand.,egg@@@@@crate
446.11997,C passes the egg in his right hand to his left hand.,egg
446.48627,C holds the stainless bowl on the kitchen island with his right hand.,bowl
446.60145,C beats the egg at the edge of the stainless bowl on the kitchen.,egg@@@@@bowl
447.10443,C cracks the egg into the stainless bowl with both hands.,egg@@@@@bowl
449.51074,C places an egg shell in his right hand into an egg shell in his left hand.,egg
450.54718,C drops the egg shells in his left hand into the trash can.,egg@@@@@trash_can@@@@@can
451.2733,C picks an egg from the egg crate with his right hand.,egg@@@@@crate
452.7451,C passes the egg in his right hand to his left hand.,egg
453.30392,C holds the stainless bowl on the kitchen island with his right hand.,bowl
453.38927,C beats the egg at the edge of the stainless bowl on the kitchen.,egg@@@@@bowl
454.14666,C cracks the egg into the stainless bowl with both hands.,egg@@@@@bowl
456.31891,C places an egg shell in his right hand into an egg shell in his left hand.,egg
460.87908,C drops the dirt in his right hand into the egg shell in his left hand.,seashell
461.86992,C drops the egg shells in his left hand into the trash can.,egg@@@@@trash_can@@@@@can
464.13719,C turns the faucet handle with his right hand.,faucet@@@@@handle
464.85256,C rinses both hands under running faucet.,faucet
469.29528,C turns the faucet handle with his right hand.,faucet@@@@@handle
470.61043,C wipes both hands with the kitchen hand towel.,towel@@@@@person@@@@@hand_towel
474.19091,C picks the black pepper container off the kitchen island with his left hand.,pepper
474.81878,C sprinkles black pepper into the stainless bowl from the black pepper container in his left hand.,pepper@@@@@bowl
476.30933,C places the black pepper on the kitchen island with his left hand.,pepper@@@@@kitchen_table
477.06482,C holds the edge of the stainless bowl with his right hand.,bowl
477.27449,C whisks the eggs in the stainless bowl with the whisk in his left hand.,bowl
488.31053,C lifts the stainless bowl off the kitchen island with his right hand.,kitchen_table@@@@@bowl
489.22007,C places the whisk on the white plate with his left hand.,plate
489.87518,C passes the stainless bowl in his right hand to his left hand.,person@@@@@bowl
491.46921,C places the stainless bowl on the counter top with his left hand.,bowl
491.65365,C picks the skillet off the stove with his right hand.,pan_(for_cooking)@@@@@stove
491.86695,C picks the slutted spatula off the counter top with his left hand.,spatula
493.02044,C stirs the onions and tomatoes in the skillet with the slutted spatula in his left hand.,spatula@@@@@pan_(for_cooking)
508.23002,C places the slutted spatula o the counter top with his left hand.,spatula
516.74023,C picks the black container off the kitchen island with his right hand.,pan_(for_cooking)@@@@@kettle@@@@@pot@@@@@canister@@@@@colander@@@@@bucket@@@@@saucepan@@@@@sink@@@@@can@@@@@pan_(metal_container)@@@@@kitchen_sink@@@@@bowl
517.442,C passes the black pepper from his right hand to his left hand.,pepper
517.92416,C pours black pepper from its container into his right palm.,pepper
519.46279,C pours the black pepper in his right hand into the stainless bowl on the counter top.,pepper@@@@@bowl
520.42143,C places the black pepper in his left hand on the counter top with his left hand.,pepper
521.63885,C picks the slutted spatula on the counter top with his left hand.,spatula
522.34115,C holds the edge of the stainless bowl with his right hand.,bowl
522.34115,C stirs the onions and tomatoes in the skillet with the slutted spatula in his left hand.,spatula@@@@@pan_(for_cooking)
525.78342,C beats the slutted spatula at the edge of the stainless with his left hand.,spatula@@@@@pan_(for_cooking)
529.93679,C picks the skillet off the stove with his right hand.,pan_(for_cooking)@@@@@stove
530.37573,C shakes the skillet with in his right hand.,frying_pan
531.27564,C stirs the onions and tomatoes mixture in the skillet with the slutted spatula in his left hand.,spatula
533.97996,C places the skillet on the stove with his right hand.,pan_(for_cooking)@@@@@stove
537.97814,C picks the stainless bowl on the counter top with his right hand.,bowl
539.11127,C pours the eggs in the stainless bowl with his right hand.,egg@@@@@bowl
540.57264,C scrapes the eggs in the stainless bowl with the slutted spatula in his right hand.,spatula@@@@@bowl
549.85075,C places the bowl into the kitchen sink with his right hand.,sink@@@@@kitchen_sink@@@@@bowl
552.05602,C holds the skillet on the stove with his right hand.,pan_(for_cooking)@@@@@stove
552.30411,C adjusts the skillet on the stove with his right hand.,pan_(for_cooking)@@@@@stove
553.60492,C stirs the egg and tomatoes mixture in the skillet with the slutted spatula in his left hand.,spatula
556.54848,C holds the skillet on the stove with his right hand.,pan_(for_cooking)@@@@@stove
556.6619,C stirs the egg and tomatoes mixture in the skillet with the slutted spatula in his left hand.,spatula
583.58757,C beats the slutted spatula at the edge of the stainless with his left hand.,spatula@@@@@pan_(for_cooking)
584.05881,C adjusts the skillet on the stove with his right hand.,pan_(for_cooking)@@@@@stove
593.58848,C holds the skillet on the stove with his right hand.,pan_(for_cooking)@@@@@stove
593.64915,C stirs the egg and tomatoes mixture in the skillet with the slutted spatula in his left hand.,spatula
613.88853,C beats the slutted spatula at the edge of the stainless with his left hand.,spatula@@@@@pan_(for_cooking)
614.92497,C lifts the skillet off the stove with his right hand.,stove
618.40571,C places the skillet on the stove with his right hand.,pan_(for_cooking)@@@@@stove
618.94954,C stirs the egg and tomatoes mixture in the skillet with the slutted spatula in his left hand.,spatula
629.90633,C holds the skillet on the stove with his right hand.,pan_(for_cooking)@@@@@stove
630.21604,C stirs the egg and tomatoes mixture in the skillet with the slutted spatula in his left hand.,spatula
630.91801,C lifts the skillet off the stove with his right hand.,stove
631.53801,C places the skillet on the stove with his right hand.,pan_(for_cooking)@@@@@stove
631.89628,C beats the slutted spatula at the edge of the stainless with his left hand.,spatula@@@@@pan_(for_cooking)
632.32265,C adjusts the skillet on the stove with his right hand.,pan_(for_cooking)@@@@@stove
633.26021,C places the slutted spatula on the counter top with his left hand.,spatula
633.94616,C turns the knob with his right hand.,knob
641.26093,C picks a white plate from underneath the kitchen island with his left hand.,plate
642.11712,C holds the white plate with both hands.,plate
644.3159,C picks the skillet off the stove with his right hand.,pan_(for_cooking)@@@@@stove
644.64006,C places the white plate on the counter top with his left hand.,plate
645.15223,C picks the slutted spatula off the counter top with his left hand.,spatula
645.91768,C serves the scrambled eggs into the white plate from the skillet with the slutted spatula in his left hand.,spatula@@@@@plate
650.73553,C adjusts the scrambled eggs in the white plate with the spatula in his left hand.,spatula@@@@@plate
654.68123,C places the slutted spatula in his left hand into the skillet.,spatula@@@@@pan_(for_cooking)
657.35114,C moves the stainless bowl in the kitchen sink with his right hand.,sink@@@@@kitchen_sink@@@@@bowl
657.84115,C places the skillet in the kitchen sink with his left hand.,pan_(for_cooking)@@@@@sink@@@@@kitchen_sink
660.07691,C picks the white plate off the counter top with both hands.,plate
661.98708,C places the white plate of scrambled eggs on the kitchen island with his hands.,plate@@@@@kitchen_table
