timestamp,narration,object
7.381,C touches a white plate in the kitchen cabinet with his right hand.,cabinet@@@@@plate
21.245,C picks an egg from the crates of eggs on the countertop with his left hand.,egg
22.33193,C picks an egg from the crates of eggs on the countertop with his left hand.,egg
24.758,C places the egg in his left hand on the countertop.,egg
24.758,C places the egg in his right hand on the countertop.,egg
28.36748,C picks the plastic bowl on the countertop with his left hand.,bowl
29.394,C picks a plastic cup from the plastic bowl with his right hand.,cup@@@@@bowl
29.856,C picks the flat beater from the plastic bowl with his left hand.,bowl@@@@@spoon
30.743,C places the plastic cup on the countertop with his right hand.,cup
30.765,C places the flat beater on the countertop with his left hand.,spatula@@@@@kitchen_table@@@@@ladle
31.186,C picks the plastic bowl on the countertop with his left hand.,bowl
32.78567,C places the plastic bowl on the countertop with his left hand.,bowl
33.018,C picks an egg from the countertop with his right hand.,egg
33.69,C cracks an egg on the countertop with his right hand.,egg
36.866,C pours egg yolk into the plastic bowl on the countertop with both hands.,bowl@@@@@egg
40.36188,C passes the eggshell in his right hand to his left hand.,seashell
41.11785,C picks the egg on the countertop with his right hand.,egg
41.612,C places the eggshell on the kitchen towel on the countertop with his left hand.,hand_towel@@@@@towel@@@@@egg
42.726,C cracks the egg on the countertop with his right hand.,egg
43.537,C pours egg yolk into the plastic bowl on the countertop with both hands.,bowl@@@@@egg
48.774,C passes the eggshell in his left hand to his right hand.,seashell
49.974,C picks the eggshell on the kitchen towel on the countertop with his left hand.,hand_towel@@@@@towel@@@@@egg
51.142,C passes the eggshell in his left hand to his right hand.,seashell
51.976,C disposes of the eggshells in his right hand in the waste bin.,can@@@@@trash_can@@@@@egg
55.33994,C pours curry into the plastic bowl on the countertop with his right hand.,can@@@@@bowl@@@@@spoon
62.655,C picks the fork on the towel on the countertop with his left hand.,fork@@@@@towel
64.36867,C picks the plastic bowl on the countertop with his left hand.,bowl
64.47402,C whisks the egg in the plastic bowl with the fork in his right hand.,bowl@@@@@fork@@@@@egg
109.72767,C places the plastic bowl on the countertop with his left hand.,bowl
110.29167,C picks the plastic bowl on the countertop with his left hand.,bowl
119.00633,C places the plastic bowl on the countertop with his left hand.,bowl
122.66014,C touches the kitchen stove knob with his right hand.,stove@@@@@knob
124.89141,C adjusts the kitchen stove knob with his right hand.,stove@@@@@knob
127.89442,C ignites the kitchen stove with the lighter in his left hand.,stove
132.97589,C picks the skillet in the kitchen cabinet with his left hand.,frying_pan@@@@@cabinet
134.11406,C places the skillet on the kitchen stove with his left hand.,stove@@@@@pan_(for_cooking)
136.65379,C picks a vegetable oil container from the countertop with his left hand.,bottle
137.20743,C passes the vegetable oil container in his left hand to his right hand.,bottle
137.5153,C opens the vegetable oil container lid with his left hand.,pen@@@@@can@@@@@can_opener
139.72206,C pours vegetable oil into the skillet on the kitchen stove with his right hand.,stove@@@@@pan_(for_cooking)
146.77781,C places the vegetable oil container on the countertop with his right hand.,bottle
147.92795,C picks the skillet on the kitchen stove with his left hand.,stove@@@@@pan_(for_cooking)
148.51144,C lifts the skillet on the kitchen stove with his right hand.,stove
148.51248,C tilts the skillet on the kitchen stove with his right hand.,stove@@@@@frying_pan
148.54477,C lifts the skillet on the kitchen stove with his right hand.,stove
148.711,C tilts the skillet sideways with his right hand to allow the vegetable oil spread around the edges of the skillet.,pan_(for_cooking)
166.05951,C picks a plastic spatula from the spoon rack with his left hand.,spatula@@@@@spoon
166.7099,C passes the plastic spatula in his left hand to his right hand.,spatula
167.15712,C picks a wooden spatula from the spoon rack with his left hand.,spatula@@@@@spoon
168.82387,C places the wooden spatula on the kitchen island with his left hand.,spatula
168.86733,C places the plastic spatula on the kitchen stove with his right hand.,stove@@@@@spatula
172.355,C picks the skillet on the kitchen stove with his right hand.,stove@@@@@pan_(for_cooking)
172.85115,C tilts the skillet sideways with his right hand to allow the vegetable oil to spread around the edges of the skillet.,pan_(for_cooking)
178.72938,C places the skillet on the kitchen stove with his right hand.,stove@@@@@pan_(for_cooking)
188.95098,C picks the chopping board from the kitchen cabinet with his left hand.,chopping_board@@@@@cabinet
189.9291,C passes the chopping board in his left hand to his right hand.,chopping_board
190.96667,C places the chopping board on the kitchen island with both hands.,chopping_board
192.16238,C picks a tomato from the kitchen island with his left hand.,tomato
194.78654,C places the tomato on his left on the countertop.,tomato
195.58499,C picks a knife from the countertop with his right hand.,knife
195.73732,C picks a tomato on the countertop with his left hand.,tomato
195.75725,C picks a tomato from the kitchen island with his left hand.,tomato
197.201,C places the knife on the crate of eggs with his right hand.,knife@@@@@egg
198.18754,C passes the tomato in his left hand to his right hand.,tomato
198.65749,C picks the tomato on the countertop with his left hand.,tomato
199.40795,C picks the knife on the crate of eggs with his right hand.,knife@@@@@egg
200.65634,C places the tomato on the chopping board with his left hand.,chopping_board@@@@@tomato
202.57449,C slices the tomato on the chopping board with the knife in his right hand.,chopping_board@@@@@tomato@@@@@knife
209.93446,C slices the tomato on the chopping board with the knife in his right hand.,chopping_board@@@@@tomato@@@@@knife
219.4,C picks the skillet on the kitchen stove with his right hand.,stove@@@@@pan_(for_cooking)
219.777,C tilts the skillet sideways with his right hand to allow the vegetable oil to spread around the edges of the skillet.,pan_(for_cooking)
221.402,C holds the skillet handle on the kitchen stove with both hands.,stove@@@@@handle
222.33906,C adjusts the kitchen stove knob with his right hand.,stove@@@@@knob
222.98248,C lifts the skillet on the kitchen stove with his left hand.,stove@@@@@pan_(for_cooking)
229.401,C places the skillet on the kitchen stove burner with his left hand.,stove@@@@@pan_(for_cooking)
230.47068,C picks the lighter on the kitchen stove with his right hand.,stove
231.243,C ignites the kitchen stove with the lighter in his left hand.,stove
231.38251,C adjusts the kitchen stove knob with his right hand.,stove@@@@@knob
236.23067,C picks the skillet on the kitchen stove with his left hand.,stove@@@@@pan_(for_cooking)
237.45362,C tilts the skillet sideways with his right hand on the kitchen stove.,stove@@@@@frying_pan
240.09636,C places the skillet on the kitchen stove with his left hand.,stove@@@@@pan_(for_cooking)
241.988,C picks the plastic bowl on the kitchen island with his left hand.,bowl
242.136,C whisks the eggs in the plastic bowl with the fork in his right hand.,bowl@@@@@fork
255.83261,C picks the skillet on the kitchen stove with his left hand.,stove@@@@@pan_(for_cooking)
257.20342,C tilts the skillet sideways with his left hand to allow the vegetable oil to spread around the edges of the skillet.,pan_(for_cooking)
258.745,C pours egg from the plastic bowl into the vegetable oil in the skillet with his right hand.,bowl@@@@@egg
276.49071,C places the emptied plastic bowl on the kitchen island with his right hand.,bowl
276.75199,C places his left hand on the tomato on the chopping board.,chopping_board@@@@@tomato
277.29946,C picks the knife on the chopping board with his right hand.,chopping_board@@@@@knife
277.53899,C picks the sliced tomato on the chopping board with his left hand.,chopping_board@@@@@tomato
278.387,C places the sliced tomato on the chopping board with his left hand.,chopping_board@@@@@tomato
280.02233,C picks the sliced tomato on the chopping board with his left hand.,chopping_board@@@@@tomato
280.69638,C moves the sliced tomato on the chopping board with his left hand.,chopping_board@@@@@tomato
281.58,C cuts the sliced tomato on the countertop with the knife in his right hand.,tomato@@@@@knife
289.67647,C places the sliced tomato on the chopping board with the knife in his right hand.,chopping_board@@@@@tomato@@@@@knife
290.78714,C places the knife on the chopping board with his right hand.,chopping_board@@@@@knife
294.68903,C adjusts the kitchen stove knob with his right hand.,stove@@@@@knob
299.30639,C picks a white bowl from the kitchen cabinet with his right hand.,bowl@@@@@cabinet
299.66994,C picks a flat plate from the kitchen cabinet with his left hand.,cabinet@@@@@plate
302.65949,C moves the spatula on the kitchen island with his left hand.,spatula
303.60177,C places the flat plate on the countertop with his right hand.,plate
305.59228,C places right hand on the knife on the chopping board.,chopping_board@@@@@knife
305.725,C moves the chopping board on the countertop with both hands.,chopping_board
306.67,C moves the flat plate on the countertop with his left hand.,plate
312.88388,C adjusts the kitchen stove knob with his right hand.,stove@@@@@knob
354.24782,C places his left hand on the skillet on the kitchen stove.,stove@@@@@frying_pan
360.25111,C places his right hand on the skillet on the kitchen stove,stove@@@@@frying_pan
371.81741,C picks the skillet on the kitchen stove with his right hand.,stove@@@@@pan_(for_cooking)
378.74553,C places the skillet on the kitchen stove with his right hand.,stove@@@@@pan_(for_cooking)
387.25251,C picks the plastic spatula on the kitchen island with his right hand.,spatula
388.89835,C places his left hand on the skillet on the kitchen stove.,stove@@@@@frying_pan
389.249,C lifts the edges of the fried eggs in the skillet with the spatula in his right hand.,spatula@@@@@frying_pan
399.032,C hits the edges of the skillet on the countertop with the spatula in his right hand.,spatula@@@@@frying_pan
401.17269,C places the plastic spatula on the countertop with his right hand.,spatula
403.81032,C picks the spatula on the countertop with his right hand.,spatula
404.65597,C holds the skillet on the countertop with his left hand.,pan_(for_cooking)
405.473,C lifts the edges of the fried eggs in the skillet with the spatula in his right hand.,spatula@@@@@frying_pan
411.53043,C passes the spatula in his right hand to his left hand.,spatula
412.36518,C picks the wooden spatula on the countertop with his right hand.,spatula
414.17631,C holds the skillet on the kitchen stove with his left hand.,stove@@@@@pan_(for_cooking)
414.376,C lifts the edges of the fried eggs in the skillet with the wooden spatula in his right hand.,spatula@@@@@egg
416.94958,C places the wooden spatula on the countertop with his right hand.,spatula
417.61184,C passes the plastic spatula in his left hand to his right hand.,spatula
418.321,C lifts the fried egg in the skillet with the plastic spatula in his right hand.,spatula@@@@@egg
452.94869,C picks the the wooden spatula on the countertop with his right hand.,spatula
453.948,C lifts the fried egg in the skillet with the plastic spatula in his right hand.,spatula@@@@@egg
466.53451,C picks the wooden spatula on the countertop with his right hand.,spatula
472.23475,C places the wooden spatula on the countertop with his right hand.,spatula
472.61626,C holds the plastic spatula in the skillet with his right hand.,spatula@@@@@frying_pan
474.89965,C passes the spatula in his right hand to his left hand.,spatula
475.64689,C picks the wooden spatula from the countertop with his right hand.,spatula
476.7459,C sways the fried eggs in the skillet with the wooden spatula in his right hand.,spatula@@@@@frying_pan
488.308,C sways the skillet sideways with the spatula in his right hand.,spatula@@@@@frying_pan
488.4061,C passes the plastic spatula in his left hand to his right hand.,spatula
488.84913,C holds the skillet handle with his left hand.,handle
489.17767,C sways the fried eggs in the skillet with spatula in his right hand.,spatula@@@@@frying_pan
490.88455,C picks the skillet on the kitchen stove with his left hand.,stove@@@@@pan_(for_cooking)
492.74784,C places the spatula on the countertop with his right hand.,spatula
493.7859,C sways the egg in the skillet with his right hand.,pan_(for_cooking)@@@@@egg
496.80875,C holds the skillet handle with his right hand.,pan_(for_cooking)@@@@@handle
497.33932,C sways the fried egg in the skillet with his right hand.,pan_(for_cooking)@@@@@egg
500.14902,C picks the wooden spatula on the countertop with his right hand.,spatula
501.6375,C flips the fried egg in the skillet with the plastic spatula in his right hand.,spatula@@@@@frying_pan@@@@@egg
509.349,C passes the plastic spatula in his left hand to his right hand.,spatula
529.11871,C spreads the fried eggs on the skillet with the plastic spatula in his right hand.,spatula@@@@@frying_pan
534.79096,C places the plastic spatula on the countertop with his right hand.,spatula
540.02646,C places the cheese on the fried eggs in the skillet with both hands.,pan_(for_cooking)@@@@@egg
547.59909,C picks sliced tomato on the chopping board with his left hand.,chopping_board@@@@@tomato
547.9032,C picks sliced tomato on the chopping board with his right hand.,chopping_board@@@@@tomato
550.13335,C places the sliced tomato on the cheese in the skillet with his left hand.,tomato
552.86729,C places the sliced tomato on the cheese in the skillet with his right hand.,pan_(for_cooking)@@@@@tomato
554.33186,C picks the plastic spatula on the countertop with his right hand.,spatula
555.90249,C flips the egg in the skillet with the plastic spatula in his right hand.,spatula@@@@@egg
556.205,C holds the skillet on the kitchen stove with his left hand.,stove@@@@@pan_(for_cooking)
564.03358,C presses the omelet into the skillet with the plastic spatula in his right hand.,omelet@@@@@spatula@@@@@frying_pan
566.70658,C adjust the edge of the omelet in the skillet with his left hand,omelet@@@@@frying_pan
573.90251,C places the plastic spatula on the countertop with his right hand.,spatula
575.06585,C cleans both hands on the kitchen napkin on the countertop.,napkin
578.29781,C picks the plastic spatula on the countertop with his right hand.,spatula
578.82578,C holds the skillet on the kitchen stove with his left hand.,stove@@@@@pan_(for_cooking)
579.7518,C presses the omelet into the skillet with the plastic spatula in his right hand.,omelet@@@@@spatula@@@@@frying_pan
584.17674,C places the plastic spatula on the countertop with his right hand.,spatula
589.63405,C grabs the skillet on the kitchen stove with his left hand.,stove@@@@@pan_(for_cooking)
589.63405,C grabs the spatula on the kitchen stove with his left hand.,stove@@@@@spatula
590.60085,C flips the omelet in the skillet with the plastic spatula.,omelet@@@@@spatula@@@@@frying_pan
596.24968,C holds the edge of the omelet in the skillet with his left hand.,omelet@@@@@frying_pan
600.77709,C presses the spatula in his right hand on the skillet on the kitchen stove.,spatula@@@@@frying_pan
603.51025,C places the plastic spatula on the countertop with his right hand,spatula
604.7127,C cleans both hands on the kitchen napkin on the countertop.,napkin
607.30135,C adjusts the kitchen stove knob with his right hand.,stove@@@@@knob
612.32913,C picks the tomato on the chopping board with his left hand.,chopping_board@@@@@tomato
612.62913,C picks the sliced tomato on the chopping board with his right hand.,chopping_board@@@@@tomato
613.42977,C returns sliced tomato on the kitchen island with both hands,sink@@@@@kitchen_sink@@@@@can@@@@@kitchen_table@@@@@tomato
614.3668,C picks the plastic bowl on the kitchen island with both hands.,bowl
615.72507,C drops the plastic bowl on the countertop with his right hand.,bowl
621.9426,C adds curry to the omelet in the skillet with his right hand.,omelet
629.31802,C sprinkles curry grains on the omelet on the skillet on the kitchen stove.,stove@@@@@omelet
633.74472,C dusts curry grains from both hands into the white bowl on the kitchen island.,bowl
639.0232,C moves the knife on the chopping board with his right hand.,chopping_board@@@@@knife
639.1232,C moves the chopping board on the kitchen island with his left hand.,chopping_board
639.94706,C moves the flat plate on the kitchen island with his right hand.,plate
640.34749,C moves the chopping board on the kitchen island with his left hand.,chopping_board
642.5715,C moves the chopping board on the kitchen island with his left hand.,chopping_board
645.14823,C picks the plastic spatula on the countertop with his right hand.,spatula
645.40687,C holds the skillet on the kitchen stove with his left hand.,stove@@@@@pan_(for_cooking)
646.23234,C serves the omelet in the flat plate on the kitchen island with the spatula in his right hand.,omelet@@@@@spatula@@@@@plate
654.60289,C scrubs the skillet gently with the spatula in his right hand.,spatula@@@@@frying_pan
657.50091,C places the skillet on the kitchen stove with his left hand.,stove@@@@@pan_(for_cooking)
658.1908,C adjusts the kitchen stove knob with his right hand.,stove@@@@@knob
662.85069,C picks the flat plate with the served omelet on the countertop with both hands.,omelet@@@@@plate
665.05508,C places the flat plate with the omelet on the kitchen island with both hands.,plate
674.47243,The woman X moves the white plate with the served omelet from the kitchen island with both hands.,omelet@@@@@plate
676.84586,C picks the knife on the kitchen island with his right hand.,knife
677.54953,C picks the chopping board on the kitchen island with both hands.,chopping_board
7.52485,C adjusts a soup bowl in the cabinet with his left hand.,bowl@@@@@cabinet
21.33817,C picks eggs from the tray on the kitchen countertop with his left hand.,tray@@@@@egg
23.954,C passes an egg from his left hand to his right hand.,person@@@@@egg
24.51641,C places the eggs on the kitchen countertop with both hands.,kitchen_table@@@@@egg
28.36878,C picks a bowl from the kitchen countertop with his left hand.,bowl
29.30369,C places the bowl on the kitchen countertop with his left hand.,bowl@@@@@kitchen_table
29.307,C picks a small bowl from the bowl with his right hand.,bowl
29.83159,C picks a holder from the bowl with his left hand.,bowl
30.73012,C places the holder and the small bowl on the kitchen countertop with both hands.,sink@@@@@kitchen_sink@@@@@bowl
31.22981,C picks the bowl from the kitchen countertop with his left hand.,bowl
32.32038,C places the bowl on the kitchen countertop with his left hand.,bowl@@@@@kitchen_table
32.94405,C picks an egg from the kitchen countertop with his right hand.,sink@@@@@kitchen_sink@@@@@kitchen_table@@@@@egg
33.66392,C hits the egg at the edge of the kitchen countertop with his right hand.,egg
36.11049,C pours the egg into the bowl on the kitchen countertop with both hands.,bowl@@@@@egg
40.81808,C passes the shell in his right hand to his left hand.,seashell
41.108,C picks an egg from the kitchen countertop with his right hand.,sink@@@@@kitchen_sink@@@@@kitchen_table@@@@@egg
41.36895,C places the egg shell on the kitchen countertop with his left hand.,sink@@@@@kitchen_sink@@@@@egg
42.16114,C hits the egg on the kitchen countertop with his right hand.,egg
45.3281,C pours the egg into the bowl on the kitchen countertop with both hands.,bowl@@@@@egg
48.83673,C passes the shell in his left hand to his right hand.,seashell
49.87972,C picks the egg shell from the kitchen countertop with his left hand.,seashell@@@@@egg
50.81833,C passes the shell in his left hand to his right hand.,seashell
51.9129,C places the egg shell in the trash can with his right hand.,can@@@@@trash_can@@@@@egg
53.30273,C picks a salt container from the kitchen countertop with his left hand.,saltshaker@@@@@kitchen_table
53.95112,C opens the salt container lid with his left hand.,saltshaker@@@@@can@@@@@canister
55.47057,C pours the salt into the bowl on the kitchen countertop with his right hand.,saltshaker@@@@@bowl
59.14459,C closes the salt container with the lid in his left hand.,saltshaker
60.31467,C places the salt container on the kitchen countertop with his right hand.,saltshaker@@@@@kitchen_table
62.89957,C picks a fork from the kitchen countertop with his left hand.,fork
63.60373,C passes the fork from his left hand to his right hand.,fork
64.50878,C whisks the egg in the bowl with the fork in his right hand.,bowl@@@@@fork@@@@@egg
125.13942,C turns the knob of the gas cooker with his right hand.,stove@@@@@knob
129.57886,C adjusts the knob of the gas cooker with his right hand.,stove@@@@@knob
133.0312,C picks a frying pan from the cabinet with his left hand.,frying_pan@@@@@cabinet
134.16964,C places the frying pan on the gas cooker with his left hand.,stove@@@@@frying_pan
137.66413,C opens the cap of the groundnut oil with his left hand.,pen@@@@@bottle@@@@@bottle_opener
139.74937,C pours the groundnut oil into the frying pan on the gas cooker with his right hand.,frying_pan
144.99811,C closes the groundnut oil with the cap in his left hand.,bottle@@@@@bottle_cap
146.81129,C places the groundnut oil on the kitchen countertop with his right hand.,bottle@@@@@kitchen_table
148.1108,C passes the frying pan holder from his left hand to his right hand.,frying_pan
148.55948,C tilts the frying pan with his right hand.,frying_pan
160.942,C places the frying pan on the gas cooker with his right hand.,stove@@@@@frying_pan
166.0382,C picks a spatula from the cabinet with his left hand.,spatula@@@@@cabinet
166.74607,C passes the spatula from his left hand to his right hand.,spatula
167.2079,C picks a wooden spatula from the cabinet with his left hand.,spatula@@@@@cabinet
168.85195,C places the spatulas on the kitchen countertop with both hands.,spatula
172.68845,C tilts the frying pan with his right hand.,frying_pan
178.38467,C places the frying pan on the gas cooker with his right hand.,stove@@@@@frying_pan
188.96015,C picks chopping board from the cabinet with his left hand.,chopping_board@@@@@cabinet
191.18287,C places the chopping board on the kitchen countertop with both hands.,chopping_board
193.02526,C picks a tomato from the net on the kitchen countertop with his left hand.,tomato
194.55564,C places the tomato in the net with his left hand.,tomato
195.64577,C picks a knife from the kitchen countertop with his right hand.,knife
196.23762,C picks a tomato from the net on the kitchen countertop with his left hand.,tomato
197.12503,C places the knife on the egg tray with his right hand.,tray@@@@@knife
199.466,C picks the knife from the egg tray with his right hand.,knife@@@@@egg
200.7015,C places the tomato on the chopping board with his left hand.,chopping_board@@@@@tomato
202.56987,C slices the tomato on the chopping board with the knife in his right hand.,chopping_board@@@@@tomato@@@@@knife
218.22438,C places the knife on the chopping board with his right hand.,chopping_board@@@@@knife
219.46505,C tilts the frying pan with his right hand.,frying_pan
221.60982,C places the frying pan on the gas cooker with both hands.,stove@@@@@frying_pan
222.49817,C turns the knob of the gas cooker with his right hand.,stove@@@@@knob
223.39384,C picks the frying pan from the gas cooker with his left hand.,frying_pan
229.41599,C places the frying pan on the gas cooker with his left hand.,stove@@@@@frying_pan
231.79073,C turns the knob of the gas cooker with his right hand.,stove@@@@@knob
234.12764,C adjusts the knob of the gas cooker with his right hand.,stove@@@@@knob
236.39454,C picks the frying pan from the gas cooker with his left hand.,frying_pan
237.42663,C tilts the frying pan with his left hand.,frying_pan
238.44025,C places the frying pan on the gas cooker with his left hand.,stove@@@@@frying_pan
242.31287,C picks the bowl from the kitchen countertop with his left hand.,bowl
242.31287,C whisks the egg in the bowl with the fork in his right hand.,bowl@@@@@fork@@@@@egg
255.14816,C passes the bowl from his left hand to his right hand.,bowl
255.89654,C tilts the frying pan with his left hand.,frying_pan
257.90093,C places the frying pan on the gas cooker with his left hand.,stove@@@@@frying_pan
259.203,C pours the egg into the frying pan on the gas cooker with his right hand.,frying_pan@@@@@egg
265.32516,C adjusts the knob of the gas cooker with his left hand.,knob
276.61192,C places the bowl on the kitchen countertop with his right hand.,bowl@@@@@kitchen_table
277.45239,C picks the knife from the chopping board with his right hand.,chopping_board@@@@@knife
277.90998,C adjusts the tomatoes on the chopping board with his left hand.,chopping_board@@@@@tomato
280.26256,C adjusts the tomato on the chopping board with his left hand.,chopping_board@@@@@tomato
285.95964,C slices the tomato on the chopping board with the knife in his right hand.,chopping_board@@@@@tomato@@@@@knife
289.2592,C picks the tomato from the knife with his left hand.,tomato@@@@@knife
290.02115,C places the tomato on the chopping board with his left hand.,chopping_board@@@@@tomato
290.7743,C places the knife on the chopping board with his right hand.,chopping_board@@@@@knife
293.19468,C adjusts the camera on his head with both hands.,camera
294.84172,C adjusts the knob of the gas cooker with his right hand.,stove@@@@@knob
299.39956,C lifts the soup bowl from the plates with his right hand.,bowl@@@@@plate
299.79548,C picks a plate from the cabinet with his left hand.,cabinet@@@@@plate
300.43182,C places the soup bowl on the plate with his right hand.,bowl@@@@@plate
301.83978,C passes the plate from his left hand to his right hand.,plate
302.7031,C adjusts the spatulas on the kitchen countertop with his left hand.,spatula
303.26018,C places the plate on the kitchen countertop with his right hand.,kitchen_table@@@@@plate
305.63124,C adjusts the chopping board on the kitchen countertop with both hands.,chopping_board
306.95881,C adjusts the plate on the kitchen countertop with his left hand.,plate
308.04724,C adjusts the chopping board on the kitchen countertop with both hands.,chopping_board
313.16027,C adjusts the knob of the gas cooker with his right hand.,stove@@@@@knob
349.35229,C picks a big frying pan from the cabinet with his right hand.,pan_(for_cooking)@@@@@cabinet
353.02302,C covers the frying pan on the gas cooker with the big frying pan in his right hand.,frying_pan
372.58214,C opens the frying pan with his right hand.,pan_(for_cooking)@@@@@frying_pan
378.72748,C places the frying pan on the gas cooker with his right hand.,stove@@@@@frying_pan
387.28856,C picks the spatula from the kitchen countertop with his right hand.,spatula
389.46923,C adjusts the egg in the frying pan with the spatula in his right hand.,spatula@@@@@frying_pan@@@@@egg
401.15369,C places the spatula on the kitchen countertop with his right hand.,spatula
404.56189,C picks the spatula from the kitchen countertop with his right hand.,spatula
405.73623,C adjusts the egg in the frying pan with the spatula in his right hand.,spatula@@@@@frying_pan@@@@@egg
411.42878,C passes the spatula from his right hand to his left hand.,spatula
412.53843,C picks the wooden spatula from the kitchen countertop with his right hand.,spatula
414.94087,C adjusts the egg in the frying pan with the wooden spatula in his right hand.,spatula@@@@@egg
416.98548,C places the wooden spatula on the kitchen countertop with his right hand.,spatula@@@@@kitchen_table
417.61366,C passes the spatula from his left hand to his right hand.,spatula
419.24578,C adjusts the egg in the frying pan with the spatula in his right hand.,spatula@@@@@frying_pan@@@@@egg
466.71254,C picks the wooden spatula from the kitchen countertop with his right hand.,spatula
468.37887,C adjusts the frying pan on the gas cooker with his left hand.,stove@@@@@pan_(for_cooking)
472.1748,C places the wooden spatula on the kitchen countertop with his right hand.,spatula@@@@@kitchen_table
472.90142,C picks the egg in the frying pan with the spatula in his right hand.,spatula@@@@@egg
474.78135,C passes the spatula from his right hand to his left hand.,spatula
475.81016,C picks the wooden spatula from the kitchen countertop with his right hand.,spatula
477.32609,C picks the egg in the frying pan with the wooden spatula in his right hand.,spatula@@@@@egg
482.57909,C picks the egg in the frying pan with the spatula in his left hand.,spatula@@@@@egg
486.19295,C places the egg in the frying pan with the spatulas in his hands.,spatula@@@@@frying_pan@@@@@egg
488.70202,C holds the spatulas with his right hand.,spatula
489.32621,C picks the egg in the frying pan with the spatulas in his right hand.,spatula@@@@@frying_pan@@@@@egg
490.45389,C picks the frying pan from the gas cooker with his left hand.,frying_pan
491.47701,C places the egg in the frying pan with the spatulas in his hands.,spatula@@@@@frying_pan@@@@@egg
491.87706,C shakes the frying pan with his left hand.,frying_pan
492.5255,C places the spatulas on the kitchen countertop with his right hand.,spatula
492.90243,C places the frying pan on the gas cooker with his left hand.,stove@@@@@frying_pan
493.30651,C passes the frying pan handle from his left hand to his right hand.,frying_pan
493.68719,C picks the frying pan from the gas cooker with his right hand.,frying_pan
493.78719,C shakes the frying pan with his right hand.,frying_pan
496.10516,C places the frying pan on the gas cooker with his right hand.,stove@@@@@frying_pan
497.007,C picks the frying pan from the gas cooker with his right hand.,frying_pan
497.107,C shakes the frying pan with his right hand.,frying_pan
499.44331,C places the frying pan on the gas cooker with his right hand.,stove@@@@@frying_pan
500.9751,C picks the spatula from the kitchen countertop with his right hand.,spatula
503.18638,C picks the egg from the frying pan with the spatula in his right hand.,spatula@@@@@egg
507.03767,C flips the egg into the frying pan with the spatula in his right hand.,spatula@@@@@frying_pan@@@@@egg
509.19407,C passes the spatula from his right hand to his left hand.,spatula
509.80902,C passes the spatula from his left hand to his right hand.,spatula
513.48423,C adjusts the egg in the frying pan with his left hand.,frying_pan@@@@@egg
519.88862,C picks the egg from the frying pan with the spatula in his right hand.,spatula@@@@@egg
522.53372,C holds the egg in the frying pan with his left hand.,frying_pan@@@@@egg
523.95084,C adjusts the egg in the frying pan with the spatula in his right hand.,spatula@@@@@frying_pan@@@@@egg
525.794,C picks the frying pan from the gas cooker with his left hand.,frying_pan
526.23409,C picks the egg in the frying pan with the spatula in his right hand.,spatula@@@@@egg
527.55358,C flips the egg into the frying pan with the spatula in his right hand.,spatula@@@@@frying_pan@@@@@egg
528.2529,C adjusts the egg in the frying pan with the spatula in his right hand.,spatula@@@@@frying_pan@@@@@egg
531.787,C places the frying pan on the gas cooker with his left hand.,stove@@@@@frying_pan
534.92213,C places the spatula on the kitchen countertop with his right hand.,spatula
540.13153,C places the cheese on the egg in the frying pan with both hands.,pan_(for_cooking)@@@@@egg
546.08238,C places the cheese on the egg in the frying pan with both hands.,pan_(for_cooking)@@@@@egg
547.95716,C picks tomato from the chopping board with both hands.,chopping_board@@@@@tomato
550.25337,C places the tomato on the egg in the frying pan with his left hand.,frying_pan@@@@@tomato@@@@@egg
553.00905,C places the tomato on the egg in the frying pan with his right hand.,tomato@@@@@egg
553.76038,C places the tomato on the egg in the frying pan with both hands.,frying_pan@@@@@tomato@@@@@egg
554.32358,C picks the spatula from the kitchen countertop with his right hand.,spatula
557.0921,C picks the omelet from the frying pan with the spatula in his right hand.,omelet@@@@@spatula@@@@@frying_pan
559.67039,C holds the omelet with his left hand.,omelet
560.89387,C folds the omelet in the frying pan with the spatula in his right hand,omelet@@@@@spatula@@@@@frying_pan
562.35422,C holds the omelet with his left hand.,omelet
563.95668,C adjusts the omelet in the frying pan with the spatula in his right hand.,omelet@@@@@spatula@@@@@frying_pan
567.17594,C adjusts the omelet in the frying pan with his left hand.,omelet
570.24051,C presses the omelet in the frying pan with the spatula in his right hand.,omelet@@@@@spatula
573.83376,C places the spatula on the kitchen countertop with his right hand.,spatula
575.17793,C wipes his hands with a napkin on the kitchen countertop.,sink@@@@@kitchen_sink@@@@@can@@@@@kitchen_table@@@@@napkin
578.43359,C picks the spatula from the kitchen countertop with his right hand.,spatula
579.77047,C presses the omelet in the frying pan with the spatula in his right hand.,omelet@@@@@spatula
584.22816,C places the spatula on the kitchen countertop with his right hand.,spatula
589.85701,C picks the spatula from the kitchen countertop with his right hand.,spatula
592.08038,C picks the omelet from the frying pan with the spatula in his right hand.,omelet@@@@@spatula@@@@@frying_pan
596.40843,C adjusts the omelet on the spatula with his left hand.,omelet@@@@@spatula
599.52103,C flips the omelet into the frying pan with the spatula in his right hand.,omelet@@@@@spatula@@@@@frying_pan
600.87585,C adjusts the omelet in the frying pan with the spatula in his right hand.,omelet@@@@@spatula@@@@@frying_pan
603.44409,C places the spatula on the kitchen countertop with his right hand.,spatula
604.67447,C wipes his hands with the napkin on the kitchen countertop.,napkin
607.3799,C adjusts the knob of the gas cooker with his right hand.,stove@@@@@knob
612.46808,C picks the tomato from the chopping board with both hands.,chopping_board@@@@@tomato
613.41245,C places the tomato on the net with both hands.,tomato
614.47748,C picks the bowl from the kitchen countertop with both hands.,bowl
615.33925,C places the bowl on the kitchen countertop with his right hand.,bowl@@@@@kitchen_table
616.066,C adjusts the wrap on the kitchen countertop with his right hand.,kitchen_table@@@@@plastic_bag
617.18288,C picks a black pepper powder sachet from the kitchen countertop with both hands.,pepper
622.00303,C pours the black pepper into the omelet with his right hand.,omelet@@@@@pepper
623.57656,C pours the black pepper into his left palm with his right hand.,pepper
626.5344,C places the black pepper powder sachet on the kitchen countertop with his right hand.,kitchen_table@@@@@condiment
628.17514,C pinch black pepper with his right hand from his left palm.,pepper
629.10273,C sprinkles the black pepper into the omelet in the frying pan with his right hand.,frying_pan@@@@@pepper
633.75546,C pours the black pepper in his left palm into the bowl on the kitchen countertop.,bowl@@@@@pepper
636.53825,C places the black pepper powder sachet on the kitchen countertop with both hands.,kitchen_table@@@@@condiment
639.37837,C adjusts the knife from the chopping board to the kitchen countertop with his right hand.,chopping_board@@@@@knife
640.11163,C adjusts the chopping board on the kitchen countertop with his right hand.,chopping_board
641.19271,C picks the plate from the kitchen countertop with his left hand.,plate
642.47356,C adjusts the chopping board on the kitchen countertop with his left hand.,chopping_board
642.64528,C places the plate on the kitchen countertop with his right hand.,kitchen_table@@@@@plate
645.2003,C picks the spatula from the kitchen countertop with his right hand.,spatula
646.721,C picks the frying pan from the gas cooker with his left hand.,frying_pan
650.13447,C picks the omelet from the frying pan with the spatula in his right hand.,omelet@@@@@spatula@@@@@frying_pan
652.28967,C places the omelet on the plate with the spatula in his right hand.,omelet@@@@@spatula@@@@@plate
655.87117,C scrapes the omelet in the frying pan with the spatula in his right hand.,omelet@@@@@spatula@@@@@frying_pan
656.7423,C places the spatula in the frying pan with his right hand.,spatula
657.45454,C places the frying pan on the gas cooker with his left hand.,stove@@@@@frying_pan
658.10058,C adjusts the knob of the gas cooker with his right hand.,stove@@@@@knob
659.95707,C turns the knob of the gas cooker with his right hand.,stove@@@@@knob
663.08649,C picks the plate of the omelet from the kitchen countertop with both hands.,omelet@@@@@plate
664.67509,C places the plate of the omelet on the table with both hands.,omelet@@@@@plate
674.82317,The woman X adjust the plate of omelet on the table with both hands.,omelet@@@@@plate
676.8039,C picks the knife from the kitchen countertop with his right hand.,knife
677.66931,C picks the chopping board from the kitchen countertop with both hands.,chopping_board
679.41339,C places the knife in his right hand on the chopping board.,chopping_board@@@@@knife
