timestamp,narration,object
2.5,C picks the stainless cup from the countertop with his left hand.,cup@@@@@kitchen_table
3.18581,C moves the milk pack on the countertop with his right hand.,can@@@@@milk_can
3.49493,C drops the stainless cup on the countertop with his left hand.,cup
4.16397,C opens the milk pack on the countertop with his left hand.,can@@@@@milk_can
4.53005,C opens the milk pack on the countertop with his right hand.,can@@@@@milk_can
4.91373,C picks the milk from the milk pack with his left hand.,can@@@@@milk_can
5.87614,C holds the milk with both hands.,can@@@@@milk_can
12.691,C picks a scissors from the tray on the countertop with his left hand.,tray@@@@@scissors
15.38,C places the scissors on the countertop with his left hand.,dining_table@@@@@kitchen_table@@@@@can@@@@@scissors
16.08657,C picks the scissors from the countertop with his left hand.,dining_table@@@@@kitchen_table@@@@@can@@@@@scissors
16.39662,C holds the milk on the countertop with his right hand.,dining_table@@@@@kitchen_table@@@@@can@@@@@milk_can
17.22434,C cuts the milk with the scissors in his left hand.,can@@@@@milk_can@@@@@scissors
18.405,C drops the scissors on the countertop with his left hand.,dining_table@@@@@kitchen_table@@@@@can@@@@@scissors
18.407,C lifts the milk from the countertop with his right hand.,dining_table@@@@@kitchen_table@@@@@can@@@@@milk_can
19.121,C holds the milk with both hands.,can@@@@@milk_can
20.99436,C adds the milk into the stainless cup on the countertop with both hands.,cup@@@@@can@@@@@milk_can
31.66156,C places the milk on the countertop with his left hand.,dining_table@@@@@kitchen_table@@@@@can@@@@@milk_can
35.76327,C picks the stainless cup from the countertop with his left hand.,cup@@@@@kitchen_table
37.60438,C places the stainless cup on the stovetop with his left hand.,cup@@@@@stove
38.47936,C picks the lighter from the countertop with his right hand.,kitchen_table@@@@@igniter
39.99891,C turns the stove knob with his right hand.,stove
40.81445,C lights the stove with the lighter in his left hand.,igniter@@@@@stove
41.97156,C picks the stainless cup from the stovetop with his left hand.,cup@@@@@stove
42.98432,C drops the stainless cup on the stovetop with his left hand.,cup@@@@@stove
49.8174,C picks a cup from the tray on the countertop with his left hand.,tray@@@@@cup
52.705,C picks a spoon from the rack with his left hand.,spoon
55.596,C drops the cup on the countertop with his left hand.,cup
55.706,C picks the sugar pack from the countertop with his right hand.,sugar_bowl@@@@@kitchen_table@@@@@bowl
57.905,C opens the sugar pack with his left hand.,sugar_bowl@@@@@bowl
60.39927,C adds sugar to the spoon from the sugar pack with his right hand.,sugar_bowl@@@@@spoon@@@@@bowl
63.163,C adds the sugar to the cup from the spoon with his left hand.,cup@@@@@sugar_bowl@@@@@spoon@@@@@teacup@@@@@bowl
64.18967,C adds sugar to the spoon from the sugar pack with his right hand.,sugar_bowl@@@@@spoon@@@@@bowl
66.02527,C adds sugar to the cup from the spoon with his left hand.,cup@@@@@sugar_bowl@@@@@spoon@@@@@teacup@@@@@bowl
67.753,C drops the sugar pack on the countertop with his right hand.,sugar_bowl@@@@@kitchen_table@@@@@bowl
68.906,C picks the coffee container from the countertop with his right hand.,coffeepot@@@@@kitchen_table@@@@@pot
69.88152,C opens the coffee container with his left hand.,coffee_maker@@@@@cup@@@@@can@@@@@pot
72.60814,C scoops the coffee with the spoon in his left hand.,spoon
74.86661,C adds the coffee to the cup from the spoon with his left hand.,cup@@@@@spoon
75.38491,C drops the spoon in the cup with his left hand.,cup@@@@@spoon
75.722,C picks the coffee container lid from the countertop with his left hand.,coffee_maker@@@@@cup@@@@@kitchen_table@@@@@can@@@@@pot
76.274,C covers the coffee container with the lid in his left hand.,coffee_maker@@@@@cup@@@@@can@@@@@pot
77.99551,C drops the coffee container on the countertop with his right hand.,coffee_maker@@@@@cup@@@@@kitchen_table@@@@@can@@@@@pot
101.06379,C picks the skillet from the countertop with his right hand.,pan_(for_cooking)@@@@@kitchen_table
102.31268,C drops the skillet in the sink with his right hand.,sink@@@@@pan_(for_cooking)@@@@@kitchen_sink
104.33293,C adds water to the skillet in the sink from the running tap.,sink@@@@@pan_(for_cooking)@@@@@kitchen_sink
148.50039,C picks the napkin from the countertop with his left hand.,kitchen_table@@@@@napkin
151.6546,C drops the napkin on the cabinet with his right hand.,cabinet@@@@@napkin
152.063,C moves the napkin on the cabinet with his right hand.,cabinet@@@@@napkin
181.96889,C checks the milk in the stainless cup on the stovetop.,glass_(drink_container)@@@@@can@@@@@milk_can
251.60137,C picks the napkin from the cabinet with his right hand.,cabinet@@@@@napkin
256.4,C turns the stove knob with his right hand.,stove
291.14058,C picks the knife from the countertop,kitchen_table@@@@@knife
293.48246,C drops the knife in the sink with his left hand.,sink@@@@@knife
306.10637,C holds the napkin with both hands.,person@@@@@napkin
308.47919,C holds the napkin with his left hand.,person@@@@@napkin
317.25937,C shakes the stainless cup on the stovetop with the napkin in his left hand.,cup@@@@@napkin@@@@@stove
323.6,C touches the stove knob with his right hand.,stove
325.25213,C turns the stove knob with his right hand.,stove
327.11475,C turns the stove knob with his right hand.,stove
328.1,C picks the stainless cup from the stovetop with the napkin in his left hand.,cup@@@@@napkin@@@@@stove
336.91538,C places the stainless cup on the stovetop with his left hand.,cup@@@@@stove
338.08,C picks the cup from the countertop with his right hand.,cup
339.97874,C drops the napkin on the countertop with his left hand.,napkin
342.6988,C drops the cup on the countertop with his left hand.,cup
2.67685,C picks a coffee pot on the counter top with his right hand.,coffeepot@@@@@pot
3.30174,C places his left hand on the pack on the counter top.,can@@@@@milk_can
3.50189,C places the coffee pot on the counter top with his right hand.,coffeepot@@@@@pot
4.22159,C opens the pack with his left hand.,can@@@@@milk_can
5.33358,C picks a sachet of liquid milk from the the pack with his left hand.,can@@@@@milk_can
5.87804,C holds the liquid milk sachet with his right hand.,can@@@@@milk_can
12.93538,C picks a pair of scissors from the counter top with his left hand.,scissors
15.57289,C places the scissors on the sink with his left hand.,sink@@@@@can@@@@@scissors@@@@@kitchen_sink
16.36183,C picks the scissors on the sink with his left hand.,sink@@@@@can@@@@@scissors@@@@@kitchen_sink
16.54984,C places the liquid milk sachet on the sink with his right hand.,sink@@@@@can@@@@@milk_can@@@@@kitchen_sink
17.27733,C cuts the liquid milk sachet with the scissors in his left hand.,can@@@@@milk_can@@@@@scissors
18.50383,C places the scissors on the sink with his left hand.,sink@@@@@can@@@@@scissors@@@@@kitchen_sink
19.10237,C holds the milk sachet with his left hand.,can@@@@@milk_can
21.21454,C pours the liquid milk into the coffee pot with both hands.,coffeepot@@@@@can@@@@@pot@@@@@milk_can
31.8251,C places the liquid milk sachet on the table with his left hand.,kitchen_table@@@@@can@@@@@milk_can
35.81191,C picks the coffee pot on the table with his left hand.,coffeepot@@@@@kitchen_table@@@@@pot
37.76452,C places the coffee pot on the gas burner grates with his left hand.,coffeepot@@@@@pot@@@@@stove
38.69878,C picks the lighter on the counter top with his right hand.,kitchen_table@@@@@igniter
40.09333,C turns on the knob of the gas burner with his right hand.,knob@@@@@stove
40.30878,C lights the gas burner with the lighter in his left hand.,igniter@@@@@stove
42.05247,C picks the coffee pot from the gas burner grates with his left hand.,coffeepot@@@@@pot@@@@@stove
42.98033,C places the coffee pot on the gas burner with his left hand.,coffeepot@@@@@pot@@@@@stove
44.61827,C removes dirt from milk in pot with his left hand.,can@@@@@pot@@@@@milk_can
49.88096,C picks a tea cup on the counter top with his left hand.,cup@@@@@kitchen_table@@@@@teacup
53.00595,C picks a tea spoon from the shelf with his left hand.,spoon
55.5945,C places the tea cup on the counter top with his left hand.,cup@@@@@kitchen_table@@@@@teacup
56.00397,C picks a sachet of powder milk on the counter top with his right hand.,kitchen_table@@@@@can@@@@@milk_can
58.09104,C opens the powder milk sachet with his left hand.,can@@@@@milk_can
60.80128,C pours the sugar in the spoon on his left hand.,sugar_bowl@@@@@spoon@@@@@bowl
63.03983,C pours the sugar in the tea cup with the spoon in his left hand.,cup@@@@@sugar_bowl@@@@@spoon@@@@@teacup@@@@@bowl
64.16638,C pours the sugar in the spoon on his left hand.,sugar_bowl@@@@@spoon@@@@@bowl
65.82945,C pours the sugar in the tea cup with the spoon in his left hand.,cup@@@@@sugar_bowl@@@@@spoon@@@@@teacup@@@@@bowl
67.86471,C places the sugar sachet on the counter top with his right hand.,sugar_bowl@@@@@kitchen_table@@@@@bowl
69.14945,C picks a jar of coffee on the counter top with his right hand.,coffeepot@@@@@kitchen_table@@@@@pot
69.78875,C opens the coffee jar lid with his left hand.,jar
71.6641,C places the jar lid on the counter top with his left hand.,kitchen_table@@@@@jar
72.83207,C scoops the coffee with the spoon in his left hand.,spoon
74.75136,C pours the coffee in the tea cup with the spoon in his left hand.,cup@@@@@spoon@@@@@teacup
75.17687,C drops the spoon in the tea cup with his left hand.,cup@@@@@spoon@@@@@teacup
76.01842,C picks the coffee jar lid on the counter top with his left hand.,kitchen_table@@@@@jar
76.38794,C covers the coffee jar lid with his left hand.,jar
78.0295,C places the coffee jar on the counter top with his right hand.,kitchen_table@@@@@jar
101.29515,C picks the frying pan on the sink with his right hand.,sink@@@@@kitchen_sink@@@@@frying_pan
102.58972,C places the frying pan in the sink with his right hand.,sink@@@@@kitchen_sink@@@@@frying_pan
148.87586,C picks a napkin on the counter top with his left hand.,kitchen_table@@@@@napkin
151.69987,C  places the napkin on the counter top with his right hand.,kitchen_table@@@@@napkin
251.80048,C picks the napkin on the counter top with his right hand.,kitchen_table@@@@@napkin
256.66837,C turns the gas burner knob with his right hand.,knob@@@@@stove
291.33063,C picks the knife on the counter top with his left hand.,kitchen_table@@@@@knife
293.58633,C places the knife inside the sink with his right hand.,sink@@@@@knife
306.08406,C holds the napkin with his left hand.,person@@@@@napkin
317.29706,C places the napkin on the tea pot with his left hand.,napkin@@@@@pot@@@@@teapot
318.14813,C shakes the tea pot with the napkin in his left hand.,napkin@@@@@pot@@@@@teapot
323.60383,C turns off the gas burner knob with his right hand.,stove
328.40683,C picks up the coffee pot from the gas burner with the napkin in his left hand.,coffeepot@@@@@napkin@@@@@pot@@@@@stove
330.32678,C pours the boiled milk into the tea cup with the pot in his left hand.,cup@@@@@pot@@@@@teacup
337.17019,C places the coffee pot on the gas burner with his left hand.,coffeepot@@@@@pot@@@@@stove
338.31158,C picks up the tea cup on the counter top with his right hand.,cup@@@@@teacup
340.02525,C drops the napkin on the counter top with his left hand.,napkin
340.70025,C holds the tea cup with his left hand.,cup@@@@@teacup
342.74323,C places the tea cup on the table with his left hand.,cup@@@@@teacup
