timestamp,narration,object
4.17929,C touches a red strainer on a saucepan on a cabinet with his left hand.,saucepan@@@@@strainer@@@@@cabinet
13.31472,C places his left hand on a large stainless steel jug in the cabinet.,cabinet@@@@@water_jug
14.58756,C pulls the large stainless steel jug in the cabinet with his right hand.,milk_can@@@@@cabinet@@@@@can@@@@@pitcher_(vessel_for_liquid)@@@@@water_jug
15.10876,C lifts a plastic jug from the cabinet with his left hand.,cabinet
16.28925,C places the plastic jug in the cabinet with his left hand.,cabinet@@@@@water_jug
16.9361,C lifts a blue rack from the cabinet with his left hand.,spice_rack@@@@@cabinet
19.21021,C lifts a saucepan from the cabinet with his right hand.,saucepan@@@@@cabinet
21.69206,C places the saucepan in the cabinet with his right hand.,pan_(for_cooking)@@@@@cabinet
28.00598,C picks a stainless steel bowl from the cabinet with his left hand.,bowl@@@@@cabinet
29.50036,C transfers the stainless steel bowl from his left hand to his right hand.,bowl
30.0376,C turns the stainless steel bowl in his right hand.,bowl
30.63866,C transfers the stainless bowl from his left hand to his right hand.,bowl
31.36032,C places his right hand on a faucet lever.,faucet
31.36827,C places the stainless steel bowl in his left hand under a faucet.,faucet@@@@@bowl
32.18012,C turns the faucet lever with his right hand.,faucet
36.30852,C holds the stainless steel bowl with both hands.,bowl
37.88216,C holds the stainless steel bowl with his left hand.,bowl
40.6199,C places the stainless steel bowl on a gas cooker with his left hand.,bowl@@@@@stove
41.00609,C lifts the stainless steel bowl from the gas cooker with his left hand.,bowl@@@@@stove
41.3626,C places the stainless steel bowl on the gas cooker with his left hand.,bowl@@@@@cooker
42.61676,C turns a knob on the gas cooker with his left hand.,cooker@@@@@knob
44.11071,C ignites the gas cooker with the lighter in his right hand.,cooker
51.18746,C turns a knob on the gas cooker with his left hand.,cooker@@@@@knob
52.43194,C ignites the gas cooker with the lighter in his right hand.,cooker
54.8426,C places his right hand on a knob on the gas cooker.,cooker@@@@@knob
58.58799,C turns the knob on the gas cooker with his right hand.,cooker@@@@@knob
61.31488,C picks a black dish cloth from a countertop with his left hand.,dishtowel@@@@@dish@@@@@towel
61.91526,C holds the black dish cloth with both hands.,dish@@@@@dishrag
63.28652,C places the black dish cloth on the rim of the stainless bowl on the gas cooker with his right hand.,bowl@@@@@dish@@@@@cooker
64.09977,C lifts the stainless steel bowl from the gas cooker with his right hand.,bowl@@@@@stove
64.90557,C holds the black dish cloth with both hands.,dish@@@@@dishrag
65.48003,C places the stainless steel bowl on the gas cooker with his right hand.,bowl@@@@@stove
68.1239,C places the black dish cloth on the countertop with his left hand.,kitchen_sink@@@@@table@@@@@kitchen_table@@@@@dish@@@@@sink@@@@@can@@@@@dishrag
74.86307,C picks a white ceramic bowl from the top of a coffee machine with his right hand.,bowl@@@@@coffee_maker
76.16308,C drops the white ceramic bowl on the top of the coffee machine with his right hand.,bowl@@@@@coffee_maker
79.15941,C picks a white mug from the top of the coffee machine with his right hand.,mug
82.03977,C holds the white mug with both hands.,mug
82.44761,C places his right hand on the handle of the white mug.,mug
83.1145,C places the white mug on the countertop with both hands.,mug
89.93104,C picks a knife from the top of a blue chopping board on the countertop with his right hand.,chopping_board@@@@@knife
90.77499,C places his left hand on the blue chopping board on the countertop.,chopping_board
90.91621,C moves the knife against the side of the blue chopping board on the countertop with his right hand.,chopping_board@@@@@knife
92.21114,C moves the faucet to the right with his left hand.,faucet
92.83617,C turns the faucet lever with his left hand.,faucet
93.01346,C moves the knife in his right hand under the faucet.,faucet@@@@@knife
96.0499,C moves the knife in his right hand against the side of the blue chopping board on the countertop.,chopping_board@@@@@knife
96.96008,C moves the knife in his right hand under the faucet.,faucet@@@@@knife
97.40832,C moves his left hand on the knife in his right hand.,knife
103.03925,C rinses his left hand under the faucet.,faucet
104.281,C turns the faucet lever with his left hand.,faucet
104.72304,C places the knife in his right hand on the blue chopping board on the countertop.,chopping_board@@@@@knife
105.21823,C picks the black dish cloth from the countertop with his left hand.,dish@@@@@dishrag
106.56897,C places the black dish cloth on the countertop with his left hand.,kitchen_sink@@@@@table@@@@@kitchen_table@@@@@dish@@@@@sink@@@@@can@@@@@dishrag
110.94898,C picks the knife from the blue chopping board on the countertop with his right hand.,chopping_board@@@@@knife
112.4863,C tears open the packet of cinnamon in his left hand with the knife in his right hand.,knife
115.26682,C places the knife in his right hand on the countertop.,knife
119.44198,C drops the cinnamon stick into the stainless steel bowl on the gas cooker with his left hand.,bowl@@@@@stove
120.19364,C picks dirt in the white mug on the countertop with his right hand.,mug
121.83607,C throws the dirt in his left hand into a green trash can under the countertop.,trash_can@@@@@can
122.65949,C picks the packet of cassia from the top of the blue chopping board on the countertop with his left hand.,chopping_board
123.82778,C picks the knife from the top of the countertop with his right hand.,knife
125.40594,C tears open the packet of cassia on the countertop with the knife in his right hand.,knife
127.12765,C places the knife in his right hand on the countertop.,knife
129.51532,C picks the knife from the countertop with his right hand.,knife
129.66053,C places the row of cassia sticks on the blue chopping board on the countertop with his left hand.,chopping_board@@@@@pole@@@@@can
130.13147,C places the knife in his right hand on the row of cassia sticks on the blue chopping board.,chopping_board@@@@@knife
130.26978,C places his left hand on the knife.,knife
130.83265,C cuts a cassia stick from the row of cassia sticks on the blue chopping board with the knife in his right hand.,chopping_board@@@@@knife
132.45212,C turns a cassia stick on the blue chopping board with his left hand.,chopping_board
132.8555,C places the knife in his right hand on the  cassia sticks on the chopping board.,chopping_board@@@@@knife
133.08847,C places his left hand on the knife.,knife
134.05009,C cuts the cassia stick on the blue chopping board into two with the knife in his right hand.,chopping_board@@@@@knife
134.94015,C picks one half of the cassia stick from the blue chopping board with his left hand.,chopping_board
135.06377,C places the knife in his right hand on the countertop.,knife
135.60228,C picks the other half of the cassia stick from the blue chopping board with his right hand.,chopping_board
137.43817,C places one half of the cassia stick into the stainless steel bowl on the gas cooker with his left hand.,bowl@@@@@stove
138.16603,C places the other half of the cassia stick into the stainless steel bowl on the gas cooker with his right hand.,bowl@@@@@stove
140.15064,C packs some cassia stick shavings from the blue chopping board on the countertop with his left hand.,chopping_board
140.81231,C picks the knife from the countertop with his right hand.,knife
142.46006,C moves the knife in his right hand against the side of the blue chopping board on the countertop.,chopping_board@@@@@knife
142.97117,C places the knife in his right hand on the blue chopping board on the countertop.,chopping_board@@@@@knife
143.23264,C picks the row of cassia sticks on the blue chopping board on the countertop with his left hand.,chopping_board
155.11409,C picks a cloth coffee strainer from a cabinet with his right hand.,strainer@@@@@cabinet
155.94627,C transfers the cloth coffee strainer from his right hand to his left hand.,strainer
156.5591,C transfers the cloth coffee strainer from his left hand to his right hand.,strainer
157.36471,C dips his left hand into the cloth coffee strainer in his right hand.,strainer
159.87396,C holds the cloth coffee strainer with both hands.,strainer
161.51463,C places the cloth coffee strainer on the countertop with his left hand.,strainer
174.3114,C touches the top of a coffee grinder with his left hand.,coffee_maker
175.26787,C pushes a white bowl on the coffee grinder with his left hand.,bowl@@@@@coffee_maker
182.45519,C picks a bowl of ground coffee from the countertop with his right hand.,bowl
185.8937,C places the bowl of ground coffee on the countertop with his right hand.,bowl
205.06682,C picks a spoon from a cutlery rack on a cabinet with his left hand.,cabinet@@@@@spoon
206.7901,C transfers the spoon from his left hand to his right hand.,spoon
207.8943,C stirs the content of the stainless steel bowl on the gas cooker with the spoon in his right hand.,bowl@@@@@stove@@@@@spoon
215.83452,C hits the spoon in his right hand against the stainless steel bowl on the gas cooker.,bowl@@@@@spoon
217.2754,C places the spoon on the countertop with his right hand.,spoon
219.88943,C picks a stainless steel jug of milk from the countertop with his right hand.,milk_can@@@@@can
222.2734,C holds the stainless steel jug of milk with both hands.,milk_can@@@@@can
222.54384,C places the stainless steel jug of milk on the countertop with his left hand.,kitchen_sink@@@@@table@@@@@kitchen_table@@@@@milk_can@@@@@hat@@@@@sink@@@@@can@@@@@dining_table
223.97353,C moves a steam wand of the coffee machine to the left with his left hand.,coffee_maker
225.12345,C turns a knob on the coffee machine with his right hand.,coffee_maker@@@@@knob
234.73081,C turns the knob on the coffee machine with his right hand.,coffee_maker@@@@@knob
237.79535,C places the stainless steel jug of milk on the countertop with his left hand.,kitchen_sink@@@@@table@@@@@kitchen_table@@@@@milk_can@@@@@hat@@@@@sink@@@@@can@@@@@dining_table
241.27343,C picks the spoon from the countertop with his left hand.,spoon
241.98934,C transfers the spoon from his left hand to his right hand.,spoon
242.62223,C stirs the content of the stainless steel bowl on the gas cooker with the spoon in his right hand.,bowl@@@@@stove@@@@@spoon
250.69762,C hits the spoon in his right hand on the rim of the stainless steel bowl.,bowl@@@@@spoon
251.97113,C transfers the spoon from his right hand to his left hand.,spoon
252.37252,C places the spoon in his left on the countertop.,spoon
264.40567,C picks the white mug from the countertop with his left hand.,mug
264.84866,C places the white mug on the countertop with his left hand.,mug
271.10855,C picks a table spoon from the cutlery rack on the cabinet with his left hand.,cabinet@@@@@spoon
272.55869,C transfers the table spoon from his left hand to his right hand.,spoon
273.53749,C picks the cloth coffee strainer from the countertop with his left hand.,strainer
274.24359,C dips his right hand into the cloth coffee strainer.,strainer
275.38094,C transfers the cloth coffee strainer from his left hand to his right hand.,strainer
276.34004,C touches a white plate in the cabinet with his left hand.,plate@@@@@cabinet
279.13736,C moves a white strainer in the cabinet with his left hand.,strainer@@@@@cabinet
280.04354,C dips his left hand into the cloth coffee strainer.,strainer
280.94952,C transfers the cloth coffee strainer from his right hand to his left hand.,strainer
281.86241,C scoops some ground coffee from the bowl of ground coffee on the countertop with the table spoon in his right hand.,bowl@@@@@spoon
287.39935,C pours the ground coffee in the table spoon into the cloth coffee strainer in his left hand with his right hand.,strainer@@@@@spoon
289.14965,C scoops some ground coffee from the bowl of ground coffee on the countertop with the table spoon in his right hand.,bowl@@@@@spoon
293.31557,C pours the ground coffee in the table spoon into the cloth coffee strainer in his left hand with his right hand.,strainer@@@@@spoon
294.25814,C places the table spoon on the bowl of ground coffee on the countertop.,bowl@@@@@spoon
296.40413,C transfers the cloth coffee strainer from his left hand to his right hand.,strainer
297.64943,C adjusts the top of the cloth coffee strainer with his left hand.,strainer
298.44198,C places the cloth coffee strainer on the countertop with his right hand.,strainer
301.34812,C picks the spoon from the countertop with his left hand.,spoon
301.83526,C transfers the spoon from his left hand to his right hand.,spoon
302.66615,C stirs the content of the stainless steel bowl on the gas cooker with the spoon in his right hand.,bowl@@@@@stove@@@@@spoon
308.85579,C shakes the spoon in his right hand.,spoon
310.51942,C places the spoon on the countertop with his right hand.,spoon
334.66958,C places the green container cover on a spice container on the countertop with his left hand.,spice_rack
357.68709,C picks the spoon from the countertop with his left hand.,spoon
358.29252,C transfers the spoon from his left hand to his right hand.,spoon
359.25976,C stirs the content of the stainless steel bowl on the gas cooker with the spoon in his right hand.,bowl@@@@@stove@@@@@spoon
365.48214,C shakes the spoon in his right hand.,spoon
366.25382,C places the spoon on the countertop with his right hand.,spoon
389.95136,C places his right hand on a knob on the gas cooker.,cooker@@@@@knob
390.71288,C places his right hand on a knob on the gas cooker.,cooker@@@@@knob
391.17603,C places his right hand on a knob on the gas cooker.,cooker@@@@@knob
391.75306,C places his right hand on a knob on the gas cooker.,cooker@@@@@knob
392.23438,C turns a knob on the gas cooker with his right hand.,cooker@@@@@knob
394.5782,C picks the black dish cloth from the countertop with his left hand.,dish@@@@@dishrag
395.27389,C holds the black dish cloth with both hands.,dish@@@@@dishrag
398.05504,C transfers the black dish cloth to his left hand.,dish@@@@@dishrag
398.42971,C places the black dish cloth at the side of the stainless steel bowl on the gas cooker with his left hand.,bowl@@@@@dish@@@@@dishrag@@@@@cooker
399.47462,C lifts the stainless steel bowl from the gas cooker with his left hand.,bowl@@@@@stove
402.27625,C lifts the cloth coffee strainer from the countertop with his right hand.,strainer
403.23338,C holds the cloth coffee strainer over the white mug on the countertop with his right hand.,strainer@@@@@mug
405.3092,C pours the content in the stainless steel bowl into the cloth coffee strainer with his left hand.,strainer@@@@@bowl
414.44786,C pours the content in the stainless steel bowl into the cloth coffee strainer with his left hand.,strainer@@@@@bowl
422.71688,C places the stainless steel bowl on the gas cooker with his left hand.,bowl@@@@@cooker
424.3313,C lifts the stainless steel bowl from the gas cooker with his left hand.,bowl@@@@@stove
425.8754,C places the stainless steel bowl on the gas cooker with his left hand.,bowl@@@@@cooker
427.46215,C lifts the stainless steel bowl from the gas cooker with his left hand.,bowl@@@@@stove
429.06143,C pours the content in the stainless steel bowl into the cloth coffee strainer with his left hand.,strainer@@@@@bowl
435.66114,C places the stainless steel bowl on the gas cooker with his left hand.,bowl@@@@@cooker
436.92727,C holds the black dish cloth with his left hand.,dishtowel@@@@@dish@@@@@towel
437.18874,C shakes the cloth coffee strainer with his right hand.,strainer
440.67699,C lifts the stainless steel bowl from the gas cooker with the black dish cloth in his left hand.,bowl@@@@@dish
442.50268,C places the cloth coffee strainer inside the stainless steel bowl with his right hand.,strainer@@@@@bowl
442.94119,C places the stainless steel bowl on the gas cooker with his left hand.,bowl@@@@@cooker
445.18829,C adjusts the stainless steel bowl on the gas cooker with the black dish cloth in his left hand.,bowl@@@@@dish@@@@@dishrag
448.24477,C slides the white mug towards the right on the countertop with his right hand.,mug
449.82309,C places the black dish cloth on the knobs of the gas cooker with his left hand.,dish@@@@@dishrag@@@@@knob
451.13151,C wipes the countertop with the black dish cloth in his left hand.,dish@@@@@dishrag
451.33218,C lifts the black dish cloth from the countertop with his left hand.,dish@@@@@dishrag
452.46495,C places the black dish cloth on the countertop with his left hand.,kitchen_sink@@@@@table@@@@@kitchen_table@@@@@dish@@@@@sink@@@@@can@@@@@dishrag
452.74035,C lifts the stainless steel jug of milk from the countertop with his right hand.,milk_can@@@@@can
453.89856,C places his left hand on the steam wand of the coffee machine.,coffee_maker
454.25034,C lifts the steel jug of milk to the steam wand of the coffee machine with his right hand.,milk_can@@@@@can@@@@@coffee_maker
454.4369,C turns a knob on the coffee machine with his left hand.,coffee_maker@@@@@knob
457.96256,C turns the white mug on the countertop towards his left with his left hand,mug
458.13735,C shakes the stainless steel jug of milk with his right hand.,milk_can@@@@@can
459.20849,C lifts the white mug from the countertop with his left hand.,mug
459.70545,C pours milk from the stainless steel jug of milk into the white mug with his right hand.,mug@@@@@milk_can@@@@@can
476.67086,C places the stainless steel jug on the countertop with his right hand.,water_jug
477.50916,C holds the white mug of coffee latte with both hands.,table@@@@@coffee_table@@@@@mug@@@@@can
480.603,C places the white mug of coffee latte on a wooden table with both hands.,table@@@@@mug
14.51558,C adjusts a stainless steel jug from the cabinet with his right hand.,cabinet
15.17941,C picks a jug from the cabinet with his left hand.,cabinet@@@@@water_jug
16.13572,C places the jug in the cabinet with his left hand.,cabinet@@@@@water_jug
17.49882,C picks a tray from the cabinet with his left hand.,tray@@@@@cabinet
21.8873,C places the tray in the cabinet with his left hand.,tray@@@@@cabinet
28.15185,C picks a stainless steel cup from the cabinet with his left hand.,cup@@@@@cabinet
29.46076,C passes the stainless steel cup from his left hand to his right hand.,cup@@@@@glass_(drink_container)
30.58887,C passes the stainless steel cup from his right hand to his left hand.,cup
31.57276,C opens the faucet lever with his right hand.,faucet
32.01208,C gets water from the faucet into the stainless steel cup with his left hand.,cup@@@@@faucet
35.183,C closes the faucet lever with his right hand.,faucet
39.04304,C places the stainless steel cup on the gas cooker with his left hand.,cup@@@@@cooker
39.73489,C picks the stainless steel cup from the gas cooker with his left hand.,cup@@@@@stove
40.51673,C places the stainless steel cup on the gas cooker with his left hand.,cup@@@@@cooker
40.85146,C picks the stainless steel cup from the gas cooker with his left hand.,cup@@@@@stove
41.51932,C places the stainless steel cup on the gas cooker with his left hand.,cup@@@@@cooker
42.64639,C turns the knob of the gas cooker with his left hand.,cooker@@@@@knob
44.16603,C ignites the gas cooker with the lighter in his right hand.,cooker
51.23562,C turns the knob of the gas cooker with his left hand.,cooker@@@@@knob
52.41691,C ignites the gas cooker with the lighter in his right hand.,cooker
55.29438,C turns the knob of the gas cooker with his right hand.,cooker@@@@@knob
61.3896,C picks a napkin from the kitchen countertop with his left hand.,table@@@@@napkin@@@@@kitchen_table
62.15629,C passes the napkin from his left hand to his right hand.,napkin
63.99531,C picks the stainless steel cup from the gas cooker with the napkin in his right hand.,cup@@@@@napkin
65.21013,C places the stainless steel cup on the gas cooker with the napkin in his right hand.,cup@@@@@napkin
66.45023,C passes the napkin from his right hand to his left hand.,napkin
68.14546,C places the napkin on the kitchen countertop with his left hand.,table@@@@@napkin@@@@@kitchen_table
75.22211,C picks a cup from the cups on the kitchen countertop with his right hand.,cup@@@@@mug@@@@@glass_(drink_container)
76.29432,C places the cup on the cups with his right hand.,cup
79.01149,C picks a cup from the kitchen countertop with his right hand.,cup
83.05075,C places the cup on the kitchen countertop with both hands.,cup
89.9991,C picks a knife from the chopping board with his right hand.,chopping_board@@@@@knife
90.09416,C places the chocolate pack on the chopping board with his left hand.,chopping_board@@@@@chocolate_bar
90.74581,C scrapes the knife at the edge of the chopping board with his right hand.,chopping_board@@@@@knife
92.32767,C adjusts the faucet with his left hand.,faucet
93.24868,C opens the faucet lever with his left hand.,faucet
94.02903,C rinses the knife with the water from the faucet.,faucet@@@@@knife
95.81216,C adjusts the faucet lever with his left hand.,faucet
103.01371,C rinses his left hand with the water from the tap.,faucet@@@@@sink
104.278,C closes the faucet lever with his left hand.,faucet
104.80141,C places the knife on the chopping board with his right hand.,chopping_board@@@@@knife
105.1579,C picks a napkin from the kitchen countertop with his left hand.,table@@@@@napkin@@@@@kitchen_table
105.73414,C wipes his hands with the napkin.,napkin@@@@@person
106.5461,C places the napkin on the kitchen countertop with his left hand.,table@@@@@napkin@@@@@kitchen_table
107.95742,C picks a glove pack from the table with his left hand.,glove@@@@@table
110.90079,C picks the knife from the chopping board with his right hand.,chopping_board@@@@@knife
114.0267,C opens the clove pack with the knife in his right hand.,knife
115.18469,C places the knife on the table with his right hand.,table@@@@@knife
119.48004,C drops the clove into the pot on the gas cooker with his left hand.,spice_rack@@@@@pot
120.35164,C picks the clove pack from the bowl on the kitchen countertop with his right hand.,bowl
121.90524,C places the clove pack in the trash can with his left hand.,trash_can@@@@@spice_rack@@@@@cigarette_case@@@@@can@@@@@cigarette
122.59293,C picks the chocolate pack from the chopping board with his left hand.,chopping_board@@@@@chocolate_bar
123.81182,C picks the knife from the kitchen countertop with his right hand.,knife
124.46357,C places the chocolate pack on the kitchen countertop with his left hand.,table@@@@@kitchen_table@@@@@chocolate_bar
125.38766,C opens the chocolate pack with the knife in his right hand.,knife@@@@@chocolate_bar
127.10577,C places the knife on the kitchen countertop with his right hand.,kitchen_sink@@@@@table@@@@@kitchen_table@@@@@sink@@@@@knife
128.62487,C picks the chocolate from the pack with his left hand.,chocolate_bar
129.4342,C places the chocolate on the chopping board with his left hand.,chopping_board@@@@@chocolate_bar
129.5342,C picks the knife from the kitchen countertop with his right hand.,knife
130.41579,C cuts the chocolate on the chopping board with the knife in his right hand.,chopping_board@@@@@knife
132.30383,C adjusts the chocolate on the chopping board with his left hand.,chopping_board@@@@@chocolate_bar
133.75548,C cuts the chocolate on the chopping board with the knife in his right hand.,chopping_board@@@@@knife
134.9789,C places the knife on the kitchen countertop with his right hand.,kitchen_sink@@@@@table@@@@@kitchen_table@@@@@sink@@@@@knife
134.9789,C picks the chocolate from the chopping board with his left hand.,chopping_board@@@@@chocolate_bar
135.77878,C picks the chocolate from the chopping board with his right hand.,chopping_board@@@@@chocolate_bar
137.55605,C places the chocolate in the stainless steel cup with his left hand.,cup@@@@@chocolate_bar
138.25225,C places the chocolate in the stainless steel cup with his right hand.,cup@@@@@chocolate_bar
140.32083,C picks the chocolate from the chopping board with his left hand.,chopping_board@@@@@chocolate_bar
140.79786,C picks the knife from the kitchen countertop with his right hand.,knife
141.34352,C dips the chocolate into the pack with his left hand.,plastic_bag@@@@@shopping_bag@@@@@chocolate_bar
142.28675,C scrapes the knife at the edge of the chopping board with his right hand.,chopping_board@@@@@knife
142.66632,C places the knife on the chopping board with his right hand.,chopping_board@@@@@knife
143.6647,C dips the chocolate into the pack with his left hand.,plastic_bag@@@@@shopping_bag@@@@@chocolate_bar
175.04345,C adjusts a mixer cup with his left hand.,cup@@@@@mixer_(kitchen_tool)
182.82024,C picks a cup of powdered coffee from the kitchen countertop with his right hand.,cup
185.98846,C places the cup of powdered coffee on the kitchen countertop with his right hand.,kitchen_sink@@@@@cup@@@@@sink
205.81431,C picks a spoon from the cabinet with his left hand.,cabinet@@@@@spoon
206.74735,C passes the spoon from his left hand to his right hand.,spoon
207.88474,C stirs the water on the gas cooker with the spoon in his right hand.,stove@@@@@spoon
217.30111,C places the spoon on the kitchen countertop with his right hand.,spoon
220.10031,C picks a cup of milk from the kitchen countertop with his right hand.,cup@@@@@milk_can@@@@@can
222.58459,C places the cup of milk on the kitchen countertop with both hands.,cup@@@@@milk_can@@@@@can
225.27029,C turns the knob of the espresso machine with his right hand.,knob
225.37029,C picks the cup of milk from the kitchen countertop with his left hand.,cup@@@@@milk_can@@@@@can
234.70883,C turns the knob of the espresso machine with his right hand.,knob
237.78763,C places the cup of milk on the kitchen countertop with his left hand.,cup@@@@@table@@@@@kitchen_table@@@@@milk_can@@@@@can
241.43681,C picks the spoon from the kitchen countertop with his left hand.,spoon
241.94429,C passes the spoon from his left hand to his right hand.,spoon
242.75717,C stirs the water on the gas cooker with the spoon in his right hand.,stove@@@@@spoon
252.04189,C passes the spoon from his right hand to his left hand.,spoon
252.23176,C places the spoon on the kitchen countertop with his left hand.,spoon
264.45457,C adjusts the cup on the kitchen countertop with his left hand.,cup
271.25532,C picks a spoon from the cabinet with his left hand.,cabinet@@@@@spoon
272.45242,C passes the spoon from his left hand to hid]s right hand.,spoon
283.17792,C scoops coffee from the container with the spoon in his right hand.,spoon
291.8565,C scoops coffee from the container with the spoon in his right hand.,spoon
294.86796,C places the spoon on the container with his right hand.,bowl@@@@@spoon
301.44256,C picks the spoon from the kitchen countertop with his left hand.,spoon
301.82236,C passes the spoon from his left hand to his right hand.,spoon
302.68096,C stirs the water on the gas cooker with the spoon in his right hand.,stove@@@@@spoon
310.27942,C places the spoon on the kitchen countertop with his right hand.,spoon
332.46232,C picks a cap from the kitchen countertop with his right hand.,ball@@@@@baseball_cap
333.43777,C passes the cap from his right hand to his left hand.,bottle@@@@@bottle_cap
334.78068,C closes the container on the gas cooker with the cap in his left hand.,cork_(bottle_plug)@@@@@bottle@@@@@pot@@@@@bottle_cap
357.81932,C picks the spoon from the kitchen countertop with his left hand.,spoon
358.31335,C passes the spoon from his left hand to his right hand.,spoon
359.15379,C stirs the water on the gas cooker with the spoon in his right hand.,stove@@@@@spoon
366.22866,C places the spoon on the kitchen countertop with his right hand.,spoon
392.466,C turns the knob of the gas cooker with his right hand.,cooker@@@@@knob
394.74293,C picks the napkin from the kitchen countertop with his left hand.,napkin
399.24842,C picks the stainless steel cup from the gas cooker with his left hand.,cup@@@@@stove
403.31638,C places the sieve on the cup with his right hand.,cup@@@@@plate@@@@@mug@@@@@bowl@@@@@Dixie_cup
405.64804,C pours the chocolate water in the stainless steel cup into the sieve with his right hand.,cup
422.69901,C places the stainless steel cup on the gas cooker with his left hand.,cup@@@@@cooker
427.52367,C picks the stainless steel cup from the gas cooker with his left hand.,cup@@@@@stove
430.0748,C pours the chocolate water in the stainless steel cup into the sieve with his right hand.,cup
435.57414,C places the stainless steel cup on the gas cooker with his left hand.,cup@@@@@cooker
441.35136,C picks the stainless steel cup from the gas cooker with his left hand.,cup@@@@@stove
442.81251,C places the stainless steel cup on the gas cooker with his left hand.,cup@@@@@cooker
445.5026,C adjusts the stainless steel cup on the gas cooker with his left hand.,cup@@@@@cooker
448.41312,C adjusts the cup of coffee on the kitchen countertop with his right hand.,cup
449.79934,C cleans the kitchen countertop with the napkin in his left hand.,napkin
452.39706,C places the napkin on the kitchen countertop with his left hand.,table@@@@@napkin@@@@@kitchen_table
453.01411,C picks the cup of milk from the kitchen countertop with his right hand.,cup@@@@@milk_can@@@@@can
454.76526,C turns the knob of the espresso machine with his right hand.,knob
457.98935,C adjusts the cup of coffee on the kitchen countertop with his left hand.,cup
457.98935,C shakes the cup of milk in his right hand.,cup@@@@@milk_can@@@@@can
459.43333,C picks the cup of coffee from the kitchen countertop with his left hand.,cup@@@@@table@@@@@kitchen_table
460.91319,C pours the milk into the cup of coffee on the kitchen countertop with his right hand.,cup@@@@@milk_can@@@@@can
476.152,C places the cup of milk on the kitchen countertop with his right hand.,cup@@@@@table@@@@@kitchen_table
480.50783,C places the coffee latte on the table with both hands.,cup@@@@@table@@@@@coffee_table
