timestamp,narration,object
2.75084,C takes a bowl from a cabinet with his left hand.,bowl@@@@@cabinet
3.95635,C holds a bowl with his right hand.,bowl@@@@@person
5.97394,C turns a tap lever with his left hand.,faucet
6.70477,C adds water from the tap to a bowl in his right hand.,bowl
7.77296,C throws water from a bowl into the sink with his right hand.,bowl@@@@@sink
8.33817,C adds water from the tap to a bowl in his right hand.,bowl
11.27483,C turns the tap knob with his left hand.,faucet
14.03062,C holds a bowl with his left hand.,bowl@@@@@person
15.11636,C places a bowl on the cooker with both hands.,bowl@@@@@pan_(for_cooking)
19.6328,C turns a knob on the cooker with his left hand.,knob
23.29058,C turns a knob on the cooker with his right hand.,knob@@@@@stove
24.35932,C holds a bowl on the cooker with his left hand.,bowl@@@@@pan_(for_cooking)
24.9541,C takes a bowl from the cooker with both hands.,bowl
25.65147,C places a bowl on the cooker with both hands.,bowl@@@@@pan_(for_cooking)
42.96903,C takes a coffee press from the counter top with his right hand.,coffee_maker
45.04288,C places the coffee press on the counter top with his right hand.,coffee_maker
45.87218,C removes a lid from the coffee press with his right hand.,coffee_maker@@@@@can@@@@@hat
45.96447,C holds a coffee press on the counter top with his left hand.,coffeepot@@@@@pot
48.3885,C takes a coffee press from the counter top with his left hand.,coffeepot@@@@@person@@@@@pot
49.54944,C holds the coffee press with his right hand.,coffeepot@@@@@pot
51.44664,C turns the tap knob with his left hand.,faucet
51.95552,C adds water from the tap to the coffee press in his right hand.,bottle@@@@@cup@@@@@coffee_maker@@@@@water_bottle@@@@@can
52.30558,C shakes water in the coffee press with his right hand.,water_jug@@@@@coffee_maker
54.87667,C turns the tap knob with his left hand.,faucet
56.94734,C pours water from the coffee press into the sink with his right hand.,sink@@@@@kitchen_sink@@@@@coffee_maker
67.52684,C places the coffee press on the counter top with his right hand.,coffee_maker
71.87569,C adds a cinnamon stick the bowl on the cooker with his right hand.,bowl@@@@@spoon
75.92341,C adds a cinnamon stick the bowl on the cooker with his right hand.,bowl@@@@@spoon
92.60354,C takes a spoon from the counter top with his right hand.,spoon
93.25131,C hits a spoon on the counter top with his right hand.,spoon
96.55423,C stirs water in a bowl with a spoon in his right hand.,bowl@@@@@spoon
105.57912,C places a spoon on the counter top with his right hand.,spoon
148.42936,C takes a spoon from the counter top with his right hand.,spoon
149.50159,C stirs water in a bowl with a spoon in his right hand.,bowl@@@@@spoon
162.88361,C places a spoon on the counter top with his right hand.,spoon
184.93763,C takes a spoon from a tray with his right hand.,spoon@@@@@tray
188.09466,C transfers a spoon from his right hand to his left hand.,spoon
191.78524,C removes a lid from the coffee press with his right hand.,coffee_maker@@@@@can@@@@@hat
194.31151,C transfers a spoon from his left hand to his right hand.,spoon
197.48964,C takes coffee ground from a sachet with a spoon in his right hand.,spoon
202.18752,C adds coffee grounds from a spoon to the coffee press on the counter top with his right hand.,spoon
203.73516,C takes coffee ground from a sachet with a spoon in his right hand.,spoon
206.41702,C adds coffee grounds from a spoon to the coffee press on the counter top with his right hand.,spoon
208.14509,C dips a spoon in the sachet with his right hand.,spoon
211.36021,C places a spoon on the counter top with his right hand.,spoon
240.10264,C takes a spoon from the counter top with his right hand.,spoon
241.46141,C stirs water in a bowl with a spoon in his right hand.,bowl@@@@@spoon
245.34814,C stirs water in a bowl with a spoon in his right hand.,bowl@@@@@spoon
249.46323,C places a spoon on the counter top with his right hand.,spoon
269.10914,C takes a cup from the counter top with his right hand.,cup
272.14464,C turns the tap knob with his left hand.,faucet
272.83071,C adds water from from the tap to a cup in his right hand.,faucet@@@@@cup@@@@@can
274.22851,C pours water from a cup into the sink with his right hand.,sink@@@@@cup
274.76963,C adds water from from the tap to a cup in his right hand.,faucet@@@@@cup@@@@@can
275.14244,C turns the tap knob with his left hand.,faucet
276.28352,C pours water from a cup into the sink with his right hand.,sink@@@@@cup
279.71056,C places a cup on the counter top with his right hand.,cup
280.34062,C moves a jug on the counter top with his right hand.,water_jug
288.20616,C adds milk from a sachet to a cup on the counter top with his left hand.,plastic_bag@@@@@cup@@@@@can
296.96591,C closes a lid on the jug with his left hand.,water_jug
327.65543,C takes a spoon from the counter top with her right hand.,spoon
328.53074,C stirs water in a bowl on the cooker with a spoon in his right hand.,bowl@@@@@spoon
334.14113,C places a spoon on the counter top with his right hand.,spoon
378.13871,C takes a spoon from the counter top with his right hand.,spoon
379.72174,C stirs water in a bowl on the counter top with a spoon in his right hand.,bowl@@@@@spoon
391.16586,C places a spoon on the counter top with her right hand.,spoon
392.20519,C adjusts the camera on his face with his right hand.,camera@@@@@person
397.46539,C takes a spoon from the counter top with his right hand.,spoon
398.37085,C stirs water in a bowl on the cooker with a spoon in his right hand.,bowl@@@@@spoon
407.06126,C places a spoon on the counter top with his right hand.,spoon
409.2706,C adjusts the camera on his face with both hands.,camera@@@@@person
412.07692,C takes a spoon from the counter top with his right hand.,spoon
413.02339,C stirs water in a bowl on the cooker with a spoon in his right hand.,bowl@@@@@spoon
415.22072,C places a spoon on the counter top with his right hand.,spoon
418.43874,C takes a cup from the counter top with a cloth in his right hand.,cup
420.78972,C places a cup on the counter top with a cloth in his right hand.,cup
421.4175,C holds a cup on the counter top with a cloth in his left hand.,cup
422.43357,C lifts a cup from the counter top with a cloth in his left hand.,cup
423.31306,C turns a knob on the expresso machine with his right hand.,knob
433.5435,C turns a knob on the expresso machine with his right hand.,knob
437.69791,C turns a knob on the expresso machine with his right hand.,knob
441.68252,C places a cup on the counter top with a cloth in his left hand.,cup
445.71673,C takes a cup from the counter top with a cloth in his left hand.,cup
451.4848,C places a cup on the counter top with a cloth in his left hand.,cup
454.56328,C takes a bowl from the cooker with a cloth in both hands.,bowl
461.10262,C places the bowl on the counter top with a cloth in both hands.,bowl
464.69623,C takes a cup from the counter to[ with his right hand.,cup
466.1539,C places a cup on the cooker with his right hand.,cup
469.52068,C takes the bowl from the counter top with a cloth in his right hand.,bowl
472.49373,C pours water from a bowl into the coffee presser with a cloth in his right hand.,bowl@@@@@coffee_maker
477.0204,C takes a spoon from the counter top with his left hand.,spoon
478.18543,C holds cinnamon stick in the bowl with a spoon in his left hand.,bowl@@@@@spoon
479.34423,C pours water from a bowl into the coffee presser with a cloth in his right hand.,bowl@@@@@coffee_maker
485.93793,C places the bowl on the counter top with his right hand.,bowl
487.37933,C transfers a spoon from his left hand to his right hand.,spoon
487.89758,C places a spoon on a cloth with his right hand.,spoon
493.74203,C picks a spoon on a cloth with his right hand.,spoon
494.31008,C transfers a spoon from his right hand to his left hand.,spoon
495.5765,C takes a bowl from the counter top with a cloth in his right hand.,bowl
495.9762,C places a spoon on the counter top with his left hand.,spoon
498.79967,C turns the tap knob with his left hand.,faucet
499.46861,C adds water from the tap into the bowl in his right hand.,bowl
500.93145,C turns the tap knob with his left hand.,faucet
505.00765,C pours water from the bowl into the coffee presser with a cloth in his right hand.,coffeepot@@@@@bowl@@@@@pot
511.74355,C places the bowl on the counter top with a cloth in his right hand.,bowl
517.90095,C places a lid on the coffee presser with both hands.,coffee_maker
519.27838,C turns a lid on the coffee presser with his left hand.,coffee_maker
520.73582,C  holds the coffee presser with his left hand.,coffeepot@@@@@pot
520.73582,C turns a lid on the coffee presser with his right hand.,coffee_maker
522.4828,C  holds the coffee presser with his left hand.,coffeepot@@@@@pot
522.4828,C  presses  lid on the coffee presser with his right hand.,coffee_maker
531.92849,C takes a cup from the counter top with his right hand.,cup
532.77462,C holds a cup with his left hand.,cup
534.15839,C takes the coffee presser from the table with his right hand.,table@@@@@coffee_maker
537.33234,C pours coffee from the coffee presser into a cup with his right hand.,cup@@@@@coffee_maker
542.65167,C places a cup on the counter top with his left hand.,cup
543.80218,C holds a lid on the coffee presser with his left hand.,coffee_maker
545.63096,C pulls a lid on the coffee presser with his right hand.,coffeepot@@@@@pot@@@@@can
549.20902,C pushes a lid on the coffee presser with his right hand.,coffee_maker
552.87086,C pours coffee from the coffee presser into a cup on the counter top with his right hand.,coffeepot@@@@@pot@@@@@cup
553.22847,C holds a cup on the counter top with his left hand.,cup
558.24918,C lifts a cup from the counter top with his left hand.,cup
559.59789,C pours coffee from the coffee presser into a cup on the counter top with his right hand.,coffeepot@@@@@pot@@@@@cup
563.52726,C places the coffee presser on the counter top with his right hand.,coffee_maker
563.52726,C places a cup  on the counter top with his right hand.,cup
576.43689,C takes a spoon from the counter top with his right hand.,spoon
577.33605,C stirs the milk in a cup with a spoon in his right hand.,spoon@@@@@cup
585.27965,C places a spoon on the counter top with his right hand.,spoon
600.93554,C takes a cup from the cooker with a cloth in his right hand.,cup
605.40401,C places a cup on the cooker with a cloth in his right hand.,cup
610.3496,C turns a knob on the cooker with his left hand.,knob
614.1534,C turns a knob on the cooker with his left hand.,knob
616.22427,C pours milk from a cup into a cup on the counter top with his right hand.,cup
622.88479,C places a cup on the counter top with a cloth in his right hand.,cup
625.26861,C takes a spoon from the counter top with his right hand.,spoon
627.84558,C takes sugar from a sachet on the counter top with a spoon in his right hand.,bowl@@@@@spoon@@@@@sugar_bowl
631.59729,C adds sugar to a cup on the counter top with a spoon in his right hand.,bowl@@@@@spoon@@@@@sugar_bowl@@@@@cup
632.42028,C stirs the coffee in a cup with a spoon in his right hand.,spoon@@@@@cup
632.81025,C holds a cup on the counter top with his left hand.,cup
635.16781,C lifts a cup from the counter top with his left hand.,cup
644.59068,C places a spoon on the counter top with his right hand.,spoon
