timestamp,narration,object
19.82501,C opens the lid of the electric kettle with his right hand.,kettle
20.90408,C picks up the electric kettle from the kettle base with his right hand.,kettle
26.72783,C turns on the tap water with his left hand.,faucet
27.4324,C fills the electric kettle with water from the tap.,kettle@@@@@faucet
31.75388,C turns off the tap water with his left hand.,faucet
33.45919,C closes the lid of the electric kettle with his left hand.,kettle
36.22747,C places the electric kettle on the kettle base.,kettle
37.95847,C turns on the heat of the electric kettle with his right hand.,kettle
38.92612,C adjusts the electric kettle to the left with his right hand.,kettle
42.26039,C opens the top cabinet door with his left hand.,cabinet
43.72409,C closes the top cabinet door with his left hand.,cabinet
44.72471,C opens the top cabinet door with his left hand.,cabinet
46.91727,C picks up the cup from the cabinet with his right hand.,cabinet@@@@@cup@@@@@can@@@@@mug
48.02581,C closes the top cabinet door with his left hand.,cabinet
50.65727,C transfers the cup to his left hand.,cup@@@@@can@@@@@mug
51.50215,C places the cup on the table.,cup@@@@@can@@@@@mug
54.19537,C opens the top cabinet door with his right hand.,cabinet
57.59499,C picks up the teabags box from the cabinet with his right hand.,box
58.86336,C transfers the teabags box to his left hand.,tea_bag
59.45696,C opens the teabags box with his right hand.,tea_bag
60.79587,C picks out the teabag wrap from the teabag box with his right hand.,tea_bag
66.89142,C closes the teabags box with his right hand.,box
68.32789,C places the teabags box in the cabinet.,cabinet@@@@@box
69.29041,C closes the top cabinet door with his left hand.,cabinet
72.53279,C drops the teabag wrap on the table.,tea_bag
73.06218,C flips the teabag wrap on the table with his riht hand.,tea_bag
75.57446,C opens the fridge door with his left hand.,handle@@@@@refrigerator@@@@@can
78.5503,C closes the fridge door with his left hand.,refrigerator
172.09342,C picks up the sugar container from the countertop with his right hand.,sugar_bowl@@@@@bowl@@@@@can
181.69922,C places the sugar container on the table.,sugar_bowl@@@@@bowl
192.98996,C opens the kitchen drawer with his left hand.,drawer
195.65218,C picks up the spoon from the drawer with his right hand.,spoon@@@@@drawer
205.63424,C closes the kitchen drawer with his left hand.,drawer
208.25189,C places the spoon inside the cup on the table.,spoon@@@@@cup
241.14494,C picks up the electric kettle with his right hand.,kettle
246.87819,C picks up the spoon with his left hand.,spoon
249.48053,C pours hot water into the cup on the table.,cup
262.113,C places the electric kettle on the kettle base.,kettle
267.98925,C picks up the teabag wrap from the table with his left hand.,tea_bag
269.75639,C opens the teabag wrap with his right hand.,tea_bag
271.21505,C places the cut teabag wrap on the table.,tea_bag
276.6979,C picks out the teabag from the wrap with his right hand.,tea_bag
279.33366,C loosens the teabag tag with his right hand.,tea_bag
284.07784,C dips the teabag ino the hot water in the cup.,tea_bag@@@@@cup
294.26905,C picks up the teabag tag with his right hand.,tag
306.49033,C wedges the spoon on the cup.,spoon@@@@@cup
309.013,C steeps the tea by dipping the teabag in the hot water.,tea_bag
445.65113,C picks up the spoon with his left hand.,spoon
446.79852,C stirs the tea with the spoon.,spoon
458.21075,C opens the fridge door with his left hand.,handle@@@@@refrigerator@@@@@can
459.95153,C picks up the milk container from the fridge with his right hand.,milk_can@@@@@refrigerator@@@@@can
460.69374,C closes the fridge door with his left hand.,refrigerator
462.24502,C transfers the milk container to his left hand.,can
462.88563,C opens the milk container cover with his right hand.,milk_can@@@@@can
464.60234,C places the milk container cover on the table.,milk_can@@@@@can
465.07592,C transfers the milk container to his right hand.,milk_can@@@@@can
466.02641,C picks up the spoon in the cup with his left hand.,spoon@@@@@cup
467.49482,C pours milk into the tea in the cup.,cup
474.33103,C stirs the milk tea with the spoon.,spoon@@@@@cup
476.44767,C transfers the milk container to his left hand.,can
477.05837,C picks up the milk container cover with his right hand.,bottle@@@@@cover@@@@@can
477.92991,C closes the milk container cover with his right hand.,milk_can@@@@@bottle@@@@@cover@@@@@bottle_cap@@@@@can
480.45487,C opens the fridge door with his left hand.,handle@@@@@refrigerator@@@@@can
482.02286,C places the mllk container in the fridge.,milk_can@@@@@refrigerator@@@@@can
482.60482,C closes the fridge door with his left hand.,refrigerator
484.73407,C holds the spoon with his left hand.,spoon
485.729,C stirs the milk tea with the spoon.,spoon@@@@@cup
489.55091,C transfers the spoon to his left hand.,spoon
492.21385,C picks up the teabag by the tag from the cup with his right hand.,tag@@@@@cup
503.85402,C disposes of the used teabag into the trash can.,trash_can@@@@@tea_bag@@@@@can
507.96112,C stirs the milk tea with the spoon.,spoon@@@@@cup
516.42391,C picks up the sugar container from the table with his right hand,sugar_bowl@@@@@bowl
519.18081,C pour sugar into the milk tea in the cup.,sugar_bowl@@@@@bowl@@@@@cup
527.36495,C places the sugar container on the table.,sugar_bowl@@@@@bowl
528.02253,C stirs the milk tea with the spoon.,spoon@@@@@cup
536.5336,C scoops up a spoon of milk tea.,spoon
548.70141,C dips the spoon into the milk tea in the cup.,spoon@@@@@cup
19.82318,C opens the cover of a heating kettle on the countertop with his right hand.,kettle
20.892,C takes the heating kettle from the base on the countertop with his right hand.,kettle
25.52505,C holds the heating kettle under a tap with his right hand.,kettle@@@@@faucet
26.73093,C opens the tap with his left hand.,faucet
31.971,C closes the tap with his left hand.,faucet
33.512,C covers the heating kettle with his left hand.,kettle
36.2359,C puts the heating kettle on the base on he countertop with his right hand.,kettle
38.12388,C presses the knob of the heating kettle with his right hand.,kettle@@@@@knob
39.01856,C moves the heating kettle on the countertop with his right hand.,kettle
42.2737,C opens a cabinet door with his left hand.,cabinet
43.73205,C closes a cabinet door with his left hand.,cabinet
44.90399,C opens a cabinet door with his right hand.,cabinet
45.75858,C holds the cabinet door with his left hand.,cabinet
46.91017,C takes a cup from the cabinet with his right hand.,cabinet@@@@@cup
47.64106,C closes the cabinet door with his left hand.,cabinet
50.01656,C holds the cup with both hands.,cup@@@@@can@@@@@mug
51.54542,C puts the cup on a table with his left hand.,cup@@@@@can@@@@@mug
54.28902,C opens the cabinet door with his right hand.,cabinet
55.11458,C holds the cabinet door with his left hand.,cabinet
58.765,C holds the pack of tea with both hands.,hand_glass@@@@@hat@@@@@can@@@@@box@@@@@packet
60.95718,C lifts two sachets of tea from the pack of tea on his left hand with his right hand.,tea_bag
62.08624,C drops the green sachet of tea into the pack pf tea with his right hand.,tea_bag@@@@@packet
62.30523,C lifts the brown sachet of tea from the pack of tea with his right hand.,tea_bag@@@@@packet
64.0895,C lifts the green sachet of tea from the pack of tea with his right hand.,tea_bag@@@@@packet
65.321,C drops the brown sachet of tea in the pack of tea with his right hand.,tea_bag@@@@@packet
68.32267,C puts the pack of tea in the cabinet with his let hand,cabinet
69.3004,C closes the cabinet door with his left hand.,cabinet
72.52427,C drops the green sachet of tea on the table with his right hand.,tea_bag
73.272,C turns the green sachet of tea on the table with his right hand.,tea_bag
75.60943,C opens a refrigerator door with his left hand.,refrigerator
78.467,C closes the refrigerator door with his left hand.,refrigerator
165.41174,C adjusts the camera with his right hand.,camera
172.35248,C takes a sugar container from the countertop with his right hand.,sugar_bowl@@@@@bowl@@@@@can
174.0,C holds the sugar container with both hands.,sugar_bowl@@@@@bowl@@@@@can
174.67503,C opens the lid of the sugar container with his right thumb.,sugar_bowl@@@@@bowl@@@@@can
176.69088,C closes the lid of the sugar container with his right thumb.,spoon@@@@@sugar_bowl@@@@@bowl@@@@@can
181.18964,C places the sugar container on the table with his right hand.,sugar_bowl@@@@@bowl@@@@@can
193.05297,C opens a drawer under the countertop with his left hand.,drawer
195.57572,C picks a spoon from the drawer with his right hand.,spoon@@@@@drawer
205.58,C closes the drawer with his left hand.,drawer
208.33193,C drops the spoon in the cup on the table with his right hand.,spoon@@@@@cup
242.11466,C takes the heating kettle from the base on the countertop with his right hand.,kettle
246.91297,C picks the spoon from the cup on the table with his left hand.,spoon@@@@@cup
249.37473,C holds the spoon on the table with his left hand.,spoon
252.387,C pours water from the heating kettle to the cup on the table with his right hand.,kettle@@@@@cup
262.26914,C places the heating kettle on the base on the countertop with his right hand.,kettle
268.18824,C picks the sachet of tea from the table with his left hand.,tea_bag
268.83317,C holds the sachet of tea with both hands.,tea_bag
270.03389,C opens the seal of the sachet of tea with his right hand.,tea_bag
271.32833,C places the seal of the sachet of tea on the table with his right hand.,tea_bag
276.16225,C picks the tea bag in the sachet of tea with his right hand.,tea_bag@@@@@can@@@@@packet
278.27573,C puts the sachet of tea on the table with his left hand.,packet
278.592,C holds the tea bag with both hands.,tea_bag
279.43874,C unfolds the tag of the tea bag with his right hand.,tea_bag
284.17929,C dips the tea bag into the cup of water on the table with his left hand.,tea_bag@@@@@cup
287.61169,C drops the tag of the tea bag with his right hand.,tea_bag
293.62155,C transfers the spoon to his left hand from his right hand.,spoon
294.52501,C dunks the tea bag in the cup of water on the table with his right hand.,tea_bag@@@@@cup
306.30432,C places the spoon beside the cup on the table with his left hand.,spoon@@@@@cup
428.4,C adjusts the camera with his left hand.,camera
445.61107,C takes the spoon from the cup with his left hand.,spoon@@@@@cup
446.87147,C stirs the tea with the spoon in his left hand.,spoon@@@@@hat
451.015,C takes the tea bag from the cup of tea with his right hand.,tea_bag@@@@@cup
453.91592,C dips the tea bag in the cup of tea on the table with his right hand.,tea_bag@@@@@cup
455.40208,C puts the spoon in the cup of tea with his left hand.,spoon@@@@@cup
458.36003,C opens the refrigerator door with his left hand.,cover@@@@@handle@@@@@refrigerator@@@@@can
459.93757,C picks a bottle of milk from the refrigerator with his right hand.,bottle@@@@@refrigerator
460.433,C closes the refrigerator door with his left hand.,refrigerator
462.24535,C holds the bottle of milk with both hands.,bottle
462.707,C opens the lid of the botte of milk with his right hand.,milk_can@@@@@bottle@@@@@can
464.54671,C puts the lid of the bottle of milk on the table with his right hand.,milk_can@@@@@bottle@@@@@can
465.10905,C transfers the bottle of milk to his right hand from his left hand.,bottle
466.19424,C holds the spoon in the cup of tea with his left hand.,spoon@@@@@cup
467.6152,C pours milk into the cup of tea from the bottle of milk in his ight hand.,bottle@@@@@cup
473.96456,C stirs the milk tea in the cup with the spoon in his left hand.,spoon@@@@@cup@@@@@can@@@@@mug
476.49968,C transfers the bottle of milk to his left hand from his right hand.,bottle@@@@@can
477.20947,C picks the lid of the bottle of milk from the table with right hand.,bottle@@@@@bottle_cap
477.93089,C covers the bottle of milk with the lid in his right hand.,bottle@@@@@bottle_cap
480.56949,C opens the refrigerator door with his left hand.,cover@@@@@handle@@@@@refrigerator@@@@@can
481.993,C puts the bottle of milk in the refrigerator with his right hand.,bottle@@@@@refrigerator
482.28885,C closes the refrigerator door with his left hand.,refrigerator
484.96723,C holds the spoon in the cup of milk tea with his left hand.,spoon@@@@@cup
485.20995,C transfers the spoon in the cup of milk tea to his right hand from his left hand.,spoon@@@@@cup
485.46645,C stirs the milk tea in the cup on the table with the spoon in his right hand.,spoon@@@@@cup
487.67812,C holds the cup of milk tea on the table with his left hand.,cup
489.64683,C transfers the spoon in the milk tea to his left hand from his right hand.,spoon
491.736,C pulls the tag of the tea bag in the cup of milk tea with his right hand.,tag@@@@@tea_bag@@@@@cup
495.39815,C dunks the tea bag in the cup of milk tea with his right hand.,tea_bag@@@@@cup
504.4316,C drops the tea bag into the trash can with his right hand.,trash_can@@@@@tea_bag@@@@@can
507.6385,C transfers the spoon in the cup of milk tea on the table to his right hand from his left hand.,spoon@@@@@cup
507.98834,C stirs the milk tea in the cup on the table with the spoon in his right hand.,spoon@@@@@cup
516.48883,C holds the sugar container on the table with both hands.,sugar_bowl@@@@@bowl
516.793,C picks the sugar container from the table with both hands.,sugar_bowl@@@@@bowl
519.09034,C adds sugar into the cup of milk tea on the table from the sugar container in his right hand.,sugar_bowl@@@@@bowl@@@@@cup
527.36648,C puts the sugar container on the table with his right hand.,sugar_bowl@@@@@bowl
528.12901,C stirs the milk tea in the cup with the spoon in his right hand.,spoon@@@@@cup
536.98951,C scoops some milk tea from the cup with the spoon in his right hand.,spoon@@@@@cup
542.74414,C puts the spoon into his mouth with his right hand.,spoon
548.68113,C stirs the milk tea in the cup with the spoon in his right hand.,spoon@@@@@cup
