timestamp,narration,object
16.23599,C holds the door of the fridge with his left hand.,refrigerator
17.40859,C holds the fridge shelf with his right hand.,refrigerator
18.3388,C picks a box of tomatoes from the shelf with his right hand.,box
19.79086,C drops the box of tomatoes in the shelf with his right hand.,box
20.60747,C picks a box of strawberries from the shelf with his right hand.,box
22.97219,C drops the box of strawberries in the shelf with his right hand.,box
24.14705,C picks a box of tomatoes from the shelf with his right hand.,box
25.21443,C places the box of tomatoes in his left hand with his right hand.,tomato@@@@@box
26.58205,C takes tomatoes from the box with his right hand.,tomato@@@@@box
37.2242,C puts tomatoes in a white bowl on the countertop with his right hand.,tomato@@@@@bowl
43.074,C holds the box of tomatoes with his right hand.,tomato@@@@@box
43.93695,C places the box of tomatoes in the fridge with his right hand.,refrigerator@@@@@box
53.24525,C closes the fridge with his left hand.,refrigerator@@@@@person
57.03055,C opens the faucet with his right hand.,faucet
64.57301,C closes the faucet with his right hand.,faucet
66.30274,C picks up the chopping mat with his left hand.,chopping_board
67.63804,C holds the chopping mat with his left hand.,chopping_board
68.74618,C opens the faucet with his right hand.,faucet
69.61165,C holds the chopping mat with his hands.,chopping_board
76.42172,C holds the chopping mat with his left hand.,chopping_board
76.96472,C closes the faucet with his right hand.,faucet
77.87918,C holds the chopping mat with his hands.,chopping_board
80.40751,C holds the chopping mat with his left hand.,chopping_board
82.17357,C opens the faucet with his right hand.,faucet
82.62045,C rinses the knife.,knife
84.74,C closes the faucet with his right hand.,faucet
85.29407,C shakes water off the knife with his right hand.,knife
86.28935,C cuts off cucumber with the knife in his right hand.,knife@@@@@hat
90.27384,C cuts off cucumber with the knife in his right hand.,knife@@@@@hat
92.31309,C swipes cucumber off the knife with his left hand.,knife
96.35505,C slices the cucumber with the knife in his right hand.,knife
102.47081,C moves cucumber on the chopping mat with his left hand.,hat@@@@@cantaloup@@@@@can@@@@@chopping_board@@@@@table@@@@@zucchini
103.21026,C slices the cucumber with the knife in his right hand.,knife
106.78757,C moves cucumber on the chopping mat with his left hand.,hat@@@@@cantaloup@@@@@can@@@@@chopping_board@@@@@table@@@@@zucchini
108.06125,C slices the cucumber with the knife in his right hand.,knife
125.23305,C picks up cucumber from the chopping mat with his left hand.,can@@@@@chopping_board@@@@@table
126.54824,C swipes cucumber off the knife in his right hand with his left hand.,knife
128.14018,C moves cucumber on the chopping mat with his left hand.,hat@@@@@cantaloup@@@@@can@@@@@chopping_board@@@@@table@@@@@zucchini
128.715,C places the knife on the chopping mat with his right hand.,knife@@@@@chopping_board
129.38315,C picks chopsticks with his right hand.,chopstick
130.48567,C places the chopsticks on the chopping mat with his left hand.,chopstick@@@@@chopping_board
130.99797,C picks the white bowl from the countertop with his right hand.,bowl
133.13295,C opens the faucet with his left hand.,faucet
133.55691,C passes the white bowl from his right hand to his left hand.,bowl
137.65942,C holds the white bowl with his right hand.,person@@@@@bowl
138.03325,C washes the tomatoes with his left hand.,sink@@@@@tomato
140.29611,C closes the faucet with his left hand.,faucet@@@@@person
141.09028,C washes the tomatoes with his left hand.,sink@@@@@tomato
141.95181,C packs the tomatoes with his left hand.,tomato
143.599,C pours the water in the white bowl into the sink with his right hand.,sink@@@@@bowl
148.911,C takes the tomatoes from the white bowl with his left hand.,tomato@@@@@bowl
149.23152,C turns the white bowl down with his right hand.,bowl
150.54384,C places the white bowl on the countertop with his right hand.,bowl
150.8759,C places the tomatoes on the chopping mat with his right hand.,tomato
152.03335,C picks up the knife from the chopping mat with his right hand.,knife@@@@@chopping_board
152.76854,C packs the cucumber with the knife in his right hand.,knife
155.1704,C pours the cucumber into the white bowl.,bowl
155.78853,C swipes cucumber off the knife in his right hand with his left hand.,knife
158.10549,C packs the cucumber with the knife in his right hand.,knife
160.94729,C pours the cucumber into the white bowl.,bowl
161.29165,C swipes cucumber off the knife in his right hand with his left hand.,knife
163.03883,C packs the cucumber with the knife in his right hand.,knife
166.22399,C pours the cucumber into the white bowl.,bowl
166.74233,C turns the cucumber in the white bowl with his left hand.,bowl
169.0193,C places the tomato on the chopping mat with his left hand.,chopping_board@@@@@tomato
169.8561,C slices the tomato with the knife in his right hand.,knife@@@@@tomato
171.83595,C picks up the tomato from the chopping mat with his left hand.,chopping_board@@@@@tomato
172.23271,C pours the tomato into the white bowl with his left hand.,tomato@@@@@bowl
173.25225,C slices the tomato with the knife in his right hand.,knife@@@@@tomato
174.00481,C puts the tomato in the white bowl with his left hand.,tomato@@@@@bowl
174.58111,C picks up a tomato from the chopping mat with his left hand.,chopping_board@@@@@tomato
175.238,C places the tomato on the chopping mat with his left hand.,chopping_board@@@@@tomato
176.06974,C slices the tomato with the knife in his right hand.,knife@@@@@tomato
178.27611,C picks up the tomato from the chopping mat with his left hand.,chopping_board@@@@@tomato
179.26538,C puts the tomato in the white bowl with his left hand.,tomato@@@@@bowl
179.91669,C picks up a tomato from the chopping mat with his left hand.,chopping_board@@@@@tomato
180.48026,C places the tomato on the chopping mat with his left hand.,chopping_board@@@@@tomato
181.1186,C slices the tomato with the knife in his right hand.,knife@@@@@tomato
182.30444,C picks up the tomato from the chopping mat with his left hand.,chopping_board@@@@@tomato
183.00601,C cuts the tomato with his hands.,tomato
183.51698,C puts the tomato in the white bowl with his left hand.,tomato@@@@@bowl
184.16479,C picks up a tomato from the chopping mat with his left hand.,chopping_board@@@@@tomato
184.54769,C places the tomato on the chopping mat with his left hand.,chopping_board@@@@@tomato
185.19738,C slices the tomato with the knife in his right hand.,knife@@@@@tomato
186.11363,C picks up the tomato from the chopping mat with his left hand.,chopping_board@@@@@tomato
186.76592,C puts the tomato in the white bowl with his left hand.,tomato@@@@@bowl
187.31142,C picks up a tomato from the chopping mat with his left hand.,chopping_board@@@@@tomato
187.68148,C places the tomato on the chopping mat with his left hand.,chopping_board@@@@@tomato
188.44585,C slices the tomato with the knife in his right hand.,knife@@@@@tomato
189.38572,C picks up the tomato from the chopping mat with his left hand.,chopping_board@@@@@tomato
190.05583,C puts the tomato in the white bowl with his left hand.,tomato@@@@@bowl
190.87541,C picks up a tomato from the chopping mat with his left hand.,chopping_board@@@@@tomato
191.34215,C places the tomato on the chopping mat with his left hand.,chopping_board@@@@@tomato
192.26328,C slices the tomato with the knife in his right hand.,knife@@@@@tomato
192.92906,C picks up the tomato from the chopping mat with his left hand.,chopping_board@@@@@tomato
193.54115,C puts the tomato in the white bowl with his left hand.,tomato@@@@@bowl
194.11127,C picks up the tomato from the chopping mat with his left hand.,chopping_board@@@@@tomato
194.65884,C puts the tomato in the white bowl with his left hand.,tomato@@@@@bowl
195.27963,C picks up a tomato from the chopping mat with his left hand.,chopping_board@@@@@tomato
195.65075,C places the tomato on the chopping mat with his left hand.,chopping_board@@@@@tomato
196.36674,C slices the tomato with the knife in his right hand.,knife@@@@@tomato
197.75206,C moves the tomato on the chopping mat with his left hand.,chopping_board@@@@@tomato
198.11211,C slices the tomato with the knife in his right hand.,knife@@@@@tomato
198.91041,C picks up the tomato from the chopping mat with his left hand.,chopping_board@@@@@tomato
199.37641,C puts the tomato in the white bowl with his left hand.,tomato@@@@@bowl
199.97726,C picks up a tomato from the chopping mat with his left hand.,chopping_board@@@@@tomato
200.32957,C places the tomato on the chopping mat with his left hand.,chopping_board@@@@@tomato
201.05213,C slices the tomato with the knife in his right hand.,knife@@@@@tomato
202.17905,C removes tomato from the knife with his left hand.,knife@@@@@tomato
202.87911,C picks up the tomato from the chopping mat with his left hand.,chopping_board@@@@@tomato
203.40138,C puts the tomato in the white bowl with his left hand.,tomato@@@@@bowl
204.45238,C places the knife on the chopping mat with his right hand.,knife@@@@@chopping_board
207.23,C picks up the salad bowl from the countertop with his hands.,bowl
207.60495,C shakes the salad bowl with his hands.,bowl@@@@@salad
208.23942,C raises the salad bowl with his hands.,bowl
208.94243,C holds the salad bowl with his right hand.,person@@@@@bowl
209.344,C tilts the salad bowl with his right hand.,bowl
218.90753,C passes the salad bowl from his right hand to his left hand.,person@@@@@bowl
219.64027,C places the salad bowl on the countertop with his left hand.,bowl
220.44359,C opens the faucet with his right hand.,faucet
222.24848,C closes the faucet with his right hand.,faucet
224.59016,C picks up a bottle of olive oil from the countertop with his left hand.,bottle
225.60585,C holds the bottle of olive oil with his hands.,bottle
228.10278,C opens the bottle of olive oil with his left hand.,bottle@@@@@bottle_opener@@@@@pen
228.64688,C holds the cover of the olive oil bottle with his left hand.,bottle_cap@@@@@bottle
229.49201,C picks up the salad bowl from the countertop with his left hand.,bowl
232.14692,C pours olive oil into the salad bowl with his right hand.,bottle@@@@@bowl
233.58993,C places the salad bowl on the countertop with his left hand.,bowl
234.64614,C closes the olive oil bottle with the cover in his left hand.,bottle_cap@@@@@bottle
237.47725,C places the olive oil bottle on the countertop with his left hand.,bottle
238.27248,C picks up a bottle of vinegar from the countertop with his left hand.,bottle
239.30891,C holds the bottle of vinegar with his hands.,bottle
240.81914,C opens the vinegar bottle with his left hand.,bottle
242.1786,C holds the vinegar bottle cover in his left hand.,bottle_cap@@@@@bottle@@@@@corkscrew
242.75956,C picks up the salad bowl from the countertop with his left hand.,bowl
244.5579,C pours vinegar into the salad bowl with his right hand.,bottle@@@@@bowl@@@@@salad
246.81292,C places the salad bowl on the countertop with his left hand.,bowl
247.78622,C waves his left hand over the bottle of vinegar in his right hand.,bottle
248.33755,C raises the vinegar bottle up with his right hand.,bottle
248.979,C closes the vinegar bottle with the cover in his left hand.,bottle
253.80347,C places the vinegar bottle on the countertop with his right hand.,bottle
254.95249,C picks up a salt container from the countertop with his right hand.,saltshaker
256.05405,C passes the salt container from his right hand to his left hand.,saltshaker@@@@@person
256.34474,C opens the salt container with his right hand.,saltshaker@@@@@person
260.924,C sprinkles salt into the salad bowl with his right hand.,bowl
265.83501,C places the salt container on the countertop with his left hand.,saltshaker
267.91495,C opens the faucet with his right hand.,faucet
271.37938,C closes the faucet with his right hand.,faucet
274.8915,C picks up the salad bowl from the countertop with his hands.,bowl
275.53607,C shakes the salad bowl with his hands.,bowl@@@@@salad
286.04225,C holds the salad bowl with his left hand.,bowl
287.073,C holds the salad bowl with his hands.,bowl@@@@@salad
287.63335,C holds the salad bowl with his right hand.,person@@@@@bowl
289.095,C shakes the salad bowl with his hands.,bowl@@@@@salad
289.73424,C holds the salad bowl with his hands.,bowl@@@@@salad
290.78878,C tilts the salad bowl with his hands.,bowl@@@@@salad
293.475,C holds the salad bowl with his right hand.,person@@@@@bowl
297.93095,C holds the salad bowl with his hands.,bowl@@@@@salad
299.03198,C holds the salad bowl with his right hand.,person@@@@@bowl
301.77585,C places the salad bowl on the countertop with his right hand.,person@@@@@bowl
6.793,C holds a refrigerator door handle with his right hand.,handle@@@@@refrigerator
10.81771,C opens the refrigerator door with his right hand.,refrigerator
14.47726,C holds the refrigerator door with his left hand.,refrigerator
16.2,C holds the refrigerator door with his left hand.,refrigerator
17.281,C holds the refrigerator shelf with his right hand.,refrigerator
18.23276,C moves a pack of tomatoes in the refrigerator with his right hand.,refrigerator@@@@@tomato
20.421,C picks a container of tomato and cucumber salad from the refrigerator with his right hand.,refrigerator
22.60452,C places the container of tomato and cucumber salad in the refrigerator with his right hand.,refrigerator
23.861,C picks the pack of tomatoes from the refrigerator with his right hand.,refrigerator@@@@@tomato
25.256,C opens the pack of tomatoes in his left hand with his right hand.,tomato
26.38334,C picks a handful of tomatoes from the pack of tomatoes with his right hand.,tomato
29.00313,C drops a tomato in the pack of tomatoes with his right hand.,tomato
30.52307,C picks a tomato from the pack of tomatoes with his right hand.,tomato
37.04527,C drops the tomatoes in a white bowl on the countertop with his right hand.,tomato@@@@@bowl
40.61052,C opens the pack of tomatoes in his left hand with his right hand.,tomato
42.404,C takes the pack of tomatoes from his left hand with his right hand.,tomato
43.445,C holds the refrigerator door with his left hand.,refrigerator
44.0,C places the pack of tomatoes in the refrigerator with his right hand.,refrigerator
44.8,C picks a pack of cucumber from the refrigerator with his right hand.,refrigerator
50.81886,C places the pack of cucumber in the refrigerator with his right hand.,refrigerator
53.3864,C closes the refrigerator door with his left hand.,refrigerator@@@@@person
56.75035,C turns a faucet handle with his right hand.,faucet@@@@@person
57.20625,C rinses the cucumber with the water from the faucet with both hands.,faucet@@@@@person
64.51,C turns the faucet handle with his right hand.,faucet
65.869,C picks a knife from the chopping board with his right hand.,knife@@@@@chopping_board
66.1,C picks the chopping board from the countertop with his left hand.,chopping_board
68.58439,C turns the faucet handle with his right hand.,faucet
69.407,C holds the chopping board with both hands.,chopping_board
70.1,C rinses the chopping board with water from the faucet with both hands,faucet@@@@@chopping_board
76.84289,C turns the faucet handle with his right hand.,faucet
77.802,C holds the chopping board with both hands.,chopping_board
78.223,C drains off the chopping board with both hands.,knife@@@@@chopping_board
80.905,C places the chopping board on the countertop with his left hand.,chopping_board
82.054,C turns the faucet handle with his right hand.,faucet
82.68577,C rinses the knife in his right hand with the water from the faucet.,knife@@@@@faucet
83.82566,C rinses the cucumber in his left hand with the water from the faucet.,faucet
84.3,C turns the faucet with his right hand.,faucet
85.22793,C drains off the knife in his right hand.,knife
86.17534,C cuts a piece of cucumber into the sink with the knife in his right hand.,knife@@@@@sink
89.301,C cuts a piece of cucumber into the sink with the knife in his right hand.,knife@@@@@sink
92.137,C drops the piece of cucumber on the knife into the sink with his left hand.,knife@@@@@sink
94.646,C places the cucumber on the chopping board with his left hand.,chopping_board
95.47841,C slices the cucumber on the chopping board with the knife in his right hand.,knife@@@@@chopping_board
101.616,C picks a piece of cucumber from the countertop with his left hand.,pie
102.10774,C places the piece of cucumber on the chopping board with his left hand.,knife@@@@@chopping_board
102.412,C moves a piece of cucumber from the countertop to the chopping board with his left hand.,chopping_board
102.9558,C removes a piece of cucumber on the knife in his right hand to the chopping board with his left hand.,knife@@@@@chopping_board
104.39964,C slices the cucumber on the chopping board with the knife in his right hand.,knife@@@@@chopping_board
107.52335,C slices the cucumber on the chopping board with the knife in his right hand.,knife@@@@@chopping_board
125.156,C picks a piece of cucumber from the chopping board with his left hand.,chopping_board
126.159,C places the piece of cucumber on the chopping board with his left hand.,knife@@@@@chopping_board
126.445,C removes the pieces of cucumber on the knife in his right hand to the chopping board with his left hand.,knife@@@@@chopping_board
127.257,C gathers the sliced cucumber on the chopping board with his left hand.,chopping_board
128.529,C places the knife on the chopping board with his right hand.,knife@@@@@chopping_board
129.204,C picks a pair of chopstick from the white bowl with his right hand.,chopstick@@@@@bowl
130.334,C places the pair of chopstick on the chopping board with his left hand.,chopstick@@@@@chopping_board
130.863,C picks the white bowl from the countertop with his right hand.,bowl
132.668,C turns the faucet handle with his left hand.,faucet@@@@@person
133.41565,C passes the white bowl to his left hand with his right hand.,faucet@@@@@bowl
133.687,C rinses the tomatoes in the white bowl with the water from the faucet with his right hand.,faucet@@@@@bowl
137.57466,C takes the white bowl from his left hand with his right hand.,bowl
138.0,C rinses the tomatoes in the white bowl with the water from the faucet with his left hand.,faucet@@@@@person@@@@@bowl
140.213,C turns the faucet handle with his left hand.,faucet@@@@@person
140.96174,C rinses the tomatoes in the white bowl with his left hand.,person@@@@@bowl
143.706,C pour water from the white bowl into the sink with both hands.,sink@@@@@bowl
148.633,C takes a handful of tomatoes from the white bowl with his left hand.,tomato@@@@@bowl
149.169,C drains off the white bowl with his right hand.,bowl
150.29651,C places the white bowl on the countertop with his right hand.,bowl
150.65626,C places the handful of tomatoes on the chopping board with his left hand.,chopping_board@@@@@tomato
151.903,C picks the knife from the chopping board with his right hand.,knife@@@@@chopping_board
152.4271,C takes sliced cucumbers from the chopping board with his left hand and the knife in his right hand.,knife@@@@@chopping_board
155.1989,C pours the sliced cucumbers in the white bowl with his left hand and the knife in his right hand.,knife@@@@@bowl
155.98674,C removes a piece of cucumber from the knife in his right hand into the white bowl with his left hand.,knife@@@@@bowl
157.65892,C takes sliced cucumbers from the chopping board with his left hand and the knife in his right hand.,knife@@@@@chopping_board
160.95518,C pours the sliced cucumbers in the white bowl with his left hand and the knife in his right hand.,knife@@@@@bowl
161.263,C removes pieces of cucumber from the knife in his right hand into the white bowl with his left hand.,knife@@@@@bowl
162.44258,C gathers sliced cucumbers on the chopping board with his left hand.,chopping_board
163.00609,C takes sliced cucumbers from the chopping board with his left hand and the knife in his right hand.,knife@@@@@chopping_board
166.08225,C pours the sliced cucumbers in the white bowl with his left hand and the knife in his right hand.,knife@@@@@bowl
166.64,C spreads the sliced cucumber in the white bowl with his right hand.,bowl
168.57432,C picks a tomato from the chopping board with his left hand.,chopping_board@@@@@tomato
168.95366,C places the tomato on the chopping board with his left hand.,chopping_board@@@@@tomato
169.74125,C slices the tomato on the chopping board into two with the knife in his right hand.,knife@@@@@chopping_board@@@@@tomato
171.65956,C picks the sliced tomato from the chopping board with his left hand.,chopping_board@@@@@tomato
172.901,C cuts a piece of the sliced tomato in his left hand into the white bowl with the knife in his right hand.,knife@@@@@tomato@@@@@bowl
173.82052,C drops the piece of the sliced tomato in the white bowl with his left hand.,tomato@@@@@bowl
174.56031,C picks a tomato from the chopping board with his left hand.,chopping_board@@@@@tomato
175.10429,C places the tomato on the chopping board with his left hand.,chopping_board@@@@@tomato
175.94145,C slices the tomato on the chopping board into two with the knife in his right hand.,knife@@@@@chopping_board@@@@@tomato
178.251,C picks the sliced tomato from the chopping board with his left hand.,chopping_board@@@@@tomato
179.104,C drops the sliced tomato in the white bowl with his left hand.,tomato@@@@@bowl
179.767,C picks a tomato from the chopping board with his left hand.,chopping_board@@@@@tomato
180.345,C places the tomato on the chopping board with his left hand.,chopping_board@@@@@tomato
180.88518,C slices the tomato on the chopping board into two with the knife in his right hand.,knife@@@@@chopping_board@@@@@tomato
182.284,C picks the sliced tomato from the chopping board with his left hand.,chopping_board@@@@@tomato
182.9997,C cuts a piece of the sliced tomato in his left hand with his right hand.,knife@@@@@tomato
183.467,C drops the pieces of the sliced tomato in the white bowl with both hands.,tomato@@@@@bowl
184.03477,C picks a tomato from the chopping board with his left hand.,chopping_board@@@@@tomato
184.432,C places the tomato on the chopping board with his left hand.,chopping_board@@@@@tomato
184.96193,C slices the tomato on the chopping board into two with the knife in his right hand.,knife@@@@@chopping_board@@@@@tomato
186.13385,C picks the sliced tomato from the chopping board with his left hand.,chopping_board@@@@@tomato
186.651,C drops the sliced tomato in the white bowl with his left hand.,tomato@@@@@bowl
187.23917,C moves a tomato on the chopping board with his left hand.,knife@@@@@hat@@@@@person@@@@@chopping_board@@@@@tomato
188.04296,C slices the tomato on the chopping board into two with the knife in his right hand.,knife@@@@@chopping_board@@@@@tomato
189.266,C picks the sliced tomato from the chopping board with his left hand.,chopping_board@@@@@tomato
189.7897,C drops the sliced tomato in the white bowl with his left hand.,tomato@@@@@bowl
190.8132,C picks a tomato on the chopping board with his left hand.,chopping_board@@@@@tomato
191.20139,C places the tomato on the chopping board with his left hand.,chopping_board@@@@@tomato
191.80853,C slices the tomato on the chopping board into two with the knife in his right hand.,knife@@@@@chopping_board@@@@@tomato
192.617,C picks the sliced tomato from the chopping board with his left hand.,chopping_board@@@@@tomato
193.429,C drops the sliced tomato in the white bowl with his left hand.,tomato@@@@@bowl
193.884,C picks a piece of the sliced tomato from the chopping board with his left hand.,chopping_board@@@@@tomato
194.569,C drops the piece of the sliced tomato in the white bowl with his left hand.,tomato@@@@@bowl
195.122,C picks a tomato from the chopping board with his left hand.,chopping_board@@@@@tomato
195.5,C places the tomato on the chopping board with his left hand.,chopping_board@@@@@tomato
196.22798,C slices the tomato on the chopping board into two with the knife in his right hand.,knife@@@@@chopping_board@@@@@tomato
198.44,C picks the sliced tomato from the chopping board with his left hand.,chopping_board@@@@@tomato
199.22,C drops the sliced tomato in the white bowl with his left hand.,tomato@@@@@bowl
199.799,C picks a tomato from the chopping board with his left hand.,chopping_board@@@@@tomato
200.18716,C places the tomato on the chopping board with his left hand.,chopping_board@@@@@tomato
200.865,C slices the tomato on the chopping board into two with the knife in his right hand.,knife@@@@@chopping_board@@@@@tomato
202.775,C picks the sliced tomato from the chopping board with his left hand.,chopping_board@@@@@tomato
203.25,C drops the sliced tomato in the white bowl with his left hand.,tomato@@@@@bowl
204.31,C places the knife on the chopping board with his right hand.,knife@@@@@chopping_board
205.388,C moves the chopping board on the countertop with both hands.,chopping_board
206.963,C picks the white bowl from the countertop with both hands.,bowl
207.437,C shakes the white bowl with both hands.,bowl
209.104,C holds back the salad mixture in the white bowl with his left hand.,bowl
209.964,C drains off water from the white bowl with his right hand.,bowl
218.8274,C takes the white bowl from his right hand with his left hand.,person@@@@@bowl
219.111,C places the white bowl on the countertop with his left hand.,bowl
220.35,C turns the faucet handle with his right hand.,faucet
221.023,C rinses his right hand with the water from the faucet.,faucet
221.575,C turns the faucet handle with his right hand.,faucet
224.448,C picks a bottle of olive oil from the countertop with his left hand.,bottle
225.499,C holds the bottle of olive oil with both hands.,bottle
227.661,C opens the bottle of olive oil with his left hand.,bottle@@@@@bottle_opener@@@@@pen
229.502,C picks the white bowl from the countertop with his left hand.,bowl
231.338,C pours olive oil from the bottle of olive oil on the salad mixture in the white bowl with his right hand.,bottle@@@@@bowl
233.379,C places the white bowl on the countertop with his left hand.,bowl
234.5667,C closes the bottle of olive oil bottle with the lid in his left hand.,bottle_cap@@@@@bottle
236.67357,C takes the bottle of olive oil from his right hand with his left hand.,bottle
237.168,C places the bottle of olive oil on the countertop with his left hand.,bottle
238.114,C picks a bottle of vinegar from the countertop with his left hand.,bottle
239.296,C hold the bottle of vinegar with both hands.,bottle
240.684,C opens the bottle of vinegar with his left hand.,bottle
242.81266,C picks the white bowl from the countertop with his left hand.,bowl
244.224,C pours vinegar from the bottle of vinegar on the salad mixture in the white bowl with his right hand.,bottle@@@@@bowl@@@@@salad
246.45239,C places the white bowl on the countertop with his left hand.,bowl
248.838,C closes the bottle of vinegar with the lid in his left hand.,bottle
253.811,C places the bottle of vinegar on the countertop with his right hand.,bottle
254.70378,C picks a salt container from the countertop with his right hand.,saltshaker
255.883,C passes the salt container to his left hand with his right hand.,saltshaker
256.22,C opens the salt container seal with his right hand.,saltshaker@@@@@person
258.594,C pours salt from the salt container on his right hand with his left hand.,saltshaker@@@@@person
259.911,C waggles his right hand over the sink.,sink
260.857,C sprinkles salt on the salad mixtures in the white bowl with his right hand.,bowl
265.611,C places the salt container on the countertop with his left hand.,saltshaker
266.61922,C closes the salt container seal with his left hand.,saltshaker
267.79,C turns the faucet handle with his right hand.,faucet
268.25,C rinses his right hand with the water from the faucet.,faucet
268.80144,C rinses his both hands with the water from the faucet.,faucet
271.223,C rinses his left hand with the water from the faucet.,faucet
271.65,C turns the faucet handle with his right hand.,faucet
274.835,C picks up the white bowl on the countertop with both hands.,bowl
275.51981,C waggles the white bowl with both hands.,bowl
285.9,C holds the white bowl with his left hand.,bowl
287.0,C passes the white bowl to his right hand with his left hand.,bowl
288.98674,C holds the white bowl with both hands.,person@@@@@bowl
293.442,C holds the white bowl with his right hand.,person@@@@@bowl
298.10015,C holds the white bowl with both hands.,person@@@@@bowl
299.144,C holds the white bowl with his right hand.,person@@@@@bowl
301.119,C places the white bowl on the kitchen island with his right hand.,person@@@@@bowl
