timestamp,narration,object
16.08426,C picks the a knife on the chopping board with his left hand.,knife@@@@@chopping_board
16.3569,C picks the ladle on the chopping board with with his right hand.,chopping_board@@@@@ladle
17.258,C drops the knife in his left hand on the chopping board.,knife@@@@@chopping_board
18.14358,C turns the ladle in his right hand.,ladle
20.27889,C transfers the ladle in his right hand to his left hand.,ladle
21.21163,C turns on the kitchen tap with his right hand.,faucet
22.36013,C rinses the ladle in his left hand under the kitchen tap.,sink@@@@@kitchen_sink@@@@@ladle
23.88528,C rinses his right hand under the kitchen tap.,sink
25.74063,C rinses the ladle in his left hand under the kitchen tap.,sink@@@@@kitchen_sink@@@@@ladle
27.14401,C turns off the kitchen tap with his right hand.,faucet
28.58795,C places the ladle in his left hand on the cutting board.,chopping_board@@@@@ladle
32.97211,C opens the cabinet with his right hand.,cabinet
33.93017,C opens the cabinet with his left hand.,cabinet
37.52271,C closes the cabinet with his left hand.,cabinet
41.44337,C picks a bowl from the cabinet with his left hand.,bowl@@@@@cabinet
42.79204,C closes the cabinet with his right hand.,cabinet
44.11801,C holds the bowl with his hands.,bowl
49.70248,C places the bowl in his left hand on the countertop.,bowl
50.26978,C picks the bowl on with his left hand.,bowl@@@@@person
51.81618,C places the bowl in his hands on the kitchen island top.,bowl
53.97286,C opens the fridge with his left hand.,refrigerator
56.88766,C opens a crate of egg in the fridge with his right hand.,egg@@@@@crate
58.11643,C picks an egg from the crate with his right hand.,egg@@@@@crate
60.08293,C places the egg in his right hand on the crate.,egg@@@@@crate
60.87824,C picks an egg from the crate with his right hand.,egg@@@@@crate
62.77939,C transfers the egg in his right hand to his left hand.,egg
63.17271,C opens the crate of egg in the fridge with his right hand.,egg@@@@@crate
64.19174,C picks an egg from the crate with his right hand.,egg@@@@@crate
67.44558,C places the eggs in his hands on the kitchen island top.,egg@@@@@kitchen_table@@@@@table
72.25451,C picks the eggs on the kitchen island top with his right hand.,egg
73.90059,C places the eggs in his right hand in the bowl on the kitchen island top.,bowl@@@@@egg
81.8771,C adjusts the fridge compartment with his right hand.,refrigerator@@@@@knob
84.05033,C brings out a package of fresh tomatoes with his hands from the fridge compartment.,tomato@@@@@refrigerator
89.89301,C places the package of fresh tomatoes in his hands on the kitchen island top.,tomato
93.84391,C closes the fridge with his right hand.,refrigerator
103.6646,C holds the tomato with his left hand.,tomato
104.19865,C removes the stalk from the tomato in his left hand with his right hand.,tomato@@@@@can
108.09369,C places the tomato in his left hand on the kitchen island top.,tomato
109.18183,C picks the tomato on the countertop with his left hand.,tomato
113.93284,C places the tomato in his left hand on the chopping board.,tomato@@@@@chopping_board
115.10162,C removes the stalk from the tomato in his left hand with his right hand.,tomato@@@@@can
118.539,C places the tomato in his left hand on the chopping board.,tomato@@@@@chopping_board
123.17064,C opens the garbage bin with his right foot.,trash_can@@@@@can
127.03713,C picks the package of tomatoes on the kitchen island top with his hands.,tomato
128.42663,C opens the fridge with his left hand.,refrigerator
137.24798,C closes the fridge with his left hand.,person@@@@@refrigerator
141.91926,C picks the tomato on the chopping board with his right hand.,tomato@@@@@chopping_board
142.37507,C drops the tomato in his right hand on the chopping board.,tomato@@@@@chopping_board
142.87907,C adjusts the tomatoes on the chopping board with his hands.,tomato@@@@@chopping_board
146.05367,C picks the egg in a bowl with his right hand.,bowl@@@@@egg
146.71668,C drops the egg in his right hand in the bowl.,bowl@@@@@egg
148.24186,C picks the tomato on the chopping board with his left hand.,tomato@@@@@chopping_board
148.48964,C transfers the tomato in his left hand to his right hand.,tomato
149.31266,C transfers the tomato in his right hand to his left hand.,tomato@@@@@person
150.66191,C puts his left hand with the tomato under the kitchen tap.,tomato@@@@@faucet
150.75286,C turns on the kitchen tap with his right hand.,faucet
151.48278,C rinses the tomato under the kitchen tap with his hands.,tomato@@@@@sink@@@@@kitchen_sink
155.93735,C turns off the kitchen tap with his right hand.,faucet
156.78348,C transfers the tomato in his left hand to his right hand.,tomato
157.22439,C shakes his right hand with the tomato.,tomato
160.5349,C transfers the tomato in his right hand to his left hand.,tomato@@@@@person
161.00691,C places the tomato in his left hand on the chopping board.,tomato@@@@@chopping_board
161.5563,C picks the tomato on the chopping board with his right hand.,tomato@@@@@chopping_board
162.55462,C transfers the tomato in his right hand to his left hand.,tomato@@@@@person
163.00166,C puts his left hand with the tomato under the kitchen tap.,tomato@@@@@faucet
163.44907,C turns on the kitchen tap with his right hand.,faucet
164.14031,C rinses the tomato in his hands under the kitchen tap.,tomato@@@@@sink
168.30941,C turns off the kitchen tap with his right hand.,faucet
168.76458,C transfers the tomato in his left hand to his right hand.,tomato
169.29502,C shakes his right hand with the tomato.,tomato
169.982,C turns the tomato with his hands.,tomato
170.22946,C transfers the tomato to his right hand.,tomato
171.50892,C places the tomato in his right hand on the chopping board.,tomato@@@@@chopping_board
171.74826,C adjusts the tomato on the chopping board with his left hand,tomato@@@@@chopping_board
173.835,C picks the egg in a bowl with his right hand.,bowl@@@@@egg
175.29784,C picks the egg in a bowl with his left hand.,bowl@@@@@egg
178.48174,C places the egg in his left hand on the kitchen island top.,egg
179.40832,C places his left hand on the bowl.,bowl@@@@@person
180.47715,C hits the egg in his right hand on the edge of the bowl.,bowl@@@@@egg
181.36529,C holds the egg with his hands.,egg
182.03578,C breaks the egg into the bowl with his hands.,bowl@@@@@egg
186.77801,C arranges the egg shell in his hands.,egg
187.55409,C turns the egg shell in his right hand.,seashell
190.04651,C drops the egg shell in his right hand into the garbage bin.,trash_can@@@@@seashell@@@@@can
191.38581,C picks the egg on the kitchen island top with his left hand.,egg
191.66813,C transfers the egg in his left hand to his right hand.,egg
192.0279,C holds the bowl with his left hand.,bowl
192.3075,C hits the egg in his right hand on the edge of the bowl.,bowl@@@@@egg
192.94998,C holds the egg with his hands.,egg
193.40317,C breaks the egg into the bowl with his hands.,bowl@@@@@egg
198.71866,C arranges the egg shell in his hands.,egg
199.29704,C removes his left hand from the egg shell.,egg
201.02213,C opens the garbage bin with his right foot.,trash_can@@@@@can
201.873,C drops the egg shell in his right hand into the garbage bin.,trash_can@@@@@seashell@@@@@can
205.36744,C turns on the kitchen tap with his right hand.,faucet
207.43589,C turns off the kitchen tap with his right hand.,faucet
215.02399,C opens the drawer with his right hand.,drawer
217.23276,C adjusts a utensil with his right hand.,knife@@@@@spoon@@@@@fork@@@@@can@@@@@chopstick
218.30389,C picks a fork from the drawer with his right hand.,drawer@@@@@fork
219.28703,C closes the drawer with his right hand.,drawer
222.13044,C holds the bowl of egg mixture with his left hand.,bowl@@@@@egg
222.37645,C picks the bowl of egg with his left hand.,bowl@@@@@egg
223.21122,C whisks the egg in the bowl with the fork in his right hand.,bowl@@@@@egg@@@@@fork
245.25706,C hits the fork in his right hand on the edge of the bowl of egg.,bowl@@@@@fork
246.7963,C places the bowl of egg in his hands on the kitchen island top.,bowl@@@@@egg
248.0244,C turns the egg in the bowl with the fork in his right hand.,bowl@@@@@egg@@@@@fork
249.26624,C drops the fork in his right hand in the bowl of egg.,bowl@@@@@fork
251.66667,C picks the knife on the chopping board with his left hand.,knife@@@@@chopping_board
251.89587,C transfers the knife in his left hand to his right hand.,knife@@@@@person
252.52842,C adjusts the tomato on the chopping board with his left hand.,tomato@@@@@chopping_board
256.56412,C cuts the tomato on the chopping board with the knife in his right hand.,tomato@@@@@knife@@@@@chopping_board
259.60243,C turns the half tomato on the chopping board with his left hand.,tomato@@@@@chopping_board
269.4498,C cuts the tomato on the chopping board with the knife in his right hand.,tomato@@@@@knife@@@@@chopping_board
271.25297,C adjusts the piece of tomato on the chopping board with his left hand.,tomato@@@@@chopping_board
272.43273,C picks the half tomato on the chopping board with his left hand.,tomato@@@@@chopping_board
272.68153,C turns the half tomato on the chopping board with his left hand.,tomato@@@@@chopping_board
273.69855,C cuts the half tomato on the chopping board with the knife in his right hand.,tomato@@@@@knife@@@@@chopping_board
274.85315,C picks the piece of tomato on the chopping board with his left hand.,tomato@@@@@chopping_board
275.39462,C places the piece of tomato in his left hand on the chopping board.,tomato@@@@@chopping_board
276.12248,C adjusts the piece of tomato on the chopping board with his left hand.,tomato@@@@@chopping_board
276.76175,C picks the tomato on the chopping board with his left hand.,tomato@@@@@chopping_board
277.24066,C places the tomato in his left hand on the chopping board.,tomato@@@@@chopping_board
279.09701,C changes the position of the knife in his right hand.,knife
282.28747,C cuts the tomato on the chopping board with the knife in his right hand.,tomato@@@@@knife@@@@@chopping_board
284.50208,C holds a portion of the tomato with his left hand.,tomato
284.81439,C cuts the tomato on the cutting board with the knife in his right hand.,tomato@@@@@knife@@@@@chopping_board
286.18563,C turns the half tomato on the cutting board with his left hand.,tomato@@@@@chopping_board
287.87958,C cuts the half tomato on the cutting board with the knife in his right hand.,tomato@@@@@knife@@@@@chopping_board
290.22197,C cuts a portion of tomato on the cutting board with the knife in his right hand.,tomato@@@@@knife@@@@@chopping_board
291.46919,C picks a piece of tomato on the cutting board with his left hand.,tomato@@@@@chopping_board
292.09593,C places the piece of tomato in his left hand on the cutting board.,tomato@@@@@chopping_board
292.51764,C adjusts the piece of tomato on the cutting board with his left hand.,tomato@@@@@chopping_board
293.05362,C adjusts the piece of tomato on the cutting board with his left hand.,tomato@@@@@chopping_board
293.63987,C turns the half tomato on the chopping board with his left hand.,tomato@@@@@chopping_board
295.02621,C cuts the tomato on the chopping with the knife in his right hand.,tomato@@@@@knife@@@@@chopping_board
297.07702,C cuts the tomato on the chopping with the knife in his right hand.,tomato@@@@@knife@@@@@chopping_board
298.71825,C adjusts the pieces of tomatoes on the chopping board with his left hand.,tomato@@@@@chopping_board
299.88816,C places the knife in his right hand on the chopping board.,knife@@@@@chopping_board
300.74838,C arranges the sliced tomatoes on the chopping board with his hands.,tomato@@@@@chopping_board
310.96325,C holds a skillet on a stovetop with his left hand.,stove
313.5712,C turns on the the electric stove with his left hand.,stove
318.96007,C adjusts the helmet on his head with his right hand.,cowboy_hat@@@@@hat
321.16022,C holds a jar of cooking oil with his hands.,jar
321.57536,C closes the jar of cooking oil with his right hand.,jar
328.22881,C opens the jar of cooking oil with his right hand.,jar
329.36544,C picks the jar of cooking oil on the countertop with his left hand.,jar
329.61931,C adjusts the lid of the jar of cooking oil with his right hand.,jar
330.25083,C transfers the jar of cooking oil in his left hand to his right hand.,jar
332.88508,C adjusts the lid of the cooking oil jar with his left hand.,jar
334.5548,C turns some of the cooking oil in the jar in his right hand into the skillet on heat.,jar@@@@@pan_(for_cooking)
336.39191,C transfers the jar of cooking oil in his right hand to his left hand.,jar
336.94825,C covers the jar of the cooking oil with his right hand.,jar
337.60897,C adjusts the jar of cooking oil towards the electric kettle with his left hand.,kettle@@@@@jar
357.66109,C feels the heat on the skillet on heat with his left hand.,frying_pan
359.52066,C adjusts the helmet on his head with his right hand.,cowboy_hat@@@@@hat
364.09925,C feels the heat on the skillet on heat with his left hand.,frying_pan
369.46652,C raises the skillet on heat with his left hand.,pan_(for_cooking)
373.0318,C adjusts the fork in the bowl of mixture with his right hand.,bowl@@@@@fork
373.66665,C picks the bowl of egg mixture on the kitchen island top with his hands.,bowl
374.66999,C picks the fork in the bowl of egg mixture with his right hand.,bowl@@@@@fork
375.50709,C stirs the egg mixture in the bowl with the fork in his right hand.,bowl@@@@@fork
380.56888,C hits the fork on the edge of the bowl with his right hand.,bowl@@@@@fork
383.0788,C stirs the egg mixture in the bowl with the fork in his right hand.,bowl@@@@@fork
387.67497,C pours the egg in the bowl mixture in the bowl into the skillet on heat.,bowl@@@@@egg
393.03958,C drops the fork in his right hand in the bowl.,bowl@@@@@fork
393.38494,C drops the bowl with fork on the countertop.,bowl@@@@@fork
398.59043,C picks the ladle on the chopping board with his right hand.,chopping_board@@@@@ladle
400.02509,C holds the handle of the skillet with his left hand.,handle
401.717,C adjusts the egg in the skillet on heat with the ladle in his right hand.,ladle
405.47436,C adjusts the skillet on heat with his left hand.,stove@@@@@pan_(for_cooking)
406.09737,C adjusts the egg in the skillet on heat with the ladle in his right hand.,ladle
408.31702,C adjusts the egg in the skillet on heat with the ladle in his right hand.,ladle
410.39344,C stirs the egg in the skillet on heat with the ladle in his right hand.,ladle
432.90006,C raises the skillet with cooked egg with his left hand.,egg@@@@@pan_(metal_container)@@@@@can@@@@@pan_(for_cooking)
433.77011,C adjusts the cooked egg in the skillet with the ladle in his right hand.,ladle@@@@@pan_(for_cooking)
439.74639,C places the ladle in his right hand in the skillet with cooked egg.,ladle
440.80009,C adjusts the bowl with his right hand.,bowl
442.13202,C picks the ladle in the skillet with cooked egg with his right hand.,ladle
442.7444,C adjusts cooked egg in the skillet with the ladle in his right hand.,ladle
444.3248,C turns the cooked egg into the bowl with the ladle in his right hand.,bowl@@@@@egg@@@@@ladle
456.82343,C places the ladle in his right hand on the chopping board.,chopping_board@@@@@ladle
457.94009,C picks the knife on the countertop with his right hand.,knife
459.36538,C packs the sliced tomatoes on the chopping board with the knife in his right hand.,knife@@@@@chopping_board
462.31596,C places the sliced tomatoes in his left hand into the skillet on heat.,tomato@@@@@pan_(for_cooking)
465.26122,C places the knife in his right hand on the chopping board.,knife@@@@@chopping_board
466.94183,C adds the sliced tomatoes in his left hand to the skillet with sliced tomato on heat.,tomato@@@@@frying_pan@@@@@can@@@@@pan_(for_cooking)
468.14726,C picks a piece of sliced tomato on the countertop with his left hand.,tomato@@@@@kitchen_table@@@@@table@@@@@can@@@@@hat
470.78655,C removes a dirt from the piece of tomato with his right hand.,tomato
472.4042,C adds the piece of tomato in his left hand  to the skillet with sliced tomatoes on heat.,tomato
473.59688,C picks a piece of sliced tomato on the countertop with his left hand.,tomato@@@@@kitchen_table@@@@@table@@@@@can@@@@@hat
474.66505,C picks a piece of sliced tomato on the countertop with his right hand.,tomato
474.94133,C adds the piece of tomato in his left hand  to the skillet with sliced tomatoes on heat.,tomato
475.28621,C adds the piece of tomato in his right hand  to the skillet with sliced tomatoes on heat.,tomato
476.31237,C picks a piece of sliced tomato on the countertop with his right hand.,tomato
477.2248,C adds the piece of tomato in his right hand  to the skillet with sliced tomatoes on heat.,tomato
479.04618,C picks the ladle on the countertop with his right hand.,ladle
480.28276,C holds the handle of the skillet with tomatoes on heat with his left hand.,handle
480.873,C stirs the tomatoes in the skillet on heat with the ladle in his right hand.,ladle
488.26069,C stirs the tomatoes in the skillet on heat with the back of the ladle in his right hand.,ladle
495.48369,C turns the tomatoes in the skillet on heat with the ladle in his right hand.,ladle
497.90958,C removes the skillet with stir fried tomato from heat with his left hand.,tomato
499.77853,C places the ladle in his right hand on the chopping board.,chopping_board@@@@@ladle
502.67559,C turns on the kitchen tap with his right hand.,faucet
504.3216,C turns off the kitchen tap with his right hand.,faucet
506.40732,C picks the ladle on the countertop with his right hand.,ladle
508.79555,C stirs the tomatoes in the skillet on heat with the ladle in his right hand.,ladle
520.264,C hits the ladle in his right hand on the edge of the skillet.,ladle
523.52658,C shakes the container on the countertop with his left hand.,bucket@@@@@pot@@@@@bottle@@@@@can@@@@@saucepan@@@@@canister
526.45399,C holds the handle of the skillet on heat with his left hand.,handle
526.80919,C turns the tomatoes in the skillet on heat with the ladle in his right hand.,ladle
531.29063,C adjusts the tomatoes in the skillet on heat with the ladle in his right hand.,ladle
533.83402,C picks a piece of tomato in the skillet on heat with the ladle in his right hand.,ladle
537.26894,C holds the handle of the skillet on heat with his left hand.,handle
537.52582,C stirs the tomatoes in the skillet on heat with the ladle in his right hand.,ladle
545.88597,C holds the handle of the skillet on heat with his left hand.,handle
546.34392,C turns the tomato in the skillet on heat with the ladle in his right hand.,tomato@@@@@ladle
550.18052,C holds the handle of the skillet on heat with his left hand.,handle
550.40731,C turns the tomato in the skillet on heat with the ladle in his right hand.,tomato@@@@@ladle
559.22452,C adjusts the helmet on his head with his left hand.,cowboy_hat@@@@@hat
563.71301,C picks the fork in the bowl of cooked egg with his left hand.,bowl@@@@@fork
564.08002,C raises the cooked egg in the bowl with fork in his left hand.,bowl@@@@@egg@@@@@fork
566.11777,C places the fork in his left hand in the bowl with cooked egg.,bowl@@@@@fork
570.57549,C holds the handle of the skillet on heat with his left hand.,handle
571.08137,C stirs the tomatoes in the skillet with the back of the ladle in his right hand.,ladle
582.39883,C adjusts the helmet on his head with his left hand.,cowboy_hat@@@@@hat
590.05983,C holds the handle of the skillet on heat with his left hand.,handle
591.53976,C stirs the tomatoes in the skillet with the back of the ladle in his right hand.,ladle
606.16963,C hits  the ladle in his right hand on the edge of the skillet on heat.,ladle
615.34902,C adjusts the skillet on heat with his left hand.,stove@@@@@pan_(for_cooking)
616.53434,C stirs the tomatoes in the skillet on heat with the ladle in his right hand.,ladle
626.57711,C stirs the tomatoes in the skillet on heat with the ladle in his right hand.,ladle
643.19741,C places the ladle in his right hand on the chopping board.,chopping_board@@@@@ladle
645.71095,C adjusts the fork in the bowl of cooked egg with his right hand.,bowl@@@@@fork
646.21468,C picks the bowl of cooked egg with his hand.,bowl@@@@@egg
646.93471,C picks the fork in the bowl of cooked egg with his right hand.,bowl@@@@@fork
647.51428,C turns the cooked egg in the bowl into the skillet with tomatoes on heat with the fork in his right hand.,bowl@@@@@fork
652.57729,C places the fork in his right hand in the bowl.,bowl@@@@@fork
652.95854,C places the bowl with fork in his left hand on the countertop.,bowl@@@@@fork
654.36402,C holds the handle of the skillet on heat with his left hand.,handle
654.73089,C picks the ladle on the countertop with his right hand.,ladle
655.959,C stirs the egg sauce in the skillet on heat with the ladle in his right hand.,ladle
665.32948,C stirs the egg sauce in the skillet on heat with the ladle in his right hand.,ladle
667.49891,C covers the skillet on heat with the lid in his left hand.,can@@@@@pan_(for_cooking)
670.9865,C adjusts the skillet on heat with his left hand.,stove@@@@@pan_(for_cooking)
672.76597,C places the ladle in his right hand on the chopping board on the countertop.,ladle
677.56917,C adjusts the helmet on his head with his right hand.,cowboy_hat@@@@@hat
690.49187,C picks the bowl with fork on the countertop with his hands.,bowl@@@@@fork
691.64738,C picks the fork in the bowl with his right hand.,bowl@@@@@fork
694.66793,C places the bowl in his left hand under the kitchen tap.,bowl@@@@@sink
694.66793,C turns on the kitchen tap with his right hand.,faucet
695.28017,C rinses the bowl in his left hand under the kitchen tap.,bowl@@@@@sink@@@@@kitchen_sink
695.95303,C pours the water in the bowl in his left hand into the kitchen sink.,bowl@@@@@sink@@@@@kitchen_sink
696.78435,C rinses the fork in his right hand under the kitchen tap.,sink@@@@@fork@@@@@kitchen_sink
698.08869,C rinses the bowl in his left hand under the kitchen tap.,bowl@@@@@sink@@@@@kitchen_sink
699.7525,C pours the water in the bowl in his left hand into the kitchen sink.,bowl@@@@@sink@@@@@kitchen_sink
701.57306,C rinses the bowl in his left hand under the kitchen tap with his right hand.,bowl@@@@@sink
704.47277,C rinses the fork in his right hand under the kitchen tap.,sink@@@@@fork@@@@@kitchen_sink
706.59,C places the fork in his right hand in the bowl in his left hand.,bowl@@@@@fork
706.98787,C places the bowl with fork in his left hand on the countertop.,bowl@@@@@fork
708.79765,C turns off the kitchen tap with his right hand.,faucet
713.89493,C picks the bowl with fork with his hands.,bowl@@@@@fork
718.20856,C places the bowl with fork in his hands on the countertop.,bowl@@@@@fork
719.58747,C adjusts the jar of cooking oil with his left hand.,jar
720.07128,C picks the jar of cooking oil with his left hand.,jar
722.23302,C places the jar of cooking oil in his left hand on the countertop.,jar
725.55038,C adjusts the skillet with egg sauce on heat with his left hand.,frying_pan@@@@@saucepan
727.47982,C adjusts the skillet with egg sauce on heat with his left hand.,frying_pan@@@@@saucepan
734.56021,C adjusts the skillet with egg sauce on heat with his left hand.,frying_pan@@@@@saucepan
736.44559,C adjusts the skillet with egg sauce on heat with his left hand.,frying_pan@@@@@saucepan
748.67881,C picks the ladle on the countertop with his right hand.,ladle
754.42585,C flattens the tomatoes in the egg sauce in a skillet on heat with the ladle in his right hand.,ladle
763.1783,C turns the egg sauce in the skillet on heat with the ladle in his right hand.,ladle
768.30163,C hits the ladle in his right hand on the edge of the skillet on heat.,ladle
770.05479,C places the ladle in his right hand on the chopping board.,chopping_board@@@@@ladle
771.15316,C picks a container of unspecified seasoning on the countertop with his right hand.,can@@@@@hat
773.84612,C turns the knob of the electric cooker with his left hand.,cooker@@@@@knob
775.6836,C holds the handle of the skillet on heat with his left hand.,handle
776.66763,C adds the unspecified seasoning in the container in his right hand into the egg sauce in the skillet on heat.,frying_pan
783.77727,C picks a container of unspecified seasoning on the countertop with his right hand.,can@@@@@hat
785.53459,C adds the unspecified seasoning in the container in his right hand into the egg sauce in the skillet on heat.,frying_pan
793.11253,C picks the ladle on chopping board with his right hand.,chopping_board@@@@@ladle
794.59839,C stirs the egg sauce in the skillet on heat with the ladle in his right hand.,ladle
807.3128,C flattens the piece of tomato with the ladle in his right hand.,tomato@@@@@ladle
809.30442,C stirs the egg sauce in the skillet on heat with the ladle in his right hand.,ladle
812.19903,C flattens the piece of tomato with the ladle in his right hand.,tomato@@@@@ladle
813.34015,C stirs the egg sauce in the skillet on heat with the ladle in his right hand.,ladle
815.4263,C flattens the piece of tomato with the ladle in his right hand.,tomato@@@@@ladle
816.05615,C stirs the egg sauce in the skillet on heat with the ladle in his right hand.,ladle
817.33125,C flattens the piece of tomato with the ladle in his right hand.,tomato@@@@@ladle
818.71049,C stirs the egg sauce in the skillet on heat with the ladle in his right hand.,ladle
838.57864,C flattens the of tomatoes with the ladle in his right hand.,tomato@@@@@ladle
843.07651,C stirs the egg sauce in the skillet on heat with the ladle in his right hand.,ladle
854.192,C picks a piece of egg with the ladle in his right hand.,egg@@@@@ladle
856.55448,C puts the the piece of egg in the ladle into his mouth.,egg@@@@@ladle
859.56273,C stirs the egg sauce in the skillet on heat with the ladle in his right hand.,ladle
867.59552,C stirs the egg sauce in the skillet with the ladle in his right hand.,ladle
869.49203,C drops the ladle in his right hand in the skillet with egg sauce.,ladle
870.38566,C picks the fork in the bowl with his right hand.,bowl@@@@@fork
870.809,C adjusts the bowl with his right hand.,bowl
871.72793,C drops the fork in his right hand in the bowl.,bowl@@@@@fork
872.37733,C picks the ladle in the skillet with his right hand.,ladle
873.28265,C turns the egg sauce in the skillet into the bowl with the ladle in his right hand.,bowl@@@@@ladle
886.57704,C places the skillet in his left hand on the stovetop.,pot@@@@@stove
887.44241,C drops the ladle in his right hand in the skillet.,ladle
887.90461,C removes the ladle from the skillet with his right hand.,ladle@@@@@pan_(for_cooking)
888.63517,C hits the ladle in his right hand on the edge of the skillet.,ladle
891.33419,C places the ladle in his right hand on the chopping board.,chopping_board@@@@@ladle
892.4424,C picks the knife on the chopping board with his right hand.,knife@@@@@chopping_board
893.02818,C places the spring onion in his left hand on the chopping board.,chopping_board@@@@@onion
894.05816,C cuts the spring onion on the chopping board with the knife in his right hand.,knife@@@@@chopping_board
911.01881,C picks a piece of spring onion on the chopping board with his left hand.,chopping_board@@@@@onion
911.47115,C drops the piece of spring onion in his left hand on the chopping board.,chopping_board@@@@@onion
912.10543,C cuts the piece of spring onion on the chopping board with the knife in his right hand.,knife@@@@@chopping_board
913.15614,C places the knife in his right hand on the chopping board.,knife@@@@@chopping_board
914.01512,C packs the chopped spring onion on the chopping board with his right hand.,chopping_board@@@@@onion
920.15537,C adds the chopped spring onion in his right hand to the egg sauce in the bowl.,bowl@@@@@spoon
924.7085,C shreds the spring onion with his hands into the bowl of egg sauce.,bowl@@@@@onion
926.03763,C wipes his hands into the bowl of egg sauce.,bowl
930.19241,C turns on the kitchen tap with his right hand.,faucet
931.64567,C turns off the kitchen tap with his right hand.,faucet
932.35284,C shakes his hands into the kitchen sink.,sink@@@@@kitchen_sink
937.64707,C picks the bowl of egg sauce on the countertop with his hands.,bowl
941.1097,C places the bowl of egg sauce in his hands on the kitchen island top.,bowl
941.81885,C picks the fork in the bowl of egg sauce with his right hand.,bowl@@@@@fork
942.02867,C stirs the egg sauce in the bowl with the fork in his right hand,bowl@@@@@fork
949.2094,C dips the fork in his right hand in the bowl of egg sauce.,bowl@@@@@fork
0.0,C adjusts his camera glasses with both hands.,can
15.03386,C holds the wooden spatula on the countertop with his right hand.,spatula
15.51889,C picks the knife from the cutting board with his left hand.,knife@@@@@chopping_board
15.87247,C picks the wooden spatula from the countertop with his right hand.,spatula
16.79081,C moves the salad on the cutting board with the spatula in his right hand.,spatula@@@@@chopping_board
17.17673,C places the knife on the cutting board with his left hand.,knife@@@@@chopping_board
20.13476,C passes the spatula from his right hand to his left hand.,spatula
21.19501,C holds the tap switch with his right hand.,faucet
21.69611,C opens the tap switch with his right hand.,faucet
22.25373,C rinses the spatula under the running tap with his left hand.,spatula@@@@@faucet
23.87543,C washes his right hand under the running tap.,faucet
25.55628,C places the spatula under the running tap with his left hand.,spatula
25.74734,C holds the tap switch with his right hand.,faucet
27.11267,C closes the tap switch with his right hand.,faucet
28.10444,C holds the tap switch with his right hand.,faucet
28.45783,C places the spatula on the countertop with his left hand.,spatula
30.24786,C tosses his right hand over the kitchen sink.,sink@@@@@kitchen_sink
30.66424,C holds the kitchen towel on the countertop with his right hand.,hand_towel@@@@@towel
41.171,C picks a bowl from the shelf with his left hand.,bowl
44.15875,C holds the bowl with his right hand.,bowl@@@@@person
49.46917,C places the bowl on the countertop with his left hand.,bowl
50.09168,C picks the bowl from the countertop with his left hand.,bowl
50.686,C holds the bowl with his right hand.,bowl@@@@@person
51.62159,C places the bowl on the table top with both hands.,bowl@@@@@table
53.34904,C holds the fridge knob with his right hand.,refrigerator@@@@@knob
53.86864,C opens the fridge with his left hand.,refrigerator
56.61457,C holds the egg crate in the fridge with his right hand.,refrigerator@@@@@crate
57.28118,C opens the egg crate with his right hand.,crate
57.96732,C picks an egg from the crate with his right hand.,egg@@@@@crate
60.254,C places the egg in the crate with his right hand.,egg@@@@@crate
61.06574,C picks an egg from the crate with his right hand.,egg@@@@@crate
62.75043,C transfers the egg from his right hand to his left hand.,egg
63.21596,C opens the egg crate with his right hand.,crate
63.7729,C picks an egg from the crate with his right hand.,egg@@@@@crate
67.02103,C drops the egg in his left hand on the table top with his left hand.,egg@@@@@table
67.15196,C drops the egg in his left hand on the table top with his right hand.,egg@@@@@table
72.09187,C picks an egg from the table top with his right hand.,egg@@@@@table
72.69653,C picks the egg from the table top with his right hand.,egg@@@@@table
73.55361,C puts the eggs in the bowl with his right hand.,bowl@@@@@egg
79.92138,C pulls out a compartment in the fridge with his right hand.,person@@@@@refrigerator
83.08396,C pulls out the compartment in the fridge with his left hand.,person@@@@@refrigerator
83.87627,C picks a plastic bag of tomatoes from the compartment with his right hand.,tomato@@@@@plastic_bag
85.35689,C holds the plastic bag of tomatoes with his left hand.,plastic_bag
86.06505,C pulls out the plastic bag of tomatoes from the compartment with both hands.,plastic_bag
89.87537,C places the plastic bag of tomatoes on the table top with both hands.,table@@@@@plastic_bag
90.3734,C opens the plastic bag of tomatoes with both hands.,tomato@@@@@plastic_bag
93.538,C closes the fridge with his right hand.,refrigerator
96.67258,C holds the plastic bag of tomatoes with his left hand.,plastic_bag
96.89194,C opens the plastic bag of tomatoes with his right hand.,plastic_bag
98.57297,C lifts the tomatoes from the plastic bag with his right hand.,tomato@@@@@plastic_bag
99.99826,C drops the tomatoes in the plastic bag with his right hand.,tomato@@@@@plastic_bag
101.39293,C holds the plastic bag of tomatoes with his left hand.,plastic_bag
102.63769,C picks the tomatoes from the plastic bag with his right hand.,plastic_bag
103.85183,C holds the green stem of the tomato with his right hand.,tomato
106.80799,C tears off the green stem of the tomato with his right hand.,tomato@@@@@person
108.03008,C places the tomato in his left hand on the table top.,tomato@@@@@table
109.07954,C picks the tomato from the table top with his left hand.,tomato@@@@@table
113.88899,C places the tomato on the cutting board with his left hand.,tomato@@@@@chopping_board
114.55908,C holds the tomato in his right hand with his left hand.,tomato
115.04697,C holds the green stem of the tomato with his right hand.,tomato
118.52076,C drops the tomato in his left hand on the cutting board.,tomato@@@@@chopping_board
119.837,C holds the plastic bag of tomatoes with his left hand.,plastic_bag
120.28567,C holds the plastic bag of tomatoes with his right hand.,tomato@@@@@plastic_bag
122.614,C opens the trash can with his right foot.,trash_can@@@@@can
123.508,C drops the green stem in the trash can with his right hand.,can
124.67724,C holds the plastic bag of tomatoes with his right hand.,tomato@@@@@plastic_bag
125.42969,C holds the plastic bag of tomatoes with his le hand.,plastic_bag
125.57016,C wraps the plastic bag of tomatoes together with both hands.,tomato@@@@@plastic_bag
127.19012,C picks the plastic bag from the tabletop with both hands.,table@@@@@plastic_bag
128.38859,C opens the fridge with his left hand.,refrigerator
133.24651,C puts the plastic bag of tomatoes in the compartment in the fridge with his right hand.,refrigerator@@@@@plastic_bag
134.979,C closes the compartment in the fridge with his left hand.,refrigerator
137.17347,C closes the fridge with his left hand.,person@@@@@refrigerator
141.04542,C holds the knife on the cutting board with his left hand.,knife@@@@@chopping_board
141.42827,C picks a tomato from the cutting board with his right hand.,tomato@@@@@chopping_board
142.40014,C places the tomato on the cutting board with his right hand.,tomato@@@@@chopping_board
142.75983,C holds the tomato on the cutting board with his left hand.,tomato@@@@@chopping_board
142.98762,C holds the tomato with his right hand.,tomato
145.66851,C picks an egg from the bowl with his right hand.,bowl@@@@@egg
146.15162,C holds the bowl with his left hand.,bowl
146.463,C drops the egg in the bowl in his right hand.,bowl@@@@@egg
147.96115,C picks the tomato from the cutting board with his left hand.,tomato@@@@@chopping_board
148.36392,C transfers the tomato from his left hand to his right hand.,tomato
149.27612,C passes the tomato from his right hand to his left hand.,tomato
150.03365,C holds the tap switch with his right hand.,faucet
150.74322,C turns the tap switch with his right hand.,faucet
151.16903,C washes the tomato under the running tap with his left hand.,tomato@@@@@faucet
151.33404,C washes the tomato under the running tap with both hands.,tomato@@@@@faucet
155.54939,C closes the tap switch with his right hand.,faucet
156.723,C passes the tomato from his left hand to his right hand.,tomato
157.31842,C tosses the tomato over the kitchen sink.,tomato@@@@@sink@@@@@kitchen_sink
160.516,C transfers the tomato from his right hand to his left hand.,tomato
161.03093,C picks the tomato from the cutting board with his right hand.,tomato@@@@@chopping_board
161.109,C places the tomato on the cutting board with his left hand.,tomato@@@@@chopping_board
162.55623,C passes the tomato from his right hand to his left hand.,tomato
163.11305,C turns the tap switch with his right hand.,faucet
163.75733,C washes the tomato under the running tap with his left hand.,tomato@@@@@faucet
164.06088,C washes the tomato under the running tap with both hands.,tomato@@@@@faucet
168.10186,C closes the tap switch with his right hand.,faucet
168.73782,C passes the tomato from his left hand to his right hand.,tomato
169.2138,C tosses his right hand over the kitchen sink.,sink@@@@@kitchen_sink
169.923,C holds the tomato with his left hand.,tomato
170.51531,C tosses the tomato with his right hand over the kitchen sink.,tomato@@@@@sink@@@@@kitchen_sink
171.349,C places the tomato on the cutting board with his right hand.,tomato@@@@@chopping_board
171.59834,C moves the tomato on the cutting board with his left hand.,tomato@@@@@chopping_board
173.68128,C picks an egg from the bowl with his right hand.,bowl@@@@@egg
173.846,C touches the egg from the bowl with his left hand.,bowl@@@@@egg
174.86915,C picks the egg from the bowl with his left hand.,bowl@@@@@egg
178.21955,C places the egg on the tabletop with his left hand.,egg@@@@@table
179.48817,C places his left hand over the bowl on the table top.,bowl@@@@@table
180.6204,C hits the egg on the bowl with his right hand.,bowl@@@@@egg
181.28689,C holds the broken egg with both hands.,egg
182.08343,C cracks egg into the bowl with both hands.,bowl@@@@@egg
185.18495,C tosses the egg shell in his hands over the bowl.,bowl@@@@@handsaw
187.245,C picks the egg shells from his left hand with his right hand.,egg
188.9637,C opens the trash can with his right foot.,trash_can@@@@@can
190.04496,C drops the egg shells in the trash can with his right hand.,egg@@@@@can
191.03993,C picks the egg from the table top with his left hand.,egg@@@@@table
191.63628,C passes the egg from his left hand to his right hand.,egg
192.021,C places the left hand over the bowl on the table top.,bowl@@@@@table
192.254,C hits the egg on the bowl with his right hand.,bowl@@@@@egg
192.89767,C holds the egg with both hands.,egg@@@@@person
193.431,C cracks the egg into the bowl with both hands.,bowl@@@@@egg
197.4097,C tosses the egg shells over the bowl with both hands.,bowl@@@@@egg
198.42,C adds the egg shell in his left hand into the egg shell in his right hand.,egg
201.17731,C opens the trash can with his right foot.,trash_can@@@@@can
201.80135,C drops the egg shell in the trash can with his right hand.,trash_can@@@@@seashell@@@@@can
205.29924,C opens the tap switch with his right hand.,faucet
206.08479,C washes his left hand under the running tap.,faucet
206.16436,C washes his right hand under the running tap.,faucet
207.26874,C closes the tap switch with his right hand.,faucet
208.04468,C shakes his hands over the kitchen sink.,sink@@@@@kitchen_sink
215.00441,C pulls out a drawer with his right hand.,drawer
217.01163,C moves a plastic bag in the drawer in his right hand.,drawer@@@@@plastic_bag
217.951,C picks a fork from the drawer with his right hand.,drawer@@@@@fork
219.28214,C pushes in the drawer with his right hand.,drawer
220.92959,C holds the fork with his left hand.,fork
221.98454,C holds the bowl with his hands.,bowl
222.182,C moves the bowl on the table top with both hands.,bowl@@@@@table
222.41926,C lifts the bowl of egg mixture from the table top with his left hand.,bowl@@@@@table
223.109,C whisks egg with the fork with his right hand.,egg@@@@@fork
246.366,C places the fork in the bowl with his right hand.,bowl@@@@@fork
246.606,C places the bowl on the table top with his left hand.,bowl@@@@@table
248.09057,C stirs the egg mixture with the fork in his right hand.,bowl@@@@@fork
248.63148,C drops the fork in the bowl with his right hand.,bowl@@@@@fork
251.21561,C holds the knife with his left hand.,knife@@@@@person
251.708,C holds the knife with his right hand.,knife@@@@@person
252.41587,C moves the tomato on the cutting board with his left hand.,tomato@@@@@chopping_board
255.565,C cuts the tomato with the knife in his right hand.,tomato@@@@@knife
259.4837,C turns over a tomato piece on the cutting board with his left hand.,tomato@@@@@chopping_board
267.37106,C holds the tomato piece on the cutting board with his left hand.,tomato@@@@@chopping_board
267.392,C cuts the tomato piece with with the knife in his right hand.,tomato@@@@@knife
271.56951,C moves the tomato pieces on the cutting board with his left hand.,tomato@@@@@chopping_board
272.44858,C turns over a tomato piece on the cutting board with his left hand.,tomato@@@@@chopping_board
273.46434,C cuts the tomato piece with the knife in his right hand.,tomato@@@@@knife
274.75627,C moves the tomato pieces on the cutting board with his left hand.,tomato@@@@@chopping_board
276.64067,C moves a tomato on the cutting board with his left hand.,tomato@@@@@chopping_board
277.51471,C holds the tomato with his left hand.,tomato
281.38385,C cuts the tomato with the knife in his right hand.,tomato@@@@@knife
284.54275,C holds the tomato with his left hand.,tomato
284.742,C cuts the tomato with the knife in his right hand.,tomato@@@@@knife
286.07735,C turns over the tomato piece on the cutting board with his left hand.,tomato@@@@@chopping_board
287.35037,C cuts the tomato piece with the knife in his right hand.,tomato@@@@@knife
291.75793,C moves the tomato pieces on the cutting board with his left hand.,tomato@@@@@chopping_board
293.519,C turns over the tomato piece on the cutting board with his left hand.,tomato@@@@@chopping_board
294.543,C cuts the tomato piece with the knife in his right hand.,tomato@@@@@knife
299.711,C places the knife on the cutting board with his right hand.,knife@@@@@chopping_board
299.926,C touches the tomato pieces on the cutting board with his left hand.,tomato@@@@@chopping_board
300.58782,C moves the tomato pieces on the cutting board with both hands.,tomato@@@@@chopping_board
310.90689,C holds the skillet on the cooker with his left hand.,cooker
313.3535,C turns the cooker switch with his left hand.,cooker
314.68112,A red light appears on the cooker.,cooker@@@@@lightbulb
318.88922,C adjusts his camera glasses with his right hand.,sunglasses
320.81007,C holds a bottle on the countertop with his right hand.,bottle
321.09316,C holds a bottle on the countertop with his left hand.,bottle
321.5389,C turns the lid of the bottle with his right hand.,bottle_cap@@@@@bottle
328.02,C opens the lid of the bottle with his right hand.,bottle
329.20058,C picks the bottle from the countertop with his left hand.,bottle
329.48747,C opens the lid of the bottle with his right hand.,bottle
330.182,C holds the bottle with his right hand.,bottle@@@@@person
330.9034,C tilts the bottle over the skillet with his right hand.,bottle@@@@@pan_(for_cooking)
331.001,C holds the skillet with his left hand.,pan_(for_cooking)
332.60341,C lifts the lid of the bottle with his left hand.,bottle
334.28639,C holds the skillet with his left hand.,pan_(for_cooking)
336.33194,C holds the bottle of oil with his left hand.,bottle
336.67173,C places the bottle on the countertop with his left hand.,bottle
336.93977,C closes the lid of the bottle with his right hand.,bottle_cap@@@@@bottle
337.45245,C moves the bottle of oil on the countertop with his left hand.,bottle
338.674,C tilts the skillet on the cooker with his right hand.,stove@@@@@pan_(for_cooking)
345.63468,C places the skillet on the cooker with his right hand.,cooker@@@@@pan_(for_cooking)
357.78549,C places his left hand over the skillet.,pan_(for_cooking)
359.28514,C adjusts his camera glasses with his right hand.,sunglasses
364.22337,C places his left hand over the skillet.,pan_(for_cooking)
365.85067,C holds the skillet with his left hand.,pan_(for_cooking)
366.60311,C tilts the skillet on the cooker with his left hand.,cooker
372.92502,C holds the bowl of egg mixture on the table top with both hands.,bowl@@@@@table
373.55899,C picks the bowl of egg mixture from the table top with both hands.,bowl@@@@@table
374.38432,C picks the fork from the bowl of egg mixture with his right hand.,bowl@@@@@fork
375.08007,C whisks the egg mixture with the fork in his right hand.,egg@@@@@fork
389.50846,C adds egg mixture into the skillet with the fork in his right hand.,fork@@@@@frying_pan
392.56871,C places the bowl on the countertop with his left hand.,bowl
393.09051,C places the fork in the bowl with his right hand.,bowl@@@@@fork
398.227,C picks the spatula from the countertop with his right hand.,spatula
399.84575,C holds the skillet with his left hand.,pan_(for_cooking)
401.0601,C mashes the egg mixture with the spatula in his right hand.,egg@@@@@spatula
405.29412,C moves the skillet on the cooker sideways with his left hand.,cooker
432.8379,C lifts the skillet from the cooker with his left hand.,cooker@@@@@pan_(for_cooking)
433.65456,C adjusts the eggs in the skillet with the spatula in his right hand.,egg@@@@@spatula
440.76855,C moves the bowl on the countertop with his right hand.,bowl
441.97658,C picks the spatula from the skillet with his right hand.,spatula
442.34782,C serves the omelet on the bowl with the spatula in his right hand.,bowl@@@@@spatula
452.68101,C places the skillet on the cooker with his left hand.,cooker
453.6023,C tosses the spatula in his right hand over the skillet.,spatula
456.85717,C places the spatula on the countertop with his right hand.,spatula
457.57286,C picks the knife from the countertop with his right hand.,knife
459.04113,C holds the tomato pieces on the cutting board with his left hand.,tomato@@@@@chopping_board
459.43532,C puts the knife under the tomato pieces with his right hand.,tomato@@@@@knife
460.12017,C picks the tomato pieces from the cutting board with both hands.,tomato@@@@@chopping_board
462.0084,C adds tomato pieces to the skillet with his left hand.,tomato
463.66914,C places the knife on the cutting board with his right hand.,knife@@@@@chopping_board
463.81141,C holds the tomato pieces on the cutting board with his left hand.,tomato@@@@@chopping_board
464.31434,C picks the tomato pieces from the cutting board with his left hand.,tomato@@@@@chopping_board
464.865,C places the knife on the cutting board with his right hand.,knife@@@@@chopping_board
466.34196,C adds tomato pieces to the skillet with his left hand.,tomato
467.909,C picks the tomato pieces from the cutting board with both hands.,tomato@@@@@chopping_board
470.681,C peels a tomato piece with his right hand.,pie@@@@@tomato@@@@@person
472.31444,C adds the tomato piece to the skillet with his left hand.,tomato
473.40454,C picks the tomato piece from the cutting board with his left hand.,tomato@@@@@chopping_board
474.007,C picks the tomato piece from the cutting board with his right hand.,tomato@@@@@chopping_board
474.752,C adds the tomato piece to the skillet with his left hand.,tomato
475.22951,C adds the tomato piece to the skillet with his right hand.,tomato
476.065,C picks the tomato piece from the cutting board with his right hand.,tomato@@@@@chopping_board
477.04165,C adds the tomato piece to the skillet with his right hand.,tomato
477.42464,C holds the skillet with his left hand.,pan_(for_cooking)
478.88341,C picks the spatula from the countertop with his right hand.,spatula
480.31404,C holds the skillet with his left hand.,pan_(for_cooking)
480.74233,C stirs the tomatoes in the skillet with the spatula in his right hand.,spatula
495.26862,C stirs the tomatoes in the skillet with the spatula in his right hand.,spatula
497.8603,C picks the skillet from the cooker with his left hand.,cooker
499.66197,C places the spatula on the cutting board with his right hand.,spatula@@@@@chopping_board
501.894,C opens the tap with the tap switch with his right hand.,faucet@@@@@knob@@@@@doorknob
504.21994,C closes the tap with the tap switch with his right hand.,faucet@@@@@knob@@@@@doorknob
506.011,C picks the spatula from the countertop with his right hand.,spatula
507.21389,C places the skillet on the cooker with his left hand.,cooker
508.60947,C stirs the tomatoes with the spatula in his right hand.,bowl@@@@@tomato@@@@@spatula@@@@@saucepan
521.98779,C holds the lid of a jar on the countertop with his left hand.,jar
524.17503,C holds the jar on the countertop with his left hand.,jar
526.38825,C holds the skillet with his left hand.,pan_(for_cooking)
526.59989,C stirs the tomatoes with the spatula in his right hand.,bowl@@@@@tomato@@@@@spatula@@@@@saucepan
537.12668,C holds the skillet with his left hand.,pan_(for_cooking)
537.30156,C stirs the tomatoes with the spatula in his right hand.,bowl@@@@@tomato@@@@@spatula@@@@@saucepan
545.80076,C holds the skillet with his left hand.,pan_(for_cooking)
545.80076,C stirs the tomatoes with the spatula in his right hand.,bowl@@@@@tomato@@@@@spatula@@@@@saucepan
550.13089,C holds the skillet with his left hand.,pan_(for_cooking)
559.17461,C adjusts his camera glasses with his left hand.,sunglasses
563.67135,C picks the fork from the bowl with his left hand.,bowl@@@@@fork
565.97698,C moves the egg in the bowl with the fork in his left hand.,bowl@@@@@egg@@@@@fork
570.52936,C holds the skillet with his left hand.,pan_(for_cooking)
570.84641,C presses down the tomatoes with the spatula in his right hand.,tomato@@@@@spatula
582.26935,C adjusts his camera glasses with his left hand.,sunglasses
590.19113,C holds the skillet with his left hand.,pan_(for_cooking)
590.94908,C presses down the tomatoes with the spatula in his right hand.,tomato@@@@@spatula
593.13686,C stirs the tomatoes with the spatula in his right hand.,bowl@@@@@tomato@@@@@spatula@@@@@saucepan
615.19267,C holds the skillet with his left hand.,pan_(for_cooking)
616.15828,C stirs the tomatoes with the spatula in his right hand.,bowl@@@@@tomato@@@@@spatula@@@@@saucepan
632.88014,C presses down the tomatoes with the spatula in his right hand.,tomato@@@@@spatula
640.519,C holds the skillet with his left hand.,pan_(for_cooking)
643.02508,C places the spatula on the cutting board with his right han,spatula@@@@@chopping_board
645.56803,C holds the bowl on the countertop with his left hand.,bowl
645.77273,C holds the fork with his right hand.,fork
645.79742,C picks the bowl from the countertop with both hands.,bowl
647.66637,C adds egg to the skillet with the fork in his right hand.,fork
652.41696,C places the bowl on the countertop with his left hand.,bowl
652.53365,C places the fork in the bowl with his right hand.,bowl@@@@@fork
654.51739,C picks the spatula from the cutting board with his right hand.,spatula@@@@@chopping_board
655.82121,C stirs the tomato with the eggs with the spatula in his right hand.,tomato@@@@@egg@@@@@spatula
667.284,C closes the skillet with the lid in his left hand.,pan_(metal_container)
669.97889,C moves the skillet over the cooker with his left hand.,cooker@@@@@pan_(for_cooking)
672.44071,C places the spatula on the countertop with his right hand.,spatula
677.678,C adjusts his camera glasses with his right hand.,sunglasses
689.03504,C holds the bowl on the countertop with his left hand.,bowl
689.60222,C holds the bowl on the countertop with his right hand.,bowl
690.10801,C picks the bowl from the countertop with both hands.,bowl
691.827,C picks the fork from the bowl with his right hand.,bowl@@@@@fork
694.12893,C opens the tap switch with his right hand.,faucet
694.9623,C rinses the bowl under the running tap with his left hand.,bowl@@@@@faucet
695.82585,C pours water from the bowl into the kitchen sink with his left hand.,bowl@@@@@sink@@@@@kitchen_sink
696.52599,C rinses the fork under the running tap with his right hand.,fork@@@@@faucet
697.86793,C rinses the bowl under the running tap with his left hand.,bowl@@@@@faucet
699.73498,C pours water from the bowl into the kitchen sink with his left hand.,bowl@@@@@sink@@@@@kitchen_sink
702.43603,C rubs his right hand on the bowl.,bowl
704.51049,C rinses the fork under the running tap with his right hand.,fork@@@@@faucet
706.497,C places the fork in the bowl with his right hand.,bowl@@@@@fork
706.78017,C places the bowl on the countertop with both hands.,bowl
707.624,C washes his right hand under the running tap.,faucet
707.89894,C washes his left hand under the running tap.,faucet
708.57215,C closes the tap switch with his right hand.,faucet
710.1402,C shakes his hands over the kitchen sink.,sink@@@@@kitchen_sink
713.49624,C picks the bowl from the countertop with both hands.,bowl
715.73314,.C holds the ball with his left hand.,ball@@@@@person
717.77192,C places the bowl on the countertop with his right hand.,bowl
717.93717,C holds the bowl with his left hand.,bowl
719.28157,C moves the bottle of oil on the countertop with his left hand.,bottle
719.86323,C picks the bottle of oil from the countertop with his left hand.,bottle
721.89,C places the bottle of oil on the countertop with his left hand.,bottle
722.56253,C moves the bottle of oil on the countertop with his left hand.,bottle
725.32084,C holds the skillet with his left hand.,pan_(for_cooking)
727.235,C holds the skillet with his left hand.,pan_(for_cooking)
734.91,C moves the skillet on the cooker with his left hand.,cooker@@@@@stove@@@@@can@@@@@hat@@@@@pan_(for_cooking)
736.2971,C holds the skillet with his left hand.,pan_(for_cooking)
743.858,C holds the skillet with his left hand.,pan_(for_cooking)
748.38791,C picks the spatula from the countertop with his right hand.,spatula
752.16953,C places the lid of the skillet on the countertop with his left hand.,pan_(metal_container)@@@@@pan_(for_cooking)
753.77317,C holds the skillet with his left hand.,pan_(for_cooking)
754.08341,C mashes the tomatoes with the spatula in his right hand.,tomato@@@@@spatula
762.37919,C stirs the tomato with the eggs with the spatula in his right hand.,tomato@@@@@egg@@@@@spatula
770.021,C places the spatula on the countertop with his right hand.,spatula
770.733,C picks a jar of salt from the countertop with his right hand.,jar
772.154,C holds the jar of salt with his left hand.,jar
773.47989,C turns off the cooker with the switch with his left hand.,cooker@@@@@knob
774.153,The red light on the cooker goes off.,cooker@@@@@lightbulb
774.95305,C holds the skillet with his left hand.,pan_(for_cooking)
776.644,C adds salt into the tomato with the eggs from the jar in his right hand.,saltshaker@@@@@tomato@@@@@shaker@@@@@egg@@@@@jar
781.85214,C places the jar of salt on the countertop with his right hand.,jar
783.64056,C picks a jar of black pepper from the countertop with his right hand.,pepper_mill@@@@@jar
784.67805,C holds the jar of black pepper with his left hand.,pepper_mill@@@@@jar
785.609,C adds the black pepper to the the tomato with eggs from the jar in both hands.,pepper_mill@@@@@jar
789.625,C holds the skillet with his left hand.,pan_(for_cooking)
791.0117,C places the jar of black pepper on the countertop with his right hand.,jar
792.94103,C holds the skillet with his left hand.,pan_(for_cooking)
793.095,C picks the spatula from the countertop with his right hand.,spatula
794.33799,C stirs the tomato with eggs with the spatula in his right hand.,tomato@@@@@egg@@@@@spatula
851.57257,C scoops the tomato with eggs with the spatula in his right hand.,tomato@@@@@spatula
856.20667,C puts the tomato with eggs in his mouth with his right hand.,tomato@@@@@egg
859.36829,C stirs the tomato with eggs with the spatula in his right hand.,tomato@@@@@egg@@@@@spatula
865.96651,C holds the skillet with his left hand.,pan_(for_cooking)
866.54044,C picks the skillet from the cooker with his left hand.,cooker
869.437,C places the spatula in the skillet with his right hand.,spatula@@@@@pan_(for_cooking)
870.36843,C moves the bowl on the countertop with his right hand.,bowl
872.13017,C picks the spatula from the skillet with his right hand.,spatula
872.68877,C serves the tomato with eggs to the bowl with the spatula in his right hand.,bowl@@@@@spatula
886.54695,C places the skillet on the cooker with his left hand.,cooker
890.73,C places the spatula on the countertop with his right hand.,spatula
892.23403,C picks the knife from the cutting board with his right hand.,knife@@@@@chopping_board
892.439,C moves the vegetable on the cutting board with his left hand.,egg@@@@@cauliflower@@@@@chopping_board@@@@@eggplant
893.51521,C chops the vegetables with the knife in his right hand.,knife@@@@@egg@@@@@cauliflower@@@@@table@@@@@can@@@@@eggplant
912.8842,C places the knife on the cutting board with his left hand.,knife@@@@@chopping_board
913.642,C packs the vegetable pieces from the cutting board with his right hand.,table@@@@@chopping_board
914.54242,C picks the vegetable pieces from the cutting board with his left hand.,table@@@@@chopping_board
915.64754,C adds the vegetable pieces to his right hand with his left hand.,egg@@@@@cauliflower@@@@@table@@@@@can@@@@@eggplant
916.01322,C picks the vegetable pieces from the cutting board with his left hand.,table@@@@@chopping_board
916.6062,C adds the vegetable pieces to his right hand with his left hand.,egg@@@@@cauliflower@@@@@table@@@@@can@@@@@eggplant
916.97406,C picks the vegetable pieces from the cutting board with his left hand.,table@@@@@chopping_board
917.36027,C adds the vegetable pieces to his right hand with his left hand.,egg@@@@@cauliflower@@@@@table@@@@@can@@@@@eggplant
917.85612,C picks the vegetable pieces from the cutting board with his left hand.,table@@@@@chopping_board
918.52886,C adds the vegetable pieces to his right hand with his left hand.,egg@@@@@cauliflower@@@@@table@@@@@can@@@@@eggplant
929.679,C opens the tap switch with his right hand.,faucet
930.21815,C washes his left hand under the running tap.,faucet
930.54337,C washes his right hand under the running tap.,faucet
931.65171,C closes the tap switch with his right hand.,faucet
932.72602,C tosses his hands over the kitchen sink.,sink@@@@@kitchen_sink
936.74685,C picks the bowl of tomato with eggs from the countertop with both hands.,bowl@@@@@spoon
940.29414,C places the bowl of tomato with eggs on the table top with both hands.,bowl@@@@@table
941.86446,C picks the fork from the bowl of tomato with eggs with his right hand.,bowl@@@@@fork
941.99836,C stirs the tomato with eggs with the fork in his right hand.,tomato@@@@@fork
949.601,C places the fork in the bowl of tomato with eggs with his right hand.,bowl@@@@@fork
