timestamp,narration,object
8.48769,C picks a pot on the gas burner with her left hand.,pot@@@@@stove
11.45435,C turns on the tap with her right  hand.,faucet
11.91676,C fetches water from the tap with the pot in her left hand.,sink@@@@@pot
15.71608,C turns off the tap with her right hand.,faucet
18.2965,C places the pot on the gas burner with her left hand,pot@@@@@stove
20.17537,C turns on the gas cooker with her left hand.,cooker
23.11212,C touches the handle of the pot with her left hand.,pot@@@@@handle
25.68643,C turns on an electric kettle on the countertop with her left hand.,kettle
26.04411,C touches the handle of the electric kettle on the countertop with her left hand.,handle@@@@@kettle
26.47955,C turns off the electric kettle on the countertop with her left hand.,kettle
26.9525,C picks the electric kettle on the countertop with her left hand.,kettle
27.99652,C places her right at the base of the electric kettle.,kettle
28.59212,C opens the electric kettle with her left hand.,kettle
31.08433,C turns on the tap with her right hand.,faucet
31.68054,C fetches water from the tap with the electric kettle in her left hand.,kettle
36.29882,C turns off the tap with her right hand.,faucet
37.54949,C covers the electric kettle with her right hand.,kettle
41.35351,C places her right hand on top of the electric kettle in her left hand.,kettle
41.84818,C opens the electric kettle with her left hand.,kettle
43.88867,C turns on the tap with her right hand.,faucet
44.53287,C fetches water from the tap with the electric kettle in her left hand.,kettle
46.8689,C turns off the tap with her right hand.,faucet
47.963,C covers the electric kettle with her right hand.,kettle
52.1103,C places the electric kettle on the gas cooker top with her left hand.,cooker@@@@@kettle
52.79715,C moves the electric kettle on the gas cooker top with her left hand.,kettle@@@@@stove
53.83894,C picks the electric kettle on the gas cooker top with her left hand.,cooker@@@@@kettle
55.3949,C places the electric kettle on  the countertop with  her left hand.,kettle
56.05215,C picks the electric kettle on  the countertop with  her left hand.,kettle
56.70037,C places the electric kettle on the power base of the electric with her left hand.,kettle
57.66276,C turns on the electric kettle with her left hand.,kettle
61.98169,C opens the refrigerator with her left hand.,refrigerator
62.9529,C places her right hand on the handle of the refrigerator.,refrigerator@@@@@handle
64.98204,C picks a garlic bulb from the refrigerator with her left hand.,refrigerator@@@@@garlic
65.82492,C passes the garlic bulb from her left hand to her right hand.,garlic
67.01553,C opens the storage compartment of the refrigerator with her left hand.,refrigerator
68.63713,C picks the orange net bag in the refrigerator.,refrigerator
70.21093,C drops the orange net bag in the refrigerator.,refrigerator
70.70588,C picks a big bulb of onion from the refrigerator with her left hand.,refrigerator@@@@@onion
72.31497,C pushes in the storage compartment of the refrigerator with her left hand.,refrigerator
74.09276,C passes the big onion bulb from her left hand to her right hand.,onion
74.83504,C draws out the storage compartment of the refrigerator.,refrigerator
76.14979,C picks a garlic clove from the storage compartment of the refrigerator.,refrigerator@@@@@garlic
79.25635,C passes the big onion bulb from her left hand to her right hand.,onion
81.91818,C pushes in the storage compartment of the refrigerator with her left hand.,refrigerator
84.23633,C closes the door of the refrigerator with her left hand.,refrigerator
87.80951,C places the big onion bulb on the countertop with her right hand.,onion
88.83,C drops the garlic clove on the chopping board with her left hand.,chopping_board@@@@@garlic
88.83,C drops the garlic bulb on the countertop with her right hand.,garlic
89.66572,C moves the garlic clove on the chopping board with her right hand.,chopping_board@@@@@garlic
89.86455,C picks the knife on the chopping board with her left hand.,chopping_board@@@@@knife
91.11104,C places the knife on the garlic clove with her left hand.,knife@@@@@garlic
91.68538,C hits the knife placed on the garlic clove  with her right hand.,knife@@@@@garlic
93.40092,C drops the knife on the chopping bord with her left hand.,chopping_board@@@@@knife
93.5753,C picks the garlic clove on the chopping board with her right hand.,chopping_board@@@@@garlic
94.05938,C turns the garlic cloves with her hands.,garlic
95.18017,C peels the outer skin of the garlic clove with her left hand.,garlic
103.22439,C drops the garlic clove on the chopping board with her right hand.,chopping_board@@@@@garlic
103.64761,C picks the knife on the chopping board with her left hand.,chopping_board@@@@@knife
104.03812,C places the knife on the garlic clove on the chopping board with her left  hand.,chopping_board@@@@@knife@@@@@garlic
104.55567,C hits the knife placed on the garlic clove  with her right hand.,knife@@@@@garlic
105.76641,C drops the knife on the chopping board with her left hand.,chopping_board@@@@@knife
105.79773,C picks the garlic clove on the chopping board with her right hand.,chopping_board@@@@@garlic
106.48609,C peels the outer skin of the garlic clove with her left hand.,garlic
110.55276,C drops the garlic peel on the chopping board with her left hand.,chopping_board@@@@@garlic
115.13382,C turns the garlic clove with her hands.,garlic
116.8445,C breaks the garlic clove into two halves.,garlic
118.17103,C drops the unpeeled part of the  garlic clove on the chopping board with her right hand.,chopping_board@@@@@garlic
118.87433,C peels the outer skin of the garlic clove with her left hand.,garlic
120.75327,C drops the garlic peel on the chopping board with her left hand.,chopping_board@@@@@garlic
121.86639,C passes the peeled garlic clove  from her left hand to her right hand.,garlic
122.24044,C pushes the garlic peel on the chopping board to the countertop with her right hand.,chopping_board@@@@@garlic
123.11185,C picks the knife on the chopping board with her left hand.,chopping_board@@@@@knife
123.94206,C places the peeled garlic clove on the chopping board with her right hand.,chopping_board@@@@@garlic
124.44466,C slices the garlic clove on the chopping board with the knife in her left hand.,chopping_board@@@@@knife@@@@@garlic
135.81596,C removes the sliced garlic on the knife with her right hand.,knife@@@@@garlic
136.96672,C turns the sliced garlic on the chopping board with her right hand.,chopping_board@@@@@garlic
137.86678,C chops the sliced garlic on the chopping board with the knife in her left hand.,chopping_board@@@@@knife@@@@@garlic
145.56126,C moves the sliced garlic on the chopping board with her right hand.,chopping_board@@@@@garlic
146.2653,C chops the sliced garlic on the chopping board with the knife in her left hand.,chopping_board@@@@@knife@@@@@garlic
149.65466,C removes the chopped garlic on the knife with her right hand.,knife@@@@@garlic
150.43325,C moves the chopped garlic on the chopping board with her right hand.,chopping_board@@@@@garlic
152.16783,C turns the chopped garlic on the chopping with her right hand.,chopping_board@@@@@garlic
152.90847,C chops the chopped garlic on the chopping board with the knife in her left hand.,chopping_board@@@@@knife
165.25641,C moves chopped garlic on the chopping board with her right hand.,chopping_board@@@@@garlic
165.92832,C chops the chopped garlic on the chopping board with the knife in her left hand.,chopping_board@@@@@knife
167.9967,C moves chopped garlic on the chopping board with her right hand.,chopping_board@@@@@garlic
168.5099,C chops the chopped garlic on the chopping board with the knife in her left hand.,chopping_board@@@@@knife
169.98517,C moves the chopped garlic on the chopping board with the knife in her left hand.,chopping_board@@@@@knife@@@@@garlic
171.54103,C moves the chopped garlic on the chopping board with her right hand.,chopping_board@@@@@garlic
172.29459,C chops the chopped garlic on the chopping board with the knife in her left hand.,chopping_board@@@@@knife
176.51987,C places her right hand on the knife in her left hand..,knife
176.83867,C chops the chopped garlic on the chopping board with the knife in her left hand.,chopping_board@@@@@knife
180.28677,C moves the chopped garlic on the chopping board  with the knife in her left hand.,chopping_board@@@@@knife
181.08665,C wipes off the chopped garlic on the knife with her right hand.,knife@@@@@garlic
182.79148,C moves the chopped garlic on the chopping board with the knife in her right hand.,chopping_board@@@@@knife
184.18583,C wipes off the chopped garlic on the knife with her right hand.,knife@@@@@garlic
184.68327,C dusts off the chopped garlic in her right hand.,garlic
185.92524,C shakes her right hand in the sink.,sink
186.57995,C picks the big onion bulb on the countertop with her right hand.,onion
187.37352,C drops the big onion bulb on the chopping board with her right hand.,onion@@@@@chopping_board
187.99087,C cuts the big onion on the chopping board with the knife in her left hand.,chopping_board@@@@@knife
191.43315,C picks the cut onion on the chopping board with her right hand.,onion@@@@@chopping_board
192.13357,C drops the cut onion on the countertop with her right hand.,onion
192.88614,C moves the cut onion on the countertop  with her right hand.,onion
194.14337,C moves the cut onion on the chopping board with her right hand.,onion@@@@@chopping_board
194.87855,C turns the cut ginger on the chopping board with her right hand.,chopping_board
196.8428,C cuts off the  cut onion stem with the knife in her left hand.,onion@@@@@knife
199.06351,C picks the cut onion stem on the chopping board with her right hand.,onion@@@@@chopping_board
199.58341,C drops the cut onion stem on the countertop with her right hand.,onion@@@@@kitchen_table@@@@@can@@@@@table
200.23094,C cuts off the  cut onion stem with the knife in her left hand.,onion@@@@@knife
201.82849,C picks the cut onion stem on the chopping board with her right hand.,onion@@@@@chopping_board
202.22451,C drops the cut onion stem on the chopping board with her right hand.,onion@@@@@chopping_board
202.25784,C drops the knife on the chopping board with her right hand.,chopping_board@@@@@knife
202.70796,C picks the cut onion on the chopping board with her right hand.,onion@@@@@chopping_board
203.07588,C holds the cut onion with her hands.,onion
203.65912,C peels the outer skin of the  cut onion with her left hand.,onion
209.86257,C drops the onion peel on the countertop with her right hand.,sink@@@@@onion@@@@@kitchen_table@@@@@table@@@@@kitchen_sink
211.04492,C peels the outer skin of the  cut onion with her left hand.,onion
213.72571,C drops the peeled onion on the chopping board with her right hand.,onion@@@@@chopping_board
214.2105,C moves the peeled onion on the chopping board with her right hand.,onion@@@@@chopping_board
214.56291,C picks the peeled onion on the chopping board with her right hand.,onion@@@@@chopping_board
215.0261,C moves the chopped garlic on the chopping board with the knife in her right hand.,chopping_board@@@@@knife
217.84233,C wipes off the chopped garlic on the knife with her right hand.,knife@@@@@garlic
218.49,C moves the peeled onion on the chopping board with her right hand.,onion@@@@@chopping_board
219.93141,C slices the peeled onion on the chopping board with the knife in her left hand.,onion@@@@@chopping_board@@@@@knife
244.79288,C turns the sliced onion on the chopping board with her right hand.,onion@@@@@chopping_board
245.45131,C wipes off the dirt on the chopping board with her right hand.,chopping_board
247.66059,C moves the sliced onion on the chopping board with her right hand.,onion@@@@@chopping_board
248.21864,C dices the sliced onion on the chopping board with the knife in her left hand.,onion@@@@@chopping_board@@@@@knife
259.81688,C picks the onion stem on the chopping board with her right hand.,onion@@@@@chopping_board
260.3105,C drops the onion stem on the chopping board with her right hand.,onion@@@@@chopping_board
260.74381,C wipes off the diced onions on the chopping board with her right hand.,onion@@@@@chopping_board
262.04237,C moves the diced onions on the chopping board with the knife in her left hand.,chopping_board@@@@@knife
262.5495,C places her right hand on the knife in her left hand.,knife
262.71586,C chops the diced onions on the chopping board with the knife in her right hand.,chopping_board@@@@@knife
266.55553,C wipes off the chopped onion on the knife with her right hand.,onion@@@@@knife
267.5083,C moves the chopped onion on the chopping board with the knife in her left hand.,chopping_board@@@@@knife
268.02818,C moves the onion stem on the chopping board with her right hand.,onion@@@@@chopping_board
268.4851,C slices the onion stem on the chopping board with the knife in her left hand.,onion@@@@@chopping_board@@@@@knife
270.6292,C turns the onion stem on the chopping board with her right hand.,onion@@@@@chopping_board
271.3076,C slices the onion stem on the chopping board with the knife in her left hand.,onion@@@@@chopping_board@@@@@knife
272.19868,C moves the onion stem on the chopping board with her right hand.,onion@@@@@chopping_board
272.9731,C moves a sliced onions on the chopping board with her right hand.,onion@@@@@chopping_board
273.32898,C dices the sliced onion on the chopping board with the knife in her right hand.,onion@@@@@chopping_board@@@@@knife
274.64815,C wipes off the diced onions on the knife with her right hand.,onion@@@@@knife
275.53848,C moves the diced onions on the chopping board with the knife in her right hand.,chopping_board@@@@@knife
275.96328,C turns a sliced onions on the chopping board with her right hand.,onion@@@@@chopping_board
276.28572,C dices the sliced onions on the chopping board with the knife in her left hand.,chopping_board@@@@@knife
278.44202,C wipes off the chopped onions on the Knife with her right hand.,onion@@@@@knife
280.15573,C gathers the chopped onions on the chopping board with the knife in her left hand.,chopping_board@@@@@knife
280.78606,C drops the knife on the chopping board with her right hand.,chopping_board@@@@@knife
283.2249,C picks the lid of a big  pot on the gas cooker top with her left  hand.,pot@@@@@frying_pan
284.93126,C moves the big pot on the gas cooker top with her left hand.,pot@@@@@stove
286.23121,C touches the gas cooker knop with her left hand.,knob
287.86744,C picks up the big pot on the gas cooker top with her left hand.,pot@@@@@stove
289.01517,C drops  the big pot on the gas cooker top with her left hand.,cooker@@@@@pot
290.2765,C turns on the gas cooker with her left hand.,cooker
295.3377,C picks  an oil jar on the countertop with her right hand.,jar
296.25368,C opens the oil jar with her left hand.,jar
298.3713,C passes the oil jar from her right hand to her left hand.,jar
298.94399,C lifts the lid of the oil jar with her right hand.,jar
304.07547,C pours oil into the big pot with her left hand.,oil_lamp@@@@@lamp@@@@@pot
306.49855,C covers the oil jar with her right hand.,jar
307.54068,C drops the oil jar on the countertop with her left hand.,jar
308.12038,C hits the lid of the oil jar with her left hand.,jar
308.86528,C picks the big pot on the gas burner with her left hand.,pot@@@@@stove
309.84275,C rotates the big pot with her left hand.,pot
312.86145,C drops the big pot on the gas burner with her left hand.,pot@@@@@stove
313.66864,C moves the pot on the gas burner with her right hand.,pot@@@@@stove
315.12825,C picks the electric kettle on the countertop with her left hand.,kettle
317.23113,C pours the water in the jug into the pot on the gas burner with her left hand.,water_jug@@@@@pot
324.03702,C places the electric kettle on the power base of the electric with her left hand,kettle
325.50484,C moves the salt jar on the countertop with her right hand.,jar
326.20835,C opens the salt jar with her left hand.,jar@@@@@shaker@@@@@saltshaker
327.05711,C picks up the salt jar with her right hand.,jar@@@@@shaker@@@@@saltshaker
327.22,C passes the salt jar from her right hand to her left hand.,shaker@@@@@saltshaker
328.26659,C adds salt to the water in the pot with her left hand.,shaker@@@@@pot@@@@@saltshaker
330.17627,C passes the salt jar from her left hand to her right hand.,shaker@@@@@saltshaker
330.79453,C moves the pot on the gas burner with her left hand.,pot@@@@@stove
332.83436,C drops the salt jar on the countertop with her right hand.,jar
333.9388,C covers the salt jar with her right hand.,jar@@@@@shaker@@@@@saltshaker
334.24008,C moves the salt jar on the countertop with her hands.,jar
335.86214,C picks the big pot on the gas burner with her left hand.,pot@@@@@stove
336.2798,C rotates the big pot with her left hand.,pot
340.72477,C drops the big pot on the gas burner with her left hand.,pot@@@@@stove
342.68414,C opens the  door of the cabinet with her left hand.,cabinet
343.53211,C closes  the  door of the cabinet with her left hand.,cabinet
344.30995,C opens the  door of the cabinet with her left hand.,cabinet
345.44211,C catches the camera that fell from her head with her right hand.,camera
346.14506,C closes the  door of the cabinet with her left hand.,cabinet
347.18957,C picks the camera from her body with her right hand.,camera@@@@@person
347.72667,C holds the camera with hands.,camera
348.13154,C raises the camera up with her hands.,camera
348.61625,C places the camera on her head with her hands.,camera@@@@@person
353.98255,C passes the camera to  a man O.,camera
355.51324,The man O fixes the camera on  the head of C with his right hand.,camera@@@@@person
359.97345,The man O points at the cabinet with his right hand.,cabinet
365.13743,The man O places his right hand on the door of the cabinet.,cabinet
366.56943,The man O  moves his right hand on the door of the cabinet.,cabinet
367.69824,C places her right hand on the chopping board.,chopping_board
367.80993,C picks the knife on the chopping board with her left hand.,chopping_board@@@@@knife
368.26234,C chops the chopped onions on the chopping board with her left hand.,chopping_board@@@@@knife
372.44445,The man O adjusts the camera on the head of C with his hands.,camera@@@@@person
382.79986,C places her left hand on the handle of the pot on the gas burner.,pot@@@@@handle
386.28101,C touches the handle of the cabinet door with her left hand.,cabinet@@@@@handle
387.11995,C opens the door of the cabinet with her left hand.,cabinet
390.99561,C raises a blue noodle pack in the cabinet with her left hand.,cabinet@@@@@packet
392.56759,C picks a blue pack of noodles from the cabinet with her right hand.,can@@@@@cabinet@@@@@packet
393.19142,C drops the blue noodle pack with her left hand.,packet
395.4645,C closes the door of the cabinet with her left hand,cabinet
402.2023,C drops the noodles into the boiling water in the pot with her left hand.,pot
405.70854,C drops the noodles into the boiling water in the pot with her left hand.,pot
408.21989,C breaks the noodles in the pot with her left hand.,pot
414.30004,C turns the noodles in the pack into the boiling water in the pot with her right hand.,pot
416.51056,C touches the handle of the cabinet with her  left hand.,cabinet@@@@@handle
417.60001,C opens the door of the cabinet with her left hand.,cabinet
419.37294,C picks the blue noodles pack in the cabinet with her right hand.,cabinet@@@@@packet
423.65327,C brings out noodles from the pack with her left hand.,packet
429.43673,C drops the noodles into the boiling water in the pot with her left hand.,pot
435.39046,C breaks the noodles in the pot with her left hand.,pot
437.91395,C touches a white spoon in the spoon rack with her right hand.,spoon
439.64946,C picks the white spoon from the rack with her left hand.,spoon
441.87187,C hold the white spoon with her hands.,spoon
443.62108,C pushes the noodles at the edges of the pot into the pot with the white spoon in her  left hand.,pot@@@@@spoon
446.40305,C pushes the noodles at the edges of the pot into the pot with her right hand.,pot
449.23618,C pushes the noodles at the edges of the pot into the pot with the white spoon in her  left hand.,pot@@@@@spoon
451.08917,C moves  the pot on the gas burner with her right hand.,pot@@@@@stove
451.74163,C drops the white spoon on the countertop with her left hand.,spoon
452.93591,C picks the knife on the chopping board with her right hand.,chopping_board@@@@@knife
453.24383,C moves the onion stem on the chopping board with her right hand.,onion@@@@@chopping_board
454.84042,C pushes the onion stem on the chopping board on to the countertop with her right hand.,onion@@@@@chopping_board
456.07704,C pushes the onion peel on the chopping board on to the countertop with her right hand.,onion@@@@@chopping_board
457.24667,C picks the chopping board on the countertop with her right hand.,chopping_board
461.51549,C  adds the chopped onions to the big pot with knife in her left hand.,knife@@@@@pot
466.22334,C remove the chopped onion on the knife with the chopping board in her right hand.,onion@@@@@chopping_board@@@@@knife
468.6383,C drops the chopping board on the countertop with her right hand.,chopping_board
468.91294,C drops the knife on the chopping board with her left hand.,chopping_board@@@@@knife
470.67344,C touches the white spoon on the countertop with her left hand.,spoon
471.53833,C touches the spatula in the spoon rack with her right hand.,spoon@@@@@spatula
473.73179,C picks a spatula from the spoon rack with her right hand.,spoon@@@@@spatula
475.09644,C passes the spatula from her right hand to her left hand.,spatula
476.39242,C stirs the chopped onion in the big pot with the spatula in her left hand.,pot@@@@@spatula
477.43093,C  moves the big pot on the gas burner with her right hand.,pot@@@@@stove
477.8306,C picks up the big pot on the gas burner with her right hand.,pot@@@@@stove
478.8874,C stirs the chopped onion in the big pot with the spatula in her left hand.,pot@@@@@spatula
479.03887,C drops the big pot on the gas burner with her right hand.,pot@@@@@stove
480.87399,C turns the gas cooker knob with her right hand.,cooker@@@@@knob
483.56537,C stirs the chopped onion in the big pot with the spatula in her left hand.,pot@@@@@spatula
484.58933,C  moves the big pot on the gas burner with her right hand.,pot@@@@@stove
492.12988,C picks the empty  noodles pack on the countertop with her left hand.,packet
494.94804,C turns the noodles pack with her hands.,packet
499.98151,C operates her wristwatch with her right hand.,watch
508.76879,C drops the empty noodles pack on the countertop with her left hand.,kitchen_table@@@@@can@@@@@table@@@@@packet
511.30053,C picks the white spoon on the countertop with her right hand.,spoon
512.00061,C drops the white spoon on the counter top with her right hand.,spoon
512.93271,C stirs the chopped onion in the big pot with the spatula in her left hand.,pot@@@@@spatula
516.63821,C drops the spatula in the big pot with her left hand.,pot@@@@@spatula
517.40059,C turns the gas cooker knob with her left hand.,cooker@@@@@knob
518.47759,C stirs the chopped onion in the big pot with the spatula in her left hand.,pot@@@@@spatula
522.37773,C shakes the spatula with her left hand.,spatula
523.40699,C drops the spatula on the countertop with her left hand.,spatula
525.26,C picks the white spoon on the countertop with her left hand.,spoon
526.55769,C stirs the noodles in the pot with the white spoon in her left hand.,pot@@@@@spoon
529.29595,C drops the white spoon on the countertop with her left hand.,spoon
530.18552,C picks the spice jar on the countertop with her left hand.,jar
531.01414,C drops the spice jar on the countertop with her left hand.,jar
532.84075,C picks a cup on the countertop with her right hand.,cup
533.64543,C holds the cup with her hands,cup@@@@@hand_glass
534.66917,C drops the cup on the countertop with her right hand.,cup
535.69507,C holds the handle of the cabinet door with her left hand.,cabinet@@@@@handle
535.8284,C holds the handle of the cabinet door with her left hand.,cabinet@@@@@handle
535.97699,C opens the door of the cabinet with her right hand.,cabinet
536.66593,C opens the door of the cabinet with her left hand.,cabinet
537.9084,C closes  the door of the cabinet with her right hand.,cabinet
538.83867,C closes  the door of the cabinet with her left hand.,cabinet
539.32024,C opens the door of the cabinet with her right hand.,cabinet
540.3284,C closes  the door of the cabinet with her right hand.,cabinet
544.30722,C opens the door of the cabinet with her right hand.,cabinet
545.11045,C closes the door of the cabinet with her right hand.,cabinet
546.4503,C opens the door of the cabinet with her right hand.,cabinet
547.60369,C picks a bowl from the cabinet with her left hand.,cabinet@@@@@bowl
548.90227,C closes the door of the cabinet with her right hand.,cabinet
549.88155,C passes the bowl from her left hand to her right hand.,bowl
550.56453,C drops the bowl on the countertop with her right hand.,bowl
551.72008,C picks a bottle of wine vinegar on the countertop with her left hand.,bottle
552.14573,C drops  a bottle of wine vinegar on the countertop with her left hand.,bottle
553.08237,C moves the salt jar on the countertop with her left hand.,jar
554.00896,C touches the white spoon on the countertop with her right hand.,spoon
555.01047,C picks a ketchup bottle with her left hand.,bottle
555.94907,C passes the ketchup bottle from her left hand to her  right hand.,bottle
556.6115,C picks the spice jar on the countertop with her left hand.,jar
557.13007,C drops the spice jar on the countertop with her left hand.,jar
559.85,C opens the ketchup bottle with her left hand.,bottle
562.20468,C drops the lid of the ketchup bottle on the countertop.,bottle@@@@@bottle_cap
566.68414,C pours ketchup into the bowl on the countertop with her right hand.,bowl
570.51037,C the lid of the ketchup bottle with her left  hand.,bottle
571.63556,C covers  the ketchup bottle with the lid in her left hand.,bottle@@@@@bottle_cap
572.91487,C drops the ketchup bottle on the countertop with her right hand.,bottle@@@@@kitchen_table@@@@@table
576.07092,C picks a spoon from the spoon rack with her left hand.,spoon
577.30259,C drops the spoon on the countertop with her left hand.,spoon
578.07902,C picks a soy sauce  bottle on the countertop with her left hand.,bottle
578.63778,C holds the  soy sauce bottle with her hands.,bottle
579.02644,C opens the  soy sauce bottle with her left hand.,bottle
581.77444,C drops the lid of the soy sauce on the countertop with her left hand.,bottle@@@@@kitchen_table@@@@@bottle_cap@@@@@table
582.48057,C picks the spoon on the countertop with her left hand.,spoon
584.48539,"C pours the soy sauce  from the bottle into the spoon in her left hand with her right hand,",bottle@@@@@spoon
586.05731,C adds the soy sauce to bowl with the spoon in her left hand.,spoon@@@@@bowl
587.32292,"C pours the soy sauce  from the bottle into the spoon in her left hand with her right hand,",bottle@@@@@spoon
588.82726,C adds the soy sauce to bowl with the spoon in her left hand.,spoon@@@@@bowl
590.37855,C stirs the ingredients in the bowl with the spoon with in  her left hand.,spoon@@@@@bowl
595.88756,C drops the spoon in the bowl with her left hand.,spoon@@@@@bowl
596.85167,C holds the soy sauce bottle with her hands.,bottle
597.33302,C drops the soy sauce bottle on the countertop with her hands.,bottle@@@@@table
598.50242,C picks the lid of the soy sauce bottle with her left hand.,bottle
599.20585,C covers the soy sauce bottle with the lid in her left hand.,bottle@@@@@bottle_cap
599.26321,C holds the soy sauce bottle on the countertop with her right hand.,bottle
602.02278,C picks the soy sauce bottle on the countertop with her left hand.,bottle
602.52162,C moves a bottle on the countertop with her right hand.,bottle
602.56446,C drops the soy sauce bottle on the countertop with her left hand.,bottle
604.73304,C touches the white spoon on the countertop with her left hand.,spoon
606.6465,C picks the spatula on the countertop with her left hand.,spatula
607.02651,C stirs the chopped onion in the big pot with the spatula in her left hand.,pot@@@@@spatula
611.24731,C drops the spatula on the countertop with her left hand.,spatula
613.58003,C moves the sugar jar on the countertop with her left hand.,jar
622.58555,C picks the knife on the chopping board with her left hand.,chopping_board@@@@@knife
623.49782,C moves the chopped onions on the chopping board with the knife in her left hand.,chopping_board@@@@@knife
624.28398,C places the ginger on the chopping board with her right hand.,chopping_board
625.12775,C peels part of the ginger with the knife in her left hand.,knife
630.42606,C moves the ginger on the chopping board with her right hand.,chopping_board
630.76117,C moves the ginger peel on the chopping board with the knife in her lefthand.,chopping_board@@@@@knife
630.77855,C picks the ginger on the chopping board with her right hand.,chopping_board
631.80637,C places the ginger on the chopping board with her right hand.,chopping_board
632.31435,C cuts the stem of the ginger with the knife in her left hand.,knife
632.76058,C picks the ginger on the chopping board with her right hand.,chopping_board
633.23517,C moves the ginger stem on the chopping board with the knife in her left hand.,chopping_board@@@@@knife
633.82894,C places the ginger on the chopping board with her right hand.,chopping_board
634.17287,C cuts the peeled part of the ginger with the knife in her left hand.,knife
636.51789,C moves the unpeeled part of the ginger on the chopping board with her right hand.,chopping_board
637.19462,C picks the chopped ginger on the knife with her right hand.,knife
638.12808,C drops the peeled ginger on the chopping board with her right hand.,chopping_board
638.69403,C wipes off the ginger on the knife  with her right hand.,knife
640.90344,C slices the peeled ginger on the chopping board with the knife in her left hand.,chopping_board@@@@@knife
645.88053,C turns the sliced ginger on the chopping board with her right hand.,chopping_board@@@@@knife
646.3421,C dices the sliced ginger on the chopping board with the knife in her left hand.,chopping_board@@@@@knife
649.8568,C chops the diced ginger on the chopping board with the knife in her left hand.,chopping_board@@@@@knife
652.10053,C places her right hand on the knife in her left hand.,knife
652.20458,C chops the diced ginger on the chopping board with the knife in her left hand.,chopping_board@@@@@knife
656.03066,C moves dirt on the chopping board with her right hand.,chopping_board
657.18664,C puts the chopped ginger onto the knife in her left hand with her right hand.,knife
658.03574,C wipes the chopped ginger on the knife  into the bowl on the countertop with her right hand.,knife@@@@@bowl
659.19187,C drops the knife on the chopping board with her left hand.,chopping_board@@@@@knife
660.46895,C picks a macerated oil jar on the countertop with her left hand,jar
661.23435,C holds the macerated oil jar with her hands.,jar
661.47798,C opens the macerated oil jar with her left hand.,jar
662.14423,C drops the  macerated oil jar lid on the countertop with her left hand.,jar
663.56744,C picks the spoon in the bowl with her left hand.,spoon@@@@@bowl
665.44511,C turns on the tap with her left hand.,faucet
665.8413,C rinses the spoon in tap water with her left hand.,faucet@@@@@spoon
668.35221,C turns off the tap with her left hand.,faucet
669.14607,C shakes off the water on the spoon with her left hand.,spoon
670.10787,C stirs the macerated oil in the jar with the spoon in her left hand.,jar@@@@@spoon
673.26043,C scoops the  macerated oil with the spoon in her left hand.,pot@@@@@spoon
674.48251,C adds the macerated oil to the ingredients in bowl with the spoon in her left hand.,spoon@@@@@bowl
675.0802,C stirs the ingredients in bowl with the spoon in her left hand.,spoon@@@@@bowl
678.91377,C picks the  macerated oil jar lid on the countertop with her left hand.,jar
679.47891,C covers the macerated oil jar with the lid in  her left hand.,jar
680.93772,C drops the macerated oil jar on the countertop with her right hand.,kitchen_table@@@@@jar@@@@@table
681.71712,C picks the knife on the chopping board with left hand.,chopping_board@@@@@knife
682.75151,C moves the ginger peel and the ginger on the chopping board onto the countertop with her right hand.,eel@@@@@chopping_board
683.55129,C picks the chopping board on the countertop with her right hand.,chopping_board
686.18943,C adds the chopped garlic to the big pot with the knife in her left hand.,knife@@@@@pot
687.77197,C drops the chopping board on the countertop with her right hand.,chopping_board
689.68428,C picks up the spatula on the countertop with her left  hand.,spatula
689.71761,C holds the handle of the big pot on the gas burner with her right hand.,pot@@@@@handle
690.2313,C stirs the ingredients in the big pot with the spatula in her left hand.,pot@@@@@spatula
706.13844,C drops the spatula in the big pot with her left hand.,pot@@@@@spatula
708.08724,C picks the spoon in the bowl with her left hand.,spoon@@@@@bowl
708.15229,C holds the bowl  on the countertop with her right hand.,bowl
708.29726,C stirs the ingredients in the bowl with the spoon in her left hand.,spoon@@@@@bowl
710.51796,C tilts the bowl on the countertop with her right hand.,bowl
712.15728,C drops the bowl on the countertop with her right hand.,bowl
713.2414,C scoops the  ingredients mixture on the spoon with her right hand.,spoon
715.44461,C stirs the ingredients in the bowl with the spoon in her left hand.,spoon@@@@@bowl
716.20917,C tilts the bowl on the countertop with her right hand.,bowl
719.83419,C drops the bowl on the countertop with her right hand.,bowl
721.313,C moves a bottle on the countertop with her left hand.,bottle
722.40354,C picks the soy sauce bottle on the countertop with her left hand.,bottle
723.22935,C holds the soy sauce bottle with both hands.,bottle
723.40889,C tightens the lid of the soy sauce bottle with her left hand.,bottle
724.74618,C drops the soy sauce bottle on the countertop with her left hand.,bottle
725.57563,C picks the wine vinegar bottle with her left hand.,bottle
726.37809,C hold the wine vinegar bottle with her hands.,bottle
726.50055,C opens the wine vinegar bottle with her left hand.,bottle
729.21074,C drops the wine vinegar bottle lid on the countertop with her left hand.,bottle@@@@@sink@@@@@can@@@@@bottle_cap@@@@@table@@@@@kitchen_sink
729.69855,C picks the spoon in the bowl with her left ahnd.,spoon@@@@@bowl
733.59928,"C pours the wine vinegar from the bottle into the spoon in her left hand with her right hand,",bottle@@@@@spoon
735.53871,C adds the wine vinegar to the ingredients mixture in the bowl with the spoon in her left hand.,spoon@@@@@bowl
735.75613,C stirs the ingredients mixture with the spoon in her left hand.,spoon
736.88128,C drops the spoon in the bowl with her left hand.,spoon@@@@@bowl
737.45499,C picks the wine vinegar bottle lid on the countertop with her left hand.,bottle@@@@@bottle_cap
738.05731,C covers the wine vinegar bottle with the lid in her left hand.,bottle@@@@@bottle_cap
738.9563,C slips the lid off the wine vinegar bottle with her left hand.,bottle
740.12272,C passes the wine vinegar bottle from her right hand to her left hand.,bottle
740.69009,C drops the wine vinegar bottle on the countertop with her left hand.,bottle
742.28233,C picks the lid of the vinegar bottle with her left hand.,bottle
743.85445,C covers the vinegar bottle with the lid in her left hand,bottle@@@@@bottle_cap
743.97693,C holds the vinegar bottle with her right hand.,bottle
746.71288,C stirs the ingredients mixture in the bowl with the spoon in her left hand.,spoon@@@@@bowl
746.74828,C places her right hand on the bowl.,bowl
749.96808,C scoops the ingredients mixture on the spoon with her right hand.,spoon
751.4153,C cleans her hands with the kitchen towel on the countertop.,towel
753.17837,C picks the knife on the chopping board with her left hand.,chopping_board@@@@@knife
754.3052,C drops the ginger on the chopping board with her right hand.,chopping_board
755.18502,C cuts ginger with the knife in her right hand.,knife
756.27352,C moves the ginger on the chopping board with her right hand.,chopping_board
757.24257,C picks the cut ginger on the chopping board with her right hand.,chopping_board
757.84056,C picks the cut ginger on the chopping board with her right hand.,chopping_board
758.36328,C slices the cut ginger on the chopping board with the knife in her right hand.,chopping_board@@@@@knife
764.03464,C turns the sliced ginger on the chopping board with her right hand.,chopping_board@@@@@knife
764.70219,C dices the ginger on the chopping board with the knife in her left hand.,chopping_board@@@@@knife
766.97795,C chops the ginger on the chopping board with the knife in her left hand.,chopping_board@@@@@knife
775.57147,C puts the chopped ginger onto the knife in her left hand with her right hand.,knife
777.08967,C wipes the chopped ginger on the knife into the bowl on the countertop with her right hand.,knife@@@@@bowl
777.68583,C drops the knife on the chopping board with her left hand.,chopping_board@@@@@knife
778.6916,C stirs the ingredients mixture in the bowl with the spoon in her left hand.,spoon@@@@@bowl
785.8737,C turns the gas knob of the gas cooker with her left hand.,cooker@@@@@knob
787.01252,C stirs the ingredients in the big pot with the spatula in her left hand.,pot@@@@@spatula
790.17816,C moves the pot on the gas burner with her right hand.,pot@@@@@stove
791.72241,C turns the gas knob  of the gas cooker with her right hand.,cooker@@@@@knob
793.07354,C picks the pot on the gas burner with her left hand.,pot@@@@@frying_pan
794.13113,C picks the white spoon on the chopping board with her right hand.,chopping_board@@@@@spoon
795.1014,C stirs the noodles in the pot with the white spoon in her right hand.,pot@@@@@spoon
796.46585,C takes noodles up with the white spoon in her right hand.,spoon
800.28698,C picks the spatula in the big pot with her left hand.,pot@@@@@spatula
802.81342,C adds noodles to the big pot with the big spoon in her right hand and the spatula in her left hand.,pot@@@@@spoon@@@@@spatula
803.42824,C stirs the noodles in the big pot with the spatula in her left hand.,pot@@@@@spatula
805.21088,C stirs the noodles in the pot with the spatula in her left hand.,pot@@@@@spatula
806.3323,C takes noodles from the pot with the spatula in her left hand and the whit spoon in her right hand.,pot@@@@@spoon@@@@@spatula
809.66989,C adds noodles to the big pot with the big spoon in her right hand and the spatula in her left hand.,pot@@@@@spoon@@@@@spatula
810.86928,C stirs the noodles in the pot with the spatula in her left hand.,pot@@@@@spatula
811.69069,C takes noodles from the pot with the spatula in her left hand and the whit spoon in her right hand.,pot@@@@@spoon@@@@@spatula
818.5229,C drops the spatula in the big pot with her right hand.,pot@@@@@spatula
819.31639,C picks the pot on the gas burner with her left hand.,pot@@@@@frying_pan
822.94561,C pours water into sink through the white spoon in her right hand with her left hand.,sink@@@@@spoon
828.0422,C drops the pot on the gas burner with her left hand.,pot@@@@@stove
829.26454,C adds the noodles to the big pot with the spoon in her right hand.,pot@@@@@spoon
830.04957,C stirs the noodles in the big pot with the spatula in her left hand.,pot@@@@@spatula
836.77656,C drops the spatula in the big pot with her left hand.,pot@@@@@spatula
837.13821,C passes the white spoon in her right hand to her left hand.,spoon
837.65499,C drops the spatula on the countertop with her left hand.,spatula
838.27575,C operates her wristwatch with her right hand.,watch
840.02722,C turns the gas cooker knob with her left hand.,cooker@@@@@knob
840.98382,C stirs the noodles in the big pot with the spatula in her left hand.,pot@@@@@spatula
847.07176,C drops the spatula on the countertop with her left hand.,spatula
849.18483,C picks the bowl on the countertop with her hands.,bowl
849.84749,C stirs the ingredient mixture in the bowl with the spoon in her left hand.,spoon@@@@@bowl
851.95578,C adds the ingredients mixture to the big pot with her right hand.,pot@@@@@spoon
857.6756,C drops the spoon in the bowl with her left hand.,spoon@@@@@bowl
858.71628,C drops the bowl on the countertop  with her right hand.,bowl
860.03641,C stirs the noodles in the big pot with the spatula in her left hand.,pot@@@@@spatula
864.10411,C turns the gas cooker knob with her right hand.,cooker@@@@@knob
865.42853,C stirs the noodles in the big pot with the spatula in her left hand.,pot@@@@@spatula
865.99719,C moves the big pot on the gas burner with her right hand.,pot@@@@@stove
867.95818,C turns the gas cooker knob with her right hand.,cooker@@@@@knob
870.05152,C opens the refrigerator with her left hand.,refrigerator
872.36794,C picks a pack of celery from the refrigerator  with her right hand.,refrigerator
874.4428,C drops the celery pack in the refrigerator with her right hand.,refrigerator
875.85853,C closes the refrigerator with her left hand.,refrigerator
878.94708,C turns on tap with her right hand.,faucet
881.10682,C turns off the tap with her right hand.,faucet
882.60569,C picks the knife on the chopping board with her left  hand.,chopping_board@@@@@knife
883.98127,C drops the celery on the chopping board with her right hand.,chopping_board
884.57359,C wipes off the chopped onions on the knife with her right hand.,onion@@@@@knife
885.4187,C moves the chopped onion on the chopping board with the knife in her left hand.,chopping_board@@@@@knife
885.4624,C moves the celery on the chopping board with her right hand.,chopping_board
886.21751,C slices the celery on the chopping board with the knife in her left hand.,chopping_board@@@@@knife
908.51948,C picks the sliced celery on the chopping board.,chopping_board
908.98092,C drops the celery on the chopping board with her right hand.,chopping_board
909.30924,C dices the celery on the chopping board with the knife in her left hand.,chopping_board@@@@@knife
920.42726,C moves the leafy part of the celery on the chopping board with her right hand.,chopping_board
921.55861,C moves the diced celery on the chopping board with the knife in her right hand.,chopping_board@@@@@knife
922.73284,C drops the knife on the chopping board with her left hand.,chopping_board@@@@@knife
924.76252,C moves the big pot on the gas cooker top with her right hand.,pot@@@@@stove
925.39332,C stirs the noodles in the pot with the spatula in her left hand.,pot@@@@@spatula
936.91857,C drops the spatula in the big pot with her left hand.,pot@@@@@spatula
938.93346,C picks a tong from the spoon rack with her right hand.,tongs@@@@@spoon
941.864,C passes the tong from her right hand to her left hand.,tongs
943.25944,C picks noodles  from the big pot with the tong in her left hand.,tongs@@@@@pot
952.01151,C drops the noodles into the bowl on the countertop with her right hand.,bowl
953.08147,C picks the noodles  from the bowl with the tong in her left hand.,tongs@@@@@bowl
960.44576,C touches the tong with the noodles in her right hand.,tongs
967.32511,C drops the tong on the table with her left hand.,tongs@@@@@table
968.95644,C moves a bottle on the countertop  with her left hand.,bottle
969.65246,C picks a spice jar from the countertop with her left hand.,jar
970.62715,C holds the spice jar with her hands.,jar
971.96568,C adds the spice to the noodles in the big pot with her hands.,spice_rack@@@@@pot
975.20547,C drops the spice jar on the countertop with her right hand.,jar
976.21492,C stirs the noodles in the big pot with the spatula in left hand.,pot@@@@@spatula
983.1255,C picks the sugar jar on the countertop with her left hand.,jar
983.61579,C holds the jar with her hands.,jar
984.30767,C opens the sugar jar with her left hand.,jar
987.93615,C passes the sugar jar from her right hand to her left hand.,jar
989.061,C pours sugar from the jar in her left hand  into her right hand.,jar
996.08575,C adds sugar to noodles in the big pot.,pot@@@@@spoon
998.43948,C pours the remaining sugar in her right hand into sink.,sink
999.65949,C drops the sugar jar on the countertop with her left hand.,jar
999.96897,C covers the sugar jar with her left hand.,jar
1000.72141,C dust her hands in the sink.,sink@@@@@person
1001.85304,C picks a bottle from the countertop with her left hand.,bottle
1002.37248,C holds the bottle with her hands.,bottle
1002.57248,C opens the bottle with her left hand.,bottle@@@@@beer_bottle
1005.82266,C drops the bottle lid on the countertop with her left hand.,bottle@@@@@bottle_cap
1006.38192,C picks the spatula in the big pot with her left hand.,pot@@@@@spatula
1007.65105,C pours oil into the spatula with her right hand.,spatula
1010.91991,C adds the oil to the noodles in the big pot with the spatula in her left hand.,pot@@@@@spatula
1011.30995,C stirs the noodles in the pot with the spatula in her left hand.,pot@@@@@spatula
1022.08866,C picks the lid of the bottle with her left hand.,bottle@@@@@bottle_cap
1022.72068,C covers the bottle with the lid in her left hand.,bottle@@@@@bottle_cap
1026.02398,C drops the bottle on the countertop with her right hand.,bottle
1027.64492,C opens the door cabinet with her left hand.,cabinet
1028.00825,C holds the door of the cabinet with her right hand.,cabinet
1028.95509,C picks a bowl from the cabinet with her left hand.,cabinet@@@@@bowl
1029.95298,C closes the door of the cabinet with her right hand.,cabinet
1031.06719,C drops the bowl on the countertop with her left hand.,bowl
1032.55225,C picks the big pot on the gas cooker top with her right hand.,pot@@@@@stove
1034.0119,C gathers the the noodles in the pot with the spatula in her left hand.,pot@@@@@spatula
1037.30083,C turns noodles from the big pot in her right hand  into the bowl on the countertop with the spatula in her left hand.,pot@@@@@bowl@@@@@spatula
1047.52147,C spreads the noodles in the bowl with the spatula in her left hand.,bowl@@@@@spatula
1050.70761,C drops the big pot on the gas cooker top with her right hand.,cooker@@@@@pot
1053.224,C packs the diced celery on the chopping board with her left hand.,chopping_board
1055.51231,C drops the celery in the noodles bowl with her left hand.,sausage@@@@@egg@@@@@onion@@@@@fish@@@@@eel@@@@@eggplant@@@@@garlic@@@@@bowl
1062.07675,C drops celery on the chopping board with her left hand.,chopping_board
1063.67379,C picks the noodles bowl on the countertop with her right hand.,bowl
1064.35917,C holds the noodles bowl with her hands.,bowl
1067.71077,C drops the noodles bowl on the countertop with her hands.,bowl
8.20926,C picks the pot on the gas burner with her left hand.,pot@@@@@frying_pan
10.41928,C places the pot under the tap with her left hand.,faucet@@@@@pot
11.0135,C opens the tap with her right hand.,faucet
11.8922,C fetches the water into the pot with her left hand.,pot
15.77648,C turns off the tap with her right hand.,faucet
18.73222,C places the pot on the gas burner with her left hand.,pot@@@@@stove
20.26723,C turns on the gas burner knob with his left hand.,knob
23.0523,C adjusts the pot on the gas burner with her left hand.,pot@@@@@stove
25.41105,C presses the button on the kettle holder with her left hand.,kettle
26.90064,C removes the kettle from the holder with her left hand.,kettle
28.2515,C presses the kettle button with her left hand.,kettle
30.66633,C holds the kettle in tap with her left hand.,kettle
31.18485,C opens the tap with her right hand.,faucet
31.72802,C fetches water in the kettle with her left hand.,kettle
36.49412,C closes the tap with her right hand.,faucet
37.58578,C closes the kettle with her right hand.,kettle
41.61757,C opens the kettle with his right hand.,kettle
43.34302,C places the kettle under the tap in the sink with her left hand.,sink@@@@@kettle
43.80963,C opens the tap with her right hand.,faucet
44.39252,C fetches water into kettle with her left hand.,kettle
46.85592,C turns off the tap with her right hand.,faucet
47.87828,C closes the kettle with her right hand.,kettle
52.03133,C places the kettle on the gas burner with her left hand.,kettle@@@@@stove
53.86295,C picks the kettle on the gas burner with her left hand.,urn@@@@@kettle
55.49381,C places the kettle on the counter top with her left hand.,kettle
56.07721,C lifts the kettle on the counter top with her left hand.,kettle
56.68395,C inserts the kettle into the holder with her left hand.,handle@@@@@kettle
57.72271,C turns on the kettle with her left hand.,kettle
61.87547,C opens the refrigerator with her left hand.,refrigerator
63.27199,C holds the refrigerator handle with her right hand.,refrigerator@@@@@handle
65.04542,C picks garlic from the refrigerator with her left hand.,refrigerator@@@@@garlic
65.87262,C passes the onion to her right hand.,onion
66.53621,C opens the refrigerator shelf with her left hand.,refrigerator
71.34392,C picks an onion from the net with her left hand.,onion
72.24575,C closes the refrigerator shelf with her left hand.,refrigerator
74.11644,C passes the onion to her right hand.,onion
74.90982,C opens the refrigerator shelf with her left hand.,refrigerator
75.65324,C picks garlic from the refrigerator shelf with his left hand.,refrigerator@@@@@garlic
79.49202,C passes the onion to her left hand.,onion
81.85276,C closes the refrigerator shelf with her right hand.,refrigerator
83.22618,C passes the onion to her right hand.,onion
84.10564,C closes the refrigerator with her left hand.,refrigerator
87.91847,C places the onion on the counter top with her right hand.,onion
88.67691,C places the garlic on the counter top with her left hand.,garlic
88.67691,C places the garlic on the counter top with her right hand.,garlic
89.57188,C picks the knife on the cutting board with her left hand.,chopping_board@@@@@knife
89.67655,C places the garlic on the cutting board with her right hand.,chopping_board@@@@@garlic
91.21297,C places the knife on the garlic with her left hand.,knife@@@@@garlic
91.64285,C hits her right hand on the knife.,person@@@@@knife
93.16003,C removes the knife from the garlic with her left hand.,knife@@@@@garlic
93.42312,C picks the garlic on the cutting board with her right hand.,chopping_board@@@@@garlic
93.50274,C places the knife on the cutting board with her left hand.,chopping_board@@@@@knife
93.94747,C holds the garlic with her left hand.,garlic
94.75647,C peels the garlic with her left hand.,garlic
103.23119,C places the garlic on the cutting board with her right hand.,chopping_board@@@@@garlic
103.23119,C picks the knife on the cutting board with her left hand.,chopping_board@@@@@knife
104.02156,C places the knife on the garlic with her left hand.,knife@@@@@garlic
104.42184,C hits her right hand on the knife on the garlic.,knife@@@@@garlic
105.46184,C removes her left hand from the garlic.,garlic
105.71292,C picks the garlic on the cutting board with her right hand.,chopping_board@@@@@garlic
105.89287,C places the knife on the cutting board with her left hand.,chopping_board@@@@@knife
106.20459,C peels the garlic with her left hand.,garlic
116.65603,C breaks the garlic into two with both hands.,garlic
118.21989,C places the half garlic on the cutting board with her right hand.,chopping_board@@@@@garlic
118.53557,C peels the garlic with her right hand.,garlic
121.88065,C passes the garlic to her right hand.,garlic
122.32023,C packs the garlic skin on the cutting board with her left hand.,chopping_board@@@@@garlic
122.93614,C picks the knife on the cutting board with her left hand.,chopping_board@@@@@knife
123.96646,C places the garlic on the table with her right hand.,garlic@@@@@table
124.45263,C slices the garlic on the cutting board with the knife in her left hand.,chopping_board@@@@@knife@@@@@garlic
135.53076,C removes the sliced garlic from the knife with her right hand.,knife@@@@@garlic
136.95582,C holds the garlic on the cutting board with his right hand.,chopping_board@@@@@garlic
137.77987,C slices the garlic on the cutting board with the knife in her left hand.,chopping_board@@@@@knife@@@@@garlic
149.65644,C removes the sliced garlic from the knife with her right hand.,knife@@@@@garlic
150.37635,C packs the sliced garlic on the cutting board with her right hand.,chopping_board@@@@@garlic
152.742,C slices the garlic on the cutting board with the knife in her left hand.,chopping_board@@@@@knife@@@@@garlic
170.18309,C packs the sliced garlic on the cutting board with her right hand.,chopping_board@@@@@garlic
171.92651,C slices the garlic on the cutting board with the knife in her left hand.,chopping_board@@@@@knife@@@@@garlic
180.38483,C packs the sliced garlic on the cutting board with the knife in her left hand.,chopping_board@@@@@knife
181.12902,C removes the sliced garlic from the knife with her right hand.,knife@@@@@garlic
182.9239,C packs the sliced garlic to a side on the cutting board with the knife in her left hand.,chopping_board@@@@@knife
186.64264,C picks an onion on the counter top with her right hand.,onion
187.45895,C places the onion on the cutting board with her right hand.,onion@@@@@chopping_board
187.92999,C cuts the onion into two with the knife in her left hand.,onion@@@@@knife
192.09547,C places the half onion on the counter top with her right hand.,onion
194.10782,C picks the onion on the cutting board with her right hand.,onion@@@@@chopping_board
194.37379,C places the onion on the cutting board with her right hand.,onion@@@@@chopping_board
195.0695,C flips the onion on the cutting board with her right hand.,onion@@@@@chopping_board
195.85681,C peels the onion on the cutting board with the knife in her left hand.,onion@@@@@chopping_board@@@@@knife
198.81578,C picks the onion skin on the cutting board with her right hand.,onion@@@@@chopping_board
199.67925,C drops the onion skin on the counter top with her right hand.,onion
200.11759,C holds the onion on the cutting board with her right hand.,onion@@@@@chopping_board
200.43757,C cuts the onion stalk on the cutting board with the knife in his left hand.,chopping_board@@@@@knife
201.8381,C picks the onion stalk on the cutting board with her right hand.,onion@@@@@chopping_board
202.23346,C places the knife on the cutting board with her left hand.,chopping_board@@@@@knife
202.2759,C places the onion stalk on the cutting board with her right hand.,onion@@@@@chopping_board
202.73835,C picks the onion on the cutting board with her left hand.,onion@@@@@chopping_board
203.13188,C passes the onion to her right hand.,onion
203.80981,C peels the onion skin with her left hand.,onion
209.94665,C drops the onion skin on the counter top with her left hand.,onion@@@@@can@@@@@table
210.3728,C touches the onion with her left hand.,onion
213.31057,C picks the knife on the cutting board with her left hand.,chopping_board@@@@@knife
213.48704,C places the onion on the cutting board with her right hand.,onion@@@@@chopping_board
214.06895,C picks the onion on the cutting board with her right hand.,onion@@@@@chopping_board
214.74232,C packs the cutting board with the knife in her left hand.,chopping_board@@@@@knife
217.47665,C drops the onion on the cutting board with her right hand.,onion@@@@@chopping_board
217.71667,C cleans the knife with her right hand.,knife
218.50075,C shifts the onion on the cutting board with her right hand.,onion@@@@@chopping_board
219.71133,C places the knife on the onion with her left hand.,onion@@@@@knife
220.10753,C places her right hand on the onion on the cutting board.,onion@@@@@chopping_board
220.75394,C slices the onion with the knife in her left hand.,onion@@@@@knife
246.3646,C removes the dirt on the onion with her right hand.,onion
247.47796,C holds the onion on the cutting board with her right hand.,onion@@@@@chopping_board
247.93229,C slices the onion on the cutting board with the knife in her left hand.,chopping_board@@@@@knife
260.70128,C cleans the knife with her right hand.,knife
262.08101,C packs the sliced onions on the cutting board with the knife in her left hand.,chopping_board@@@@@knife
262.59893,C places his right hand on the knife.,knife
262.68095,C slices the onion on the cutting board with the knife in her left hand.,chopping_board@@@@@knife
266.65968,C removes the sliced onions from the knife with his right hand.,onion@@@@@knife
267.58421,C shifts the sliced onions on the cutting board with the knife in her left hand.,chopping_board@@@@@knife
267.87141,C holds the onion on the cutting board with her right hand.,onion@@@@@chopping_board
268.44447,C slices the onion on the cutting board with the knife in her left hand.,chopping_board@@@@@knife
274.59233,C removes the sliced onions from the knife with his right hand.,onion@@@@@knife
275.57671,C slices the onion on the cutting board with the knife in her left hand.,chopping_board@@@@@knife
278.33363,C removes the sliced onions from the knife with his right hand.,onion@@@@@knife
280.07198,C shifts the sliced onions on the cutting board with the knife in her left hand.,chopping_board@@@@@knife
281.21606,C places the knife on the cutting board with her left hand.,chopping_board@@@@@knife
282.97541,C opens the pot lid with her left hand.,pot
284.86762,C adjusts the frying pan on the gas burner with her left hand.,frying_pan@@@@@stove
286.48997,C touches the gas burner knob with her left hand.,knob
287.90719,C lifts the frying pan from the gas burner with her left hand.,frying_pan
289.01668,C places the frying pan on the gas burner with her left hand.,frying_pan@@@@@stove
290.29073,C turns on the gas burner knob with her left hand.,knob
295.27991,C picks a bottle of oil on the counter top with his right hand.,bottle
296.23151,C opens the bottle cap with her left hand.,bottle@@@@@bottle_cap
298.43206,C passes the oil bottle to her left hand.,bottle
298.91852,C holds the bottle cap with her right hand.,bottle@@@@@bottle_cap
299.88205,C pours the oil into the frying pan with the bottle in her left hand.,bottle@@@@@frying_pan
306.48883,C closes the bottle cap with her right hand.,bottle@@@@@bottle_cap
307.54869,C places the bottle of oil on the counter top with her left hand.,bottle
308.12468,C places her left palm on the bottle cap.,bottle@@@@@bottle_cap
308.69164,C tilts the frying pan with her left hand.,frying_pan
312.93434,C places the frying pan on the gas burner with her left hand.,frying_pan@@@@@stove
313.49903,C adjusts the frying pan on the gas burner with her right hand.,frying_pan@@@@@stove
313.8493,C spreads her left palm over the pot.,person@@@@@pot
315.06118,C removes the kettle from the holder on the counter top with her left hand.,kettle
317.1724,C pours water into pot on fire with the kettle in her left hand.,pot@@@@@kettle
324.41276,C places the kettle on the holder with her left hand.,handle@@@@@kettle
325.42433,C picks a can of salt on the counter top with her right hand.,can@@@@@shaker@@@@@saltshaker
326.07314,C opens the can of salt with her left hand.,can@@@@@shaker@@@@@saltshaker
327.20517,C passes the can of salt to her left hand.,can@@@@@shaker@@@@@saltshaker
328.23307,C adds salt to boiling water with the can in her left hand.,can@@@@@shaker@@@@@saltshaker
330.20903,C passes the can of salt to her right hand.,can@@@@@shaker@@@@@saltshaker
330.67973,C adjusts the frying pan on the gas burner with her left hand.,frying_pan@@@@@stove
332.95335,C spreads his left palm over the boiling pot.,pot
332.975,C places the can of salt on the counter top with her right hand.,canister@@@@@can@@@@@shaker@@@@@saltshaker
333.77566,C holds the can of salt on the counter top with her left hand.,can@@@@@shaker@@@@@saltshaker
334.28646,C shifts the can of salt forward on the counter top with both hands.,canister@@@@@can@@@@@shaker@@@@@saltshaker
335.16311,C spreads her left palm over the frying pan.,frying_pan
335.81006,C tilts the frying pan with her left hand.,frying_pan
340.81511,C places the frying pan on the gas burner with her left hand.,frying_pan@@@@@stove
341.45863,C spreads her left palm over the frying pan.,frying_pan
342.60953,C opens the cabinet door with her left hand.,cabinet
343.52754,C closes the cabinet door with her left hand.,cabinet
344.207,C opens the cabinet door with her left hand.,cabinet
344.75202,The camera falls off C head.,camera
345.41013,C holds the camera with her right hand.,camera
346.70893,C closes the cabinet door with her left hand.,cabinet
347.60143,C holds the camera with her left hand.,camera
348.98502,C attaches the camera to her fore head with both hands.,camera
354.06928,C passes the camera to Man O right hand with her her right hand.,camera@@@@@person
355.52951,The man O attaches the camera to C forehead.,camera
364.8198,The man o touches the cabinet with his right hand.,cabinet
367.78061,C picks the knife on the cutting board with her left hand.,chopping_board@@@@@knife
368.34089,C slices the onion on the cutting board with the knife in her left hand.,chopping_board@@@@@knife
372.05557,The man O adjusts the camera on C forehead with both hands.,camera
374.34233,The man O places his right hand on the cabinet.,cabinet
378.23703,C places the knife on the cutting board with her left hand.,chopping_board@@@@@knife
382.90682,C holds the pot handle with her left hand.,pot@@@@@handle
386.29552,C touches the cabinet knob with her left hand.,cabinet@@@@@knob
387.04502,C opens the cabinet door with her left hand.,cabinet
391.02606,C lifts the pack of noodles in the cabinet with her left hand.,cabinet@@@@@packet
391.15868,C places her right hand on the cabinet.,cabinet
392.41778,C picks the pack of spaghetti in the cabinet with her right hand.,cabinet@@@@@packet
395.31074,C closes the cabinet door with her left hand.,cabinet
402.11274,C pours the spaghetti into the boiling pot with her left hand.,pot@@@@@spoon
405.72529,C pours the spaghetti into the boiling pot with her left hand.,pot@@@@@spoon
407.52288,C stirs the spaghetti with her left hand.,spoon@@@@@spatula
414.25898,C pours the spaghetti in boiling pot with the pack in her right hand.,pot
416.5138,C touches the cabinet door knob with her left hand.,doorknob@@@@@cabinet@@@@@knob
417.4794,C opens the cabinet door with her left hand.,cabinet
421.18854,C closes the cabinet door with her left hand.,cabinet
429.22039,C drops the spaghetti in boiling pot with her left hand.,pot
435.19034,C turns the spaghetti in boiling pot with her left hand.,pot
437.95514,C touches the big spoon with her right hand.,spoon
439.03806,C picks the big spoon from the plate rack with her left hand.,plate@@@@@spoon
439.30455,C holds a brown spoon in the plate rack with her right hand.,plate@@@@@spoon
441.99542,C holds the big spoon with her right hand.,spoon
442.46781,C passes the big spoon to her left hand.,spoon
443.33911,C pushes  spaghetti into boiling pot with the spoon in his left hand.,pot@@@@@spoon
446.32148,C puts spaghetti into boiling pot with her right hand.,pot
447.97596,C pushes  spaghetti into boiling pot with the spoon in his left hand.,pot@@@@@spoon
448.15109,C puts the spaghetti into boiling pot with her right hand.,pot
450.65515,C touches the pot handle with her right hand.,pot@@@@@handle
451.75494,C places the spoon on the counter top with her left hand.,spoon
452.79861,C picks the knife on the cutting board with her left hand.,chopping_board@@@@@knife
453.23724,C shifts the onion on the cutting board with her right hand.,onion@@@@@chopping_board
454.74281,C packs the dirts on the cutting board with her right hand.,chopping_board
461.24977,C pours the sliced onion into frying pan with the knife in her left hand.,onion@@@@@knife@@@@@frying_pan
468.83756,C places the cutting board on the counter top with her right hand.,chopping_board@@@@@table
469.35074,C places the knife on the cutting board with her left hand.,chopping_board@@@@@knife
471.70269,C touches a small spatula with her right hand.,spatula
473.41312,C picks a spatula from the plate rack with her right hand.,plate@@@@@spatula
475.17469,C passes the spatula to her left hand.,spatula
476.31806,C stir fry the onion with the spatula in her left hand.,onion@@@@@spatula
477.31237,C picks the frying pan on the gas burner with her right hand.,urn@@@@@frying_pan
477.92865,C tilts the frying pan with her right hand.,frying_pan
479.01029,C stir fry the onion with the spatula in her left hand.,onion@@@@@spatula
479.18662,C places the frying pan on the gas burner with her right hand.,frying_pan@@@@@stove
480.77083,C turns on the knob of the gas burner with her right hand.,knob@@@@@stove
483.32111,C stir fry the onion with the spatula in her left hand.,onion@@@@@spatula
484.33974,C picks up the frying pan from the gas burner with her right hand.,urn@@@@@frying_pan
485.60233,C places the frying pan on the gas burner with her right hand.,frying_pan@@@@@stove
494.32657,C holds the empty spaghetti pack with her right hand.,packet
495.44322,C flips the empty spaghetti pack with both hands.,packet
499.88182,C sets her wristwatch timer with her right hand.,pocket_watch@@@@@watch
508.79206,C places the empty spaghetti pack on the counter top with both hands.,table@@@@@packet
511.20321,C picks the spoon on the counter top with her right hand.,spoon
512.05488,C places the spoon on the counter with her right hand.,spoon
512.6686,C picks the spatula in the frying pan with her left hand.,spatula@@@@@frying_pan
513.15512,C stir fry the onion with the spatula in her left hand.,onion@@@@@spatula
514.00333,C holds the frying pan handle with her right hand.,handle@@@@@frying_pan
516.72219,C drops the spatula in frying pan with her left hand.,spatula@@@@@frying_pan
517.46171,C regulates the gas burner knob with her left hand.,knob
518.44619,C picks the spatula in the frying pan with her left hand.,spatula@@@@@frying_pan
518.94431,C stir fry the onion with the spatula in her left hand.,onion@@@@@spatula
522.41351,C hits the frying pan with the spatula in her left hand.,spatula
523.33874,C places the spatula on the frying pan edge with her left hand.,spatula@@@@@frying_pan
525.29717,C picks the spoon on the counter top with her left hand.,spoon
526.70538,C stirs spaghetti in pot with the spoon in her left hand.,pot@@@@@spoon
529.33577,C places the spoon on the counter top with her left hand.,spoon
530.22885,C picks a jar on the counter top with her right hand.,jar
530.99889,C places the jar on the counter top with her right hand.,jar
532.50085,C picks a cup on the counter top with her right hand.,cup
533.69354,C holds the cup with her left hand.,cup
534.95648,C places the cup on the counter top with her right hand.,cup
535.75355,C holds the cabinet handle with her left hand.,cabinet@@@@@handle
535.86711,C opens the cabinet door with her right hand.,cabinet
536.48441,C opens the cabinet door with her left hand.,cabinet
538.34551,C closes the cabinet door with her right hand.,cabinet
539.04196,C closes the cabinet door with her left hand.,cabinet
539.38068,C opens the cabinet door with her right hand.,cabinet
540.2948,C closes the cabinet door with her right hand.,cabinet
541.29986,C touches the cup on the counter top with her left hand.,cup
544.24311,C opens the cabinet door with her right hand.,cabinet
545.05879,C touches the cabinet door handle with her left hand.,cabinet@@@@@handle
545.33812,C closes the cabinet door with her right hand.,cabinet
546.54868,C opens the cabinet door with her right hand.,cabinet
547.40578,C picks a bowl from the cabinet with her left hand.,cabinet@@@@@bowl
549.27309,C closes the cabinet door with her right hand.,cabinet
549.94573,C passes the bowl to her right hand.,bowl
550.51872,C shifts the onion skin on the counter top with her right hand.,onion
551.169,C places the bowl on the counter top with her right hand.,bowl
551.79968,C touches a bottle on the counter top with her left hand.,bottle
553.15396,C shifts the salt can on the counter top with her left hand.,shaker@@@@@saltshaker
554.07203,C touches the spoon on the counter top with her left hand.,spoon
555.01646,C picks the ketchup bottle on the counter top with her left hand.,bottle
555.99168,C passes the ketchup bottle to her right hand.,bottle
556.52082,C picks a jar on the counter top with her left hand.,jar
557.10004,C places the jar on the counter top with her left hand.,jar
559.88527,C opens the ketchup cap with her left hand.,bottle@@@@@bottle_cap
567.18821,C pours the ketchup into a bowl with the ketchup bottle in her right hand.,bottle@@@@@bowl
571.59192,C covers the ketchup cap with her left hand.,bottle@@@@@bottle_cap
572.91234,C places the ketchup bottle on the counter top with her right hand.,bottle
576.0101,C picks a small spoon from the rack with her left hand.,spoon
577.49079,C places the small spoon on the counter top with her left hand.,spoon
578.10715,C picks the soy sauce bottle on the counter top with her left hand.,bottle
578.71896,C passes the soy sauce bottle to her right hand.,bottle
579.07407,C opens the soy sauce bottle cap with her left hand.,bottle@@@@@bottle_cap
581.8735,C drops the soy sauce bottle cap on the counter top with her left hand.,bottle@@@@@bottle_cap
582.45479,C picks the small spoon on the counter top with her left hand.,spoon
583.29482,C places the small spoon under the soy sauce with her left hand.,saucepan@@@@@spoon
584.35496,C pours the soy sauce in the spoon in her left hand with the bottle in her right hand.,bottle@@@@@spoon
586.16282,C pours the soy sauce into bowl with the spoon in her left hand.,spoon@@@@@bowl
587.40247,C pours the soy sauce in the spoon in her left hand with the bottle in her right hand.,bottle@@@@@spoon
588.76717,C pours the soy sauce into bowl with the spoon in her left hand.,spoon@@@@@bowl
590.51125,C stirs mixture in bowl with the spoon in her left hand.,spoon@@@@@bowl
596.10108,C drops the spoon in the bowl with her left hand.,spoon@@@@@bowl
596.77474,C holds the soy sauce bottle with her left hand.,bottle
597.24672,C places the soy sauce bottle on the counter top with both hands.,bottle@@@@@coffee_table@@@@@kitchen_table@@@@@table
598.47083,C picks the soy sauce bottle cap on the counter top with her left hand.,bottle@@@@@bottle_cap
599.22148,C covers the soy sauce with the cap in her left hand.,bottle@@@@@bottle_cap
599.31346,C holds the soy sauce bottle on the counter top with her right hand.,bottle
602.10799,C picks the soy sauce bottle on the counter top with her left hand.,bottle
602.52496,C places the soy sauce bottle on the counter top with her left hand.,bottle@@@@@table
602.73502,C touches a bottle on the counter top with her right hand.,bottle@@@@@bucket@@@@@bottle_opener@@@@@wine_bucket@@@@@pen@@@@@beer_bottle@@@@@bottle_cap
606.4516,C picks the spatula on the counter top with her left hand.,spatula
606.93156,C holds the frying pan handle with her right hand.,handle@@@@@frying_pan
607.06471,C stir fry the onions with the spatula in her left hand.,spatula@@@@@frying_pan
611.28033,C places the spatula on the edge of the frying pan.,spatula@@@@@frying_pan
613.41972,C touches the salt container on the counter top with her left hand.,canister@@@@@can@@@@@shaker@@@@@saltshaker
622.38383,C picks the knife on the cutting board with her left hand.,chopping_board@@@@@knife
623.58266,C packs the sliced onion on the cutting board with the knife in her left hand.,chopping_board@@@@@knife
624.38132,C places the ginger on the cutting board with her right hand.,chopping_board
625.12589,C peels the ginger on the cutting board with the knife in her left hand.,chopping_board@@@@@knife
630.98284,C packs the ginger skin on the cutting board with the knife in her left hand.,chopping_board@@@@@knife
631.76452,C places the ginger on the cutting board with her right hand.,chopping_board
632.25087,C peels the ginger on the cutting board with the knife in her left hand.,chopping_board@@@@@knife
633.21779,C packs the ginger skin on the cutting board with the knife in her left hand.,chopping_board@@@@@knife
633.83187,C places the ginger on the cutting board with her right hand.,chopping_board
634.50056,C peels the ginger on the cutting board with the knife in her left hand.,chopping_board@@@@@knife
636.69746,C drops the ginger on the cutting board with her right hand.,chopping_board
637.3059,C removes the ginger skin from the knife with her right hand.,knife
639.77364,C touches the ginger on the cutting board with her right hand.,chopping_board
640.62778,C moves the sliced ginger forward on the cutting board with her right hand.,chopping_board@@@@@knife
641.30733,C slices the ginger on the cutting board with the knife in her right hand.,chopping_board@@@@@knife
652.12533,C places her right hand on the knife.,knife
656.01264,C removes dirt from the cutting board with her right hand.,chopping_board
656.94417,C packs the sliced ginger with the knife with her right hand.,knife
658.25608,C pours the sliced ginger in the bowl with her right hand.,bowl
659.13224,C places the knife on the cutting board with her left hand.,chopping_board@@@@@knife
660.66908,C picks a jar of pepper sauce on the counter top with her left hand.,jar
661.27891,C holds the pepper sauce jar with her right hand.,jar
661.48147,C opens the pepper jar lid with her left hand.,jar
663.71596,C picks the spoon inside the bowl with her left hand.,spoon@@@@@bowl
665.26625,C turns on the tap with her left hand.,faucet
665.77835,C rinses spoon in tap with her left hand.,faucet@@@@@spoon
668.30956,C turns off the tap with her left hand.,faucet
668.8281,C drains off excess water off spoon with her left hand.,spoon
669.99042,C dips the spoon into the jar with her left hand.,jar@@@@@spoon
670.47588,C mixes the pepper sauce together with the spoon in her left hand.,saucepan@@@@@spoon
673.04651,C scoops the pepper sauce with the spoon in her left hand.,saucepan@@@@@spoon
674.40445,C pours the pepper sauce into bowl with the spoon in her left hand.,spoon@@@@@bowl
675.16166,C stirs the mixture in bowl with the spoon in her left hand.,spoon@@@@@bowl
678.80187,C picks the pepper jar lid on the counter top with her left hand.,jar
679.44376,C covers the pepper jar with the lid in her left hand.,jar
681.1809,C places the pepper jar on the counter top with her right hand.,kitchen_table@@@@@jar@@@@@table
681.69219,C picks the knife on the cutting board with her left hand.,chopping_board@@@@@knife
682.61764,C packs the ginger on the cutting board with her right hand.,chopping_board
686.21946,C adds the sliced ginger into frying pan with the knife in her left hand.,knife
687.69347,C places the cutting board on the counter top with her right hand.,chopping_board@@@@@table
687.97798,C places the knife on the cutting board with his left hand.,chopping_board@@@@@knife
689.70685,C picks the spatula on the counter top with her left hand.,spatula
689.70685,C holds the frying pan handle with her right hand.,handle@@@@@frying_pan
690.18751,C stir fry the onion with the spatula in her left hand.,onion@@@@@spatula
706.3297,C drops the spatula in the frying pan with her left hand.,spatula
707.95518,C picks the spoon inside the bowl with her left hand.,spoon@@@@@bowl
708.25514,C holds the bowl on the counter top with her right hand.,bowl
708.46653,C stirs the mixture in bowl with the spoon in her left hand.,spoon@@@@@bowl
712.98612,C touches the mixture in spoon with her right index finger.,spoon
715.29456,C stirs the mixture in bowl with the spoon in her left hand.,spoon@@@@@bowl
715.85919,C holds the bowl on the counter top with her right hand.,bowl
720.18964,C places the spoon inside the bowl with her left hand.,spoon@@@@@bowl
721.36869,C touches a bottle on the counter top with her left hand.,bottle
722.16364,C picks a bottle of soy sauce from the counter top with her left hand.,bottle
723.21353,C passes the soy sauce bottle to her right hand.,bottle
724.78505,C places the soy sauce bottle on the counter top with her left hand.,bottle@@@@@table
725.55145,C picks a bottle of red wine vinegar from the counter top with her left hand.,bottle
726.36722,C passes the red wine vinegar  bottle to her right hand.,bottle
726.63748,C opens the red wine vinegar bottle cap with her left hand.,bottle@@@@@beer_bottle@@@@@bottle_cap
729.23749,C places the bottle cap on the counter top with her left hand.,bottle@@@@@bottle_cap
729.64868,C picks the spoon in bowl with her left hand.,spoon@@@@@bowl
732.99856,C pours the red wine vinegar into the spoon in her left hand.,bottle@@@@@hat@@@@@can@@@@@spoon
735.48399,C pours the red wine vinegar into the bowl with the spoon in her left hand.,spoon@@@@@bowl
735.86716,C stirs the mixture in bowl with the spoon in her left hand.,spoon@@@@@bowl
737.488,C picks the red wine vinegar bottle cap on the counter top with her left hand.,bottle@@@@@bottle_cap
738.03461,The bottle cap slides off C hands.,bottle@@@@@bottle_cap
740.77687,C places the red wine vinegar bottle on the counter top with her left hand.,bottle
742.2375,C picks the red wine vinegar bottle cap on the floor with her left hand.,bottle@@@@@bottle_cap
743.77129,C covers the red wine vinegar bottle with the cap in her left hand.,bottle@@@@@bottle_cap
744.02322,C holds the red wine vinegar bottle with his right hand.,bottle
746.60104,C picks the spoon in plate with her left hand.,plate@@@@@spoon
746.60104,C holds the bowl on the counter top with her right hand.,bowl
746.89098,C stirs the mixture in bowl with the spoon in her left hand.,spoon@@@@@bowl
749.66089,C dips her right index finger into mixture in spoon.,spoon
751.50623,C cleans her hands with towel.,towel
753.20189,C picks the knife on the cutting board with her left hand.,chopping_board@@@@@knife
754.34209,C places the ginger on the cutting board with her right hand.,chopping_board
755.07087,C cuts the ginger with the knife in her left hand.,knife
756.46571,C places the ginger on the cutting board with her right hand.,chopping_board
756.881,C holds the ginger on the cutting board with her right hand.,chopping_board
758.57769,C slices the ginger on the cutting board with the knife in her left hand.,chopping_board@@@@@knife
775.54063,C packs the sliced ginger on the cutting board with the knife in her left hand.,chopping_board@@@@@knife
776.8421,C adds the sliced ginger into mixture in bowl.,bowl
777.73033,C holds the bowl with her right hand.,bowl
777.77696,C  places the knife on the cutting board with her left hand.,chopping_board@@@@@knife
778.58098,C stirs the mixture in bowl with the knife in her left hand.,knife@@@@@bowl
785.36204,C holds the frying pan handle with her right hand.,handle@@@@@frying_pan
785.71087,C regulates the gas burner knob with her left hand.,knob
786.80931,C picks the spatula on the counter top with her left hand.,spatula
787.19475,C  stir fry the ingredients with the spatula in her left hand.,pan_(for_cooking)@@@@@spatula
789.92633,C holds the pot handle with her right hand.,pot@@@@@handle
791.81133,C turns off the gas burner knob with her right hand.,knob
791.90218,C holds the pot handle with her left hand.,pot@@@@@handle
793.12789,C lifts the pot from the gas burner with her left hand.,pot@@@@@stove
794.10165,C picks the spoon on the counter top with her right hand.,spoon
795.07439,C packs the spaghetti from the boiling pot with the spoon in her right hand.,pot@@@@@spoon
797.44913,C places the pot on the gas burner with her left hand.,pot@@@@@stove
800.38633,C removes the spatula from the frying pan with her left hand.,spatula
801.74944,C places the spatula under the spoon with her left hand.,spoon@@@@@spatula
802.7089,C pours the spaghetti into frying pan with the spatula in her left hand and spoon in her right hand.,spoon@@@@@spatula
803.49759,C  stirs the fry the spaghetti with the spatula in her left hand.,spatula
805.0421,C packs the spaghetti with the spoon and spatula in both hands.,spoon@@@@@spatula
809.71632,C pours the spaghetti into frying pan with the spatula in her left hand and spoon in her right hand.,spoon@@@@@spatula
810.49919,The spaghetti slips off the spatula and spoon.,spoon@@@@@spatula
818.51716,C places the spatula in the frying pan with her left hand.,spatula@@@@@frying_pan
819.36817,C picks up the pot from the gas burner with her left hand.,pot@@@@@stove
822.93288,C pours the hot water into spoon with the pot in her left hand.,pot@@@@@spoon
828.21012,C places the pot on the gas burner with her left hand.,pot@@@@@stove
829.24244,C pours the spaghetti in the frying pan with the spoon in her right hand.,spoon@@@@@frying_pan
829.9071,C stirs the spaghetti in frying pan with the spatula in her left hand.,spatula
837.24222,C passes the spoon to her left hand.,spoon
837.79959,C places the spoon on the counter top with her left hand.,spoon
840.09393,C regulates the gas burner knob with her left hand.,knob
840.98831,C stirs the spaghetti in frying pan with the spatula in her left hand.,spatula
849.00535,C picks the bowl on the counter top with both hands.,bowl
849.92441,C stirs the mixture in bowl with the spoon in her left hand.,spoon@@@@@bowl
851.47339,C pours mixture into frying pan with the bowl in both hands.,bowl@@@@@frying_pan
858.64597,C places the bowl on the counter top with both hands.,bowl
859.95634,C stirs the spaghetti with the spatula in her left hand.,pan_(for_cooking)@@@@@spatula
859.95634,C holds the frying pan handle with her right hand.,handle@@@@@frying_pan
864.02952,C regulates the gas burner knob with her right hand.,knob
865.54225,C stirs the spaghetti with the spatula in her left hand.,pan_(for_cooking)@@@@@spatula
866.16725,C moves the frying pan to the gas burner with her left hand.,stove
869.64267,C opens the refrigerator with her left hand.,refrigerator
872.35563,C gets a pack of spring onions from the refrigerator with her right hand.,refrigerator
873.20778,C picks a spring onion from the pack with her left hand.,onion
874.53877,C returns the [ack of spring onion to the refrigerator with her right hand.,refrigerator
875.67763,C closes the refrigerator with her left hand.,refrigerator
878.89755,C turns on tap with her right hand.,faucet
879.40205,C rinses the spring onion in tap with both hands.,sink@@@@@onion
880.90195,C turns off the tap with her right hand.,faucet
882.67336,C picks the knife on the cutting board with her left hand.,chopping_board@@@@@knife
883.97303,C places the spring onion on the cutting board with her left hand.,onion@@@@@chopping_board
884.5814,C cleans the knife with his right hand.,knife
886.27737,C slices the spring onion with the knife in her left hand.,onion@@@@@knife
922.91794,C places the knife on the cutting board with her left hand.,chopping_board@@@@@knife
924.5059,C moves the frying pan on the gas burner with her right hand.,frying_pan@@@@@stove
925.51101,C stirs the spaghetti with the spatula in her left hand.,pan_(for_cooking)@@@@@spatula
943.63953,C picks the spaghetti with the throng in her left hand.,fork
952.07863,C drops the spaghetti inside the bowl with her right hand.,bowl
953.08104,C picks the spaghetti with the throng in her left hand.,fork
969.81285,C picks a black pepper container with her left hand.,condiment
970.64857,C holds the black pepper container with her right hand.,condiment@@@@@pepper_mill
971.94635,C adds the black pepper to spaghetti in frying pan with both hands.,pepper_mill
976.43764,C stirs the spaghetti with the spatula in her left hand.,pan_(for_cooking)@@@@@spatula
983.04016,C picks the salt jar on the counter top with her left hand.,jar
983.63938,C holds the salt jar with her right hand.,jar
984.00192,C opens the salt jar with her left hand.,jar@@@@@shaker@@@@@saltshaker
995.73517,C pours the salt into vegetable in frying pot with her right hand.,shaker@@@@@frying_pan@@@@@saltshaker
998.58752,C pours the salt into the sink with her right hand.,sink@@@@@shaker@@@@@saltshaker
999.63834,C places the salt on the counter top with her left hand.,shaker@@@@@saltshaker
1001.739,C picks a bottle of dark soy sauce on the counter top with her left hand.,bottle
1002.38478,C holds the bottle of dark soy sauce with her right hand.,bottle
1002.73392,C opens the dark soy sauce bottle with her left hand.,bottle
1005.51665,C places the bottle cap  on the counter top with her left hand.,bottle@@@@@bottle_cap
1006.42032,C picks the spatula in the frying pot with her left hand.,spatula@@@@@frying_pan
1007.74807,C pours the dark soy sauce in the spatula in her left hand.,saucepan@@@@@spatula
1010.60284,C pours the dark soy sauce into spaghetti in frying pan with the spatula in her left hand.,spatula
1011.42729,C stirs the spaghetti with the spatula in her left hand.,pan_(for_cooking)@@@@@spatula
1022.03381,C picks the bottle cap on the counter top with her left hand.,bottle@@@@@bottle_cap
1022.84199,C covers the dark soy sauce cap with her left hand.,bottle@@@@@bottle_cap
1026.0139,C places the dark soy sauce on the counter top with her right hand.,bottle@@@@@table
1027.81675,C opens the cabinet door with her left hand.,cabinet
1029.00898,C picks a bowl from the cabinet with her left hand.,cabinet@@@@@bowl
1029.89504,C closes the cabinet door with her right hand.,cabinet
1030.97025,C places the bowl on the table with her left hand.,table@@@@@bowl
1032.5677,C picks the frying pan from the gas burner with her right hand.,frying_pan
1033.2993,C picks the spatula in the frying pan with her left hand.,spatula@@@@@frying_pan
1036.4448,C serves the spaghetti in the bowl with the spatula in her left hand.,bowl@@@@@spatula
1051.14794,C places the frying pan on the gas burner with her left hand.,frying_pan@@@@@stove
1053.11316,C packs the sliced spring onion on the cutting board with her left hand.,onion@@@@@chopping_board
1055.49657,C pours the sliced spring onion in the bowl with her left hand.,onion@@@@@bowl
1061.99707,C drops the spring onion on the cutting board with her left hand.,onion@@@@@chopping_board
1063.60622,C picks the bowl of spahetti on the counter top with her right hand.,spoon@@@@@bowl
1064.33839,C holds the bowl of spaghetti with her left hand.,bowl
1067.30325,C places the bowl of spaghetti on the table with both hands.,table@@@@@bowl
