timestamp,narration,object
4.71548,C throws the folded piece of paper in a waste bin with his right hand.,trash_can@@@@@can
8.12797,C opens the kitchen cabinet with both hands.,cabinet@@@@@person
10.90303,C closes the kitchen cabinet with both hands.,cabinet@@@@@person
21.17594,C opens the kitchen cabinet with his left hand.,cabinet@@@@@person
24.64329,C closes the kitchen cabinet with his left hand.,cabinet
30.67504,C opens the kitchen cabinet with his left hand.,cabinet@@@@@person
32.49398,C picks a white mug from the kitchen cabinet with his right hand.,cabinet@@@@@mug
33.63353,C closes the kitchen cabinet with his left hand.,cabinet
36.35916,C places the white mug on the countertop with his left hand.,mug
37.39635,C picks an electric kettle on the countertop with his left hand.,kettle@@@@@kitchen_table@@@@@table@@@@@dining_table@@@@@can
42.1919,C places the electric kettle on its base with his left hand.,kettle
43.63636,C turns on the electric kettle switch with his left hand.,knob@@@@@kettle@@@@@control@@@@@can
53.06813,C picks the white mug on the countertop with his left hand.,mug
53.93443,C passes the white mug to his right hand.,mug
55.6179,C holds the white mug with both hands.,mug@@@@@person
56.65134,C places the white mug on the countertop with his left hand.,mug
59.68851,C opens the kitchen cabinet with his left hand.,cabinet@@@@@person
62.395,C passes the tea pack to his left hand.,box@@@@@can
63.19056,C opens the tea pack lid with his right hand.,box@@@@@pen@@@@@can
70.98874,C picks a tea sachet from the tea pack with his right hand.,box@@@@@can
76.44638,C closes the black tea pack lid with his right hand.,box@@@@@can
77.59698,C places the tea pack in the kitchen cabinet with his left hand.,cabinet
78.92324,C closes the kitchen cabinet with his left hand.,cabinet
93.20531,C places the tea bag in the white mug with his left hand.,mug
106.915,C adjusts the electric kettle on the countertop with his left hand.,kettle
120.22722,C holds the kitchen cabinet handle with his left hand.,cabinet@@@@@handle
144.05072,C turns the electric kettle switch with his left hand.,kettle
144.459,C picks the electric kettle from the countertop with his left hand.,kettle
147.33562,C pours water from the electric kettle into the white mug.,mug@@@@@kettle
159.82585,C places the electric kettle on its base with his left hand.,kettle
164.29928,C picks the white mug from the counter top with both hands.,mug
166.5237,C places the white mug on the countertop with his right hand.,mug
169.92,C picks the white mug on the countertop with his right hand.,mug
172.64393,C places the white mug on the island kitchen top with his right hand.,mug@@@@@kitchen_table@@@@@table
175.94048,C opens the refrigerator with his left hand.,refrigerator
181.37728,C picks a milk container from the refrigerator with his right hand.,refrigerator@@@@@milk_can@@@@@can
183.209,C closes the refrigerator with his left hand.,knob@@@@@refrigerator@@@@@doorknob@@@@@can
186.37,C places the milk container on the island kitchen table with his right hand.,kitchen_table@@@@@table@@@@@milk_can@@@@@can
189.17994,C picks a sugar container from the countertop with his left hand.,canister@@@@@can
191.4852,C places the sugar container on the island kitchen top with his left hand.,kitchen_table@@@@@canister@@@@@table@@@@@can
196.98185,C moves the kitchen knife on the countertop with his left hand.,knife
199.25104,C picks a fork from the kitchen sink with his right hand.,sink@@@@@fork
199.72719,C passes the knife to his left hand.,knife
203.37815,C places the soap container on the countertop with his right hand.,soap
204.44492,C washes the fork with his right hand.,fork
207.72197,C turns the faucet handle with his right hand.,handle@@@@@faucet
208.20692,C places his right hand under the running water.,faucet
208.62845,C rinses the fork under the running water.,faucet@@@@@fork
216.47666,C turns the faucet handle with his right hand.,handle@@@@@faucet
218.57042,C picks a spoon from a white plate with his right hand.,spoon@@@@@plate
219.27328,C passes the spoon to his left hand.,spoon
219.9227,C turns the faucet handle with his right hand.,handle@@@@@faucet
220.93492,C rinses the spoon under the running water.,spoon@@@@@faucet
222.45464,C turns the faucet handle with his right hand.,handle@@@@@faucet
223.85351,C pours soap on the spoon with his right hand.,spoon@@@@@soap
224.89318,C places the soap container on the countertop with his right hand.,soap
229.86695,C turns the faucet handle with his right hand.,handle@@@@@faucet
237.24627,C turns the faucet handle with his right hand.,handle@@@@@faucet
239.71069,C picks a white bowl from the kitchen sink with his right hand.,kitchen_sink@@@@@sink@@@@@bowl
241.72387,C passes the white bowl to his right hand.,bowl
242.43586,C turns the faucet handle with his right hand.,handle@@@@@faucet
247.96984,C places the soap container on the countertop with his right hand.,soap
249.04052,C picks a sponge on the countertop with his right hand.,sponge
250.10953,C turns the faucet handle with his right hand.,handle@@@@@faucet
252.50556,C washes the white bowl under the running water.,faucet@@@@@bowl
265.00887,C turns the faucet handle with his right hand.,handle@@@@@faucet
265.91093,C places the sponge on the countertop with his right hand.,sponge
266.83441,C turns the faucet handle with his right hand.,handle@@@@@faucet
267.61907,C rinses the white bowl under the running water.,faucet@@@@@bowl
282.54736,C turns the faucet handle with his right hand.,handle@@@@@faucet
285.18124,C places the white bowl on the kitchen counter with his right hand.,kitchen_table@@@@@table@@@@@bowl@@@@@can
286.65969,C picks a white plate in the kitchen sink with his right hand.,kitchen_sink@@@@@sink@@@@@plate
289.29788,C picks the sponge on the countertop with his right hand.,sponge
289.96211,C washes the white plate with the sponge in his right hand.,sponge@@@@@plate
300.49854,C places the sponge on the countertop with his right hand.,sponge
301.4296,C turns the faucet handle with his right hand.,handle@@@@@faucet
303.22672,C rinses the white bowl under the running water.,faucet@@@@@bowl
314.50507,C turns the faucet handle with his right hand.,handle@@@@@faucet
319.25376,C places the white plate on the countertop with his right hand.,plate
321.85769,C picks a knife on the countertop with his left hand.,knife
324.22781,C picks the sponge on the countertop with his right hand.,sponge
325.33266,C washes the knife with his right hand.,knife
327.50847,C places the sponge on the countertop with his right hand.,sponge
328.61949,C turns faucet handle with his right hand.,handle@@@@@faucet
329.10241,C rinses the knife under the running water.,faucet@@@@@knife
335.93368,C turns faucet handle with his right hand.,handle@@@@@faucet
343.59735,C passes the spoon to his left hand.,spoon
344.24406,C turns the faucet handle with his right hand.,handle@@@@@faucet
345.00065,C rinses the spoon under the running water.,spoon@@@@@faucet
346.04434,C turns the faucet handle with his right hand.,handle@@@@@faucet
350.82116,C tears a piece of tissue paper with his right hand.,tissue_paper
352.71744,C cleans his hands with the tissue paper.,tissue_paper
355.49657,C cleans the spoon.,spoon
360.55545,C tosses the tissue paper on white plate with his left hand.,plate@@@@@tissue_paper
361.07569,C passes the spoon to his left hand.,spoon
361.76586,C places the spoon on the kitchen island table with his left hand.,spoon@@@@@table
364.14801,C picks the white mug on the kitchen island table with his right hand.,mug@@@@@table
364.87152,C picks the tea bag in the white mug with his left hand.,mug@@@@@cup@@@@@can
375.49975,C places the tea bag in the waste bin.,can
378.11264,C places the white mug on the kitchen island table with his right hand.,mug@@@@@table
380.77826,C picks the sugar container with his left hand.,canister@@@@@jar@@@@@bottle@@@@@can
381.13272,C opens the sugar container lid with his right hand.,canister@@@@@jar@@@@@can
382.188,C holds the sugar container with both hands.,canister@@@@@jar@@@@@can
383.91829,C pours sugar into the white mug on the kitchen island table.,mug
389.23836,C closes the sugar container lid with his right hand.,canister@@@@@jar@@@@@can
390.61874,C places the sugar container on the kitchen island table with his left hand.,kitchen_table@@@@@canister@@@@@table@@@@@can
391.77575,C picks the spoon on the kitchen island table with his left hand.,kitchen_table@@@@@spoon@@@@@table@@@@@can
392.86855,C stirs the tea in the white mug with his right hand.,mug@@@@@spoon
395.53538,C picks the milk container with his left hand.,milk_can@@@@@can
396.6594,C opens the milk container with his right hand.,milk_can@@@@@can
397.77891,C places the milk container lid on the kitchen island table.,table
398.84589,C picks the spoon in the white mug with his right hand.,mug@@@@@spoon
400.74301,C pours milk into the white mug with his left hand.,mug@@@@@milk_can@@@@@can
405.29953,C places the milk container on the kitchen island table.,table@@@@@milk_can@@@@@can
409.74583,C passes the spoon to his left hand.,spoon
410.78187,C places the spoon on the kitchen island table with his left hand.,spoon@@@@@table
411.97186,C picks the milk container lid on the kitchen island table with his right hand.,kitchen_table@@@@@table@@@@@milk_can@@@@@can
412.60318,C closes the milk container with his right hand.,milk_can@@@@@can
414.16497,C picks the milk container on the island kitchen table  with his left hand.,kitchen_table@@@@@table@@@@@milk_can@@@@@can
414.99485,C picks the sugar container with his right hand.,canister@@@@@can
416.07359,C opens the refrigerator with his right hand.,knob@@@@@refrigerator@@@@@doorknob@@@@@can
418.29737,C places the milk container in the refrigerator with his left hand.,refrigerator@@@@@canister@@@@@can
421.3673,C closes the refrigerator with his left hand.,knob@@@@@refrigerator@@@@@doorknob@@@@@can
423.01363,C passes the sugar container to his left hand.,canister@@@@@can
423.26648,C places the sugar container on the countertop with his left hand.,kitchen_table@@@@@canister@@@@@table@@@@@can
427.56473,C picks the spoon on the countertop with his right hand.,spoon
427.8996,C picks the tissue paper on the countertop with his left hand.,tissue_paper
429.59369,C places the spoon in the kitchen sink with his right hand.,spoon@@@@@kitchen_sink@@@@@sink
432.90062,C throws the tissue paper in the waste bin with his left hand.,trash_can@@@@@tissue_paper@@@@@can
435.26541,C picks the white mug on the kitchen island table with his left hand.,mug@@@@@table
436.22831,C places the white mug on the countertop with both hands.,mug
