timestamp,narration,object
12.03447,C holds the kitchen cabinet door with his left hand.,cabinet
13.71149,C opens the kitchen cabinet door with his left hand.,cabinet
15.85789,C closes the kitchen cabinet door with his right hand.,cabinet
20.87323,C opens the kitchen cabinet door with his right hand.,cabinet
21.9313,C closes the kitchen cabinet door with his right hand.,cabinet
22.38385,C opens the kitchen cabinet door with his left hand.,cabinet
23.88715,C opens the kitchen cabinet door with his left hand.,cabinet
25.87405,C moves the tea bag carton in the kitchen cabinet with his right hand.,carton
27.09768,C picks the tea bag package from the tea bag carton in the kitchen cabinet with his right hand.,carton
29.21868,C closes the kitchen cabinet door with his left hand.,cabinet
31.79283,C passes the tea bag package from his right hand to his left hand.,tea_bag
38.41705,C passes the tea bag package from his right hand to his left hand.,tea_bag
38.77464,C places the tea bag package on the countertop with his left hand.,tea_bag
40.13871,C turns the electric kettle on its base with his left hand.,kettle@@@@@coffee_maker@@@@@pot@@@@@teapot@@@@@teakettle@@@@@coffeepot
42.51606,C opens the electric kettle lid with his left hand.,kettle
43.07392,C picks the electric kettle from its base on the countertop with his left hand.,kettle
44.4797,C touches the electric kettle with his right hand.,kettle
46.88636,C places the electric kettle on its base with his left hand.,kettle@@@@@coffee_maker@@@@@pot@@@@@teapot@@@@@teakettle@@@@@coffeepot
48.12373,C closes the electric kettle lid with his left hand.,kettle
49.2692,C turns the electric kettle on its base with his left hand.,kettle@@@@@coffee_maker@@@@@pot@@@@@teapot@@@@@teakettle@@@@@coffeepot
50.47965,C turns on the electric kettle heat with his left hand.,kettle
51.86854,C turns the electric kettle on its base with his left hand.,kettle@@@@@coffee_maker@@@@@pot@@@@@teapot@@@@@teakettle@@@@@coffeepot
54.16352,C moves the pot on the cooker with his left hand.,pot
60.59084,C picks a mug from the dish washer with his left hand.,mug
65.843,C places the mug on the countertop with his left hand.,mug
67.85472,C pulls the dish drawer with his left hand.,drawer
76.3804,C picks the pot lid from the cooker with his left hand.,pot@@@@@stove@@@@@plate@@@@@hotplate
78.40358,C picks the saucepan lid from the cooker with his left hand.,saucepan@@@@@stove@@@@@plate@@@@@hotplate
82.06865,C drops the saucepan lid into the kitchen sink with his left hand.,saucepan@@@@@sink
82.06865,C drops the pot lid into the kitchen sink with his right hand.,pot@@@@@sink
83.70634,C picks the soy sauce jar from the countertop with his right hand.,jar
85.02814,C places the soy sauce jar on the countertop with his right hand.,jar
94.09302,C touches the electric kettle on the countertop with his left hand.,kettle
103.34644,C picks the spatula from the countertop with his left hand.,spatula
105.26979,C drops the spatula into the kitchen sink with his right hand.,spatula@@@@@sink
117.32469,C holds the tea bag with his left hand.,tea_bag
133.30299,C turns off the electric kettle heat with his left hand.,kettle
134.61762,C turns the electric kettle on its base with his left hand.,kettle@@@@@coffee_maker@@@@@pot@@@@@teapot@@@@@teakettle@@@@@coffeepot
135.89004,C picks the electric kettle from its base with his left hand.,kettle
140.42117,C pours hot water into the mug on the countertop with his left hand.,mug
148.14351,C places the electric kettle on its base with his left hand.,kettle@@@@@coffee_maker@@@@@pot@@@@@teapot@@@@@teakettle@@@@@coffeepot
148.96041,C turns the electric kettle on its base with his left hand.,kettle@@@@@coffee_maker@@@@@pot@@@@@teapot@@@@@teakettle@@@@@coffeepot
150.17905,C holds the tea bag with his left hand.,tea_bag
151.69514,C picks the mug with hot water from the countertop with his left hand.,glass_(drink_container)@@@@@mug@@@@@Dixie_cup@@@@@cup
155.11775,C places the mug with hot water on the countertop with his left hand.,glass_(drink_container)@@@@@mug@@@@@Dixie_cup@@@@@cup
156.63726,C holds the tea bag with his left hand.,tea_bag
161.44672,C holds the tea bag with his left hand.,tea_bag
164.04946,C dips the tea bag into the hot water in the mug with his right hand.,glass_(drink_container)@@@@@mug@@@@@Dixie_cup@@@@@cup@@@@@tea_bag
185.9488,C drops the tea bag into the hot water in the mug with his right hand.,glass_(drink_container)@@@@@mug@@@@@Dixie_cup@@@@@cup@@@@@tea_bag
188.59231,C opens the refrigerator with his left hand.,refrigerator
192.86591,C closes the refrigerator door with his left hand.,refrigerator
199.6496,C picks the sugar container from the countertop with his left hand.,jar
201.91302,C holds the gallon of milk lid with his left hand.,table@@@@@can@@@@@bottle_cap@@@@@bottle
202.04635,C places the sugar container on the countertop with his right hand.,jar@@@@@can@@@@@bottle
202.21277,C moves the gallon of milk on the countertop with his left hand.,milk_can@@@@@table@@@@@can@@@@@bottle
202.5461,C holds the gallon of milk with his right hand.,milk_can@@@@@table@@@@@can@@@@@bottle
202.8461,C removes the gallon of milk lid with his left hand.,can@@@@@bottle_cap@@@@@bottle
203.41225,C picks the gallon of milk from  the countertop with his right hand.,milk_can@@@@@table@@@@@can@@@@@bottle
204.14311,C moves the mug with the tea on the countertop with his left hand.,mug@@@@@cup@@@@@can
207.77204,C pours the milk into the tea in the mug with his right hand.,mug@@@@@milk_can@@@@@table@@@@@can@@@@@bottle
211.71968,C covers the gallon of milk with the lid in her left hand.,milk_can@@@@@table@@@@@can@@@@@bottle_cap@@@@@bottle
213.87609,C places the gallon of milk on the countertop with his right hand.,milk_can@@@@@table@@@@@can@@@@@bottle
214.08628,C opens the sugar container lid with his left hand.,can@@@@@bottle_cap@@@@@bottle
214.4126,C holds the sugar container on the countertop with his right hand.,jar@@@@@can@@@@@bottle
215.11259,C picks the sugar container from the countertop with his right hand.,jar@@@@@bowl@@@@@hat@@@@@can@@@@@bottle
220.27111,C adds sugar to the milk tea in the mug with her right hand.,mug@@@@@spoon@@@@@can
223.59544,C places the sugar container on the countertop with his right hand.,jar@@@@@can@@@@@bottle
226.49951,C picks the spoon from the countertop with his left hand.,spoon
228.83134,C drops the spoon into the ceramic bowl in the kitchen sink with his right hand.,spoon@@@@@bowl@@@@@sink
237.24244,C picks the spoon from the cutlery rack with his left hand.,spoon
238.06434,C drops the spoon into the cutlery rack with his left hand.,spoon
240.94368,C picks the chop stick from the cutting board on the countertop with his left hand.,chopstick
241.8753,C passes the chop stick from his left hand to his right hand.,chopstick
242.50458,C stirs the milk tea with the chop stick in his right hand.,milk_can@@@@@chopstick@@@@@can
252.34836,C holds the tea bag with his left hand.,tea_bag
253.36393,C steeps the milk tea with the chop stick in his right hand.,milk_can@@@@@chopstick@@@@@can
257.58391,C drops the tea bag into the milk tea with his left hand.,milk_can@@@@@can@@@@@tea_bag
257.75057,C stirs the milk tea with the chop stick in his right hand.,milk_can@@@@@chopstick@@@@@can
262.02403,C places the chop stick on the countertop with his right hand.,chopstick@@@@@table@@@@@kitchen_table
262.49487,C picks the gallon of milk from the countertop with his right hand.,milk_can@@@@@table@@@@@can@@@@@kitchen_table
263.66277,C tightens the gallon of milk lid with his left hand.,milk_can@@@@@can
264.80517,C opens the refrigerator door with his left hand.,refrigerator
266.19548,C drops the gallon of milk into the refrigerator with his right hand.,milk_can@@@@@refrigerator@@@@@can
267.09529,C closes the refrigerator door with his right hand.,refrigerator
267.80538,C picks the sugar container from the countertop with his left hand.,jar
269.68969,C places the sugar container on the countertop with his left hand.,jar@@@@@table@@@@@kitchen_table
