timestamp,narration,object
9.17568,C opens a refrigerator with his left hand.,person@@@@@refrigerator
15.92226,C picks a bowl of egg from the refrigerator with his right hand.,bowl@@@@@refrigerator@@@@@egg
18.15006,C passes the bowl of egg from his right hand to the left hand.,bowl@@@@@egg
19.84973,C picks a bowl of tomatoes from the refrigerator with his right hand.,bowl@@@@@refrigerator
25.23288,C places the bowl of tomatoes on a table with his right hand.,bowl
25.268,C places the bowl of egg on the table with his left hand.,bowl@@@@@egg
31.57175,C moves an egg tray in the refrigerator with his right hand.,refrigerator@@@@@egg
32.97279,C adjusts the egg tray in the refrigerator with his right hand.,tray@@@@@refrigerator
35.20158,C opens the egg tray with his right hand.,tray@@@@@egg
37.11046,C opens the egg tray with both hands.,tray@@@@@can@@@@@egg
38.7818,C picks an egg from the egg tray in the refrigerator with his left hand.,refrigerator@@@@@egg
40.27389,C closes the egg tray in the refrigerator with his right hand.,tray@@@@@refrigerator
41.78781,C pulls a container from the refrigerator with his right hand.,refrigerator
46.19382,C pushes the container in the refrigerator with his right hand.,refrigerator
47.73349,C pulls the container from the refrigerator with his left hand.,refrigerator
48.48683,C drops the wrap in the container with his right hand.,crate@@@@@bucket@@@@@trash_can@@@@@can@@@@@plastic_bag
49.47169,C pushes the container in the refrigerator with his right hand.,refrigerator
52.38737,C picks a spring onion bag from the refrigerator with his right hand.,refrigerator
54.01354,C closes the refrigerator with his right hand.,person@@@@@refrigerator
58.18248,C picks the bowl of egg from the table with his right hand.,bowl@@@@@egg
61.24077,C places the bowl of egg on the chopping board with his right hand.,oar@@@@@chopping_board@@@@@egg
62.72915,C adjusts a spoon on the chopping board with his right hand.,spoon@@@@@oar@@@@@chopping_board
63.71316,C places the egg on the chopping board with his left hand.,oar@@@@@chopping_board@@@@@egg
69.61085,C turns the knob of an electric cooker with his right hand.,knob@@@@@cooker
76.38764,C turns on a microwave with his left index finger.,microwave_oven@@@@@person@@@@@oven
79.27683,C adjusts the bowl of egg on the chopping board with his left hand.,oar@@@@@chopping_board@@@@@egg
79.40628,C adjusts the egg on the chopping board with his right hand.,oar@@@@@chopping_board@@@@@egg
80.94574,C picks the egg from the chopping board with his right hand.,oar@@@@@chopping_board@@@@@egg
83.17121,C adjusts the bowl of egg on the chopping board with his left hand.,oar@@@@@chopping_board@@@@@egg
84.83776,C hits the egg on the countertop with his right hand.,egg
86.99894,C breaks the shell and pour the egg into the bowl with both hands.,bowl@@@@@egg
88.91045,C cleans the egg shell with his right index finger.,seashell
90.93289,C cleans the egg shell with his left index finger.,seashell
92.19373,C places the egg shell in his right hand into the egg shell in his left hand.,egg
94.49181,C opens the thrash can with his left foot.,trash_can@@@@@can
95.07686,C drops the egg shell in the thrash can with his left hand.,trash_can@@@@@can@@@@@seashell
97.1966,C picks a chopstick from the chopping board with his right hand.,chopstick@@@@@oar@@@@@chopping_board
98.54495,C adjusts the chopstick in his right hand with his left hand.,chopstick
99.37776,C beats the egg in the bowl with the chopstick in his right hand.,bowl@@@@@chopstick@@@@@egg
131.89273,C places the chopstick on the chopping board with his right hand.,chopstick@@@@@oar@@@@@chopping_board
132.89065,C adjusts the camera on his head with both hands.,person@@@@@camera
144.3813,C picks the bowl of tomatoes from the table with his right hand.,bowl
146.87649,C picks a spatula from a skillet on the electric cooker with his left hand.,spatula@@@@@cooker
147.22777,C places the bowl of tomatoes on the countertop with his right hand.,bowl
147.35092,C places the spatula on the countertop with his left hand.,spatula
148.98828,C opens the faucet lever with his right hand.,faucet
149.70655,C rinses his right hand in the sink.,person@@@@@sink
150.347,C closes the faucet lever with his right hand.,faucet
152.33693,C sprinkles water from his right hand into the skillet on the electric cooker.,pan_(for_cooking)@@@@@cooker
156.45538,C adjusts the bowl of egg on the chopping board with his left hand.,oar@@@@@chopping_board@@@@@egg
158.08873,C picks the knife from the chopping board with his right hand.,knife@@@@@oar@@@@@chopping_board
160.59627,C picks a tomato from the bowl with his left hand.,bowl
161.5715,C places the tomato on the chopping board with his left hand.,oar@@@@@chopping_board
162.39312,C picks a tomato from the bowl with his left hand.,bowl
163.88624,C places the tomato on the chopping board with his left hand.,oar@@@@@chopping_board
164.22122,C adjusts the tomato on the chopping board with the knife in his right hand.,knife@@@@@oar@@@@@chopping_board
165.46033,C cuts the tomato on the chopping board with the knife in his right hand.,knife@@@@@oar@@@@@chopping_board
167.92075,C adjusts the tomatoes on the chopping board with his left hand.,oar@@@@@chopping_board
168.94223,C picks a tomato from the bowl with his left hand.,bowl
169.9486,C places the tomato on the chopping board with his left hand.,oar@@@@@chopping_board
170.44614,C cuts the tomato on the chopping board with the knife in his right hand.,knife@@@@@oar@@@@@chopping_board
172.5815,C wipes the tomato on the knife with his left hand.,knife
173.19681,C adjusts the tomatoes on the chopping board with his left hand.,oar@@@@@chopping_board
174.07517,C picks a tomato from the bowl with his left hand.,bowl
175.47467,C places the tomato on the chopping board with his left hand.,oar@@@@@chopping_board
175.63122,C adjusts the tomato on the chopping board with the knife in his right hand.,knife@@@@@oar@@@@@chopping_board
176.50048,C cuts the tomato on the chopping board with the knife in his right hand.,knife@@@@@oar@@@@@chopping_board
180.79623,C adjusts the tomatoes on the chopping board with his left hand.,oar@@@@@chopping_board
182.74637,C cuts the tomato on the chopping board with the knife in his right hand.,knife@@@@@oar@@@@@chopping_board
183.75189,C adjusts the tomatoes on the chopping board with his left hand.,oar@@@@@chopping_board
187.18742,C adjusts the tomato on the chopping board with his left hand.,oar@@@@@chopping_board
188.53369,C cuts the tomato on the chopping board with the knife in his right hand.,knife@@@@@oar@@@@@chopping_board
200.25642,C adjusts the tomatoes on the chopping board with his left hand.,oar@@@@@chopping_board
203.42952,C cuts the tomato on the chopping board with the knife in his right hand.,knife@@@@@oar@@@@@chopping_board
211.45699,C adjusts the tomatoes on the chopping board with his left hand.,oar@@@@@chopping_board
214.07211,C cuts the tomato on the chopping board with the knife in his right hand.,knife@@@@@oar@@@@@chopping_board
217.34837,C adjusts the tomatoes on the chopping board with his left hand.,oar@@@@@chopping_board
220.16562,C sprinkles tomato water from his left hand into the skillet on the electric cooker.,cooker
222.02601,C picks a tomato from the bowl with his left hand.,bowl
222.86061,C places the tomato on the chopping board with his left hand.,oar@@@@@chopping_board
223.63609,C adjusts the tomato on the chopping board with his left hand.,oar@@@@@chopping_board
224.66693,C cuts the tomato on the chopping board with the knife in his right hand.,knife@@@@@oar@@@@@chopping_board
225.97495,C adjusts the tomatoes on the chopping board with his left hand.,oar@@@@@chopping_board
226.6552,C picks a tomato from the bowl with his left hand.,bowl
227.4242,C places the tomato on the chopping board with his left hand.,oar@@@@@chopping_board
227.854,C cuts the tomato on the chopping board with the knife in his right hand.,knife@@@@@oar@@@@@chopping_board
230.7537,C adjusts the tomatoes on the chopping board with his left hand.,oar@@@@@chopping_board
231.86309,C cuts the tomato on the chopping board with the knife in his right hand.,knife@@@@@oar@@@@@chopping_board
233.63864,C adjusts the tomatoes on the chopping board with his left hand.,oar@@@@@chopping_board
236.59486,C cuts the tomato on the chopping board with the knife in his right hand.,knife@@@@@oar@@@@@chopping_board
242.16429,C adjusts the tomatoes on the chopping board with his left hand.,oar@@@@@chopping_board
242.40177,C adjusts the tomato on the chopping board with the knife in his right hand.,knife@@@@@oar@@@@@chopping_board
243.454,C picks a tomato from the bowl with his left hand.,bowl
244.68437,C places the tomato on the chopping board with his left hand.,oar@@@@@chopping_board
245.54586,C cuts the tomato on the chopping board with the knife in his right hand.,knife@@@@@oar@@@@@chopping_board
246.56913,C adjusts the tomatoes on the chopping board with his left hand.,oar@@@@@chopping_board
247.44564,C cuts the tomato on the chopping board with the knife in his right hand.,knife@@@@@oar@@@@@chopping_board
250.57922,C adjusts the tomatoes on the chopping board with the knife in his right hand.,knife@@@@@oar@@@@@chopping_board
251.23416,C picks a tomato from the bowl with his left hand.,bowl
252.20729,C places the tomato on the chopping board with his left hand.,oar@@@@@chopping_board
252.9899,C cuts the tomato on the chopping board with the knife in his right hand.,knife@@@@@oar@@@@@chopping_board
254.13998,C adjusts the tomatoes on the chopping board with his left hand.,oar@@@@@chopping_board
256.01992,C cuts the tomato on the chopping board with the knife in his right hand.,knife@@@@@oar@@@@@chopping_board
260.11697,C adjusts the tomatoes on the chopping board with the knife in his right hand.,knife@@@@@oar@@@@@chopping_board
261.25064,C adjusts the tomatoes on the chopping board with his left hand.,oar@@@@@chopping_board
262.43928,C picks a tomato from the bowl with his left hand.,bowl
263.3431,C places the tomato on the chopping board with his left hand.,oar@@@@@chopping_board
264.26272,C cuts the tomato on the chopping board with the knife in his right hand.,knife@@@@@oar@@@@@chopping_board
267.34504,C adjusts the tomatoes on the chopping board with his left hand.,oar@@@@@chopping_board
267.85149,C cuts the tomato on the chopping board with the knife in his right hand.,knife@@@@@oar@@@@@chopping_board
270.24993,C adjusts the tomatoes on the chopping board with the knife in his right hand.,knife@@@@@oar@@@@@chopping_board
270.73888,C picks a tomato from the bowl with his left hand.,bowl
271.46617,C places the tomato on the chopping board with his left hand.,oar@@@@@chopping_board
271.86564,C cuts the tomato on the chopping board with the knife in his right hand.,knife@@@@@oar@@@@@chopping_board
273.2601,C adjusts the tomatoes on the chopping board with his left hand.,oar@@@@@chopping_board
274.39414,C cuts the tomato on the chopping board with the knife in his right hand.,knife@@@@@oar@@@@@chopping_board
279.58066,C places the knife on the chopping board with his right hand.,knife@@@@@oar@@@@@chopping_board
280.78371,C opens the faucet lever with his right hand.,faucet
281.30411,C rinses his hands in the sink with the water from the faucet.,sink@@@@@faucet
281.95836,C closes the faucet lever with his right hand.,faucet
284.0926,C sprinkles water from his hands into the skillet on the electric cooker.,pot@@@@@cooker
289.62707,C opens the oil container lid with his left hand.,canister@@@@@can
293.86172,C pours oil from the oil container in his right hand into the skillet on the electric cooker.,lamp@@@@@pan_(for_cooking)@@@@@oil_lamp
295.32433,C closes the oil container lid with his left hand.,canister@@@@@can
296.85601,C places the oil container on the countertop with his right hand.,canister@@@@@can
297.54701,C picks the bowl of egg from the countertop with both hands.,bowl@@@@@egg
300.2082,C pours egg from the bowl into the skillet on the electric cooker with his left hand.,bowl@@@@@egg@@@@@cooker
301.67515,C takes the bowl from his left hand with his right hand.,bowl
302.66864,C cleans the bowl with his left index finger.,bowl@@@@@person
314.52591,C places the bowl in the sink with his right hand.,bowl@@@@@sink
315.53109,C opens the faucet lever with his right hand.,faucet
315.95562,C rinses his hands in the sink with the water from the faucet.,sink@@@@@faucet
316.98724,C closes the faucet lever with his right hand.,faucet
319.27514,C wipes his hands with a napkin .,napkin@@@@@person
322.50899,C picks the tomato bowl from the countertop with his left hand.,bowl
322.70758,C takes the tomato bowl from his left hand with his right hand.,bowl
324.60759,C pours the tomato water from the bowl to the egg on the skillet.,bowl
327.37523,C places the bowl in the sink with his right hand.,bowl@@@@@sink
329.17653,C adjusts the chopstick and spoon on the chopping board to the countertop with his right hand.,spoon@@@@@chopstick@@@@@oar@@@@@chopping_board
330.04566,C adjusts the tomato on the chopping board with the knife in his right hand.,knife@@@@@oar@@@@@chopping_board
333.1149,C shakes the skillet on the electric cooker with his left hand.,pan_(for_cooking)@@@@@cooker
338.63858,C picks the spring onion from the table with his left hand.,onion
339.4019,C opens the spring onion bag with both hands.,onion
351.09764,C opens the thrash can with his left foot.,trash_can@@@@@can
351.30281,C drops the spring onion bag in the thrash can with his right hand.,trash_can@@@@@can
353.16896,C picks spring onion from the spring onion bag with his right hand.,onion
356.44099,C drops the spring onion on the chopping board with his right hand.,onion@@@@@oar@@@@@chopping_board
359.3624,C opens the refrigerator with his left hand.,person@@@@@refrigerator
361.27808,C drops the spring onion bag in the refrigerator with his right hand.,refrigerator
361.63959,C closes the refrigerator with his left hand.,person@@@@@refrigerator
364.41474,C picks the spring onion from the chopping board with his left hand.,onion@@@@@oar@@@@@chopping_board
365.38185,C opens the faucet lever with his right hand.,faucet
365.781,C rinses the spring onion with the water from the faucet.,onion@@@@@faucet
370.17169,C closes the faucet lever with his right hand.,faucet
370.99538,C passes the spring onion from his left hand to his right hand.,onion@@@@@person
371.94596,C places the spring onion on the chopping board with his right hand.,onion@@@@@oar@@@@@chopping_board
372.45685,C picks the spatula from the countertop with his left hand.,spatula
372.82889,C passes spatula from his left hand to his right hand.,spatula
373.48942,C tilts the skillet on the electric cooker with his left hand.,cooker
375.01542,C stirs the egg in the skillet with the spatula in his right hand.,spatula@@@@@egg@@@@@pan_(for_cooking)
426.21596,C places the spatula on the countertop with his right hand.,spatula
426.71698,C adjusts the knob of the electric cooker with his right hand.,knob@@@@@cooker
429.57938,C adjusts the knife on the chopping board with his right hand.,knife@@@@@oar@@@@@chopping_board
430.49788,C packs tomatoes from the chopping board with both hands.,oar@@@@@chopping_board
433.39012,C pours tomatoes in the skillet on the electric cooker with both hands.,cooker
434.7978,C adjusts the tomatoes on the chopping board with both hands.,oar@@@@@chopping_board
435.74007,C adjusts the celeries on the chopping board with his right hand.,oar@@@@@chopping_board
436.07576,C picks the knife from the chopping board with his right hand.,knife@@@@@oar@@@@@chopping_board
436.88759,C picks the chopping board from the countertop with his right hand.,oar@@@@@chopping_board
437.84137,C picks the chopping board from the countertop with his left hand.,oar@@@@@chopping_board
439.03224,C adjusts the spring onion on the chopping board with the knife in his right hand.,knife@@@@@oar@@@@@chopping_board
441.50193,C moves the tomatoes from the chopping board into the skillet with the knife in his right hand.,knife@@@@@oar@@@@@chopping_board
442.29309,C moves the tomatoes from the chopping board into the skillet with the knife in his right hand.,knife@@@@@oar@@@@@chopping_board
443.179,C moves the tomatoes from the chopping board into the skillet with the knife in his right hand.,knife@@@@@oar@@@@@chopping_board
445.42019,C places the chopping board on the countertop with his left hand.,oar@@@@@chopping_board
445.91947,C places the knife on the chopping board with his right hand.,knife@@@@@oar@@@@@chopping_board
446.97057,C places the spring onion on the chopping board with his right hand.,onion@@@@@oar@@@@@chopping_board
447.17057,C picks the spatula from the countertop with his left hand.,spatula
447.40543,C takes the spatula from his left hand with his right hand.,spatula
447.84762,C holds the skillet on the electric cooker with his left hand.,cooker
448.12662,C stirs the tomato and egg in the skillet with the spatula in his right hand.,spatula@@@@@pan_(for_cooking)
458.69161,C places the spatula on the countertop with his right hand.,spatula
459.65292,C picks a salt container from the countertop with his right hand.,shaker@@@@@saltshaker
460.29526,C places the salt container on the countertop with his right hand.,shaker@@@@@saltshaker
460.49051,C holds the salt container on the countertop with his left hand.,shaker@@@@@saltshaker
460.63613,C opens the cap of the salt container on the countertop with his right hand.,can@@@@@shaker@@@@@saltshaker@@@@@hat
461.74375,C picks the spoon from salt container with his right hand.,spoon@@@@@shaker@@@@@saltshaker
462.1904,C picks the salt container from the countertop with his left hand.,shaker@@@@@saltshaker
462.54164,C picks salt from the salt container with the spoon in his right hand.,spoon@@@@@shaker@@@@@saltshaker
464.44535,C pours salt on the tomato and egg in the skillet with his right hand.,shaker@@@@@egg@@@@@pan_(for_cooking)@@@@@saltshaker
466.55034,C picks salt from the salt container with the spoon in his right hand.,spoon@@@@@shaker@@@@@saltshaker
467.76585,C pours salt on the tomato and egg in the skillet with his right hand.,shaker@@@@@egg@@@@@pan_(for_cooking)@@@@@saltshaker
469.24286,C picks salt from the salt container with the spoon in his right hand.,spoon@@@@@shaker@@@@@saltshaker
471.33925,C pours salt on the tomato and egg in the skillet with his right hand.,shaker@@@@@egg@@@@@pan_(for_cooking)@@@@@saltshaker
473.79995,C drops the spoon in the salt container with his right hand.,spoon@@@@@shaker@@@@@saltshaker
474.56084,C picks the salt container from his left hand with his right hand.,person@@@@@shaker@@@@@saltshaker
475.16722,C places the salt container on the countertop with his right hand.,shaker@@@@@saltshaker
475.19228,C picks the spatula from the countertop with his left hand.,spatula
476.16524,C takes the spatula from his left hand with his right hand.,spatula
476.722,C stirs the tomato and egg in the skillet with the spatula in his right hand.,spatula@@@@@pan_(for_cooking)
476.73986,C holds the skillet on the electric cooker with his left hand.,cooker
486.37842,C picks a lid from the electric cooker with his left hand.,cooker
486.6802,C stirs the tomato and egg in the skillet with the spatula in his right hand.,spatula@@@@@pan_(for_cooking)
487.68881,C closes the skillet on the electric cooker with the lid in his left hand.,pan_(for_cooking)@@@@@cooker
488.91402,C places the spatula on the countertop with his right hand.,spatula
491.73534,C picks the spring onion from the chopping board with his left hand.,onion@@@@@oar@@@@@chopping_board
492.33562,C picks the knife from the chopping board with his right hand.,knife@@@@@oar@@@@@chopping_board
492.70137,C places the spring onion on the chopping board with his left hand.,onion@@@@@oar@@@@@chopping_board
493.2024,C slices the spring onion on the chopping board with the knife in his right hand.,knife@@@@@oar@@@@@chopping_board
494.96306,C places the knife on the chopping board with his right hand.,knife@@@@@oar@@@@@chopping_board
495.16306,C picks the spring onion from the chopping board with his left hand.,onion@@@@@oar@@@@@chopping_board
496.10231,C drops the spring onion root on the chopping board with his right hand.,onion@@@@@oar@@@@@chopping_board
496.8324,C plucks the spring onion leaf with his right hand.,onion@@@@@ring
498.34279,C holds spring onion with his left hand.,onion
499.60772,C drops the spring onion root on the chopping board with his left hand.,onion@@@@@oar@@@@@chopping_board
500.51047,C drops the spring onion leaf on the chopping board with his right hand.,onion@@@@@oar@@@@@chopping_board
500.81315,C takes the spring onion from his left hand with his right hand.,onion
502.589,C takes the spring onion from his right hand with his left hand.,onion
503.34312,C cuts the leaf of the spring onion with both hands.,onion@@@@@knife
504.14691,C drops the spring onion leaf on the chopping board with his right hand.,onion@@@@@oar@@@@@chopping_board
506.85636,C drops the spring onion leaf on the chopping board with his right hand.,onion@@@@@oar@@@@@chopping_board
507.4345,C takes the spring onion from his left hand with his right hand.,onion
508.15454,C takes the spring onion from his right hand with his left hand.,onion
511.63436,C places the spring onions on the chopping board with both hands.,onion@@@@@ring@@@@@oar@@@@@chopping_board
512.28117,C adjusts the spring onions on the chopping board with his right hand.,onion@@@@@oar@@@@@chopping_board
513.10483,C picks the spring onion stem from the chopping board with his right hand.,onion@@@@@oar@@@@@chopping_board
515.34365,C opens the thrash can with his left foot.,trash_can@@@@@can
516.229,C drops the spring onion stem in the thrash can with his right hand.,onion@@@@@trash_can@@@@@can
518.49114,C adjusts the spring onions on the chopping board with both hands.,onion@@@@@oar@@@@@chopping_board
520.64394,C picks the spring onion from the chopping board with both hands.,onion@@@@@oar@@@@@chopping_board
523.93591,C picks the spring onion from the chopping board with his right hand.,onion@@@@@oar@@@@@chopping_board
524.35016,C passes the spring onion from his right hand to his left hand.,onion@@@@@person
525.108,C picks the spring onion from the chopping board with his right hand.,onion@@@@@oar@@@@@chopping_board
525.564,C passes the spring onion from his right hand to his left hand.,onion@@@@@person
526.1114,C picks the spring onion from the chopping board with his right hand.,onion@@@@@oar@@@@@chopping_board
526.64817,C passes the spring onion from his right hand to his left hand.,onion@@@@@person
527.34119,C places the spring onions on the chopping board with both hands.,onion@@@@@ring@@@@@oar@@@@@chopping_board
529.52272,C picks the knife from the chopping board with his right hand.,knife@@@@@oar@@@@@chopping_board
531.35289,C cuts the spring onions on the chopping board with the knife in his right hand.,knife@@@@@oar@@@@@chopping_board
553.38144,C holds the spring onion on the chopping board with his left hand.,onion@@@@@oar@@@@@chopping_board
554.23523,C cuts the spring onions on the chopping board with the knife in his right hand.,knife@@@@@oar@@@@@chopping_board
559.55098,C wipes the knife in his right hand with his left hand.,knife
561.5122,C places the knife on the countertop with his right hand.,knife
565.75359,C picks the chopping board from the countertop with both hands.,oar@@@@@chopping_board
568.30162,C opens the lid of the skillet with his left hand.,pan_(for_cooking)
569.52299,C places the lid on a pot with his left hand.,pan_(metal_container)@@@@@pot
570.94913,C pours spring onions from the chopping board into the skillet with his left hand.,oar@@@@@chopping_board@@@@@pan_(for_cooking)
572.27569,C pours spring onions from the chopping board into the skillet with his left hand.,oar@@@@@chopping_board@@@@@pan_(for_cooking)
580.98159,C places the chopping board on the countertop with his right hand.,oar@@@@@chopping_board
581.95846,C picks the spatula from the countertop with his right hand.,spatula
582.70353,"C stirs the tomato, egg and spring onions in the skillet with the spatula in his right hand.",spatula
584.92238,C picks the spring onion from the skillet with his left hand.,onion@@@@@pan_(for_cooking)
585.02238,C places the spatula in the skillet with his right hand.,spatula@@@@@pan_(for_cooking)
585.51151,C shreds the spring onion in his hands into the skillet.,onion@@@@@pan_(for_cooking)
591.93826,C picks the spatula from the skillet with his right hand.,spatula@@@@@pan_(for_cooking)
592.33357,"C stirs the tomato, egg and spring onions in the skillet with the spatula in his right hand.",spatula
599.877,C picks the lid from the pot with his left hand.,can@@@@@pot@@@@@ladle@@@@@hat
601.352,C places the lid on the skillet with his left hand.,pan_(for_cooking)
602.984,C places the spatula on the countertop with his right hand.,spatula
605.54469,C opens the faucet lever with his right hand.,faucet
606.68702,C rinses his hands with the water from the faucet into the sink.,sink@@@@@faucet
607.44603,C closes the faucet lever with his right hand.,faucet
610.1718,C cleans his hands with the napkin on the countertop.,napkin
615.09517,C adjusts the camera on his head with both hands.,person@@@@@camera
617.42811,C picks a sugar container from the countertop with his right hand.,bowl@@@@@sugar_bowl
617.8385,C opens the lid of the sugar container with his right hand.,bowl@@@@@spoon@@@@@sugar_bowl@@@@@ladle@@@@@hat
618.33482,C passes the sugar container from his right hand to his left hand.,bowl@@@@@sugar_bowl
620.04861,C takes the sugar container from his left hand to his right hand.,bowl@@@@@sugar_bowl
620.97309,C opens the lid of the skillet with his left hand.,pan_(for_cooking)
622.13423,C pours sugar from the sugar container in the skillet with his right hand.,bowl@@@@@sugar_bowl@@@@@pan_(for_cooking)
625.99022,C pours sugar from the sugar container in the skillet with his right hand.,bowl@@@@@sugar_bowl@@@@@pan_(for_cooking)
628.63983,C pours sugar from the sugar container in the skillet with his right hand.,bowl@@@@@sugar_bowl@@@@@pan_(for_cooking)
629.88588,C closes the skillet with the lid in his left hand.,pan_(for_cooking)
630.641,C holds the sugar in his right hand with his left hand.,bowl@@@@@sugar_bowl
630.93267,C closes the sugar container with the lid in his right hand.,bowl@@@@@sugar_bowl
631.21155,C takes the sugar container from his left hand with his right hand.,bowl@@@@@sugar_bowl
631.718,C places the sugar container on the countertop with his right hand.,bowl@@@@@sugar_bowl
632.728,C picks the spatula from the countertop with his right hand.,spatula
633.06667,C opens the lid of the skillet with his left hand.,pan_(for_cooking)
633.71677,C stirs the tomato and egg in the skillet with the spatula in his right hand.,spatula@@@@@pan_(for_cooking)
647.599,C removes the spatula from the skillet with his right hand.,spatula
648.34189,C closes the skillet with the lid in his left hand.,pan_(for_cooking)
648.72405,C places the spatula on the chopping board with his right hand.,oar@@@@@chopping_board@@@@@spatula
651.11819,C opens a cabinet with his right hand.,person@@@@@cabinet
652.87985,C pulls a plate rack from the cabinet with his left hand.,plate@@@@@cabinet
656.54019,C picks a plate from the plate rack with his left hand.,plate
658.88619,C passes the plate from his left hand to his right hand.,plate@@@@@person
659.50581,C pushes the plate rack in the cabinet with his left hand.,plate@@@@@cabinet
660.74898,C takes the plate from his right hand with his left hand.,plate
661.181,C closes the cabinet with his right hand.,cabinet
663.159,C places the plate on the countertop with his left hand.,plate
664.90678,C adjusts the camera on his head with both hands.,person@@@@@camera
669.24561,C picks the spatula from the chopping board with his right hand.,oar@@@@@chopping_board@@@@@spatula
669.997,C places the spatula on the chopping board with his right hand.,oar@@@@@chopping_board@@@@@spatula
672.62063,C adjusts the camera on his head with both hands.,person@@@@@camera
674.26638,C picks the spatula from the chopping board with his right hand.,oar@@@@@chopping_board@@@@@spatula
675.42481,C opens the lid of the skillet with his left hand.,pan_(for_cooking)
676.15508,C stirs the tomato and egg in the skillet with the spatula in his right hand.,spatula@@@@@pan_(for_cooking)
683.29512,C places the lid on the electric cooker with his left hand.,cooker
684.623,C stirs the tomato and egg in the skillet with the spatula in his right hand.,spatula@@@@@pan_(for_cooking)
685.74538,C passes the spatula from his right hand to his left hand.,spatula
686.3859,C turns the knob of the electric cooker with his right hand.,knob@@@@@cooker
687.79794,C adjusts the plate on the countertop with his right hand.,plate
688.51067,C takes the spatula from his left hand with his right hand.,spatula
689.07547,C picks the skillet from the electric cooker with his left hand.,pan_(for_cooking)@@@@@cooker
690.57166,C pours tomato and egg from the skillet into the plate with the spatula in his right hand.,plate@@@@@spatula
701.03429,C scrapes the skillet into the plate with the spatula in his right hand.,plate@@@@@spatula
713.6285,C places the skillet on the electric cooker with his left hand.,pan_(for_cooking)@@@@@cooker
714.68682,C takes the spatula from his right hand with his left hand.,spatula
716.31355,C picks the chopstick from the countertop with his right hand.,chopstick
717.63644,C wipes the tomato and egg from the spatula into the plate with the chopstick in his right hand.,plate@@@@@chopstick@@@@@spatula
722.38873,C places the spatula on the chopping board with his left hand.,oar@@@@@chopping_board@@@@@spatula
722.38873,C places the chopstick on the chopping board with his right hand.,chopstick@@@@@oar@@@@@chopping_board
723.42904,C picks the plate of tomato and egg from the countertop with both hands.,plate@@@@@egg
726.62,C places the plate of tomato and egg on the table with his right hand.,plate
731.58343,C adjusts the camera on his head with both hands.,person@@@@@camera
743.57675,C picks the chopstick from the countertop with his left hand.,chopstick
744.374,C passes the chopstick from his left hand to his right hand.,chopstick
745.97194,C holds the camera on his head with his left hand.,person@@@@@camera
747.34136,C picks tomato and egg from the plate with the chopstick in his right hand.,plate@@@@@chopstick
