timestamp,narration,object
0.0,C picks grape from a soup bowl on the table with a fork in her right hand.,grape@@@@@table@@@@@bowl@@@@@fork
1.3592,C puts the grape in her mouth with the fork in her right hand.,grape@@@@@fork
2.10207,C drops the fork inside the soup bowl on the table with her right hand.,bowl@@@@@fork
3.73434,C adjusts the camera with both hands,person@@@@@camera
18.15753,C opens the cabinet with her left hand.,cabinet
19.23,C picks a tea pack from the cabinet with her right hand.,cabinet
19.40447,C closes the cabinet with her left hand.,cabinet
22.73584,C takes a tea bag from the tea pack with her right hand.,can@@@@@box
24.239,C places the tea pack on the table with her left hand.,table
25.46402,C opens the tea pack on the table with her left hand.,table
25.73676,C places the tea bag on the table with her right hand.,hat@@@@@table@@@@@teacup@@@@@cup@@@@@can
25.814,C takes the tea pack from the table with her left hand.,table@@@@@teacup@@@@@cup@@@@@box@@@@@mug
27.01107,C lifts up the tea pack with her left hand.,can@@@@@box
27.56321,C drops the tea bag in the tea pack with her right hand.,teapot@@@@@teacup@@@@@cup@@@@@pot
29.19204,C takes a tea sachet from the tea pack with her right hand.,can@@@@@box
32.67682,C drops the tea sachet on the table with her right hand.,table
32.994,C takes the tea bag from the table with her right hand.,table
38.54378,C drops the tea bags inside the tea pack with her right hand.,teacup@@@@@cup@@@@@box
41.00947,C places the sachet of tea on the table with her right hand.,table@@@@@teacup@@@@@cup@@@@@mug
41.0878,C places the tea pack on the table with her left hand.,table
42.13687,C moves the tea pack on the table with her left hand.,canister@@@@@table@@@@@teacup@@@@@cup@@@@@can@@@@@box@@@@@mug
42.5517,C drops the tea pack on the table with her left hand.,table@@@@@can@@@@@box
43.27799,C adjusts the camera with both hands.,person@@@@@camera
44.9133,C places her right hand on the fridge door.,refrigerator@@@@@person
49.04263,C moves a skillet on the gas cooker with her left hand.,stove@@@@@frying_pan@@@@@pan_(for_cooking)@@@@@saucepan
52.65226,C places the skillet on the gas cooker with her left hand.,stove@@@@@frying_pan@@@@@pan_(for_cooking)@@@@@saucepan
58.6048,C takes an electric kettle from the countertop with her left hand.,kettle
61.13216,C holds the kettle with both hands.,kettle
61.85624,C opens the electric kettle with her left hand.,kettle
62.41483,C turns the electric kettle with her left hand.,kettle
64.16065,C places the electric kettle under the tap with her left hand.,faucet@@@@@kettle
64.44816,C opens the tap with her right hand.,faucet
73.29403,C closes the tap with her right hand.,faucet
74.46953,C covers the electric kettle with her her right hand.,kettle
81.63569,C places her hands on the handles of the cabinet.,cabinet@@@@@handle
81.695,C opens the cabinet with her right hand.,cabinet
81.991,C opens the cabinet with her left hand.,cabinet
84.83136,C takes a mug from the cabinet with her right hand.,cabinet@@@@@mug
85.40697,C closes the cabinet with her left hand.,cabinet
87.11544,C flicks the mug with her right hand.,mug
88.29559,C closes the cabinet with her left hand.,cabinet
90.15247,C transfers the mug to her left hand from her right hand.,mug
91.60357,C transfers the mug to her right hand from her left hand.,mug
92.86497,C places the mug on the table with her right hand.,table@@@@@mug
94.126,C moves the tea pack on the table with her left hand.,canister@@@@@table@@@@@teacup@@@@@cup@@@@@can@@@@@box@@@@@mug
94.48484,C picks the sachet of tea from the table with her right hand.,table@@@@@teacup@@@@@cup
95.40206,C covers the tea pack on the table with her left hand.,teacup@@@@@cup@@@@@can
95.57342,C places the sachet of tea on the table with her right hand.,table@@@@@teacup@@@@@cup@@@@@mug
95.71373,C moves the tea pack on the table with her left hand.,canister@@@@@table@@@@@teacup@@@@@cup@@@@@can@@@@@box@@@@@mug
96.01169,C moves the sachet of tea on the table with her right hand.,teapot@@@@@table@@@@@teacup@@@@@cup@@@@@can@@@@@pot
96.392,C takes the tea pack from the table with her left hand.,table@@@@@teacup@@@@@cup@@@@@box@@@@@mug
97.97245,C opens the cabinet with her left hand.,cabinet
99.07243,C places the tea bag in the cabinet with her right hand.,cabinet@@@@@teapot@@@@@teacup@@@@@cup@@@@@can@@@@@pot
99.172,C closes the cabinet with her left hand.,cabinet
101.1069,C adjusts the camera with both hands.,person@@@@@camera
103.13384,C places her right hand on the fridge door.,refrigerator@@@@@person
104.00497,C opens the fridge with her left hand.,refrigerator
106.31782,C takes a bottle of milk from the fridge with her right hand.,refrigerator@@@@@bottle
107.3204,C closes the fridge with her left hand.,refrigerator
109.63458,C places the bottle of milk on the table with her right hand.,table@@@@@bottle
115.76825,C picks a sugar bottle from the countertop with her right hand.,jar@@@@@bottle
117.68284,C places the sugar bottle on the table with her right hand.,table@@@@@bottle
120.4518,C adjusts the camera with both hands.,person@@@@@camera
124.121,C opens a cabinet with her right hand.,cabinet@@@@@person
124.64857,C holds the handle of the cabinet with both hands.,cabinet@@@@@handle
126.8095,C picks a spoon from the cabinet with her right hand.,cabinet@@@@@spoon
126.994,C closes the cabinet with her left hand.,cabinet
127.73799,C holds the spoon with both hands.,spoon@@@@@person
129.86596,C places the spoon on the bowl on the table with her right hand.,table@@@@@spoon@@@@@bowl
131.07416,C moves the sugar bottle on the table with her right hand.,table@@@@@bottle
132.16473,C moves the mug on the table with her left hand.,table@@@@@mug
133.53668,C adjusts the camera with both hands.,person@@@@@camera
136.28036,C takes a bottle of honey from the countertop with her right hand.,bottle
137.832,C places the bottle on the table with her right hand.,table@@@@@bottle
158.37402,C adjusts the camera with both hands.,person@@@@@camera
173.43153,C picks a knife from the chopping board on the countertop with her right hand.,chopping_board@@@@@knife
174.92803,C turns the knife on her right hand.,knife
175.8305,C moves her left hand index finger on the knife.,knife
177.8158,C picks a knife from the chopping board with her left hand.,chopping_board@@@@@knife
178.176,C picks a spoon from the chopping board with her right hand.,chopping_board@@@@@spoon
178.793,C holds the spoon with both hands.,spoon@@@@@person
179.22012,C holds the knife with both hands.,person@@@@@knife
179.77188,"C transfers the spoon, knife and fork to her left hand .",spoon@@@@@fork@@@@@knife
180.55314,"C drops the spoon, knife and fork inside the sink with her left hand .",sink@@@@@spoon@@@@@fork@@@@@knife
181.74342,C holds a bowl on the countertop with her right hand.,bowl
182.04192,C picks the bowl from the countertop with both hands.,bowl
182.996,C drops the bowl in the sink with her left hand.,sink@@@@@bowl
184.78555,C adjusts the camera with both hands.,person@@@@@camera
187.29879,C holds the chopping board on the countertop with both hands.,chopping_board
188.47138,C lifts the chopping board with her left hand.,chopping_board@@@@@person
189.29442,C takes the chopping board from the countertop with both hands.,chopping_board@@@@@person
195.9946,C transfers the dirt on the chopping board into the trash can with her right hand.,chopping_board@@@@@can@@@@@trash_can
208.92562,C opens the tap with her right hand.,faucet
210.72234,C washes the chopping board with both hands.,chopping_board
212.38027,C washes the chopping board with both hands.,chopping_board
214.58011,C moves her left hand on the chopping board.,chopping_board
218.07346,C moves the chopping board with both hands.,chopping_board
221.88313,C closes the tap with her right hand.,faucet
222.03116,C flicks the chopping board with her left hand.,chopping_board
223.28233,C transfers the chopping board to her right hand.,chopping_board
224.40401,C places the chopping board on the countertop with her right hand.,chopping_board
226.48934,C adjusts the camera with her left hand.,camera
227.58,C opens the tap with her right hand.,faucet
230.92435,C takes the knife in the sink with her left hand.,sink@@@@@knife
231.70734,C washes the knife with her right hand.,knife
233.57119,C moves her left hand on the knife.,knife
237.24069,C transfers the knife to her left hand .,knife
237.76897,C flicks the knife with her left hand.,knife
239.241,C places the knife on the chopping board with her left hand.,chopping_board@@@@@knife
240.99147,C takes some liquid soap with her right hand.,soap
258.78755,C closes the tap with her right hand.,faucet
260.65598,C holds a tissue roll on the countertop with both hands.,paper_towel@@@@@tissue_paper@@@@@can@@@@@towel
260.80941,C takes some tissue from the tissue roll with her right hand.,tissue_paper
262.69828,C wipes her hands with the tissue roll,tissue_paper@@@@@person
272.601,C throws the tissue roll into the trash can with her right hand.,tissue_paper@@@@@can@@@@@trash_can
273.59686,C adjusts the camera with both hands.,person@@@@@camera
276.24042,C holds the electric kettle on the countertop with her left hand.,kettle
277.02938,C takes the electric kettle from the base with her left hand.,kettle
281.73086,C places her right hand on the electric kettle.,kettle
283.05714,C opens the electric kettle with her right hand.,kettle
286.38779,C adjusts the camera with her right hand.,camera
290.94997,C covers the electric kettle with her right hand.,kettle
292.19971,C holds the electric kettle with both hands.,kettle
292.89474,C transfers the electric kettle to her right hand.,kettle
293.60861,C takes the sachet of tea on the table with her left hand.,table@@@@@teacup@@@@@cup@@@@@can@@@@@bottle@@@@@mug
294.158,C places the electric kettle on the table with her right hand.,table@@@@@kettle
295.04779,C holds the sachet of tea with both hands.,teapot@@@@@teacup@@@@@cup@@@@@can@@@@@pot
301.88858,C holds the tea bag with both hands.,can
303.891,C puts the tea bag in the mug with her left hand.,cup@@@@@can@@@@@mug
304.27069,C drops the label of the tea bag on the table with her right hand.,table@@@@@can
304.71468,C moves the mug on the table with her right hand.,table@@@@@mug
305.1455,C holds the mug on the table with her left hand.,table@@@@@mug
305.63339,C takes the electric kettle from the table with her right hand.,table@@@@@kettle
308.284,C pours water from the electric kettle into the mug with her right hand.,mug@@@@@kettle
315.06095,C dunks the tea bag in the mug with her left hand.,teacup@@@@@cup@@@@@can@@@@@ring@@@@@mug
319.15572,C takes the sachet from the table with her left hand.,shopping_bag@@@@@can@@@@@handbag
321.34383,C places the electric kettle on the base with her right hand.,kettle
323.46411,C adjusts the camera with her left hand.,camera
324.733,C opens the trash can with her left leg.,can@@@@@trash_can
325.12243,C throws the sachet into the trash can with her right hand.,can@@@@@trash_can
325.80734,C adjusts the camera with both hands.,person@@@@@camera
327.7403,C dunks the tea bag in the mug with her left hand.,teacup@@@@@cup@@@@@can@@@@@ring@@@@@mug
328.84356,C moves the bottle of honey on the table with her right hand.,table@@@@@bottle
330.21822,C holds the bottle of honey with both hands.,bottle_cap@@@@@bottle
330.459,C opens the lid of the bottle of honey with her right hand.,pen@@@@@bottle_opener@@@@@bottle
331.02966,C picks the bottle of honey from the table with her left hand.,table@@@@@bottle
331.21949,C transfers the bottle of honey to her right hand.,bottle
333.009,C takes the spoon from the bowl on the table with her left hand.,table@@@@@spoon@@@@@bowl
334.30662,C pours some honey into the spoon in her left hand with her right hand.,spoon
337.24883,C puts the bottle of honey on the table with her right hand.,table@@@@@bottle
337.71101,C puts the spoon inside the tea in the mug with her left hand.,spoon@@@@@mug
338.13901,C transfers the spoon into her right hand.,spoon
338.5756,C stirs the tea in the mug with the spoon in her right hand.,spoon@@@@@mug
346.81318,C raises the spoon from the tea in the mug with her right hand.,spoon@@@@@mug
347.67867,C stirs the tea in the mug with the spoon in her right hand.,spoon@@@@@mug
352.99211,C raises the spoon from the tea in the mug with her right hand.,spoon@@@@@mug
353.588,C stirs the tea in the mug with the spoon in her right hand.,spoon@@@@@mug
355.02871,C raises the spoon from the tea in the mug with her right hand.,spoon@@@@@mug
355.36268,C flicks the spoon with her right hand.,spoon
356.46501,C adjusts the camera with her left hand.,camera
359.24338,C takes the bottle of milk from the table with her left hand.,table@@@@@bottle
360.19885,C opens the lid of the bottle of milk with her right hand.,can@@@@@bottle@@@@@milk_can
362.45097,C places the lid of the bottle of milk on the table with her right hand.,bottle_cap@@@@@table@@@@@bottle
363.33796,C holds the spoon in the mug with her right hand.,spoon@@@@@mug
365.796,C pours milk into the tea in the mug with her left hand.,can@@@@@bottle@@@@@mug
368.24434,C stirs the tea in the mug with the spoon in her right hand.,spoon@@@@@mug
371.163,C places the lid on the bottle of milk with her right hand.,bottle_cap@@@@@can@@@@@bottle@@@@@milk_can
371.30183,C turns the lid of the bottle of milk with her right hand.,can@@@@@milk_can
372.42541,C opens the lid of the bottle of milk with her right hand.,can@@@@@bottle@@@@@milk_can
375.66,C pours milk into the tea in the mug with her left hand.,can@@@@@bottle@@@@@mug
378.48086,C covers the bottle of milk with the lid with her right hand.,can@@@@@bottle
380.2947,C stirs the tea in the mug with the spoon in her right hand.,spoon@@@@@mug
382.74916,C turns the lid of the bottle of milk with her right hand.,can@@@@@milk_can
383.45322,C transfers the bottle of milk to her right hand from her left hand.,can@@@@@bottle@@@@@milk_can
384.04208,C holds the fridge door with her left hand.,refrigerator
384.24753,C opens the fridge with her left hand.,refrigerator
385.63484,C places the bottle of milk inside the fridge with her right hand.,refrigerator@@@@@bottle
385.9257,C closes the fridge with her left hand.,refrigerator
387.88627,C adjusts the camera  with her hands.,camera
390.16099,C holds the rope of the tea bag inside the mug with her left hand.,mug
391.05507,C rotates the spoon inside the tea with her right hand.,spoon@@@@@mug
393.17105,C stirs the tea inside the mug with the spoon in her right hand.,spoon@@@@@mug
397.27231,C pulls the tea bag from the mug with the rope in her left hand.,mug
408.38987,C dips the tea bag into the tea with the spoon in her right hand.,spoon@@@@@mug
410.638,C lifts the tea bag from the mug with the rope in her left hand.,mug
410.89168,C raises the spoon from the mug with her right hand.,spoon@@@@@mug
411.70242,C stirs the tea with the spoon in her right hand.,spoon@@@@@teacup@@@@@cup
414.78021,C stirs the tea with the spoon in her right hand.,spoon@@@@@teacup@@@@@cup
416.70554,C covers the lid of the bottle of honey with her right hand.,bottle
417.222,C covers the lid of the sugar bottle on the table with her left hand.,table@@@@@bottle
0.04918,C picks a piece of grape from a white bowl on a table with a fork in her right hand.,grape@@@@@table@@@@@bowl@@@@@fork
1.09233,C puts the piece of grape on the fork in her mouth with her right hand.,grape@@@@@fork
2.06414,C places the fork in her right hand in the white bowl on the table.,bowl@@@@@fork
3.7202,C adjusts the camera on her head with both hands.,camera
18.02865,C opens an overhead cupboard door with her left hand.,cabinet@@@@@person
19.19834,C picks a pack of tea from the overhead cupboard with her right hand.,cup
19.41559,C closes the overhead cupboard door with her left hand.,cabinet@@@@@cup@@@@@can
22.72859,C pulls a tea bag sachet from the pack of tea with her right hand.,can@@@@@box@@@@@bagel
24.2182,C places the pack of tea on the table with her left hand.,teapot@@@@@table@@@@@teacup@@@@@cup@@@@@can@@@@@mug@@@@@pot
25.59408,C lifts the flap of the pack of tea on the table with her left hand.,table@@@@@can@@@@@box
25.71419,C places the tea bag sachet on the table with her right hand.,table@@@@@teacup@@@@@cup@@@@@mug
26.55132,C lifts the pack of tea from the table with her left hand.,table@@@@@box
32.72503,C places the tea bag sachet on the table with her right hand.,table@@@@@teacup@@@@@cup@@@@@mug
33.07399,C picks the tea bag sachet from the table with her right hand.,table@@@@@teacup@@@@@cup
34.24701,C moves some tea bag sachets in the pack of tea with her right hand.,hat@@@@@teacup@@@@@cup@@@@@can
38.69636,C places the tea bag sachets into the pack  of tea with her right hand.,teacup@@@@@cup@@@@@box
41.01331,C places the tea bag sachet on the table with her right hand.,table@@@@@teacup@@@@@cup@@@@@mug
41.04378,C places the pack of tea on the table with her left hand.,teapot@@@@@table@@@@@teacup@@@@@cup@@@@@can@@@@@mug@@@@@pot
41.35637,C picks the tea bag sachet from the table with her right hand.,table@@@@@teacup@@@@@cup
42.25818,C moves the pack of tea on the table with her left hand.,table
43.24585,C adjusts the camera on her face with both hands.,person@@@@@camera
48.99302,C moves a skillet on an electric cooker with her left hand.,pan_(for_cooking)
58.56668,C lifts an electric kettle from its base on a countertop with her left hand.,kettle
61.20156,C holds the electric kettle with both hands.,kettle
61.70234,C press the lid button on the electric kettle with her left hand.,kettle
62.35681,C turns the electric kettle inside a sink with her left hand.,sink@@@@@kettle
62.97115,C shakes the electric kettle inside the sink with her left hand.,sink@@@@@kettle
64.20998,C holds the electric kettle under a faucet with her left hand.,faucet@@@@@kettle
64.22916,C pulls a faucet lever with her right hand.,faucet
72.65193,C pushes the faucet lever with her right hand.,faucet
74.44589,C closes the lid of the electric kettle with her right hand.,kettle
75.25071,C adjusts the camera on her head with her right hand.,camera
77.08146,C places the electric kettle on its base on the countertop with her left hand.,table@@@@@kettle
78.13391,C presses the power button on the electric kettle with her left hand.,kettle
84.76717,C picks a mug from the overhead cupboard with her right hand.,cabinet@@@@@mug
85.62873,C closes the overhead cupboard door with her left hand.,cabinet@@@@@cup@@@@@can
87.12703,C turns the mug in her right hand inside the sink with her right hand.,sink@@@@@mug
88.34224,C closes the overhead cupboard door with her left hand.,cabinet@@@@@cup@@@@@can
90.1949,C transfers the mug from her right hand to her left hand.,mug
91.61076,C transfers the mug from her left hand to her right hand.,mug
92.70474,C places the mug on the table with her right hand.,table@@@@@mug
94.20124,C moves the pack of tea on the table with her left hand.,table
94.57778,C picks the tea bag sachet from the table with her right hand.,table@@@@@teacup@@@@@cup
95.12502,C closes the flap of the pack of tea on the table with her left hand.,teacup@@@@@cup@@@@@can
95.48663,C places the tea bag sachet on the table with her right hand.,table@@@@@teacup@@@@@cup@@@@@mug
95.80488,C moves the pack of tea on the table with her left hand.,table
96.16899,C picks the pack of tea from the table with her left hand.,teapot@@@@@table@@@@@teacup@@@@@cup@@@@@can@@@@@pot
97.98917,C opens the door of the overhead cupboard with her left hand.,cabinet
99.17321,C closes the door of the overhead cupboard with her left hand.,cabinet
99.75646,C adjusts the camera on her head with her right hand.,camera
101.12064,C adjusts the camera on her head with both hands.,camera
103.12529,C places her right hand on the door of a refrigerator.,refrigerator
104.05007,C opens the door of the refrigerator with both hands.,refrigerator@@@@@person
106.32713,C picks a bottle of milk from the side compartment of the refrigerator with her right hand.,can@@@@@refrigerator@@@@@milk_can
107.1322,C closes the door of the refrigerator with her left hand.,refrigerator
109.58956,C places the bottle of milk on the table with her right hand.,table@@@@@bottle
115.61266,C picks a sugar container from the countertop with her right hand.,jar@@@@@canister@@@@@can
117.61239,C places the sugar container on the tabletop with her right hand.,table
118.60653,C touches the camera on her face with her right hand.,person@@@@@camera
118.91963,C adjusts the camera on her head with her left hand.,camera
120.37102,C adjusts the camera on her face with her right hand.,person@@@@@camera
123.22949,C touches the door of a dishwasher with her right hand.,dishwasher
123.83613,C opens the dishwasher with her right hand.,dishwasher@@@@@person
124.62223,C holds the door of the dishwasher with both hands.,dishwasher@@@@@person
126.31247,C pulls a spoon from a cutlery rack in the dishwasher with her right hand.,dishwasher@@@@@spoon
127.11856,C closes the door of the dishwasher with her left hand.,dishwasher
127.70911,C transfers the spoon from her right hand to her left hand.,spoon
128.26269,C transfers the spoon from her left hand to her right hand.,spoon
129.65846,C rests the spoon on the side of the white bowl on the table with her right hand.,table@@@@@spoon@@@@@bowl
131.01844,C picks the sugar container from the table with her right hand.,bottle_cap@@@@@table@@@@@bowl@@@@@pitcher_(vessel_for_liquid)@@@@@cup@@@@@saucepan@@@@@can@@@@@bottle@@@@@vase@@@@@mug@@@@@plate
131.68486,C places the sugar container on the table with her right hand.,canister@@@@@table@@@@@bowl@@@@@can
132.10956,C moves the mug on the table with her left hand.,table@@@@@mug
133.59214,C adjusts the camera on her face with both hands.,person@@@@@camera
136.2659,C picks a bottle of honey from the countertop with her right hand.,bottle
137.84605,C places the bottle of honey on the table with her right hand.,table@@@@@bottle
158.10015,C adjusts the camera on her head with both hands.,camera
159.29,C adjusts the camera on her face with her right hand.,person@@@@@camera
169.40542,C adjusts the camera on her face with her left hand.,person@@@@@camera
169.98299,C adjusts the camera on her face with both hands.,person@@@@@camera
172.86627,C picks a knife from a cutting board on the countertop with her right hand.,chopping_board@@@@@knife
174.23081,C moves an onion slice from the side of the knife to the cutting board with her left hand.,chopping_board@@@@@knife
175.87154,C moves her left hand on the side of the knife in her right hand.,knife
177.24934,C turns the knife with her right hand.,knife
177.76229,C picks a fork from the cutting board with her left hand.,chopping_board@@@@@fork
178.10749,C picks a spoon from the cutting board with her right hand.,chopping_board@@@@@spoon
178.90976,C transfers the spoon from her left hand to her right hand.,spoon
179.42552,C transfers the knife from her left hand to her right hand.,knife
180.25439,C places the cutlery in her left hand inside a sink.,sink@@@@@spoon@@@@@fork@@@@@knife
181.731,C touches a bowl on the countertop with her right hand.,bowl
182.14276,C lifts the bowl from the countertop with both hands.,bowl
182.75437,C places the bowl inside the sink with her left hand.,sink@@@@@bowl
184.44703,C adjusts the camera on her head with both hands.,camera
193.51503,C presses the pedal of a trashcan with her right foot.,can@@@@@trash_can
195.79437,C moves the dirt on the cutting board into the trashcan with her right hand.,chopping_board@@@@@can@@@@@trash_can
208.55989,C pulls the faucet lever with her right hand.,faucet
209.3823,C places her right hand under the faucet.,faucet
210.7024,C moves the cutting board under the faucet with both hands.,faucet
211.68049,C moves her left hand under the faucet.,can@@@@@faucet
212.44958,C moves the cutting board under the faucet with both hands.,faucet
220.94953,C moves her right hand under the faucet.,faucet
221.70272,C pushes the faucet lever with her right hand.,faucet
222.24411,C shakes the cutting board with her left hand.,chopping_board
223.22744,C transfers the cutting board from her left hand to her right hand.,chopping_board
226.51027,C adjusts the camera on her head with her left hand.,camera
227.30336,C pulls the faucet lever with her right hand.,faucet
228.09743,C rinses both hands under the faucet.,faucet
230.7115,C picks the knife from the sink with her left hand.,sink@@@@@knife
231.52488,C transfers the knife from her left hand to her right hand.,knife
231.75537,C moves the knife under the faucet with her right hand.,faucet@@@@@knife
233.49116,C moves her right hand on the side of the knife under the faucet.,faucet@@@@@knife
236.52472,C rinses her left hand under the faucet.,faucet
237.33832,C transfers the knife from her right hand to her left hand.,knife
237.61421,C rinses her right hand under the faucet.,faucet
237.79633,C shakes the knife in her left hand.,knife
239.12435,C places the knife on the cutting board with her left hand.,chopping_board@@@@@knife
240.99331,C pumps soap from a soap container on the countertop into her right palm with her right hand.,soap
241.99712,C washes her hand under the faucet.,faucet
258.83333,C pushes the faucet lever with her right hand.,faucet
259.54289,C shakes her hands inside the sink.,sink@@@@@person
260.55003,C holds a roll of tissue on the countertop with both hands.,tissue_paper@@@@@towel_rack@@@@@towel
260.93664,C unrolls some tissue from the tissue roll with her right hand.,tissue_paper
261.86328,C cuts some tissue from the tissue roll with her right hand.,tissue_paper
262.67305,C transfers the tissue from her right hand to her left hand.,tissue_paper@@@@@person
263.34364,C wipes her right hand on the tissue.,tissue_paper@@@@@person
266.16573,C transfers the tissue from her left hand to her right hand.,tissue_paper@@@@@can
272.36083,C presses the pedal of the trashcan with her right foot.,can@@@@@trash_can
272.59214,C throws the tissue into the trashcan with her right hand.,tissue_paper@@@@@can@@@@@trash_can
273.40147,C adjusts the camera on her head with both hands.,camera
276.18965,C lifts the electric kettle from its base on the countertop with her left hand.,kettle
277.239,C shakes the electric kettle with her left hand.,kettle
281.82074,C holds the electric kettle with both hands.,kettle
283.0478,C presses the lid button on the electric kettle with her right hand.,button@@@@@kettle
286.35141,C adjusts the camera on her face with her right hand.,person@@@@@camera
290.82569,C closes the lid of the electric kettle with her right hand.,kettle
291.99436,C transfers the electric kettle from her left hand to her right hand.,kettle
293.54079,C picks the tea bag sachet from the table with her left hand.,table@@@@@cup@@@@@can@@@@@mug
294.30708,C places the electric kettle on the table with her right hand.,table@@@@@kettle
301.51538,C places the tea bag sachet on the table with her left hand.,table
301.86532,C holds the tea bag with both hands.,can
302.02324,C unwinds the string on the tea bag with her right hand.,hat@@@@@cup@@@@@can@@@@@mug
303.48405,C places the tea bag inside the mug on the table with her left hand.,table@@@@@mug
304.75012,C moves the mug on the table with her right hand.,table@@@@@mug
305.03579,C holds the mug with her left hand.,person@@@@@mug
305.70782,C lifts the electric kettle from the table with her right hand.,table@@@@@kettle
307.96451,C pours some water from the electric kettle to the mug with her right hand.,mug@@@@@kettle
314.57277,C moves the tea bag inside the mug with the string in her left hand.,mug
318.4846,C drops the tea bag string by the side of the mug with her left hand.,cup@@@@@can@@@@@ring@@@@@mug
319.34282,C picks the tea bag sachet from the table with her left hand.,table@@@@@cup@@@@@can@@@@@mug
321.28489,C places the electric kettle on its base on the countertop with her right hand.,teapot@@@@@teakettle@@@@@can@@@@@kettle@@@@@pot
323.44251,C adjusts the camera on her head with her left hand.,camera
324.1063,C presses the pedal of the trashcan with her left foot.,can@@@@@trash_can
324.98518,C throws the tea bag sachet in her right hand into the trashcan.,shopping_bag@@@@@can@@@@@trash_can@@@@@plastic_bag
325.85078,C adjusts the camera on her face with her right hand.,person@@@@@camera
327.76963,C moves the tea bag in the mug with its string with her left hand.,teacup@@@@@cup@@@@@can@@@@@ring@@@@@mug
328.95221,C moves the bottle of honey on the countertop with her right hand.,bottle
329.08067,C drops the tea bag string by the side of the mug with her left hand.,cup@@@@@can@@@@@ring@@@@@mug
329.9979,C moves the bottle of honey on the countertop with both hands.,can@@@@@bottle
330.32471,C opens the cap of the bottle of honey with her right hand.,bottle_cap@@@@@bottle
330.49292,C lifts the bottle of honey from the table with her left hand.,table@@@@@bottle
330.92933,C transfers the bottle of honey from her left hand to her right hand.,table@@@@@bottle
331.47864,C tilts the bottle of honey over the mug with her right hand.,bottle@@@@@mug
333.00556,C picks the spoon on the side of the white bowl on the table with her left hand.,table@@@@@spoon@@@@@bowl
334.38762,C pours some honey from the bottle of honey into the spoon with her right hand.,spoon@@@@@bottle
337.14332,C places the bottle of honey on the table with her right hand.,table@@@@@bottle
337.94488,C transfers the spoon from her left hand to her right hand.,spoon
338.70811,C stirs the tea in the mug with the spoon in her right hand.,spoon@@@@@mug
338.81658,C holds the tea bag string with her left hand.,can@@@@@ring
346.82735,C lifts the spoon from the mug with her right hand.,spoon@@@@@mug
347.47882,C puts the spoon in her right hand inside the mug.,spoon@@@@@mug
347.93766,C stirs the tea in the mug with the spoon in her right hand.,spoon@@@@@mug
352.79478,C lifts the spoon from the mug with her right hand.,spoon@@@@@mug
353.48,C puts the spoon in her right hand inside the mug.,spoon@@@@@mug
354.06942,C stirs the tea in the mug with the spoon in her right hand.,spoon@@@@@mug
354.89562,C lifts the spoon from the mug with her right hand.,spoon@@@@@mug
355.59658,C shakes the spoon with her right hand.,spoon
355.99924,C drops the tea bag string by the side of the mug with her left hand.,cup@@@@@can@@@@@ring@@@@@mug
356.39412,C adjusts the camera on her head with her left hand.,camera
359.03193,C places the spoon in her right hand in the mug on the table.,spoon@@@@@mug
359.32057,C picks the bottle of milk from the table with her left hand.,table@@@@@bottle
360.17085,C unscrews bottle of milk cap with her right hand.,bottle_cap@@@@@bottle
361.93745,C places the bottle of milk cap on the table with her right hand.,bottle_cap@@@@@table@@@@@bottle
363.10808,C holds the spoon in the mug with her right hand.,spoon@@@@@mug
364.10298,C pours milk from the bottle of milk into the mug with her left hand.,can@@@@@milk_can@@@@@mug
368.23417,C stirs the milk tea in the mug with the spoon in her right hand.,spoon@@@@@mug
370.30099,C picks the bottle of milk cap from the table with her right hand.,bottle_cap@@@@@table@@@@@bottle
371.00537,C closes the bottle of milk with the cap in her right hand.,bottle
372.18104,C unscrews bottle of milk cap with her right hand.,bottle_cap@@@@@bottle
374.32106,C pours milk from the bottle of milk into the mug with her left hand.,can@@@@@milk_can@@@@@mug
378.38114,C closes the bottle of milk with the cap in her right hand.,bottle
380.30054,C holds the spoon in the mug with her right hand.,spoon@@@@@mug
380.38819,C stirs the milk tea in the mug with the spoon in her right hand.,spoon@@@@@mug
382.68234,C transfers the bottle of milk from her left hand to her right hand.,can@@@@@milk_can
383.99825,C opens the door of the refrigerator with her left hand.,refrigerator
385.20747,C places the bottle of milk in her right hand in the side compartment of the refrigerator.,refrigerator@@@@@bottle
386.24549,C closes the door of the refrigerator with her left hand.,refrigerator
387.87138,C adjusts the camera on her head with both hands.,camera
389.84553,C holds the spoon in the mug with her right hand.,spoon@@@@@mug
390.10545,C holds the tea bag string with her left hand.,can@@@@@ring
390.78049,C turns the spoon in the mug with her right hand.,spoon@@@@@mug
393.05066,C stirs the milk tea in the mug with the spoon in her right hand.,spoon@@@@@mug
394.11928,C moves the spoon inside the mug with her right hand.,spoon@@@@@mug
407.6028,C moves the spoon in the mug with her right hand.,spoon@@@@@mug
411.26747,C stirs the milk tea in the mug with the spoon in her right hand.,spoon@@@@@mug
413.03413,C holds the mug on the table with her left hand.,table@@@@@mug
414.45617,C moves the spoon in the mug with her right hand.,spoon@@@@@mug
416.75904,C closes the cap of the bottle of honey with her right hand.,bottle
