timestamp,narration,object
2.72102,C picks an electric kettle from the countertop with his right hand.,kettle
4.16656,C opens the electric kettle with his right hand.,kettle
7.40984,C turns on the tap with his left hand.,faucet
8.09371,C fetches water from the tap with the electric kettle in his right hand.,faucet@@@@@kettle
10.4522,C turns off the tap with his left hand.,faucet
12.06547,C closes the lid of the electric kettle with his left hand.,kettle
14.57923,C places the electric kettle on the base with his right hand.,table@@@@@kettle
15.57965,C turns on the electric kettle with his right hand.,kettle
18.61052,C opens the door of the cabinet with his left hand.,cabinet
19.51816,C closes the door of the cabinet with his left hand.,cabinet
20.1945,C opens the door of the cabinet with his left hand.,cabinet
20.95071,C holds the door of the cabinet with his right hand.,cabinet
22.25729,C picks a cup from the cabinet with his right hand.,cabinet@@@@@cup
22.99695,C closes the door of the cabinet with his left hand.,cabinet
25.56,C places the cup on the countertop with his right hand.,cup
27.64893,C opens the door of the cabinet with his left hand.,cabinet
28.6752,C picks a  black tea pack from the cabinet with his right hand.,cabinet@@@@@tea_bag
29.3572,C opens the black tea pack with his left hand.,tea_bag
29.94894,C pick a tea bag pack from the pack with his left hand.,tea_bag
34.04375,C places the black tea pack in the cabinet with his right hand.,cabinet@@@@@can@@@@@tea_bag@@@@@packet
34.53816,C closes the door of the cabinet with his left hand.,cabinet
36.37103,C tears open the tea bag pack with his hands.,tea_bag
37.81611,C places the tea bag pack seal on the countertop with his right hand.,kitchen_table@@@@@can@@@@@table@@@@@tea_bag
42.55649,C brings the tea bag from the pack with his right hand.,tea_bag
43.97,C drops the tea bag on the countertop with his left hand.,tea_bag
44.46755,C loosens the rope of the tea bag with his hands.,person@@@@@tea_bag
48.10519,C drops the tea bag in the cup on the countertop with his left hand,cup@@@@@tea_bag
51.05492,C picks the tea bag pack from the countertop with his right hand.,table@@@@@packet
51.5059,C places the tea bag pack seal on the tea bag pack with his left hand.,packet
52.47087,C holds the tea bag pack with his hands.,tea_bag
54.89347,C opens the trash bin with his right foot.,trash_can@@@@@can
55.49889,C throws the tea bag pack into the trash bin with his right hand.,trash_can@@@@@can@@@@@tea_bag
59.7362,C waits for the water to boil in the electric kettle.,kettle
68.56598,C adjust the camera on his head with his hands.,camera
85.65808,C picks the spatula on the countertop with his left hand.,spatula
85.85808,C picks the knife on the chopping bard with his right hand.,chopping_board@@@@@knife
86.30604,C drops the knife on the chopping board with his right hand.,chopping_board@@@@@knife
87.11938,C passes the spatula from his left hand to his right hand.,person@@@@@spatula
88.02285,C drops the spatula in the sink with his right hand.,sink@@@@@spatula
90.59283,C picks the sauce pan from the stove top with his right hand.,stove@@@@@saucepan
91.91429,C drops the pan in the sink with his right hand.,sink
95.21313,C adjusts the camera in his head with his hands.,camera
98.57166,C waits for the water to boil in the electric kettle.,kettle
110.57224,C places his right hand on the bowl in the countertop.,bowl
113.53195,C waits for the water to boil in the electric kettle.,kettle
140.88251,C adjusts the camera in his head with his left hand.,camera
145.2104,C waits for the water to boil in the electric kettle.,kettle
148.23242,C turns off the electric kettle with his right hand.,kettle
148.82513,C picks the  electric kettle from the countertop with his right hand.,teakettle@@@@@kettle
154.19406,C pours hot water from the electric kettle into cup with his right hand.,cup@@@@@teakettle@@@@@kettle
167.41466,C places the electric kettle on the base with his right hand.,table@@@@@kettle
169.89716,C waits for the tea bag to steep in the hot water  in the cup.,cup@@@@@tea_bag
182.71058,C steeps the tea bag in the hot water in the cup with his right hand.,cup@@@@@person@@@@@tea_bag
184.55498,C drops the tea bag in the cup with his right hand.,cup@@@@@tea_bag
186.41,C adjusts the camera in his head with his hands.,camera
190.43915,C waits for the tea bag to steep in the hot water  in the cup.,cup@@@@@tea_bag
196.25686,C opens the door of the dishwasher with his left hand.,dishwasher
197.36089,C opens the door of the dishwasher with his right hand.,dishwasher
198.9477,C picks a fork from the dishwasher with his left hand.,dishwasher@@@@@fork
199.83301,C closes the door of the dishwasher with his right hand.,dishwasher
201.19483,C passes the fork from his left hand to his right hand.,fork
201.81334,C places the fork on the bowl with his right hand.,bowl@@@@@fork
203.91705,C waits for the tea bag to steep in the hot water  in the cup.,cup@@@@@tea_bag
253.44663,C touches the camera on his head with his right hand.,camera@@@@@person
257.9656,C waits for the tea bag to steep in the hot water  in the cup.,cup@@@@@tea_bag
275.31395,C touches the camera on his head with his left hand.,camera@@@@@person
276.40384,C waits for the tea bag to steep in the hot water  in the cup.,cup@@@@@tea_bag
285.25,C steeps the tea bag in the hot water in the cup with his right hand.,cup@@@@@person@@@@@tea_bag
289.37539,C drops the tea bag in the cup with his right hand.,cup@@@@@tea_bag
292.29788,C opens the door of the refrigerator with his left hand.,refrigerator
294.0849,C picks a milk container from the refrigerator with his right hand.,refrigerator@@@@@can@@@@@milk_can
294.94141,C closes the door of the refrigerator with his left hand.,refrigerator@@@@@person
299.96612,C waits for the tea bag to steep in the hot water  in the cup.,cup@@@@@tea_bag
355.03861,C adjusts the camera in his head with his hands.,camera
360.02703,C waits for the tea bag to steep in the hot water  in the cup.,cup@@@@@tea_bag
402.30702,C removes the tea bag from the cup with his right hand.,cup@@@@@tea_bag
409.39421,C drops the tea bag in the cup with his right hand.,cup@@@@@tea_bag
411.93634,C places his right hand on the paper towel on the countertop.,paper_towel@@@@@towel
412.06967,C rolls out paper towel with his left hand.,paper_towel@@@@@towel
413.02531,C cuts out the paper towel with his left hand.,paper_towel@@@@@towel
414.17238,C folds the paper towel with his hands.,paper_towel@@@@@towel
416.83729,C picks the tea bag in the cup with his right hand.,cup@@@@@tea_bag
421.35323,C drops the tea bag on the paper towel on the countertop with his right hand.,paper_towel@@@@@towel@@@@@tea_bag
425.94734,C pours milk from the container into cup with his right hand.,cup@@@@@pan_(metal_container)
428.38916,C covers the milk container  with the lid in his left hand.,pan_(metal_container)@@@@@bottle@@@@@bottle_cap
429.4947,C picks the paper towel on the countertop with his left hand.,paper_towel@@@@@towel
434.54103,C opens the trash bin with his left foot.,trash_can@@@@@can
435.10589,C drops the paper towel into the trash bin with his left hand.,paper_towel@@@@@trash_can@@@@@towel@@@@@can
436.6884,C opens the door of the refrigerator with his left hand.,refrigerator
438.13312,C drops the milk container in the refrigerator with his right hand.,refrigerator@@@@@can@@@@@milk_can
438.67866,C closes the door of the refrigerator with his left hand.,refrigerator@@@@@person
444.12493,C picks the napkin on the countertop with his right hand.,person@@@@@napkin
444.71913,C cleans his hands with the napkin.,person@@@@@napkin
445.93424,C drops the napkin on the countertop with his right hand.,napkin
2.78275,C picks the electric kettle on the counter top with his right hand.,kettle
4.62275,C opens the electric kettle with his right hand.,kettle
6.06848,C places the electric kettle in the sink with his right hand.,sink@@@@@kettle
7.44388,C opens the tap with his left hand.,faucet
7.86797,C fetches water in the electric kettle with his right hand.,kettle
10.87156,C turns off the tap with his left hand.,faucet
12.11024,C closes the electric kettle cover with his left hand.,kettle
14.61255,C places the electric kettle on the holder on the counter top with his right hand.,table@@@@@kettle
18.6138,C opens the cupboard door with his left hand.,cup@@@@@cupboard
19.75509,C closes the cupboard door with his left hand.,cup@@@@@cupboard
20.13796,C opens the cupboard door with his right hand.,cup@@@@@cupboard
20.9931,C passes the cupboard door to his left hand.,cup@@@@@cupboard
22.27787,C picks a tea cup from the cupboard with his right hand.,cup@@@@@cupboard
22.8699,C closes the cupboard door with his left hand.,cup@@@@@cupboard
25.90776,C places the tea cup on the table with his right hand.,cup
27.55353,C opens the cupboard door with his left hand.,cup@@@@@cupboard
28.61232,C picks a pack of tea bag from the cupboard with his right hand.,cup@@@@@cupboard@@@@@tea_bag
29.33172,C opens the tea bag pack with his left hand.,tea_bag
29.98739,C lifts the tea bags in the pack with his left hand.,tea_bag
31.94658,C picks the tea bag sachet from the pack with his left hand.,tea_bag
34.08037,C places the tea bag pack in the cupboard with his right hand.,cup@@@@@cupboard@@@@@tea_bag
34.38379,C closes the cupboard door with his left hand.,cup@@@@@cupboard
36.11703,C holds the tea bag sachet with his right hand.,tea_bag
36.33101,C tears open the tea bag sachet seal with his hands.,tea_bag
37.75244,C drops the tea bag sachet seal on the table with his right hand.,table@@@@@tea_bag
38.23258,C opens the tea bag sachet with his hands.,tea_bag
43.70991,C removes the tea bag from the sachet with his right hand.,tea_bag
44.07905,C drops the tea bag sachet on the table with his left hand.,table@@@@@tea_bag
44.38742,C holds the tea bag with his left hand.,person@@@@@tea_bag
45.12573,C unwraps the tea bag rope with his right hand.,person@@@@@tea_bag
48.16433,C dips the tea bag in the tea cup on the table with his right hand.,cup@@@@@tea_bag
51.07042,C picks the tea bag sachet on the table with his right hand.,table@@@@@packet
52.13899,C drops the tea bag sachet seal on the tea bag sachet in her right hand.,packet
54.77136,C presses opens the waste bin with his left foot.,trash_can@@@@@can
55.69805,C drops the tea bag sachet in the waste bin with his right hand.,trash_can@@@@@can@@@@@tea_bag
56.33793,C closes the waste bin with his left foot.,trash_can@@@@@can
85.5116,C picks the spoon on the counter top with his left hand.,spoon
85.91867,C holds the knife on the cutting board with his right hand.,knife
88.1798,C drops the spoon in the sink with his right hand.,spoon@@@@@sink
90.46373,C picks the saucepan on the cooker with his right hand.,saucepan
92.19916,C places the saucepan in the sink with his right hand.,saucepan@@@@@sink
110.72729,C touches the bowl on the table with his right hand.,bowl@@@@@table
147.69417,C touches the electric kettle on the counter top with his right hand.,kettle
148.11999,C turns off the electric kettle on the counter top with his right hand.,kettle
148.72659,C picks the electric kettle from the hold on the counter top with his right hand.,kettle
153.50929,C pours the hot water from the electric kettle into the tea cup on the table with his right hand.,cup@@@@@teakettle@@@@@can@@@@@kettle@@@@@hat
167.63676,C places the electric kettle on the holder on the counter top with his right hand.,table@@@@@kettle
182.68258,C picks the tea bag from the hot water in the tea cup on the table with his right hand.,cup@@@@@table@@@@@tea_bag
183.56268,C steeps the tea bag in the hot water in the tea cup with his right hand.,cup@@@@@person@@@@@tea_bag
184.57847,C drops the tea bag in the tea cup on the table with his right hand.,cup@@@@@tea_bag
196.36363,C opens the plate drawer with his left hand.,drawer@@@@@plate
199.0102,C picks a fork from the drawer with his left hand.,drawer@@@@@fork
199.85747,C closes the cupboard door with his right hand.,cup@@@@@cupboard
201.25045,C passes the fork to his right hand.,fork
201.93668,C places the fork on the bowl on the counter top with his right hand.,bowl@@@@@fork
285.19674,C picks the tea bag rope with his right hand.,tea_bag
286.97141,C steeps the tea bag in the hot water in the tea cup with his right hand.,cup@@@@@person@@@@@tea_bag
289.71485,C drops the tea bag rope in the tea cup with his right hand.,cup@@@@@tea_bag
292.32049,C opens the refrigerator with his left hand.,refrigerator
293.92997,C picks a bottle of milk from the refrigerator with his right hand.,refrigerator@@@@@bottle
294.94529,C closes the refrigerator door with his left hand.,refrigerator@@@@@person
298.86321,C places the bottle of milk on the table with his right hand.,bottle@@@@@table
355.17481,C adjusts the camera on his head with his hands.,camera
402.04502,C picks the tea bag rope with his right hand.,tea_bag
403.40035,C drains the tea bag with his right hand.,tea_bag
407.82473,C holds the tea cup on the table with his left hand.,cup@@@@@table
410.17422,C drops the tea bag in the tea cup on the table with his right hand.,cup@@@@@tea_bag
411.45431,C unwraps a sheet of tissue paper from the roll on the counter top.,tissue_paper
411.96656,C holds the tissue paper roll on the counter top with his right hand.,tissue_paper
412.79016,C tears the tissue paper from the roll on the counter top with his left hand.,tissue_paper
413.93384,C holds the tissue paper with his right hand.,tissue_paper
414.44606,C folds the tissue paper with his hands.,tissue_paper
417.30637,C removes the tea bag from the tea cup with his right hand.,cup@@@@@tea_bag
421.39155,C places the tea bag on the tissue paper in his left hand.,tissue_paper@@@@@tea_bag
421.47908,C places the tissue paper on the table with his left hand.,tissue_paper@@@@@table
422.51772,C picks the bottle of milk from the table with his right hand.,bottle@@@@@table
422.68679,C opens the bottle of milk cap with his left hand.,bottle@@@@@bottle_cap
425.26375,C pours the milk into the tea cup on the table with his right hand.,cup@@@@@table
428.42271,C covers the bottle of milk cap with his left hand.,bottle@@@@@beer_bottle@@@@@bottle_cap
429.53556,C wraps the tissue paper on the table with his left hand.,tissue_paper
430.72516,C picks up the tissue paper on the table with his left hand.,tissue_paper@@@@@table
431.85183,C holds the tissue paper with his right hand.,tissue_paper
435.27182,C drops the tissue paper in the waste bin with his left hand.,trash_can@@@@@can@@@@@tissue_paper
435.90367,C presses close the waste bin with his left feet.,trash_can@@@@@can
436.79793,C opens the refrigerator with his left hand.,refrigerator
438.19019,C places the bottle of milk in the refrigerator with his right hand.,refrigerator@@@@@bottle
438.87883,C closes the refrigerator with his left hand.,refrigerator@@@@@person
444.41491,C picks a napkin from the counter top with his left hand.,person@@@@@napkin
445.87648,C drops the napkin on the counter top with his left hand.,napkin
