timestamp,narration,object
4.65527,C picks a pen knife from the table with her left hand.,pocketknife@@@@@pen@@@@@knife
5.75205,C picks the COVID-19 test pack on the table with her left hand.,packet@@@@@box
9.59767,C turns on the blade on the pen knife with her right hand.,pocketknife@@@@@knife
10.44217,C cuts the seal of the COVID-19 test pack with the pen knife in her right hand.,packet@@@@@pocketknife@@@@@knife
13.51248,C switches off the blade on the pen knife with her right hand.,pocketknife@@@@@knife
13.77354,C places the pen knife on the table with her right hand.,pocketknife@@@@@knife
16.44216,C opens the COVID-19 test pack with her right hand.,packet
17.38447,C picks the pen knife on the table with her right hand.,pocketknife@@@@@knife
17.6778,C switches off the blade on the pen knife with her right hand.,pocketknife@@@@@knife
18.00606,C places the pen knife on the table with her right hand.,pocketknife@@@@@knife
18.58634,C opens the COVID- 19 test pack lid with her right hand.,packet
19.10974,C takes the buffer solution pack in the COVID-19 pack with her right hand.,packet
19.74106,C places the buffer solution pack on the table with her right hand.,packet
20.5005,C takes the Test strip cassette pack from the COVID 19 pack with her right hand.,packet@@@@@cassette
21.17582,C places the buffer solution pack on the table with her right hand.,packet
23.09445,C takes the instructions manual in the COVID-19 pack with her right hand.,packet@@@@@book
23.39444,C places the COVID-19 test instructions manual on the table with her right hand.,book
23.672,C holds the emptied COVID-19 pack with her right hand.,packet
24.229,C places the emptied COVID-19 pack on the table with her left hand.,packet
24.91147,C picks the COVID-19 test instructions manual on the table with her right hand.,book
25.28374,C opens the COVID-19 test instructions manual with her left hand.,book
25.84719,C opens the COVID-19 test instructions manual with her right hand.,book
26.0912,C opens the COVID-19 test instructions manual with her left hand.,book
26.78901,C opens the COVID-19 test instructions manual with her right hand.,book
28.95666,C opens the COVID-19 test instructions manual with her right hand.,book
29.34379,C opens the COVID-19 test instructions manual with her left hand.,book
31.5372,C moves the buffer solution pack with her right hand.,packet
31.5372,C moves the COVID-19 strip test cassette pack with her right hand.,packet@@@@@cassette
32.08809,C holds the COVID-19 instructions manual with her right hand.,book
32.32922,C places the COVID-19 instructions manual on the table with her right hand.,book
32.45866,C moves the COVID-19 test pack on the table with her left hand.,packet
37.51252,C picks the buffer solution pack on the table with her right hand.,packet
40.36229,C opens the buffer solution pack with both hands.,packet
43.6517,C takes the COVID-19 fluid collection tube from its pack with her right hand.,packet
44.25956,C places the buffer solution pack on the table with her right hand.,packet
44.58218,C moves the COVID-19 instructions manual on the table with her left hand.,book
47.16145,C pulls out the  COVID-19 fluid collection tube lid with her right hand.,packet
53.44,C moves the COVID-19 instruction manual on the table with her left hand.,book
82.64562,C moves the COVID-19 instructions manual on the table with her left hand.,book
83.01641,C flips the COVID-19 instructions manual with her left hand,book
83.29098,C places the COVID-19 instructions manual on the table with her left hand.,book
110.60737,C places her left hand on the COVID-19 test instruction manual.,book
127.17252,C moves the COVID-19 test cassette on the table with her right hand.,cassette
127.79546,C moves the COVID-19 test cassette with her left hand.,cassette
129.079,C wraps the COVID-19 test cassette with the buffer solution tube pack with her right hand.,cassette
131.62722,C picks the COVID-19 test strip pack on the table with her left hand.,packet
132.09655,C places the COVID-19 test strip pack on the table with her left hand.,packet
132.57756,C places the test strip cassette in the buffer solution pack into the COVID-19 test pack on the table with her left hand.,packet@@@@@cassette
135.34449,C picks the COVID-19 test cassette pack on the table with her right hand.,packet
135.64712,C holds the COVID-19 test cassette pack with her left hand.,packet
136.40545,C places the COVID-19 test cassette pack into the COVID-19 test pack in her left hand.,packet
138.20222,C picks the COVID -19 test instruction manual on the table with her right hand.,book
138.30096,C folds the COVID-19 test instruction manual with both hands.,book
140.44805,C picks the COVID-19 test strip pack on the table with her left hand.,packet
140.75332,C places the COVID-19 test instruction manual into the COVID-19 test pack with her right hand.,packet@@@@@book
141.75698,C closes the COVID-19 test pack lid with her right hand.,packet
144.02079,C places the COVID-19 test pack in her left hand into the transparent bag on the floor with her left hand.,packet@@@@@plastic_bag
