timestamp,narration,object
6.04466,C moves a test pack on the table with both hands.,box
6.79821,C flips the test pack with her left hands.,box
7.47476,C holds the test pack with both hands.,box
10.87801,C takes a handy cutter from the table with her right hand.,knife
12.42283,C opens the test pack with the handy cutter in her right hand.,knife@@@@@box
16.78749,C places the handy cutter on the table with her right hand.,knife
17.94601,C holds the test pack with both hands.,box
18.36488,C opens the test pack with her right hand.,box
21.72505,C takes a test cassette with package from the test pack with her right hand.,box
22.89573,C puts the test pack on the table with her right hand.,box
23.51247,C takes the test instructions from the test pack with her right hand.,book
24.43161,C puts the test pack on the table with her left hand.,box
24.94696,C unfolds the test instructions with both hands.,book
30.427,C puts the test instructions on the table with both hands.,book
30.67497,C places both hands on the test instructions on the table.,book
31.58436,C flips the test instructions with her right hand.,book
32.009,C holds the test instructions with both hands.,book
32.246,C flips the test instructions with her right hand.,book
32.61758,C puts the test instructions on the table with her right hand.,book
33.33056,C moves the test pack on the table with her left hand.,box
33.46841,C takes a pack of extraction buffer tube from the table with her right hand.,box
34.55618,C holds the pack of extraction buffer tube with both hands.,box
40.412,C opens the pack of extraction buffer tube with both hands.,box
42.65017,C takes an extraction buffer tube from the pack of extraction buffer tube with her right hand.,box
45.61294,C puts the pack of extraction buffer tube on the table with her left hand.,box
56.9829,C moves the test instructions on the table with her right hand.,book
60.90641,C flips the test instructions on the table with her right hand.,book
66.871,C flips the test instructions on the table with her right hand.,book
69.295,C places the funnel on the pack of extraction buffer tube on the table with her right hand.,box
69.92412,"C takes the test cassette with package from the table with her right hand,",box
71.612,C holds the test cassette with package with both hands.,cassette
72.05665,C tears the seal of the test cassette with package with her right hand.,cassette
73.98689,C puts the seal of the test cassette package on the table with her right hand.,cassette
74.53358,C takes the test cassette from the package with her right hand.,cassette
77.53145,C moves the test cassette package on the table with her left hand.,cassette
78.437,C holds the test cassette with both hands.,cassette
79.57091,C places the test cassette on the table with her right hand.,cassette
80.14055,C moves the test cassette on the table with her right hand.,cassette
93.63756,C moves the test instructions on the table with her left hand.,book@@@@@booklet
118.48686,C lifts the pack of extraction buffer from the table with her left hand.,packet
119.43913,C puts the funnel into the pack of extraction buffer with her right hand.,packet
123.602,C shakes the extraction buffer tube in her right hand.,book@@@@@packet@@@@@booklet
123.90628,C flips the test instructions on the table with her left hand.,book@@@@@booklet
127.00828,C shakes the extraction buffer tube in her right hand.,book@@@@@packet@@@@@booklet
130.14545,C places her left hand on the test instructions on the table.,book
136.309,C shakes the extraction buffer tube in her right hand.,book@@@@@packet@@@@@booklet
163.78213,C takes the test cassette from the table with her right hand.,cassette
166.92599,C holds the test cassette on the table with her right hand.,cassette
181.03573,C takes the test cassette from the table with her right hand.,cassette
181.6184,C puts the test cassette into the pack of extraction buffer tube with her right hand.,cassette
184.849,C puts the pack of extraction buffer tube on the table with her left hand.,box
185.57513,C takes the test cassette package from the table with her left hand.,cassette
186.56932,C takes the seal of the test cassette package from the table with her right hand.,cassette
187.45237,C puts the seal of the test cassette package into the test cassette package in her left hand with her right hand.,cassette
189.50896,C puts the test cassette package into the test pack in her left hand with her right hand.,cassette
193.792,C moves the test instructions on the table with her left hand.,book@@@@@booklet
196.65594,C moves the test pack on the table with her left hand.,box
5.95504,C touches the Covid test box on the table with both hands.,box
6.71779,C picks the Covid test box from the table with her left hand.,box
7.12327,C turns the Covid test box in her left hand.,box
7.37156,C holds the Covid test box with both hands.,box
9.75572,C touches the Covid test box edges with her left hand.,box
10.812,C picks the cutter from the table with her right hand.,knife
11.51336,C presses the cutter button in her right hand.,knife
12.33342,C cuts the Covid test box with the cutter in her right hand.,knife@@@@@box
16.06199,C presses the cutter button in her right hand.,knife
16.66199,C places the cutter on the table with her right hand.,knife
17.607,C adjusts the Covid test box in her hands.,box
18.22595,C opens the Covid test box with her right hand.,box
21.503,C picks the packs from the Covid test box with her right hand.,box
22.67081,C places the packs on the table with her right hand.,box
23.29121,C picks the test manual from the Covid test box with her right hand.,book
24.36915,C places the Covid test box on the table with her left hand.,box
24.97344,C opens the test manual with both hands.,book
30.23666,C places the test manual on the table with both hands.,book
30.72968,C spreads the test manual on the table with both hands.,book
31.57497,C picks the test manual from the table with her right hand.,book
31.99789,C touches the test manual in her right hand with her left hand.,book
32.628,C places the test manual on the table with her right hand.,book
32.701,C touches the test manual on the table with her left hand.,book
33.051,C picks the extraction buffer tube bag from the table with her right hand.,box
33.23335,C moves the Covid test box on the table with her left hand.,box
34.5,C opens the extraction buffer tube bag with both hands.,box
41.02464,C picks the extraction buffer tube from the extraction buffer tube bag with her right hand.,box
45.46984,C drops the extraction buffer tube bag on the table with her left hand.,box
56.95908,C moves the test manual on the table with her right hand.,book
60.708,C flips the test manual on the table with her right hand.,book
66.80227,C flips the test manual on the table with her right hand.,book
69.35421,C places the funnel on the extraction buffer tube bag with her right hand.,box
69.95228,C picks the test strip pack from the table with her right hand.,box
84.87188,C lifts the extraction buffer tube bag on the table with her left hand.,packet
84.87188,C opens the extraction buffer tube bag with her right hand.,packet
93.51644,C touches the test manual on the table with her left hand.,book
94.409,C moves the test manual on the table with her left hand.,book
102.122,C adjusts her left finger on the test manual on the table.,book
118.31079,C lifts the extraction buffer tube bag on the table with her left hand.,packet
118.39646,C opens the extraction buffer tube bag with her right hand.,packet
119.4133,C drops the funnel in the extraction buffer tube bag with her right hand.,packet
123.96131,C flips the test manual on the table with her left hand.,book
123.96131,C shakes the extraction buffer tube in her right hand.,book@@@@@packet@@@@@booklet
127.03257,C shakes the extraction buffer tube in her right hand.,book@@@@@packet@@@@@booklet
129.7316,C shakes the extraction buffer tube in her right hand.,book@@@@@packet@@@@@booklet
130.15521,C holds the test manual on the table with her left hand.,book
136.42974,C shakes the extraction buffer tube in her right hand.,book@@@@@packet@@@@@booklet
155.61381,C picks the extraction buffer tube bag from the table with her right hand.,box
162.26905,C opens the extraction buffer tube bag with her right hand.,packet
188.7842,C picks the Covid test box from the table with her left hand.,box
189.33989,C drops the test strip pack in the Covid test box with her right hand.,box
190.01259,C picks the extraction buffer tube bag from the table with her right hand.,box
191.02245,C puts the extraction buffer tube bag in the Covid test box with her right hand.,box
191.50097,C taps the extraction buffer tube bag in the Covid test box with her right hand.,box
193.12265,C touches the Covid test box with her right hand.,box
193.753,C moves the test manual on the table with her left hand.,book
196.73843,C moves the Covid test box on the table with her left hand.,box
197.86389,C puts the test manual in the Covid test box with her right hand.,box
199.78675,C folds the extraction buffer tube bag in the Covid test box with her hands.,box
201.30994,C covers the Covid test box with both hands.,box
203.07528,C picks the Covid test box from the table with both hands.,box
204.32524,C puts the Covid test box in the trash bag with her left hand.,box
