timestamp,narration,object
0.25949,C picks a dishcloth from the countertop with her right hand.,dishrag
1.21245,C wipes the stovetop with the dishcloth in her right hand.,stove@@@@@dishrag
3.42958,C wipes the countertop with the dishcloth in her right hand.,dishrag
14.57953,C opens a refrigerator with her right hand.,person@@@@@refrigerator
16.75293,C picks a plate of minced meat from the refrigerator with her left hand.,plate@@@@@refrigerator
17.96339,C transfers the plate of minced meat from her left hand to her right hand.,meatball@@@@@plate
18.55862,C places the plate of minced meat on the countertop with her right hand.,plate
18.99991,C picks a plastic bag of onion from the refrigerator with her left hand.,onion@@@@@refrigerator@@@@@plastic_bag
20.09606,C transfers the plastic bag of onion from her left hand to her right hand.,onion@@@@@plastic_bag
20.65599,C places the plastic bag of onion on the countertop with her right hand.,onion@@@@@plastic_bag
21.86687,C picks a carton of milk from the refrigerator with her left hand.,milk_can@@@@@can@@@@@refrigerator
22.6126,C transfers the carton of milk from her left hand to her right hand.,cart@@@@@milk_can@@@@@can@@@@@carton
23.37552,C places the carton of milk on the countertop with her right hand.,cart@@@@@milk_can@@@@@can@@@@@carton
24.67002,C picks a crate of eggs from the refrigerator with both hands.,egg@@@@@refrigerator@@@@@crate
26.15509,C closes the refrigerator with her right hand.,refrigerator
27.84187,C holds the crate of eggs with both hands.,egg@@@@@crate
28.1751,C places the crate of eggs on a cutting board on the countertop with both hands.,egg@@@@@chopping_board@@@@@crate
28.69534,C opens the crate of eggs with both hands.,egg@@@@@crate
30.43321,C dips her right hand into the crate of eggs.,egg@@@@@crate
31.58914,C picks an egg from the crate of eggs with her right hand.,egg@@@@@crate
32.46919,C places the egg on the countertop with her right hand.,egg
32.89554,C dips her right hand into the crate of eggs.,egg@@@@@crate
33.5689,C picks an egg from the crate of eggs with her right hand.,egg@@@@@crate
35.06203,C places the egg on the countertop with her right hand.,egg
35.98575,C lifts the carton of milk from the countertop with her right hand.,cart@@@@@milk_can@@@@@can@@@@@carton
36.05357,C moves the crate of eggs on the cutting board with her left hand.,egg@@@@@chopping_board@@@@@crate
36.73435,C places the carton of milk on the countertop with her right hand.,cart@@@@@milk_can@@@@@can@@@@@carton
37.43136,C lifts the crate of eggs from the cutting board with both hands.,chopping_board@@@@@crate
38.85926,C opens the refrigerator with her right hand.,person@@@@@refrigerator
40.07923,C places the crate of eggs in the refrigerator with her left hand.,egg@@@@@refrigerator@@@@@crate
40.96545,C moves the refrigerator door with her right hand.,refrigerator
41.4889,C closes the refrigerator with her left hand.,refrigerator
42.51401,C touches the dishcloth on the countertop with her right hand.,dishrag
43.1514,C touches the plate of minced meat from the countertop with her left hand.,plate
43.74247,C lifts the plate of minced meat from the countertop with her left hand.,plate
44.04977,C holds the plate of minced meat with both hands.,meatball@@@@@plate
44.84576,C moves the plastic wrapping on the plate of minced meat with her left hand.,plate@@@@@plastic_bag
45.51673,C transfers the plate of minced meat from her right hand to her left hand.,meatball@@@@@plate
45.89857,C moves the plastic wrapping on the plate of minced meat with her right hand.,plate@@@@@plastic_bag
46.95274,C turns a knob on a gas stove with her right hand.,stove@@@@@knob
52.00073,C moves a skillet on the gas stove with her right hand.,frying_pan@@@@@stove
52.97627,C holds the plate of minced meat with both hands.,meatball@@@@@plate
53.47402,C moves the plastic wrapping on the plate of minced meat with her right hand.,plate@@@@@plastic_bag
55.03438,C turns the plate of minced meat with her left hand.,meatball@@@@@plate
57.66459,C places the plate of minced meat on the cutting board with her left hand.,chopping_board@@@@@plate
57.84025,C packs some minced meat from the cutting board with her right hand.,meatball@@@@@chopping_board
58.25498,C moves the plastic wrapping on the plate of minced meat with her left hand.,plate@@@@@plastic_bag
58.58321,C places the minced meat in the plate of minced meat with her right hand.,meatball@@@@@plate
58.99393,C holds the plate of minced meat with her right hand.,meatball@@@@@plate
59.29097,C pulls the plastic wrapping on the plate of minced meat with her left hand.,can@@@@@plate@@@@@plastic_bag
60.36133,C pulls the plastic wrapping on the plate of minced meat with both hands.,plate
63.85883,C places the plate of minced meat on the countertop with her left hand.,plate
64.2599,C picks the plastic bag of onion from the countertop with her right hand.,onion@@@@@plastic_bag
64.313,C unwraps the plastic bag on the onion with both hands.,onion@@@@@plastic_bag
65.98437,C peels a sticker paper from the onion with her right hand.,onion
66.32461,C holds the onion with her left hand.,onion
67.08459,C picks the onion from the plastic bag with her right hand.,onion
68.52169,C places the plastic bag on the countertop with her left hand.,plastic_bag
68.58372,C picks the onion from the cutting board with her right hand.,chopping_board@@@@@onion
69.159,C transfers the onion from her right hand to her left hand.,onion
69.99595,C peels the onion with her right hand.,peeler_(tool_for_fruit_and_vegetables)@@@@@table@@@@@onion@@@@@eel
73.78296,C places the onion on the cutting board with her left hand.,chopping_board@@@@@onion
74.27,C places the onion peel on the dishcloth on the countertop with her right hand.,onion@@@@@dishrag
74.69283,C moves the onion on the cutting board with both hands.,chopping_board@@@@@onion
75.74758,C picks a knife from a knife holder on the countertop with her right hand.,knife
77.6558,C moves the plate of minced meat on the countertop with her left hand.,plate
78.43879,C moves the cutting board on the countertop with both hands.,chopping_board
79.07621,C moves the onion on the cutting board with her left hand.,chopping_board@@@@@onion
79.70116,C holds the onion on the cutting board with her left.,chopping_board@@@@@onion
80.36284,C moves an onion peel on the cutting board with her left hand.,chopping_board@@@@@onion
80.78485,C holds the onion on the cutting board with her left.,chopping_board@@@@@onion
82.32794,C cuts the onion on the cutting board with the knife in her right hand.,knife@@@@@chopping_board@@@@@onion
90.14982,C picks the onion from the cutting board with her left hand.,chopping_board@@@@@onion
90.70232,C moves the onion slices on the cutting board with the knife in her right hand.,knife@@@@@chopping_board
90.71409,C places the onion on the cutting board with her left hand.,chopping_board@@@@@onion
90.98963,C moves the onion on the cutting board with her left hand.,chopping_board@@@@@onion
91.77131,C picks an onion peel from the cutting board with her left hand.,chopping_board@@@@@onion
92.32137,C drops the  onion peel on the countertop with her left hand.,kitchen_table@@@@@table@@@@@onion@@@@@can
92.843,C moves the onion on the cutting board with her left hand.,chopping_board@@@@@onion
93.44635,C holds the onion on the cutting board with her left hand.,chopping_board@@@@@onion
93.82678,C cuts the onion on the cutting board with the knife in her right hand.,knife@@@@@chopping_board@@@@@onion
97.20702,C moves the onion slices from the side of the knife to the cutting board with her left hand.,knife@@@@@chopping_board
97.9458,C moves the onion slices on the cutting board with the knife in her right hand.,knife@@@@@chopping_board
98.01233,C holds the onion on the cutting board with her left hand.,chopping_board@@@@@onion
98.27254,C moves some onion slices from the side of the knife to the cutting board with her left hand.,knife@@@@@chopping_board
98.97634,C moves the onion slices on the cutting board with the knife in her right hand.,knife@@@@@chopping_board
99.0336,C holds the onion on the cutting board with her left hand.,chopping_board@@@@@onion
99.81493,C holds an onion slice on the cutting board with her left hand.,chopping_board@@@@@onion
99.89262,C cuts the onion slice on the cutting board with the knife in her right hand.,knife@@@@@chopping_board@@@@@onion
100.43928,C holds the onion on the cutting board with her left hand.,chopping_board@@@@@onion
100.96807,C cuts the onion on the cutting board with the knife in her right hand.,knife@@@@@chopping_board@@@@@onion
108.25288,C moves some onion slices from the side of the knife to the cutting board with her left hand,knife@@@@@chopping_board
109.20646,C picks the onion peel from the dishcloth on the countertop with her left hand.,onion@@@@@dishrag
109.2712,C places the knife on the cutting board with her right hand.,knife@@@@@chopping_board
110.11655,C drops the onion peel in a trashcan with her left hand.,trash_can@@@@@onion@@@@@can
111.16513,C moves the skillet on the gas stove with her right hand.,frying_pan@@@@@stove
112.07664,C tilts the skillet on the gas stove with her right hand.,frying_pan@@@@@stove
113.5212,C tilts the skillet on the gas stove with her left hand.,frying_pan@@@@@stove
113.63461,C turns the gas stove knob with her right hand.,stove@@@@@knob
115.79065,C picks the plate of minced meat from the countertop with her left hand.,plate
116.52055,C transfers the plate of minced meat from her left hand to her right hand.,meatball@@@@@plate
117.56892,C pours the minced meat from the plate to the skillet with her right hand.,frying_pan@@@@@plate
118.316,C transfers the minced meat plate from her right hand to her left hand.,meatball@@@@@plate
118.79618,C moves some minced meat from the plate to the skillet with her right hand.,frying_pan@@@@@plate
119.32062,C transfers the minced meat plate from her left hand to her right hand.,meatball@@@@@plate
119.64256,C shakes the minced meat plate over the skillet with her right hand.,frying_pan@@@@@plate
119.97103,C holds the minced meat plate with both hands.,meatball@@@@@plate
121.77967,C places the minced meat plate on the countertop with her left hand.,plate
122.22168,C picks the plastic bag from the countertop with her left hand.,plastic_bag
122.47077,C places the plastic bag in the minced meat plate with her left hand.,plate@@@@@plastic_bag
124.20463,C picks a spatula from the countertop with her left hand.,spatula
125.03777,C transfers the spatula from her left hand to her right hand.,spatula
126.07895,C presses the minced meat in the skillet with the spatula in her right hand.,frying_pan@@@@@spatula
126.17895,C holds the skillet handle with her left hand.,frying_pan@@@@@saucepan@@@@@pan_(for_cooking)
130.87183,C stirs the minced meat in the skillet with the spatula in her right hand.,frying_pan@@@@@spatula
144.71317,C moves the knife on the cutting board with her left hand.,knife@@@@@chopping_board
146.04645,C stirs the minced meat in the skillet with the spatula in her right hand.,frying_pan@@@@@spatula
146.35613,C holds the skillet handle with her left hand.,frying_pan@@@@@saucepan@@@@@pan_(for_cooking)
187.37444,C transfers the spatula from her right hand to her left hand.,spatula
188.03451,C turns a gas stove knob with her right hand.,stove@@@@@knob
189.63414,C transfers the spatula from her left hand to her right hand.,spatula
190.27993,C holds the skillet handle with her left hand.,frying_pan@@@@@saucepan@@@@@pan_(for_cooking)
190.30091,C moves some minced meat in the skillet with the spatula in her right hand.,frying_pan@@@@@spatula
190.59,C stirs the minced meat in the skillet with the spatula in her right hand.,frying_pan@@@@@spatula
195.3192,C presses the minced meat in the skillet with the spatula in her right hand.,frying_pan@@@@@spatula
196.57793,C presses the minced meat in the skillet with the spatula in her right hand.,frying_pan@@@@@spatula
202.66222,C stirs the minced meat in the skillet with the spatula in her right hand.,frying_pan@@@@@spatula
203.4049,C presses the minced meat in the skillet with the spatula in her right hand.,frying_pan@@@@@spatula
204.14778,C stirs the minced meat in the skillet with the spatula in her right hand.,frying_pan@@@@@spatula
214.997,C presses the minced meat in the skillet with the spatula in her right hand.,frying_pan@@@@@spatula
217.14522,C places the spatula in the skillet with her right hand.,spatula@@@@@pan_(for_cooking)
217.80735,C turns the gas stove knob with her right hand.,stove@@@@@knob
222.50139,C picks a paper towel roll from the countertop with her left hand.,paper_towel@@@@@towel
223.43469,C pulls some paper towel from the paper towel roll with her right hand.,paper_towel@@@@@towel
224.79804,C cuts some paper towel from the paper towel roll with her right hand.,paper_towel@@@@@towel
225.35395,C places the paper towel roll on the countertop with her left hand.,paper_towel@@@@@towel
226.03768,C folds the paper towel with both hands.,paper_towel@@@@@towel
229.02488,C picks a pair of chopsticks from the countertop with her right hand.,chopstick
230.59192,C hits the pair of chopsticks on the cutting board with her right hand.,chopping_board@@@@@chopstick
231.87251,C places the paper towel in the skillet with her left hand.,paper_towel@@@@@towel@@@@@pan_(for_cooking)
231.98419,C moves the paper towel in the skillet with the pair of chopsticks in her right hand.,paper_towel@@@@@chopstick@@@@@towel@@@@@pan_(for_cooking)
232.39983,C lifts the spatula in the skillet with her left hand.,spatula
233.614,C places the spatula on the paper towel in the skillet with her left hand.,spatula@@@@@paper_towel@@@@@towel@@@@@pan_(for_cooking)
233.76152,C lifts the pair of chopsticks from the paper towel in the skillet with her right hand.,paper_towel@@@@@chopstick@@@@@towel
234.0157,C places the pair of chopsticks on the paper towel in the skillet with her right hand.,paper_towel@@@@@chopstick@@@@@towel@@@@@pan_(for_cooking)
234.04967,C lifts the spatula from the paper towel in the skillet with her left hand.,spatula@@@@@towel
234.05024,C moves the paper towel in the skillet with the pair of chopsticks in her right hand.,paper_towel@@@@@chopstick@@@@@towel@@@@@pan_(for_cooking)
236.53347,C lifts the paper towel in the skillet with the pair of chopsticks in her right hand.,paper_towel@@@@@chopstick@@@@@towel@@@@@pan_(for_cooking)
236.95513,C turns the paper towel with the pair of chopsticks in her right hand.,paper_towel@@@@@chopstick@@@@@towel
237.05527,C places the paper towel in the skillet with the pair of chopsticks in her right hand.,paper_towel@@@@@chopstick@@@@@towel
237.34918,C moves the paper towel in the skillet with the pair of chopsticks in her right hand.,paper_towel@@@@@chopstick@@@@@towel@@@@@pan_(for_cooking)
239.88637,C places the spatula on the paper towel in the skillet with her left hand.,spatula@@@@@paper_towel@@@@@towel@@@@@pan_(for_cooking)
240.01698,C lifts the pair of chopsticks from the paper towel with her right hand.,paper_towel@@@@@chopstick@@@@@towel
240.22018,C lifts the spatula from the paper towel with her left hand.,spatula@@@@@paper_towel@@@@@towel
240.25976,C moves the paper towel in the skillet with the pair of chopsticks in her right hand.,paper_towel@@@@@chopstick@@@@@towel@@@@@pan_(for_cooking)
242.04593,C turns the paper towel over in the skillet with the pair of chopsticks in her right hand.,paper_towel@@@@@chopstick@@@@@towel@@@@@pan_(for_cooking)
243.06551,C moves the paper towel in the skillet with the pair of chopsticks in her right hand.,paper_towel@@@@@chopstick@@@@@towel@@@@@pan_(for_cooking)
243.62345,C moves the spatula on the paper towel in the skillet with her left hand.,spatula@@@@@paper_towel@@@@@towel
244.65355,C moves the paper towel in the skillet with the pair of chopsticks in her right hand.,paper_towel@@@@@chopstick@@@@@towel@@@@@pan_(for_cooking)
246.15492,C lifts the paper towel from the skillet with the pair of chopsticks in her right hand.,paper_towel@@@@@chopstick@@@@@towel@@@@@pan_(for_cooking)
246.3814,C places the paper towel in the skillet with the pair of chopsticks in her right hand.,paper_towel@@@@@chopstick@@@@@towel
246.54073,C moves the paper towel in the skillet with the pair of chopsticks in her right hand.,paper_towel@@@@@chopstick@@@@@towel@@@@@pan_(for_cooking)
247.05856,C lifts the paper towel from the skillet with the pair of chopsticks in her right hand.,paper_towel@@@@@chopstick@@@@@towel@@@@@pan_(for_cooking)
247.42389,C places the paper towel in the skillet with the pair of chopsticks in her right hand.,paper_towel@@@@@chopstick@@@@@towel
247.65076,C moves the paper towel in the skillet with the pair of chopsticks in her right hand.,paper_towel@@@@@chopstick@@@@@towel@@@@@pan_(for_cooking)
248.27535,C lifts the paper towel from the skillet with the pair of chopsticks in her right hand.,paper_towel@@@@@chopstick@@@@@towel@@@@@pan_(for_cooking)
248.39774,C places the spatula in the skillet with her left hand.,frying_pan@@@@@spatula
249.85124,C places the paper towel on the cutting board with her right hand.,chopping_board@@@@@paper_towel@@@@@towel
250.24349,C shakes her left hand over the cutting board.,chopping_board
250.88355,C places the pair of chopsticks on the cutting board with her right hand.,chopping_board@@@@@chopstick
251.47364,C lifts the knife from the cutting board with her right hand.,knife@@@@@chopping_board
251.53412,C moves the pair of chopsticks on the cutting board with her left hand.,chopping_board@@@@@chopstick
252.23866,C packs some onion slices on the cutting board with her left hand.,chopping_board@@@@@onion
252.39623,C moves some onion slices on the cutting board with the knife in her right hand.,knife@@@@@chopping_board@@@@@onion
254.50388,C pours the onion slices in the skillet with her left hand.,onion@@@@@pan_(for_cooking)
254.93654,C moves some onion slices from the side of the knife to the skillet with her left hand.,knife@@@@@pan_(for_cooking)
255.91156,C packs some onion slices on the cutting board with her left hand.,chopping_board@@@@@onion
256.46213,C moves some onion slices on the cutting board with the knife in her right hand.,knife@@@@@chopping_board@@@@@onion
257.53866,C pours the onion slices in the skillet with her left hand.,onion@@@@@pan_(for_cooking)
257.85743,C moves some onion slices from the side of the knife to the skillet with her left hand.,knife@@@@@pan_(for_cooking)
258.3031,C shakes her left hand over the skillet.,pan_(for_cooking)
259.406,C places the knife on the cutting board with her right hand.,knife@@@@@chopping_board
260.14149,C lifts the spatula in the skillet with her right hand.,spatula@@@@@pan_(for_cooking)
260.98298,C turns the gas stove knob with her left hand.,stove@@@@@knob
263.6952,C stirs the minced meat and onion in the skillet with the spatula in her right hand.,frying_pan@@@@@spatula
264.42395,C holds the skillet handle with her left hand.,frying_pan@@@@@saucepan@@@@@pan_(for_cooking)
276.705,C tilts the skillet on the gas stove with her left hand.,frying_pan@@@@@stove
279.44551,C picks the onion slice from the spatula with her left hand.,spatula@@@@@onion
280.02369,C drops the onion slice in the skillet with her left hand.,frying_pan@@@@@onion
280.10528,C stirs the minced meat and onion in the skillet with the spatula in her right hand.,frying_pan@@@@@spatula
280.60026,C holds the skillet handle with her left hand.,frying_pan@@@@@saucepan@@@@@pan_(for_cooking)
280.6563,C presses the minced meat and onion in the skillet with the spatula in her right hand.,spatula
283.8109,C stirs the minced meat and onion in the skillet with the spatula in her right hand.,frying_pan@@@@@spatula
285.39419,C picks an onion slice from the gas stove with her left hand.,stove@@@@@onion
287.30246,C drops the onion slice in the skillet with her left hand.,frying_pan@@@@@onion
288.24582,C holds the skillet handle with her left hand.,frying_pan@@@@@saucepan@@@@@pan_(for_cooking)
291.31193,C tilts the skillet on the gas stove with her left hand.,frying_pan@@@@@stove
294.81771,C tilts the skillet on the gas stove with her left hand.,frying_pan@@@@@stove
297.60385,C presses the minced meat and onion in the skillet with the spatula in her right hand.,spatula
299.44471,C stirs the minced meat and onion in the skillet with the spatula in her right hand.,frying_pan@@@@@spatula
299.82134,C tilts the skillet on the gas stove with her left hand.,frying_pan@@@@@stove
302.22638,C tilts the skillet on the gas stove with her left hand.,frying_pan@@@@@stove
306.79782,C tilts the skillet on the gas stove with her left hand.,frying_pan@@@@@stove
311.003,C tilts the skillet on the gas stove with her left hand.,frying_pan@@@@@stove
324.11023,C tilts the skillet on the gas stove with her left hand.,frying_pan@@@@@stove
328.01431,C tilts the skillet on the gas stove with her left hand.,frying_pan@@@@@stove
331.75511,C tilts the skillet on the gas stove with her left hand.,frying_pan@@@@@stove
336.42963,C presses the minced meat and onion in the skillet with the spatula in her right hand.,spatula
338.01924,C stirs the minced meat and onion in the skillet with the spatula in her right hand.,frying_pan@@@@@spatula
338.13862,C tilts the skillet on the gas stove with her left hand.,frying_pan@@@@@stove
341.24871,C tilts the skillet on the gas stove with her left hand.,frying_pan@@@@@stove
344.44675,C tilts the skillet on the gas stove with her left hand.,frying_pan@@@@@stove
353.94236,C places the spatula in the skillet with her right hand.,spatula@@@@@pan_(for_cooking)
354.83445,C picks a carton of oil from the countertop with her left hand.,can@@@@@canister
355.98642,C transfers the carton of oil from her left hand to her right hand.,cart@@@@@carton
356.34458,C opens the carton of oil with her left hand.,cart@@@@@carton
357.56377,C pours some oil from the carton of oil to the skillet with her right hand.,cart@@@@@carton@@@@@pan_(for_cooking)
358.90854,C closes the carton of oil with the cap in her left hand.,cart@@@@@bottle_cap@@@@@bottle@@@@@carton
360.71052,C transfers the carton of milk from her right hand to her left hand.,cart@@@@@milk_can@@@@@can@@@@@carton
361.29259,C places the carton of oil on the countertop with her left hand.,sink@@@@@cart@@@@@kitchen_table@@@@@kitchen_sink@@@@@table@@@@@carton
361.41605,C picks the spatula from the skillet with her right hand.,spatula@@@@@pan_(for_cooking)
361.77835,C stirs the ingredients in the skillet with the spatula in her right hand.,spatula@@@@@pan_(for_cooking)
362.29198,C holds the skillet handle with her left hand.,frying_pan@@@@@saucepan@@@@@pan_(for_cooking)
372.86483,C places the spatula in the skillet with her right hand.,spatula@@@@@pan_(for_cooking)
373.16887,C picks a bowl of sugar from the countertop with her left hand.,bowl@@@@@sugar_bowl
374.43403,C picks the spoon in the bowl of sugar with her right hand.,bowl@@@@@spoon
375.038,C scoops some sugar from the bowl of sugar with the spoon in her right hand.,bowl@@@@@spoon
376.8718,C pours some sugar from the spoon to the skillet with her right hand.,spoon@@@@@pan_(for_cooking)
378.00392,C places the spoon in the bowl of sugar with her right hand.,bowl@@@@@sugar_bowl@@@@@spoon
379.04222,C places the bowl of sugar on the countertop with her left hand.,bowl@@@@@sugar_bowl
380.27814,C picks a bowl of salt from the countertop with her left hand.,bowl@@@@@saltshaker
381.52109,C picks the spoon in the bowl of salt with her right hand.,bowl@@@@@spoon
382.07344,C scoops some salt from the bowl of salt with the spoon in her right hand.,bowl@@@@@spoon
383.31102,C pours some salt from the spoon to the skillet with her right hand.,spoon@@@@@frying_pan@@@@@can
384.12406,C places the spoon in the bowl of salt with her right hand.,bowl@@@@@spoon
385.03265,C places the bowl of salt on the countertop with her left hand.,bowl@@@@@saltshaker
385.9703,C picks the spatula from the skillet with her right hand.,spatula@@@@@pan_(for_cooking)
386.5,C stirs the ingredients in the skillet with the spatula in her right hand.,spatula@@@@@pan_(for_cooking)
386.7093,C holds the skillet handle with her left hand.,frying_pan@@@@@saucepan@@@@@pan_(for_cooking)
397.35737,C tilts the skillet on the gas stove with her left hand.,frying_pan@@@@@stove
405.06008,C tilts the skillet on the gas stove with her left hand.,frying_pan@@@@@stove
407.71702,C places the spatula in the skillet with her right hand.,spatula@@@@@pan_(for_cooking)
408.37876,C picks a bottle of soy sauce from the countertop with her left hand.,bottle
409.36962,C opens the bottle of soy sauce with her right hand.,bottle
411.30681,C transfers the bottle of soy sauce from her left hand to her right hand.,bottle
411.90708,C lifts the spatula from the skillet with her left hand.,spatula
412.43186,C pours some soy sauce from the bottle of soy sauce to the skillet with her right hand.,bottle@@@@@pan_(for_cooking)
414.6045,C places the spatula in the skillet with her left hand.,frying_pan@@@@@spatula
415.04537,C closes the bottle of soy sauce with her right hand.,bottle
415.60291,C transfers the bottle of soy sauce from her right hand to her left hand.,bottle@@@@@person
416.14167,C places the bottle of soy sauce on the countertop with her left hand.,bottle
416.66466,C picks the spatula from the skillet with her right hand.,spatula@@@@@pan_(for_cooking)
417.06166,C stirs the ingredients in the skillet with the spatula in her right hand.,spatula@@@@@pan_(for_cooking)
417.29799,C holds the skillet handle with her left hand.,frying_pan@@@@@saucepan@@@@@pan_(for_cooking)
423.20452,C tilts the skillet on the gas stove with her left hand.,frying_pan@@@@@stove
440.16259,C tilts the skillet on the gas stove with her left hand.,frying_pan@@@@@stove
443.07768,C turns the gas stove knob with her left hand.,stove@@@@@knob
444.91456,C picks a bowl from the countertop with her left hand.,bowl
446.6967,C moves the minced meat and onion in the skillet with the spatula in her right hand.,spatula
446.79518,C places the bowl on the bowl on the countertop with her left hand.,bowl
447.72373,C holds the skillet handle with her left hand.,frying_pan@@@@@saucepan@@@@@pan_(for_cooking)
448.74853,C lifts the skillet from the gas stove with her left hand.,frying_pan@@@@@stove
450.46491,C transfers the minced meat and onion from the skillet to the bowl on the countertop with the spatula in her right hand.,bowl@@@@@spatula
459.20762,C places the skillet on the gas stove with her left hand.,stove@@@@@pan_(for_cooking)
459.92764,C moves the spatula in the skillet with her right hand.,frying_pan@@@@@spatula
460.79804,C places the spatula on the cutting board with her right hand.,spatula@@@@@chopping_board
462.05119,C pulls some paper towel from the paper towel roll  on the countertop with her left hand.,paper_towel@@@@@towel
462.37538,C pulls some paper towel from the paper towel roll on the countertop with her right hand.,paper_towel@@@@@towel
462.92059,C holds the paper towel roll on the countertop with her left hand.,paper_towel@@@@@towel
463.56027,C cuts some paper towel from the paper towel roll with her right hand.,paper_towel@@@@@towel
464.4203,C folds the paper towel with both hands.,paper_towel@@@@@towel
465.99598,C holds the skillet handle with her left hand.,frying_pan@@@@@saucepan@@@@@pan_(for_cooking)
466.02606,C wipes the skillet with the paper towel in her right hand.,frying_pan@@@@@paper_towel@@@@@towel
475.66933,C throws the paper towel in the trash can with her right hand.,trash_can@@@@@can@@@@@paper_towel@@@@@towel
477.49318,C picks a bowl from the countertop with her left hand.,bowl
478.19766,C moves the spatula and the knife on the cutting board with her right hand.,knife@@@@@spatula@@@@@chopping_board
479.17257,C places the bowl on the cutting board with her left hand.,bowl@@@@@chopping_board
479.41433,C picks an egg from the countertop with her right hand.,egg
480.34613,C hits the egg on the edge of the bowl with her right hand.,bowl@@@@@egg
481.41635,C cracks the egg into the bowl on the cutting board with both hands.,bowl@@@@@egg@@@@@chopping_board
482.84609,C shakes the egg shells over the bowl with both hands.,bowl@@@@@seashell
483.358,C places the egg shell in her left hand on the egg shell in her right hand.,seashell
483.66867,C transfers the egg shells from her right hand to her left hand.,seashell
484.09066,C picks an egg from the countertop with her right hand.,egg
484.23595,C places the egg shells on the countertop with her left hand.,egg
484.85735,C holds the bowl on the cutting board with her left hand.,bowl@@@@@chopping_board
485.00457,C hits the egg on the edge of the bowl with her right hand.,bowl@@@@@egg
485.88179,C cracks the egg into the bowl on the cutting board with both hands.,bowl@@@@@egg@@@@@chopping_board
487.50882,C shakes the egg shells over the bowl on the cutting board with both hands.,bowl@@@@@chopping_board@@@@@seashell
488.03215,C places the egg shell in her left hand on the egg shell in her right hand.,seashell
488.49039,C transfers the egg shells from her right hand to her left hand.,seashell
488.90566,C places the egg shells on the countertop with her left hand.,egg
489.02623,C picks the pair of chopsticks from the cutting board with her right hand.,chopping_board@@@@@chopstick
489.49301,C picks the egg shells from the countertop with her left hand.,seashell
490.17298,C places the pair of chopsticks on the cutting board with her right hand.,chopping_board@@@@@chopstick
490.98554,C places the egg shells on the cutting board with her left hand.,egg@@@@@chopping_board
491.11332,C picks an egg shell from the bowl of eggs with the pair of chopsticks in her right hand.,bowl@@@@@egg@@@@@chopstick
491.81416,C lifts the egg shells from the cutting board with her left hand.,chopping_board@@@@@seashell
495.05357,C places the egg shell in the egg shells in her left hand with the pair of chopsticks in her right hand.,seashell@@@@@chopstick
496.73597,C picks an egg shell from the bowl of eggs with the pair of chopsticks in her right hand.,bowl@@@@@egg@@@@@chopstick
497.93071,C places the egg shell in the egg shells in her left hand with the pair of chopsticks in her right hand.,seashell@@@@@chopstick
498.90346,C picks an egg shell from the bowl of eggs with the pair of chopsticks in her right hand.,bowl@@@@@egg@@@@@chopstick
500.33735,C places the egg shell in the egg shells in her left hand with the pair of chopsticks in her right hand.,seashell@@@@@chopstick
501.95241,C picks an egg shell from the bowl of eggs with the pair of chopsticks in her right hand.,bowl@@@@@egg@@@@@chopstick
503.81346,C picks an egg shell from the bowl of eggs with the pair of chopsticks in her right hand.,bowl@@@@@egg@@@@@chopstick
505.26631,C places the egg shell in the egg shells in her left hand with the pair of chopsticks in her right hand.,seashell@@@@@chopstick
505.775,C hits the pair of chopsticks on the egg shells with her right hand.,seashell@@@@@chopstick
507.74542,C places the egg shells in the minced meat plate on the countertop with her left hand.,plate
508.48521,C beats the eggs in the bowl with the pair of chopsticks in her right hand.,bowl@@@@@chopstick
509.53167,C holds the bowl on the cutting board with her left hand.,bowl@@@@@chopping_board
509.92449,C tilts the bowl on the cutting board with her left hand.,bowl@@@@@chopping_board
518.34747,C hits the pair of chopsticks on the bowl with her right hand.,bowl@@@@@chopstick
519.25559,C places the pair of chopsticks on the bowl with her right hand.,bowl@@@@@chopstick
519.58469,C holds the carton of milk on the countertop with her left hand.,cart@@@@@milk_can@@@@@can@@@@@carton
519.64475,C turns the cap of the carton of milk on the countertop with her right hand.,cart@@@@@milk_can@@@@@can@@@@@carton
520.34615,C holds the carton of milk on the countertop with her right hand.,cart@@@@@milk_can@@@@@can@@@@@carton
520.50996,C opens the carton of milk with her left hand.,milk_can@@@@@can
521.14538,C lifts the carton of milk from the countertop with her right hand.,cart@@@@@milk_can@@@@@can@@@@@carton
522.29976,C pours some milk from the carton of milk into the bowl of eggs with her right hand.,bowl@@@@@cart@@@@@carton
524.27781,C closes the carton of milk with the cap in her left hand.,bottle_cap@@@@@bottle@@@@@milk_can@@@@@can
526.3126,C places the carton of milk on the countertop with her right hand.,cart@@@@@milk_can@@@@@can@@@@@carton
527.13364,C picks the pair of chopsticks from the top of the bowl of eggs with her right hand.,bowl@@@@@egg@@@@@chopstick
527.4353,C holds the bowl of eggs with her left hand.,bowl@@@@@egg
527.61866,C beats the eggs in the bowl with the pair of chopsticks in her right hand.,bowl@@@@@chopstick
528.16641,C tilts the bowl of eggs with her left hand,bowl@@@@@egg
547.45515,C transfers the pair of chopsticks from her right hand to her left hand.,chopstick
548.9586,C dips her right hand into the bowl of salt on the countertop.,bowl@@@@@saltshaker
549.33753,C pinches some salt in the salt container with her right hand.,saltshaker
549.982,C sprinkles the salt in the bowl of eggs with her right hand.,bowl@@@@@saltshaker@@@@@egg
550.8148,C transfers the pair of chopsticks from her left hand to her right hand.,chopstick
551.08331,C holds the bowl of eggs on the cutting board with her left hand.,bowl@@@@@egg@@@@@chopping_board
551.17816,C beats the eggs in the bowl with the pair of chopsticks in her right hand.,bowl@@@@@chopstick
551.87991,C tilts the bowl of eggs on the cutting board with her left hand.,bowl@@@@@egg@@@@@chopping_board
556.87194,C transfers the pair of chopsticks from her right hand to her left hand.,chopstick
557.78483,C turns the skillet on the gas stove with her right hand.,frying_pan@@@@@stove
558.84754,C touches a gas stove knob with her right hand.,knob
559.6221,C turns the gas stove knob with her right hand.,stove@@@@@knob
565.31159,C transfers the pair of chopsticks from her left hand to her right hand.,chopstick
565.66664,C beats the eggs in the bowl with the pair of chopsticks in her right hand.,bowl@@@@@chopstick
565.7513,C holds the bowl of eggs on the cutting board with her left hand.,bowl@@@@@egg@@@@@chopping_board
566.02153,C tilts the bowl of eggs on the cutting board with her left hand.,bowl@@@@@egg@@@@@chopping_board
575.12187,C hits the pair of chopsticks on the side of the bowl with her right hand.,bowl@@@@@chopstick
576.11726,C transfers the pair of chopsticks from her right hand to her left hand.,chopstick
576.82034,C places the pair of chopsticks on the cutting board with her left hand.,chopping_board@@@@@chopstick
577.56055,C moves the carton of oil on the countertop with her right hand.,cart@@@@@carton
578.64491,C holds the oil container with both hands.,can@@@@@canister
579.11641,C opens the oil container with her right hand.,lamp@@@@@oil_lamp
580.41334,C moves the skillet on the gas stove with her left hand.,frying_pan@@@@@stove
580.42709,C pours some oil from the oil container to the skillet with her right hand.,lamp@@@@@frying_pan@@@@@can@@@@@oil_lamp@@@@@saucepan
581.257,C moves the bowl of minced meat and onion on the countertop with her left hand.,bowl@@@@@onion
583.12457,C closes the oil container with her left hand.,can@@@@@canister
583.87289,C places the oil container on the countertop with her right hand.,bottle
585.16403,C tilts the skillet on the gas stove with her left hand.,frying_pan@@@@@stove
585.75119,C lifts the skillet from the gas stove with her left hand.,frying_pan@@@@@stove
586.40029,C tilts the skillet with her left hand.,frying_pan
590.71269,C places the skillet on the gas stove with her left hand.,stove@@@@@pan_(for_cooking)
591.84803,C picks the bowl of eggs from the cutting board with her left hand.,bowl@@@@@egg@@@@@chopping_board
593.14801,C picks the pair of chopsticks from the cutting board with her right hand.,chopping_board@@@@@chopstick
593.78133,C beats the eggs in the bowl with the pair of chopsticks in her right hand.,bowl@@@@@chopstick
596.80821,C pours the eggs from the bowl to the skillet with her left hand.,bowl
597.92316,C moves some eggs from the bowl to the skillet with the pair of chopsticks in her right hand.,bowl@@@@@egg@@@@@chopstick@@@@@pan_(for_cooking)
602.07633,C places the bowl on the cutting board with her left hand.,bowl@@@@@chopping_board
602.27632,C places the pair of chopsticks on the bowl with her right hand.,bowl@@@@@chopstick
603.41074,C holds the skillet handle with her left hand.,frying_pan@@@@@saucepan@@@@@pan_(for_cooking)
603.67741,C tilts the skillet on the gas stove with her left hand.,frying_pan@@@@@stove
604.02509,C turns the gas stove knob with her right hand.,stove@@@@@knob
606.66325,C picks the spatula fromthe cutting board with her left hand.,spatula@@@@@chopping_board
607.33816,C transfers the spatula from her left hand to her right hand.,spatula
607.77149,C holds the skillet handle with her left hand.,frying_pan@@@@@saucepan@@@@@pan_(for_cooking)
608.81287,C tilts the skillet on the gas stove with her left hand.,frying_pan@@@@@stove
614.61,C moves the spatula around the edge of the eggs in the skillet with her right hand.,spatula
616.06773,C stirs the eggs in the skillet with the spatula in her right hand,spatula@@@@@pan_(for_cooking)
618.26032,C tilts the skillet on the gas stove with her left hand.,frying_pan@@@@@stove
620.18773,C lifts the skillet from the gas stove with her left hand.,frying_pan@@@@@stove
622.60623,C places the skillet on the gas stove with her left hand.,stove@@@@@pan_(for_cooking)
623.1657,C transfers the spatula from her right hand to her left hand.,spatula
623.67738,C turns the gas stove knob with her right hand.,stove@@@@@knob
624.70487,C transfers the spatula from her  left hand to her right hand.,spatula
625.17153,C holds the skillet handle with her left hand.,frying_pan@@@@@saucepan@@@@@pan_(for_cooking)
625.4758,C tilts the skillet on the gas stove with her left hand.,frying_pan@@@@@stove
625.94946,C stirs the eggs in the skillet with the spatula in her right hand.,frying_pan@@@@@spatula
626.63308,C shakes the skillet on the gas stove with her left hand.,stove@@@@@pan_(for_cooking)
627.52131,C moves the spatula on the eggs in the skillet with her right hand.,egg@@@@@frying_pan@@@@@spatula
629.32161,C moves the spatula around the edge of the eggs in the skillet with her right hand.,spatula
630.76309,C moves the spatula on the eggs in the skillet with her right hand.,egg@@@@@frying_pan@@@@@spatula
632.77049,C picks the bowl of minced meat and onion from the countertop with her left hand.,bowl@@@@@onion
633.37012,C moves the eggs in the skillet with the spatula in her right hand.,egg@@@@@frying_pan@@@@@spatula
635.13837,C transfers the minced meat and onion from the bowl to the skillet with the spatula in her right hand.,bowl@@@@@spatula
642.21306,C moves the minced meat and onion on the egg in the skillet with the spatula in her right hand.,egg@@@@@spatula
642.85172,C places the bowl on the countertop with her left hand.,bowl
644.11594,C holds the skillet handle with her left hand.,frying_pan@@@@@saucepan@@@@@pan_(for_cooking)
644.27884,C moves the edge of the eggs in the skillet with the spatula in her right hand.,frying_pan@@@@@spatula
645.05819,C lifts the skillet from the gas stove with her left hand.,frying_pan@@@@@stove
646.11109,C flips a side of the egg over the minced meat and onion with the spatula in her right hand.,egg@@@@@spatula@@@@@onion
646.89971,C moves the omelet in the skillet with the spatula in her right hand.,spatula@@@@@omelet@@@@@pan_(for_cooking)
647.06415,C places the skillet on the gas stove with her left hand.,stove@@@@@pan_(for_cooking)
653.95632,C transfers the spatula from her right hand to her left hand.,spatula
655.42342,C turns the gas stove knob with her right hand.,stove@@@@@knob
656.18536,C places the spatula on the cutting board with her left hand.,spatula@@@@@chopping_board
657.52274,C picks a plate from a stack of plates on the countertop with her right hand.,plate
659.18765,C places the plate on the countertop with her right hand.,plate
660.56901,C picks a plate from a stack of plates on the countertop with her right hand.,plate
662.09694,C holds the plate with both hands.,person@@@@@plate
662.95584,C holds the skillet handle with her left hand.,frying_pan@@@@@saucepan@@@@@pan_(for_cooking)
663.28522,C places the plate on the skillet with her right hand.,frying_pan@@@@@plate
664.35091,C holds the plate on the skillet with her right hand.,frying_pan@@@@@plate
664.69304,C lifts the skillet from the gas stove with her left hand.,frying_pan@@@@@stove
665.04471,C turns the skillet over the plate with her left hand.,frying_pan@@@@@plate
668.60838,C shakes the plate with her right hand.,plate
671.514,C places the skillet on the gas stove with her left hand.,stove@@@@@pan_(for_cooking)
672.21236,C holds the plate with both hands.,person@@@@@plate
673.39592,C moves the bowl on the countertop with her right hand.,bowl
674.15396,C picks the spatula from the cutting board with her right hand.,spatula@@@@@chopping_board
675.08396,C places the plate on the cutting board with her left hand.,chopping_board@@@@@plate
676.05206,C moves a chopstick on the cutting board with her left hand.,chopping_board@@@@@chopstick
676.92412,C moves the omelet on the plate with her left hand.,omelet@@@@@plate
677.58358,C moves the omelet on the plate with the spatula in her right hand.,spatula@@@@@omelet@@@@@plate
680.9287,C lifts the plate from the cutting board with her left hand.,chopping_board@@@@@plate
681.7963,C places the spatula in the skillet with her right hand.,spatula@@@@@pan_(for_cooking)
682.5536,C moves the cutting board on the countertop with her right hand.,chopping_board
683.36033,C holds the plate with both hands.,person@@@@@plate
684.14239,C places the plate on the countertop with both hands.,plate
684.61974,C moves the omelet on the plate with her left hand.,omelet@@@@@plate
684.94924,C picks the spatula from the skillet with her right hand.,spatula@@@@@pan_(for_cooking)
685.84658,C moves the omelet on the plate with the spatula in her right hand.,spatula@@@@@omelet@@@@@plate
691.2047,C places the spatula in the skillet with her right hand.,spatula@@@@@pan_(for_cooking)
694.3149,C picks a bowl from a stack of bowls on the countertop with her right hand.,bowl
695.19565,C places the bowl on the cutting board with her right hand.,bowl@@@@@chopping_board
696.45503,C transfers the soy sauce container from her left hand to her right hand.,bottle@@@@@person
697.86852,C pours some soy sauce from the soy sauce container to the bowl with her right hand.,bowl@@@@@bottle
699.45059,C closes the soy sauce container with the cover in her left hand.,bottle@@@@@bottle_opener@@@@@pen
700.844,C places the soy sauce container on the countertop with her right hand.,table@@@@@bottle
701.04062,C picks a ketchup container from the countertop with her left hand.,table@@@@@bottle
702.47581,C shakes the ketchup container with her right hand.,bottle
703.24036,C opens the ketchup container with her left hand.,bottle
704.75986,C pours some ketchup from the ketchup container to the bowl with her right hand.,bowl@@@@@bottle
706.18503,C closes the ketchup container with the cover in her left hand.,bottle_cap@@@@@bottle
707.49977,C holds the ketchup container with both hands.,bottle
708.15277,C places the ketchup container on the countertop with her right hand.,table@@@@@bottle
708.78764,C touches a spoon in a cutlery holder on the countertop with her right hand.,spoon
710.34645,C picks a spoon from a cutlery holder on the countertop with her right hand.,spoon
712.63786,C transfers the spoon from her right hand to her left hand.,spoon
712.98478,C transfers the spoon from her left hand to her right hand.,spoon
713.84623,C places the spoon in her right hand in the bowl on the cutting board.,bowl@@@@@spoon@@@@@chopping_board
713.99742,C lifts the bowl from the cutting board with her left hand.,bowl@@@@@chopping_board
715.42085,C stirs the soy sauce and ketchup in the bowl with the spoon in her right hand.,bowl@@@@@spoon
717.04299,C places the spoon in her right hand in the bowl.,bowl@@@@@spoon
717.45322,C moves the plate of omelet on the countertop with her right hand.,omelet@@@@@plate
719.04275,C picks the spoon from the bowl with her right hand.,bowl@@@@@spoon
719.2118,C stirs the soy sauce and ketchup in the bowl with the spoon in her right hand.,bowl@@@@@spoon
723.57436,C places the spoon in her right hand in the bowl.,bowl@@@@@spoon
724.011,C moves the plate of omelet on the countertop with her right hand.,omelet@@@@@plate
724.70717,C picks the spoon from the bowl with her right hand.,bowl@@@@@spoon
724.96945,C stirs the soy sauce and ketchup in the bowl with the spoon in her right hand.,bowl@@@@@spoon
726.3285,C scoops some soy sauce and ketchup from the bowl with the spoon in her right hand.,bowl@@@@@spoon
727.65919,C pours the soy sauce and ketchup from the spoon to the plate of omelet with her right hand.,spoon@@@@@plate
729.16739,C scoops some soy sauce and ketchup from the bowl with the spoon in her right hand.,bowl@@@@@spoon
730.92061,C pours the soy sauce and ketchup from the spoon to the plate of omelet with her right hand.,spoon@@@@@plate
732.12898,C scoops some soy sauce and ketchup from the bowl with the spoon in her right hand.,bowl@@@@@spoon
733.90537,C pours the soy sauce and ketchup from the spoon to the plate of omelet with her right hand.,spoon@@@@@plate
734.96918,C places the spoon in her right hand in the bowl.,bowl@@@@@spoon
735.65496,C transfers the bowl from her left hand to her right hand.,bowl@@@@@person
736.29659,C places the bowl on the cutting board with her right hand.,bowl@@@@@chopping_board
737.51788,C transfers the container of dried oregano from her right hand to her left hand.,bottle@@@@@jar
737.76531,C opens the container of dried oregano with her right hand.,bottle@@@@@can@@@@@canister@@@@@jar
739.19872,C pours some dried oregano from the container of dried oregano to the plate of omelet with her right hand.,plate
742.98016,C closes the container of dried oregano with her right hand.,jar
743.3061,C transfers the container of dried oregano from her right hand to her left hand.,bottle@@@@@jar
743.81144,C places the container of dried oregano on the countertop with her right hand.,ring@@@@@can@@@@@jar
744.99562,C touches the omelet in the plate with her left hand.,omelet@@@@@plate
745.36496,C touches the omelet in the plate with her right hand.,omelet@@@@@plate
746.4169,C picks a bowl from the countertop with her right hand.,bowl
747.00828,C transfers the bowl from her right hand to her left hand.,bowl
747.70028,C places the bowl on the countertop with her left hand.,bowl
748.92476,C moves the plate of omelet on the countertop with her right hand.,omelet@@@@@plate
749.32299,C moves her left hand on the plate of omelet.,omelet@@@@@plate
750.58674,C moves the dishcloth on the countertop with her left hand.,dishrag
752.05304,C touches the plate of omelet with both hands.,omelet@@@@@plate
0.44797,C picks the napkin from the countertop with her right hand.,napkin
1.43997,C cleans the countertop with the napkin in her right hand.,napkin
3.43259,C drops the napkin on the countertop with her right hand.,napkin
3.70649,C moves the napkin on the countertop with her right hand.,napkin
14.89829,C opens the refrigerator with her right hand.,person@@@@@refrigerator
17.10279,C picks a pack of minced meat from the refrigerator with her left hand.,refrigerator
19.14038,C picks a pack of onion from the refrigerator with her left hand.,onion@@@@@refrigerator
19.81498,C passes the onion pack from her right hand to her left hand.,onion
20.38718,C drops the onion pack on the countertop with her right hand.,onion
22.12725,C picks a milk pack from the refrigerator with her left hand.,milk_can@@@@@can@@@@@refrigerator
22.4871,C passes the milk pack from her left hand to her right hand.,cart@@@@@milk_can@@@@@can@@@@@carton
23.24753,C drops the milk pack on the countertop with her right hand.,cart@@@@@kitchen_table@@@@@table@@@@@can@@@@@carton
25.10288,C picks an egg box from the refrigerator with her hands.,egg@@@@@refrigerator
26.55243,C closes the door of the refrigerator with her right hand.,person@@@@@refrigerator
28.06272,C drops the egg box on the chopping board with her hands.,egg@@@@@chopping_board
28.93686,C opens the egg box with her hands.,box
31.21529,C picks an egg from the egg box with her right hand.,egg
32.33096,C drops the egg on the countertop with her right hand.,egg
33.28452,C picks an egg from the egg box with her right hand.,egg
35.03714,C drops the egg on the countertop with her right hand.,egg
36.08472,C picks the milk pack from the countertop with her right hand.,cart@@@@@carton
36.65712,C drops the milk pack on the countertop with her right hand.,cart@@@@@kitchen_table@@@@@table@@@@@can@@@@@carton
37.36519,C picks the egg box from the chopping board with her left hand.,egg@@@@@chopping_board
39.06539,C opens the door of the refrigerator with her right hand.,person@@@@@refrigerator
39.81771,C places the egg box in the refrigerator with her left hand.,egg@@@@@refrigerator
41.07181,C closes the door of the refrigerator with her right hand.,person@@@@@refrigerator
41.81218,C closes the door of the refrigerator with her left hand.,person@@@@@refrigerator
42.31254,C cleans her right hand on the napkin on the countertop.,napkin
47.18717,C turns on the stove with her right hand.,stove
52.18231,C moves the skillet on the stove top with her right hand.,stove
57.53235,C drops the minced meat pack on the chopping board with her left hand.,chopping_board
57.93234,C picks the minced meat on the chopping board with her right hand.,meatball@@@@@chopping_board
58.56111,C drops the minced meat in the pack with her right hand.,meatball@@@@@packet
58.90141,C picks the minced meat pack from the chopping board with her left hand.,box@@@@@cart@@@@@chopping_board@@@@@packet@@@@@can@@@@@carton@@@@@canister
61.99133,C picks the minced meat pack from the chopping board with her hands.,chopping_board
64.0742,C picks the onion pack from the countertop with her right hand.,onion
64.29055,C holds the onion pack with her hands.,packet@@@@@onion
64.60523,C unwraps the onion with her hands.,onion
66.17015,C removes the dirt on he onion with her left hand.,onion
67.36329,C drops the onion on the chopping board with her right hand.,chopping_board@@@@@onion
68.38453,C drops the onion pack on the countertop with her left hand.,onion
68.4022,C drops the onion on the chopping board with her right hand.,chopping_board@@@@@onion
68.94782,C picks the onion from the chopping board with her right hand.,chopping_board@@@@@onion
69.11884,C passes the onion from her right hand to her left hand.,onion
69.79677,C peels the onion with her right hand.,peeler_(tool_for_fruit_and_vegetables)@@@@@table@@@@@onion@@@@@eel
73.78007,C drops the onion on the chopping board with her left hand.,chopping_board@@@@@onion
74.04672,C drops the onion peel on the countertop with her right hand.,onion
74.57401,C touches the onion on the chopping board with her hands.,chopping_board@@@@@onion
75.97866,C picks a knife from the knife holder with her right hand.,knife
78.6166,C moves the chopping board on the countertop with her hands.,chopping_board
79.98593,C slices the onion on the chopping board with the knife in her right hand.,knife@@@@@chopping_board@@@@@onion
90.20892,C picks the onion from the chopping board with her left hand.,chopping_board@@@@@onion
90.53201,C drops the onion on the chopping board with her left hand.,chopping_board@@@@@onion
90.6884,C moves the sliced onion on the chopping board with the knife in right hand.,knife@@@@@chopping_board@@@@@onion
91.18465,C moves the onion on the chopping board with her left hand.,chopping_board@@@@@onion
91.88374,C picks the dirt on from the chopping board with her left hand.,chopping_board
92.52252,C drops the dirt on the chopping board with her left hand.,chopping_board
93.05316,C slices the onion on the chopping board with the knife in her right hand.,knife@@@@@chopping_board@@@@@onion
97.14907,C removes the sliced onion on the knife with her left hand.,knife@@@@@onion
97.9492,C moves the sliced onion on the chopping board with the knife in right hand.,knife@@@@@chopping_board@@@@@onion
98.41133,C removes the sliced onion on the knife with her left hand.,knife@@@@@onion
99.07661,C moves the sliced onion on the chopping board with the knife in right hand.,knife@@@@@chopping_board@@@@@onion
99.92658,C slices the onion on the chopping board with the knife in her right hand.,knife@@@@@chopping_board@@@@@onion
108.34808,C removes the sliced onion on the knife with her left hand.,knife@@@@@onion
108.84164,C drops the sliced onion on the chopping board with her left hand.,chopping_board@@@@@onion
109.07497,C picks the onion peel from the chopping board with her left hand.,chopping_board@@@@@onion
110.00543,C drops the onion peel in the trash bin with her left hand.,trash_can@@@@@onion@@@@@can
111.20433,C tilts the skillet with her right hand.,frying_pan
112.69008,C drops the skillet on the stove top with her right hand.,frying_pan@@@@@stove
113.51362,C turns the stove knob with her right hand.,stove@@@@@knob
113.69171,C raises the skillet with her right hand.,frying_pan
114.88998,C drops the skillet on the stove top with her right hand.,frying_pan@@@@@stove
117.38499,C turns the minced meat into the skillet with her right hand.,meatball
122.2534,C picks the onion pack from the countertop with her left hand.,onion
122.41172,C drops the onion pack on the minced meat pack with her left hand.,packet
124.20335,C picks a spatula from the countertop with her left hand.,spatula
125.00173,C passes the spatula from her right hand to her left hand.,spatula
126.13296,C holds the handle of the skillet with her right hand.,frying_pan
126.19961,C stirs the minced meat in the skillet with the spatula in her right hand.,frying_pan@@@@@spatula
144.81631,C moves the knife on the chopping board with her left hand.,knife@@@@@chopping_board
146.07827,C holds the handle of the skillet with her left hand.,handle@@@@@pan_(for_cooking)
146.24493,C stirs the minced meat in the skillet with the spatula in her right hand.,frying_pan@@@@@spatula
187.30893,C passes the spatula from her right hand to her left hand.,spatula
188.14787,C turns the stove knob with her right hand.,stove@@@@@knob
189.61719,C passes the spatula from her left hand to her right hand.,spatula
190.30654,C holds the handle of the skillet with her left hand.,handle@@@@@pan_(for_cooking)
190.4732,C stirs the minced meat in the skillet with the spatula in her right hand.,frying_pan@@@@@spatula
216.84388,C drops the spatula in the skillet with her right hand.,spatula
217.95661,C turns the stove knob with her right hand.,stove@@@@@knob
222.65274,C picks a roll of paper towel from the countertop with her left hand,paper_towel@@@@@towel
223.70248,C cuts a roll from the paper towel with her right hand.,paper_towel@@@@@towel
225.28823,C drops the roll of paper towel on the countertop with her left hand.,paper_towel@@@@@towel
226.06827,C folds the paper towel with her hands.,paper_towel@@@@@towel
229.1314,C picks the chop sticks from the countertop with her right hand.,chopstick
230.4458,C touches the chopping board with the chop sticks in her right hand.,chopping_board@@@@@chopstick
231.70105,C drops the folded paper towel in to the skillet with her left hand.,dishtowel@@@@@towel
232.25002,C rotates the folded paper towel in the skillet with the chop sticks in her right hand.,towel
232.41668,C picks the spatula from the skillet with her left hand.,spatula@@@@@pan_(for_cooking)
243.51349,C removes the minced meat on the paper towel with the spatula in her left hand.,spatula@@@@@paper_towel@@@@@towel
244.75617,C rotates the folded paper towel in the skillet with the chop sticks in her right hand.,towel
248.54783,C drops the spatula in the skillet with her left hand.,frying_pan@@@@@spatula
248.97993,C picks the folded paper towel from the skillet with the chop sticks in her right hand.,paper_towel@@@@@chopstick@@@@@towel
249.79304,C drops the folded paper towel on the chopping board with the chop sticks in her right hand.,chopping_board@@@@@dishtowel@@@@@chopstick@@@@@towel
250.78395,C drops the chop the sticks on the chopping board with her right hand.,chopping_board@@@@@chopstick
251.37884,C touches the chop sticks on the chopping board with her left hand.,chopping_board@@@@@chopstick
251.60695,C picks the knife from the chopping board with her right hand.,knife@@@@@chopping_board
252.49616,C packs the sliced onion from the chopping board with her hands and the knife in her right hand.,knife@@@@@chopping_board@@@@@onion
254.44834,C drops the sliced onion in the skillet with her left hand and the knife in her right hand.,knife@@@@@onion@@@@@pan_(for_cooking)
256.19192,C packs the sliced onion from the chopping board with her hands and the knife in her right hand.,knife@@@@@chopping_board@@@@@onion
257.61219,C drops the sliced onion in the skillet with her left hand and the knife in her right hand.,knife@@@@@onion@@@@@pan_(for_cooking)
257.86593,C wipes off the sliced onion on the knife with her left hand.,knife@@@@@onion
259.37985,C drops the knife on the chopping board with her right hand.,knife@@@@@chopping_board
260.18046,C picks the spatula from the skillet with her right  hand.,spatula@@@@@pan_(for_cooking)
261.24056,C turns the stove knob with her left hand.,stove@@@@@knob
263.7416,C stirs the mix of ingredients in the skillet with the spatula in her right hand.,spatula@@@@@pan_(for_cooking)
264.46438,C moves the skillet on the stove top with her left hand.,stove
276.62757,C tilts the skillet with her left hand.,frying_pan
277.34865,C drops the skillet on the stove top with her left hand.,frying_pan@@@@@stove
277.55944,C stirs the mix of ingredients in the skillet with the spatula in her right hand.,spatula@@@@@pan_(for_cooking)
279.68394,C removes the onion on the spatula with her left hand.,spatula@@@@@onion
279.94977,C drops the sliced onion in the skillet with her left hand.,onion@@@@@pan_(for_cooking)
280.18428,C stirs the mix of ingredients in the skillet with the spatula in her right hand.,spatula@@@@@pan_(for_cooking)
285.33764,C picks the sliced onion on top of the stove with her left hand.,stove@@@@@onion
287.39456,C drops the sliced onion in the skillet with her left hand.,onion@@@@@pan_(for_cooking)
287.67992,C stirs the mix of ingredients in the skillet with the spatula in her right hand.,spatula@@@@@pan_(for_cooking)
288.31342,C holds the handle of the skillet with her left hand.,handle@@@@@pan_(for_cooking)
291.33166,C tilts the skillet with her left hand.,frying_pan
291.33166,C stirs the mix of ingredients in the skillet with the spatula in her right hand.,spatula@@@@@pan_(for_cooking)
358.9297,C covers the rice wine pack with the lid in her left hand.,bucket@@@@@bottle@@@@@can@@@@@wine_bucket@@@@@canister
361.01259,C drops the rice wine pack on the countertop with her left hand.,kitchen_table@@@@@table@@@@@bottle
361.48121,C stirs the mix of ingredients in the skillet with the spatula in her right hand.,spatula@@@@@pan_(for_cooking)
362.289,C holds the handle of the skillet with her left hand.,handle@@@@@pan_(for_cooking)
373.69723,C picks a salt bowl from the countertop with her left hand.,saltshaker
374.54549,C scoops salt bowl from the bowl with the spoon in her right hand.,bowl@@@@@saltshaker@@@@@spoon
376.91026,C drops the salt in the skillet with the spoon in her right hand.,spoon
378.05634,C drops the spoon in the salt bowl with her right hand.,saltshaker@@@@@spoon
378.79826,C drops the salt bowl on the countertop with her left hand.,bowl@@@@@saltshaker
380.40013,C picks a sugar bowl from the countertop with her left hand.,bowl@@@@@sugar_bowl
381.5799,C scoops the sugar from the bowl with the spoon in her right hand.,bowl@@@@@spoon
383.33475,C drops the sugar in the skillet with the spoon in her right hand.,spoon
384.11132,C drops the spoon in the sugar bowl with her right hand.,bowl@@@@@sugar_bowl@@@@@spoon
385.8317,C drops the sugar bowl on the countertop with her left hand.,bowl@@@@@sugar_bowl
386.19836,C stirs the mix of ingredients in the skillet with the spatula in her right hand.,spatula@@@@@pan_(for_cooking)
386.62991,C holds the handle of the spatula with her left hand.,spatula
386.79657,C stirs the mix of ingredients in the skillet with the spatula in her right hand.,spatula@@@@@pan_(for_cooking)
408.63902,C picks soy sauce bottle from the countertop with her left hand.,bottle
409.53182,C opens the soy sauce bottle with her right hand.,bottle
411.29108,C passes the soy sauce bottle  from her right hand to her left hand.,bottle
412.03249,C picks the spatula in the skillet with her left hand.,spatula@@@@@pan_(for_cooking)
412.46078,C pours the soy sauce into the skillet with her right hand.,saucepan@@@@@pan_(for_cooking)
414.51692,C drops the spatula in the skillet with her right hand.,spatula
415.08154,C closes the lid of the soy sauce bottle with her right hand.,bottle
415.5406,C passes the soy sauce bottle from her right hand to her left hand.,bottle
416.09087,C drops the soy sauce bottle on the countertop with her left hand.,bottle
416.66978,C stirs the mix of ingredients in the skillet with the spatula in her right hand.,spatula@@@@@pan_(for_cooking)
417.22391,C holds the handle of the skillet with her left hand.,handle@@@@@pan_(for_cooking)
423.13304,C tilts the skillet with her left hand.,frying_pan
443.17527,C turns off the stove with her left hand.,stove
445.23456,C picks a bowl from the stack of bowl on the countertop with her left hand.,bowl
446.59298,C stirs the mix of ingredients in the skillet with the spatula in her right hand.,spatula@@@@@pan_(for_cooking)
446.84418,C drops the bowl on the countertop with her left hand.,bowl
448.00656,C gathers the ingredients in the skillet with the spatula in her right hand.,spatula
448.69327,C picks the skillet from the stove top with her left hand.,stove@@@@@pan_(for_cooking)
450.11895,C transfers the mix of ingredients in the skillet with the spatula in her right hand.,spatula@@@@@pan_(for_cooking)
459.11327,C drops the skillet on the stove top with her left hand.,frying_pan@@@@@stove
460.87878,C drops the spatula on the chopping board with her right hand.,spatula@@@@@chopping_board
462.36573,C rolls out from the roll of paper towel with her right hand.,paper_towel@@@@@towel
463.46443,C cuts a roll from the paper towel with her right hand.,paper_towel@@@@@towel
465.93392,C cleans the skillet with the paper towel in her right hand.,paper_towel@@@@@towel@@@@@pan_(for_cooking)
475.48616,C drops the used paper towel in the trash bin with her right hand.,trash_can@@@@@can@@@@@paper_towel@@@@@towel
477.59463,C picks an egg bowl from the countertop with her left hand.,bowl
478.5135,C moves the knife and the spatula on the chopping board with her right hand.,knife@@@@@spatula@@@@@chopping_board
479.07836,C drops the egg bowl on the countertop with her left hand.,bowl
479.68288,C picks the egg from the countertop with her right hand.,egg@@@@@can
480.36859,C cracks the egg on the egg bowl with her right hand.,bowl@@@@@egg
481.8547,C pours the egg into the bowl with her hands.,bowl@@@@@egg
483.31195,C holds the egg shell with her hands.,person@@@@@seashell
484.10644,C drops the egg shell on the countertop with her left hand.,seashell
484.34373,C picks the egg from the countertop with her right hand.,egg@@@@@can
484.85859,C cracks the egg on the egg bowl with her right hand.,bowl@@@@@egg
486.00516,C pours the egg into the bowl with her hands.,bowl@@@@@egg
487.98651,C holds the egg shell with her hands.,person@@@@@seashell
488.84657,C drops the egg shell on the countertop with her left hand.,seashell
489.28015,C picks the chop sticks from the chopping board with her right hand.,chopping_board@@@@@chopstick
490.63047,C picks the egg shells from the countertop with her left hand.,seashell
491.07096,C drops the egg shell on the chopping board with her left hand.,chopping_board@@@@@seashell
491.38023,C picks the egg shell in the egg bowl with the chop sticks in her right hand.,bowl@@@@@chopstick
495.10948,C drops the egg shell in the egg shell in her left hand with the chop sticks in her right hand.,seashell@@@@@chopstick
496.73709,C picks the egg shell in the egg bowl with the chop sticks in her right hand.,bowl@@@@@chopstick
497.97419,C drops the egg shell in the egg shell in her left hand with the chop sticks in her right hand.,seashell@@@@@chopstick
499.09908,C picks the egg shell in the egg bowl with the chop sticks in her right hand.,bowl@@@@@chopstick
500.3846,C drops the egg shell in the egg shell in her left hand with the chop sticks in her right hand.,seashell@@@@@chopstick
502.13692,C picks the egg shell in the egg bowl with the chop sticks in her right hand.,bowl@@@@@chopstick
505.22373,C drops the egg shell in the egg shell in her left hand with the chop sticks in her right hand.,seashell@@@@@chopstick
506.53725,C touches the countertop with the egg shell in her left hand.,seashell
507.68811,C drops the egg shell in the minced meat pack with her left hand.,seashell
508.51306,C whisks the egg in the bowl with the chop sticks in her right hand.,bowl@@@@@egg@@@@@chopstick
509.79614,C tilts the egg bowl with her left hand.,bowl@@@@@soup@@@@@soup_bowl
517.97082,C drops the egg bowl on the chopping board with her left hand.,bowl@@@@@chopping_board
518.95176,C drops the chop sticks on the egg bowl with her right hand.,bowl@@@@@chopstick
519.78257,C opens the milk pack with her right hand.,milk_can@@@@@can
520.43703,C opens the milk pack with her left hand.,milk_can@@@@@can
521.08242,C picks the milk pack from the countertop with her right hand,cart@@@@@milk_can@@@@@can@@@@@carton
522.46456,C pours milk into the egg bowl with her right hand.,bowl@@@@@milk_can@@@@@can
524.25288,C covers the milk pack with the lid in her left hand.,milk_can@@@@@can
526.37431,C drops the milk pack on the countertop with her right hand.,cart@@@@@kitchen_table@@@@@table@@@@@can@@@@@carton
527.20657,C picks the chop sticks from the egg bowl with her right hand.,bowl@@@@@chopstick
527.65275,C whisks the egg in the bowl with the chop sticks in her right hand.,bowl@@@@@egg@@@@@chopstick
527.66624,C tilts the egg bowl with her left hand.,bowl@@@@@soup@@@@@soup_bowl
547.26689,C passes the chop sticks from her right hand to her left hand.,chopstick
548.98687,C takes a pinch of salt from the salt bowl with her right hand.,saltshaker
550.11517,C sprinkles the salt in the egg bowl with her right hand.,bowl@@@@@saltshaker
550.72385,C passes the chop sticks from her left hand to her right hand.,chopstick
551.02577,C whisks the egg in the bowl with the chop sticks in her right hand.,bowl@@@@@egg@@@@@chopstick
551.60127,C tilts the egg bowl with her left hand.,bowl@@@@@soup@@@@@soup_bowl
556.7558,C passes the chop sticks from her right hand to her left hand.,chopstick
557.8922,C moves the skillet on the stove top with her right hand.,stove
559.02834,C turns on the stove with her right hand.,stove
565.22833,C passes the chop sticks from her left hand to her right hand.,chopstick
565.82228,C whisks the egg in the bowl with the chop sticks in her right hand.,bowl@@@@@egg@@@@@chopstick
565.8638,C tilts the egg bowl with her left hand.,bowl@@@@@soup@@@@@soup_bowl
574.94136,C drops the egg bowl on the chopping board with her left hand.,bowl@@@@@chopping_board
576.11024,C passes the chop sticks from her right hand to her left hand.,chopstick
576.5617,C drops the chop sticks on the chopping board with her left hand.,chopping_board@@@@@chopstick
578.27372,C picks the oil bottle from the countertop with her right hand.,bottle
579.03341,C opens the oil bottle with her right hand.,bottle
579.75916,C passes the oil bottle from her right hand to her left hand.,bottle
580.33659,C holds the handle of the skillet with her left hand.,handle@@@@@pan_(for_cooking)
580.46992,C holds the handle of the skillet with her left hand.,handle@@@@@pan_(for_cooking)
581.12817,C turns oil from the bottle into the skillet with her right hand.,bottle@@@@@pan_(for_cooking)
583.16105,C closes the lid of the oil bottle with her left hand.,bottle
583.74213,C drops the oil bottle on the countertop with her right hand.,bottle
585.34938,C rotates the skillet with her left hand.,frying_pan
590.4461,C drops the skillet on the stove top with her left hand.,frying_pan@@@@@stove
592.0729,C picks the egg bowl from the chopping board with her left hand.,bowl@@@@@chopping_board
593.06974,C picks the chop sticks from the chopping board with her right hand.,chopping_board@@@@@chopstick
593.81283,C whisks the egg in the bowl with the chop sticks in her right hand.,bowl@@@@@egg@@@@@chopstick
597.29032,C pours the egg mixture in the bowl into the skillet with her left hand.,bowl@@@@@frying_pan
601.99928,C drops the egg bowl on the chopping board with her left hand.,bowl@@@@@chopping_board
602.32085,C drops the chop sticks on the egg bowl with her right hand.,bowl@@@@@chopstick
603.45157,C holds the handle of the skillet with her left hand.,handle@@@@@pan_(for_cooking)
603.73115,C turns the stove knob with her right hand.,stove@@@@@knob
606.52085,C picks the spatula from the chopping board with her left hand.,spatula@@@@@chopping_board
607.27625,C passes the spatula from her left hand to her right hand.,spatula
608.52318,C rotates the skillet with her left hand.,frying_pan
614.79097,C stirs the egg in the skillet with the spatula in her right hand.,egg@@@@@spatula@@@@@pan_(for_cooking)
618.98069,C rotates the skillet with her left hand.,frying_pan
623.09456,C passes the spatula from her right hand to her left hand.,spatula
623.74414,C turns the stove knob with her right hand.,stove@@@@@knob
624.68122,C passes the spatula from her left hand to her right hand.,spatula
625.17218,C holds the handle of the skillet with her left hand.,handle@@@@@pan_(for_cooking)
625.55149,C stirs the egg in the skillet with the spatula in her right hand.,egg@@@@@spatula@@@@@pan_(for_cooking)
626.00025,C shakes the skillet with her left hand.,frying_pan@@@@@saucepan@@@@@pan_(for_cooking)
627.46253,C stirs the egg in the skillet with the spatula in her right hand.,egg@@@@@spatula@@@@@pan_(for_cooking)
632.91897,C picks the bowl of mixed ingredients from the countertop with her left hand.,bowl
635.2775,C transfers the mix of ingredients in the bowl into skillet with her left hand and the spatula in her right hand.,bowl@@@@@spatula
642.13163,C spreads the mix of ingredients in the skillet with the spatula in her right hand.,frying_pan@@@@@spatula
644.19589,C folds the omelet with the spatula in her right hand.,spatula@@@@@omelet
645.61443,C picks the skillet with from the stove top with her left hand.,stove@@@@@pan_(for_cooking)
647.02054,C moves the folded omelet in the skillet with the spatula in her right hand.,frying_pan@@@@@spatula@@@@@omelet
653.9555,C passes the spatula from her right hand to her left hand.,spatula
655.61299,C turns off the stove with her right hand.,stove
656.12234,C drops the spatula on the chopping board with her left hand.,spatula
657.7439,C picks a plate from the stack of plate with her right hand.,plate
659.09279,C drops the plate on the countertop with her right hand.,plate
660.63257,C picks a plate from the stack of plate with her right hand.,plate
662.07488,C touches the plate with her left hand.,plate
663.5131,C covers the skillet with the plate in her right hand.,frying_pan@@@@@plate
671.3979,C drops the skillet on the stove top with her left hand.,frying_pan@@@@@stove
672.13344,C passes the plate of omelet from her right hand to her left hand.,omelet@@@@@plate
673.47078,C moves the bowl of mixed ingredients on the countertop with her right hand.,bowl@@@@@spoon@@@@@fork@@@@@spatula@@@@@ladle@@@@@chopstick
674.29101,C picks the spatula from the chopping board with her right hand.,spatula@@@@@chopping_board
675.23397,C drops the plate of omelet on the countertop with her left hand.,omelet@@@@@plate
676.20109,C moves the chop sticks on the chopping board with her left hand.,chopping_board@@@@@chopstick
677.05936,C arranges the omelet on the plate with her left hand and the spatula in her right hand.,spatula@@@@@omelet@@@@@plate
681.58055,C picks the plate of omelet from the countertop with her left hand.,omelet@@@@@plate
681.76336,C drops the spatula in the skillet with her right hand.,spatula
682.69304,C moves the chopping board on the countertop with her right hand.,chopping_board
683.33542,C holds the plate of omelet with her hands.,omelet@@@@@plate
683.82804,C drops the plate of omelet on the countertop with her hands.,omelet@@@@@plate
684.69041,C touches the omelet on the plate with her left hand.,omelet@@@@@plate
685.12376,C picks the spatula from the skillet with her right hand.,spatula@@@@@pan_(for_cooking)
685.6732,C arranges the omelet on the plate with her left hand and the spatula in her right hand.,spatula@@@@@omelet@@@@@plate
691.27045,C drops the spatula in the skillet with her right hand.,spatula
694.47671,C picks a mixing bowl from the stack of bowl with her right hand.,bowl
695.26768,C drops the mixing bowl on the chopping board with her right hand.,bowl@@@@@chopping_board
695.82646,C picks an oyster sauce from the countertop with her left hand.,bottle
696.43825,C holds the oyster sauce bottle with her hands.,bottle
696.86178,C opens the oyster sauce bottle with her left hand.,bottle
697.89462,C turns the oyster sauce into the mixing bowl with her right hand.,bowl@@@@@bottle@@@@@saucepan@@@@@jar
699.43965,C covers the oyster sauce with the lid in her left hand.,bottle
700.75765,C drops the oyster bottle on the countertop with her right hand.,bottle
701.04385,C picks the ketchup bottle on the countertop with her left hand.,bottle
701.45737,C holds the ketchup bottle with her hands.,bottle
701.85873,C opens the ketchup bottle with her left hand.,bottle
702.43716,C shakes the ketchup bottle with her right hand.,bottle
703.30274,C opens the ketchup bottle with her left hand.,bottle
704.57559,C turns the ketchup into the mixing bowl with her right hand.,bowl@@@@@bottle@@@@@condiment
706.15835,C covers the ketchup bottle with the lid in her left hand.,bottle_cap@@@@@bottle
708.08883,C drops the ketchup bottle on the countertop with her right hand.,bottle
709.0997,C touches the spoon in the rack with her right hand.,spoon
710.55641,C picks a spoon from the rack with her right hand.,spoon
712.61733,C passes the spoon from her right hand to her left hand.,spoon
712.90769,C passes the spoon from her left hand to her right hand.,spoon
713.97347,C picks the mixing bowl from the chopping board with her left hand.,bowl@@@@@chopping_board
714.02913,C stirs the ingredients in the mixing bowl with the spoon in her right hand.,bowl@@@@@spoon
716.81313,C drops the spoon in the mixing bowl with her right hand.,bowl@@@@@spoon
717.72499,C turns the plate of omelet on the countertop with her right hand.,omelet@@@@@plate
719.08922,C stirs the ingredients in the mixing bowl with the spoon in her right hand.,bowl@@@@@spoon
723.95875,C moves the plate of omelet on the countertop with her right hand.,omelet@@@@@plate
724.74338,C stirs the ingredients in the mixing bowl with the spoon in her right hand.,bowl@@@@@spoon
726.51983,C scoops the mixture from the bowl with the spoon in her right hand.,bowl@@@@@spoon
727.60439,C drops the mixture on the omelet with the spoon in her right hand.,spoon@@@@@omelet
729.30083,C scoops the mixture from the bowl with the spoon in her right hand.,bowl@@@@@spoon
730.95451,C drops the mixture on the omelet with the spoon in her right hand.,spoon@@@@@omelet
732.75767,C scoops the mixture from the bowl with the spoon in her right hand.,bowl@@@@@spoon
733.92664,C drops the mixture on the omelet with the spoon in her right hand.,spoon@@@@@omelet
734.9395,C drops the spoon in the mixing bowl with her right hand.,bowl@@@@@spoon
735.47121,C passes the mixing bowl from her left hand to her right hand.,bowl
736.16334,C drops the mixing bowl on the chopping board with her right hand.,bowl@@@@@chopping_board
737.5035,C holds the black pepper container with her hands.,pepper_mill
737.87407,C opens the black pepper container with her right hand.,pepper_mill
738.8497,C sprinkles the black pepper on the omelet with her right hand.,pepper_mill@@@@@omelet
743.0375,C closes the lid on the black pepper container with her right hand.,pepper_mill
743.93049,C drops the black pepper container on the countertop with her right hand,pepper_mill@@@@@condiment
745.34249,C touches the omelet with her hands.,omelet
746.36274,C picks the bowl from the countertop with her right hand.,bowl
746.98994,C passes the bowl from her right hand to her left hand.,bowl@@@@@person
747.84907,C drops the bowl on the countertop with her right hand.,bowl
749.20358,C touches the plate of omelet with her hands.,omelet@@@@@plate
750.74894,C moves the napkin on the countertop with her left hand.,napkin
751.82828,C touches the plate of omelet with her hands.,omelet@@@@@plate
