timestamp,narration,object
5.081,C gets pack of rapid test stick from the table,packet@@@@@can
8.49336,C removes the rapid test stick from the pack,packet@@@@@can
10.05349,C drops the rapid test stick wrap on the table,packet@@@@@can@@@@@box
13.37779,C unfolds the instruction manual,booklet@@@@@book@@@@@can
24.78572,C opens the lid of the rapid test stick,jar@@@@@canister@@@@@can
42.52865,C touches the instruction manual on the table,booklet@@@@@book@@@@@can
44.15025,C checks the time on her wristwatch,watch@@@@@can
47.39901,C checks the instruction manual on the table,booklet@@@@@book@@@@@can
83.11692,C checks the time on her wristwatch,watch@@@@@can
104.60665,C flips the instruction manual to read,booklet@@@@@book@@@@@can
118.88246,C covers the rapid test kit with its lid,jar@@@@@canister@@@@@can
120.67887,C picks up instruction paper,booklet@@@@@book@@@@@can
121.54983,C returns the rapid test stick and instruction manual to the pack,packet@@@@@booklet@@@@@book@@@@@can
124.70547,C disposes the rapid test stick in the waste bin,trash_can@@@@@can
129.0283,C moves cutter on the table,knife@@@@@can@@@@@scissors
