timestamp,narration,object
8.71148,C turns the sink faucet knob with his right hand.,faucet@@@@@knob
9.16039,C dispenses soap into his left hand from the soap dispenser on the countertop.,pen@@@@@soap@@@@@dispenser
9.79368,C places his right hand under the running water from the sink faucet.,sink@@@@@faucet
10.61673,C rubs the soap in both hands.,soap@@@@@person
13.19423,C washes both hands under running water from the sink faucet.,sink@@@@@faucet
16.92686,C stops the running water with the sink faucet knob with his right hand.,faucet@@@@@knob
20.59973,C picks the paper towel from the countertop with his right hand.,paper_towel@@@@@towel
21.51828,C tears a piece of the paper towel in his right hand with his left hand.,paper_towel@@@@@towel
22.75156,C places the paper towel on the countertop with his right hand.,table@@@@@paper_towel@@@@@kitchen_table@@@@@can@@@@@dining_table@@@@@towel
23.45153,C cleans both hands with the paper towel in his left hand.,paper_towel@@@@@towel
25.81786,C disposes the paper towel in the waste bin with his left hand.,paper_towel@@@@@can@@@@@trash_can@@@@@towel
26.8882,C opens the refrigerator door with his left hand.,refrigerator@@@@@person
27.50161,C holds the refrigerator door with his right hand.,refrigerator
28.4558,C picks a packet of cherry tomato from the refrigerator with his left hand.,refrigerator@@@@@packet
30.46533,C closes the refrigerator door with his right hand.,refrigerator@@@@@person
30.81567,C holds the packet of cherry tomatoes with both hands.,packet
31.48969,C opens the packet of cherry tomato in his right hand with his left hand.,packet
35.01801,C picks the cherry tomato from the packet of cherry tomatoes in his right hand with his left hand.,packet
36.77483,C places the cherry tomatoes on the chopping board with his left hand.,chopping_board
37.79357,C closes the packet of cherry tomatoes in his right hand with his left hand.,packet
38.11847,C holds the packet of cherry tomatoes with both hands.,packet
39.72678,C passes the packet of cherry tomatoes from his right hand to his left hand.,packet
39.87665,C opens the refrigerator door with his right hand.,refrigerator@@@@@person
40.77322,C places the packet of tomatoes in the refrigerator with his left hand.,refrigerator@@@@@packet
42.13786,C picks an egg from the refrigerator with his left hand.,egg@@@@@refrigerator
43.78164,C closes the refrigerator door with his right hand.,refrigerator@@@@@person
44.03637,C passes the egg from his left hand to his right hand.,egg
44.96074,C places the egg on the countertop with his right hand.,egg@@@@@table@@@@@kitchen_table@@@@@can
45.60261,C picks the cherry tomatoes from the chopping board with his right hand.,chopping_board
46.80941,C turns the sink faucet knob with his left hand.,faucet@@@@@knob
47.5614,C washes the cherry tomatoes in his right hand under the running water from the sink faucet.,sink@@@@@faucet
47.82805,C washes the cherry tomatoes under the running water from the sink faucet with both hands.,sink@@@@@faucet
49.63047,C stops the running water with the sink faucet knob with his left hand.,faucet@@@@@knob
52.22839,C places the cherry tomatoes on the chopping board with his right hand.,chopping_board
54.32645,C places the cherry tomato on the chopping board with his right hand.,chopping_board
54.70196,C picks a cherry tomato from the chopping board with his right hand.,chopping_board@@@@@can@@@@@mushroom
56.38527,C places the cherry tomato on the chopping board with his right hand.,chopping_board
56.82782,C picks a cherry tomato from the chopping board with his right hand.,chopping_board@@@@@can@@@@@mushroom
58.94245,C places the cherry tomato on the chopping board with his right hand.,chopping_board
59.431,C disposes of the cherry tomato stalk in the waste bin with his left hand.,can
60.54083,C picks the egg from the countertop with his right hand.,egg
60.83946,C moves the cherry tomato on the chopping board with his left hand.,chopping_board@@@@@can
61.29759,C cracks the egg on the countertop with his right hand.,egg@@@@@chopping_board@@@@@table@@@@@kitchen_table@@@@@can@@@@@dining_table
62.89945,C peels the eggshell with his left hand.,egg
67.14848,C disposes the eggshell into the waste bin with his left hand.,crate@@@@@can@@@@@trash_can
67.96739,C peels the eggshell with his left hand.,egg
69.27292,C disposes the eggshell into the waste bin with his left hand.,crate@@@@@can@@@@@trash_can
69.48917,C peels the eggshell with his left hand.,egg
70.72649,C disposes the eggshell into the waste bin with his left hand.,crate@@@@@can@@@@@trash_can
70.93358,C peels the eggshell with his left hand.,egg
72.73246,C disposes the eggshell into the waste bin with his left hand.,crate@@@@@can@@@@@trash_can
72.93388,C peels the eggshell with his left hand.,egg
76.554,C disposes the eggshell into the waste bin with his left hand.,crate@@@@@can@@@@@trash_can
76.89257,C peels the eggshell with his left hand.,egg
77.57385,C disposes the eggshell into the waste bin with his left hand.,crate@@@@@can@@@@@trash_can
79.26519,C places the egg on the chopping board with his right hand.,egg@@@@@chopping_board
80.31485,C picks a knife from the knife block on the countertop with his left hand.,knife
81.49869,C passes the knife from his left hand to his right hand.,knife
82.02605,C holds the egg on the chopping board with his left hand.,egg@@@@@chopping_board
82.24036,C cuts the egg on the chopping board with the knife in his right hand.,egg@@@@@chopping_board@@@@@knife
85.69676,C picks the egg yolk from the albumen on the chopping board with his left hand.,egg@@@@@chopping_board
87.2618,C places the egg yolk on the chopping board with his left hand.,egg@@@@@chopping_board
87.68867,C picks the egg yolk from the chopping board with his left hand.,egg@@@@@chopping_board
88.77792,C places the egg yolk on the chopping board with his left hand.,egg@@@@@chopping_board
89.21329,C picks the albumen from the chopping board with his left hand.,egg@@@@@chopping_board
94.05491,C cuts the albumen on the chopping board with the knife in his right hand.,chopping_board@@@@@knife
98.22929,C holds the knife with both hands.,person@@@@@knife
98.4627,C cuts the albumen on the chopping board with the knife in both hands.,chopping_board@@@@@knife
117.27415,C moves the egg yolk from the chopping board with his left hand.,egg@@@@@chopping_board
118.38312,C cuts the egg yolk on the chopping board with the knife in his right hand.,chopping_board@@@@@knife
121.89476,C holds the knife with both hands.,person@@@@@knife
121.99475,C cuts the egg yolk on the chopping board with the knife in both hands.,chopping_board@@@@@knife
141.11914,C places the knife on the chopping board with his right hand.,chopping_board@@@@@knife
143.20474,C picks a spoon from the cutlery holder on the countertop with his right hand.,spoon
147.0453,C opens the salt container on the countertop with his right hand.,saltshaker@@@@@table
149.72723,C scoops salt from the salt container with the spoon in his right hand.,saltshaker@@@@@spoon
153.49024,C adds salt to the cut egg on the chopping board with the spoon in his right hand.,egg@@@@@chopping_board@@@@@spoon
156.05124,C closes the salt container with his left hand.,saltshaker
158.3794,C places the spoon on the chopping board with his right hand.,chopping_board@@@@@spoon
159.60941,C turns the sink faucet knob with his left hand.,faucet@@@@@knob
160.34848,C washes his left hand under running water from the sink faucet.,sink@@@@@faucet
165.58421,C opens the refrigerator door with his right hand.,refrigerator@@@@@person
168.74503,C closes the refrigerator door with his right hand.,refrigerator@@@@@person
171.55178,C picks the knife from the chopping board with his right hand.,chopping_board@@@@@knife
173.1497,C turns the sink faucet knob with his left hand.,faucet@@@@@knob
174.19146,C picks a sponge from the sink with his left hand.,sink@@@@@sponge
174.56136,C places the knife under running water from the sink faucet with his right hand.,sink@@@@@faucet@@@@@knife
175.01667,C washes the knife in his right hand under running water from the sink faucet with the sponge in his left hand.,sink@@@@@faucet@@@@@sponge@@@@@knife
177.95734,C drops the sponge in the sink with his left hand.,sink@@@@@sponge
178.38848,C washes his left hand under running water from the sink faucet.,sink@@@@@faucet
178.78846,C washes the knife under running water from the sink faucet with his right hand.,sink@@@@@faucet@@@@@knife
179.20877,C washes his left hand under running water from the sink faucet.,sink@@@@@faucet
179.88888,C stops the running water with the sink faucet knob with his left hand.,faucet@@@@@knob
189.47043,C places the cabbage on the chopping board with his right hand.,chopping_board
190.21727,C cuts the cabbage on the chopping board with the knife in his right hand.,chopping_board@@@@@knife
194.65056,C places the knife on the countertop with his right hand.,knife
195.32232,C picks the cabbage from the chopping board with his right hand.,chopping_board
201.89512,C opens the refrigerator door with his right hand.,refrigerator@@@@@person
203.42729,C places the cabbage pack in the refrigerator with his left hand.,refrigerator
203.86062,C picks a white radish pack from the refrigerator with his left hand.,radish@@@@@refrigerator
204.69395,C passes the white radish pack from his left hand to his right hand.,hat@@@@@radish@@@@@can
206.20688,C closes the refrigerator door with his right hand.,refrigerator@@@@@person
207.13588,C places the white radish pack on the countertop with his right hand.,table@@@@@radish
208.43623,C places the cabbage on the chopping board with his left hand.,chopping_board
209.50026,C cuts the cabbage stalk on the chopping board with the knife in his right hand.,chopping_board@@@@@knife
210.35445,C picks the cabbage stalk from the chopping board with his left hand.,chopping_board
210.68778,C places the knife on the countertop with his right hand.,knife
211.58777,C disposes the cabbage stalk in the waste bin with his left hand.,can@@@@@trash_can
212.66791,C picks the cabbage from the chopping board with both hands.,chopping_board
215.53855,C places the cut cabbage on the chopping board with his left hand.,chopping_board
217.67419,C places the cut cabbage on the chopping board with his left hand.,chopping_board
219.98688,C places the cut cabbage on the chopping board with his right hand.,chopping_board
222.09279,C places the cut cabbage on the chopping board with his left hand.,chopping_board
222.15946,C places the cut cabbage on the chopping board with his right hand.,chopping_board
222.9088,C moves the cut cabbage on the chopping board with his left hand.,chopping_board
223.56639,C picks the cherry tomato from the chopping board with his left hand.,chopping_board
223.87015,C picks the knife from the countertop with his right hand.,knife
224.32774,C places the cherry tomato on the chopping board with his left hand.,chopping_board
225.34693,C slices the cherry tomato on the chopping board with the knife in his right hand.,chopping_board@@@@@knife
227.44691,C places the sliced cherry tomato on the chopping board with his left hand.,chopping_board
227.91357,C picks the cherry tomato from the chopping board with his left hand.,chopping_board
228.50777,C places the cherry tomato on the chopping board with his left hand.,chopping_board
228.80776,C slices the cherry tomato on the chopping board with the knife in his right hand.,chopping_board@@@@@knife
231.20659,C places the sliced cherry tomato on the chopping board with his left hand.,chopping_board
232.19049,C picks the cherry tomato from the chopping board with his left hand.,chopping_board
232.71229,C places the cherry tomato on the chopping board with his left hand.,chopping_board
232.95309,C slices the cherry tomato on the chopping board with the knife in his right hand.,chopping_board@@@@@knife
234.64807,C places the sliced cherry tomato on the chopping board with his left hand.,chopping_board
236.60212,C places the knife on the countertop with his right hand.,knife
243.29375,C disposes of the cucumber pack in the waste bin with his right hand.,can@@@@@trash_can
244.19875,C picks the knife from the countertop with his right hand.,knife
244.90209,C places the cucumber on the chopping board with his left hand.,chopping_board
245.28594,C cuts the cucumber stalk on the chopping board with the knife in his right hand.,chopping_board@@@@@knife
247.7186,C picks the cucumber stalk from the knife with his left hand.,knife
249.16241,C holds the cucumber on the chopping board with his left hand.,chopping_board
249.7624,C slices the cucumber on the chopping board with the knife in his right hand.,chopping_board@@@@@knife
264.84805,C moves the sliced cucumber on the chopping board with his left hand.,chopping_board
265.14803,C places the knife on the countertop with his right hand.,knife
265.7926,C opens the white radish pack on the countertop with his right hand.,radish
266.65922,C picks a white radish from the white radish pack on the countertop with his left hand.,radish
268.16215,C picks the knife from the countertop with his right hand.,knife
271.82543,C peels the white radish in his left hand with the knife in his right hand.,radish@@@@@knife
277.29031,C disposes the white radish peel in the waste bin with his right hand.,radish@@@@@can@@@@@trash_can
279.81598,C places the white radish on the chopping board with his left hand.,chopping_board@@@@@radish
279.84605,C moves the sliced cucumber on the chopping board with the knife in his right hand.,chopping_board@@@@@knife
282.61265,C slices the white radish on the chopping board with the knife in his right hand.,chopping_board@@@@@radish@@@@@knife
294.8707,C places the knife on the countertop with his right hand.,knife
295.65949,C separates the sliced white radish with both hands.,radish
303.42642,C picks a mixing bowl from the countertop with his left hand.,bowl
304.88297,C places the mixing bowl on the countertop with his left hand.,table@@@@@bowl
306.03469,C opens the refrigerator door with his right hand.,refrigerator@@@@@person
307.40885,C touches the refrigerator door with his left hand.,refrigerator
308.36472,C wraps the white radish on the countertop with both hands.,radish
309.09639,C picks the white radish pack from the countertop with his left hand.,table@@@@@radish@@@@@kitchen_table
311.45589,C places the white radish pack in the refrigerator with his left hand.,radish@@@@@refrigerator
312.76518,C picks a mayonnaise bottle from the refrigerator with his left hand.,refrigerator@@@@@bottle
313.97989,C passes the mayonnaise bottle from his left hand to his right hand.,bottle
314.50899,C closes the refrigerator door with his left hand.,refrigerator@@@@@person
316.02679,C opens the cap of the mayonnaise bottle in his right hand with his left hand.,bottle_cap@@@@@bottle
317.37386,C holds the mayonnaise bottle with both hands.,bottle
318.11057,C holds the mayonnaise bottle with his right hand.,bottle
318.70262,C moves the mixing bowl on the countertop with his left hand.,table@@@@@bowl
320.28346,C picks a spoon from the cutlery holder on the countertop with his left hand.,spoon
325.77497,C squeezes the mayonnaise bottle in his right hand on the spoon in his left hand.,spoon@@@@@bottle
328.76725,C shakes the spoonful of mayonnaise with his left hand.,spoon
329.60538,C squeezes the mayonnaise bottle in his right hand on the spoon in his left hand.,spoon@@@@@bottle
330.44948,C pours the spoonful of mayonnaise into the mixing bowl with his left hand.,spoon@@@@@bowl
331.38455,C places the spoon in the mixing bowl with his left hand.,spoon@@@@@bowl
332.51563,C closes the cap of the mayonnaise bottle with his left hand.,bottle_cap@@@@@bottle
333.98119,C drops the mayonnaise bottle on the countertop with his right hand.,table@@@@@bottle
334.53556,C picks a bottle of oil from the countertop with his right hand.,table@@@@@can@@@@@bottle
335.36749,C holds the bottle of oil with both hands.,bottle@@@@@lamp@@@@@oil_lamp
335.97364,C opens the cap of the oil bottle with his left hand.,bottle_cap@@@@@bottle
337.68504,C picks the spoon from the countertop with his left hand.,spoon
339.20101,C cleans the spoon in the sink with his left hand.,sink@@@@@spoon
341.18111,C squeezes some oil from the oil bottle in his right hand on the spoon in his left hand.,spoon@@@@@bottle
344.95583,C pours the spoonful of oil into the mixing bowl with his left hand.,spoon@@@@@bowl
347.53967,C places the spoon on the countertop with his left hand.,spoon
348.42236,C places the oil bottle on the countertop with his right hand.,table@@@@@bottle
350.541,C picks the knife from the countertop with his right hand.,knife
350.787,C picks the sliced cucumber from the chopping board with his left hand.,chopping_board
351.39421,C places the knife on the countertop with his right hand.,knife
354.65385,C adds a sliced cucumber to the mixing bowl with his right hand.,bowl@@@@@knife
355.85382,C adds a sliced cucumber to the mixing bowl with his right hand.,bowl@@@@@knife
356.97991,C adds the sliced cucumber to the mixing bowl with both hands.,bowl
358.70551,C picks the cut cabbage from the chopping board with his left hand.,chopping_board@@@@@table@@@@@saucepan@@@@@can@@@@@pot
359.11636,C packs the cut cabbage from the chopping board with both hands.,chopping_board
360.53318,C adds the cut cabbage to the mixing bowl with both hands.,hat@@@@@bowl@@@@@can
361.47313,C picks the sliced white radish from the chopping board with both hands.,chopping_board@@@@@radish
362.85685,C adds the sliced white radish to the mixing bowl with both hands.,radish@@@@@bowl
363.54615,C picks the sliced white radish from the chopping board with both hands.,chopping_board@@@@@radish
364.58888,C adds the sliced white radish to the mixing bowl with his left hand.,radish@@@@@bowl
364.68888,C adds the sliced white radish to the mixing bowl with his right hand.,radish@@@@@bowl
365.15553,C picks the spoon from the mixing bowl with his right hand.,spoon@@@@@bowl
365.42219,C stirs the salad in the mixing bowl with the spoon in his right hand.,spoon@@@@@bowl
366.25822,C holds the mixing bowl on the countertop with his left hand.,table@@@@@bowl
384.58512,C picks a plate from the countertop with his right hand.,plate
387.14462,C places the plate on the countertop with his right hand.,sink@@@@@table@@@@@kitchen_sink@@@@@kitchen_table@@@@@can@@@@@dining_table@@@@@plate
388.04109,C picks the spoon in the mixing bowl with his right hand.,spoon@@@@@bowl
388.75453,C pours the salad into the plate on the countertop with the spoon in his right hand.,spoon@@@@@plate
405.27737,C places the spoon in the mixing bowl with his right hand.,spoon@@@@@bowl
405.91986,C picks the spoon from the countertop with his right hand.,spoon
406.7633,C places the spoon in the mixing bowl with his right hand.,spoon@@@@@bowl
407.76463,C places the mixing bowl in the sink with his left hand.,sink@@@@@bowl
408.84389,C picks the knife from the countertop with his right hand.,knife
409.80104,C moves the plate of salad from the countertop with his left hand.,salad@@@@@plate
411.17058,C packs the cut egg from the countertop with the knife in his right hand and his left hand.,egg@@@@@knife
413.71965,C adds the cut egg to the salad on the plate with both hands.,egg@@@@@salad@@@@@plate
416.2954,C packs the cut egg from the countertop with the knife in his right hand and his left hand.,egg@@@@@knife
417.49853,C adds the cut egg to the salad on the plate with both hands.,egg@@@@@salad@@@@@plate
418.88515,C places the knife on the chopping board with his right hand.,chopping_board@@@@@knife
420.35937,C opens the cap of the pepper container with his right hand.,saltshaker@@@@@pepper
421.59127,C opens the cap of the pepper container with his left hand.,saltshaker@@@@@pepper
422.35924,C adds pepper to the salad on the plate with his right hand.,pepper@@@@@plate
425.32631,C closes the cap of the pepper container with his right hand.,saltshaker@@@@@pepper
425.97666,C places the pepper container on the countertop with his right hand.,saltshaker@@@@@table
431.94292,C turns the sink faucet knob with his left hand.,faucet@@@@@knob
432.91662,C washes his left hand under running water from the sink faucet.,sink@@@@@faucet
435.08567,C stops the running water with the sink faucet knob with his left hand.,faucet@@@@@knob
8.68711,C turns the tap handle with his right hand.,handle@@@@@faucet
9.49783,C prees soap into his left hand from the soap container.,soap
13.25694,C rinses his hands under the running tap.,faucet
16.94958,C turns off the tap handle with his right hand.,handle@@@@@faucet
20.51366,C picks the tissue roll off the kitchen island with his right hand.,sink@@@@@table@@@@@kitchen_sink@@@@@tissue_paper
21.50039,C tears off a sheet of tissue from the tissue roll with his left hand.,tissue_paper
22.81497,C places the tissue roll on the kitchen island with his right hand.,sink@@@@@kitchen_sink@@@@@paper_towel@@@@@towel
23.55028,C cleans his hands with the sheet of tissue.,tissue_paper@@@@@person
26.08097,C drops the sheet of tissue into a waste bin with his left hand.,tissue_paper@@@@@can@@@@@trash_can
26.9058,C opens the refrigerator door with his left hand.,refrigerator@@@@@person
27.44979,C holds the right refrigerator door with his right hand.,refrigerator@@@@@person
28.49101,C picks a tomato pack from the refigerator with his left hand.,refrigerator
30.31217,C closes the right refrigerator door with his right hand.,refrigerator
31.40047,C opens the tomato crate top flap with his left hand.,crate
34.85057,C picks tomatoes from the tomato crate with his left hand.,crate
36.72065,C places the tomatoes on the chopping board with his left hand.,chopping_board
37.79333,C closes the tomato crate top flap with his left hand.,crate
39.8972,C opens the refrigerator door with his right hand.,refrigerator@@@@@person
40.96795,C places the tomato crate in the refrigerator with his left hand.,crate@@@@@refrigerator
43.08998,C picks an egg from the refrigerator with his left hand.,egg@@@@@refrigerator
44.15395,C passes the egg from his left hand to his right hand.,egg
44.96479,C places the egg on the kitchen island with his right hand.,egg@@@@@table
45.73989,C picks the tomatoes off the chopping board with his right hand.,chopping_board
46.84785,C turns the tap handle with his left  hand.,handle@@@@@faucet
49.57972,C turns off the tap handle with his left hand.,handle@@@@@faucet
52.1475,C places the tomatoes in his right hand on the chopping board.,chopping_board
59.61412,C drops the tomato pedicels into the waste bin with his left hand.,can
60.49533,C picks the egg on the kitchen island with his right hand.,egg@@@@@sink@@@@@table@@@@@kitchen_sink@@@@@kitchen_table
61.0166,C touches the tomatoes on the chopping board with his left hand.,chopping_board@@@@@can@@@@@mushroom
61.15904,C cracks the egg on the kitchen island with his right hand.,egg@@@@@sink@@@@@table@@@@@kitchen_sink@@@@@can
62.86028,C peels the egg into the waste bin with his hands.,egg@@@@@can@@@@@trash_can
79.11985,C places the egg on the chopping board with his right hand.,egg@@@@@chopping_board
80.32198,C picks a knife from the knife block on the kitchen island with his left hand.,knife
81.38926,C passes the knife in his left hand to his right hand.,knife
82.00089,C holds the egg on the chopping board.,egg@@@@@chopping_board
82.27269,C slices the egg on the chopping board with the knife in his right hand.,egg@@@@@chopping_board@@@@@knife
85.64922,C picks an egg yolk from an egg with his left hand.,egg
87.30937,C places the egg yolk on the chopping board with his left hand.,egg@@@@@chopping_board
87.84859,C picks an egg yolk on the chopping board with his left hand.,egg@@@@@chopping_board
88.8038,C places the egg yolk on the chopping board with his left hand.,egg@@@@@chopping_board
91.66285,C chops the egg white on the chopping board with the knife in his right hand.,egg@@@@@chopping_board@@@@@knife
117.60614,C chops the egg yolk on the chopping board with the knife in his right hand.,chopping_board@@@@@knife
133.84654,C moves the eggs on the chopping boards aside with the knife in his right hand.,egg@@@@@chopping_board@@@@@knife
135.54611,C scrapes the eggs off the knife blade with his left hand.,egg@@@@@knife
140.96838,C drops the knife on the chopping board with his right hand.,chopping_board@@@@@knife
143.26476,C picks a spoon from the utensils block with his right hand.,spoon
147.12692,C opens the salt bowl wrap with his right hand.,saltshaker@@@@@bowl
149.22973,C gets salt from the salt bowl with the spoon in his right hand.,saltshaker@@@@@spoon
153.45362,C sprinkles salt from the spoon in his right hand over the egg on the chopping board,egg@@@@@chopping_board@@@@@saltshaker@@@@@spoon
156.06807,C covers the salt bowl wrap with his right hand.,saltshaker@@@@@bowl
158.37448,C drops the spoon on the kitchen island with his right hand.,spoon
159.7301,C turns the tap handle with his left hand.,faucet
160.35847,C rinses his left hand under the running tap.,faucet
162.1807,C turns off the tap handle with his left hand.,handle@@@@@faucet
165.75612,C opens the refrigerator door with his right hand.,refrigerator@@@@@person
167.24605,C picks lettuce from the refrigerator with his left hand.,refrigerator@@@@@lettuce
168.74656,C closes the right refrigerator door with his right hand.,refrigerator
169.28638,C holds the lettuce with his hands.,lettuce
170.85619,C places the lettuce on the kitchen island with his hands.,table@@@@@kitchen_table@@@@@lettuce
171.61262,C picks the knife on the chopping board with his right hand.,chopping_board@@@@@knife
173.19502,C turns the tap handle with his right hand.,handle@@@@@faucet
174.24865,C picks a washing sponge in the sink with his left hand.,sink@@@@@sponge
174.45461,C washes the knife in his right hand with the sponge in his left hand.,sponge@@@@@knife
177.87205,C drops the washing sponge in the sink with his left hand.,sink@@@@@sponge
177.98276,C rinses the knife in his right hand under the running tap.,faucet@@@@@knife
178.43196,C rinses his left hand under the running tap.,faucet
179.8426,C turns off the tap handle with his right hand.,handle@@@@@faucet
181.59581,C picks a big  lettuce from its wrap with his hands.,lettuce
189.83012,C cuts a piece of lettuce from the lettuce with the knife in his right hand.,lettuce@@@@@knife
194.63038,C drops the knie in his right hand on the kitchen island.,knife
195.31965,C picks the big lettuce on the chopping board with his right hand.,chopping_board@@@@@lettuce
196.29533,C puts the big lettuce into its wrap with his right hand.,lettuce
200.00855,C picks the lettuce wrap off the kitchen island with his hands.,table@@@@@lettuce
202.22088,C opens the refrigerator door with his right hand.,refrigerator@@@@@person
203.188,C places the lettuce into the refrigerator with his left hand.,refrigerator@@@@@lettuce
203.81431,C picks a white radish from the refrigerator with his left hand.,radish@@@@@refrigerator
204.7656,C passes the white radish from his left hand to his right hand.,radish
206.20248,C closes the refrigerator door with his right hand.,refrigerator@@@@@person
207.10413,C places the white radish on the kitchen island with hisright hand.,table@@@@@radish
208.02367,C picks the knife on the kitchen island with his right hand.,knife
208.4974,C adjusts the lettuce on the chopping board with his left hand.,chopping_board@@@@@lettuce
209.36226,C cuts the tip of the lettuce with the knife in his right hand.,lettuce@@@@@knife
210.42035,C picks the tip of the lettuce on the chopping board with his left hand.,chopping_board@@@@@lettuce
211.42875,C drops the tip of the lettuce in his left hand into the waste bin.,can@@@@@trash_can@@@@@lettuce
212.4183,C  breaks the lettuce into equal half with his hands.,lettuce
215.60811,C drops the lettuce in his left hand on the chopping board.,chopping_board@@@@@lettuce
216.0006,C  breaks the lettuce in his right hand into equal half with his hands.,lettuce
217.58301,C drops the lettuce in his left hand on the chopping board.,chopping_board@@@@@lettuce
218.1135,C breaks the lettuce in his right hand into equal half with his hands.,lettuce
220.13865,C drops the lettuce in his right hand on the chopping board.,chopping_board@@@@@lettuce
220.83168,C breaks the lettuce in his left hand into equal half with his hands.,lettuce
222.11302,C drops the lettuce in his hands on the on the chopping board.,chopping_board@@@@@lettuce
223.61105,C picks a tomato on the chopping board with his left hand.,chopping_board
224.0493,C picks the knife on the chopping board with his right hand.,chopping_board@@@@@knife
224.42922,C drops the tomato on the chopping board with his left hand.,chopping_board
225.41481,C slices the tomato on the chopping board into equal half.,chopping_board@@@@@knife
227.24355,C picks the tomatoes on the chooping board with his left hand.,chopping_board
227.53523,C drops the tomatoes in his left hand on the chopping board.,chopping_board
228.02534,C picks a tomato on the chopping board with his left hand.,chopping_board
228.53628,C drops the tomato on the chopping board with his left hand.,chopping_board
228.54801,C slices the tomato on the chopping board into equal half.,chopping_board@@@@@knife
230.72108,C picks the tomatoes on the chooping board with his left hand.,chopping_board
231.17372,C drops the tomatoes in his left hand on the chopping board.,chopping_board
232.05012,C picks a tomato on the chopping board with his left hand.,chopping_board
232.71391,C drops the tomato on the chopping board with his left hand.,chopping_board
233.18728,C slices the tomato on the chopping board into equal half.,chopping_board@@@@@knife
234.25675,C picks the tomatoes on the chooping board with his left hand.,chopping_board
234.67104,C drops the tomatoes in his left hand on the chopping board.,chopping_board
236.53423,C drops the knife in his right hand on the kitchen island.,knife
243.11643,C drops the cucumber wrap into the waste binwith his right hand.,can@@@@@trash_can
244.15617,C picks the knife on the chopping board with his right hand.,chopping_board@@@@@knife
244.93707,C places the cucumber in his left hand on the chopping board.,chopping_board
245.55399,C cuts the tip of the cucumber with the knife in his right hand.,knife
247.71379,C picks the tip of the cucumber off the knife blade with his left hand.,knife
248.54524,C drops the tip of the cucumber in his left hand into the waste bin.,can@@@@@trash_can
249.16233,C holds the cucumber on the chopping board with his left hand.,chopping_board
249.71372,C slices the cucumber on the chopping board with the knife in his right hand.,chopping_board@@@@@knife
265.07163,C drops the knife on the chopping board with his right hand.,chopping_board@@@@@knife
265.85077,C picks the white radish from its wrap with his left hand.,radish
268.63233,C picks the knife on the the kitchen island with his right hand.,table@@@@@knife
271.32983,C peels the white redish with the knife in his right hand.,radish@@@@@knife
277.36236,C drops the white radish peel on the blad of the knife into the waste bin with his right hand.,can@@@@@trash_can@@@@@knife
279.74327,C places the white radish in his left hand on the chopping board.,chopping_board@@@@@radish
283.13133,C slices the white radish on the chopping board with the knife in his right hand.,chopping_board@@@@@radish@@@@@knife
294.7885,C drops the knife in his right hand on the chopping board.,chopping_board@@@@@knife
295.73419,C scatters the white radish on the chopping board with his hands.,chopping_board@@@@@radish
303.48022,C picks a white bowl on the kitchen island with his left hand.,sink@@@@@kitchen_sink@@@@@bowl
304.703,C places the white bowl on the kitchen island with his left hand.,table@@@@@bowl
306.38494,C opens the refrigerator door with his right hand.,refrigerator@@@@@person
307.80592,C holds the refrigerator door with his left hand.,refrigerator
308.3462,C wraps the white radish on the kitchen island with his hands.,table@@@@@radish
309.59214,C picks the white radish off the kitchen island with his hands.,table@@@@@radish
311.39317,C places the white radish in the refrigerator with his left hand.,radish@@@@@refrigerator
312.78457,C picks a salad cream container from the refrigerator with his left hand.,refrigerator@@@@@bottle@@@@@salad
314.47544,C closes the refrigerator door with his left hand.,refrigerator@@@@@person
316.10193,C opens the salad cream container cap with his left hand.,bottle_cap@@@@@bottle
318.72619,C moves the white bowl on the kitchen island with his left hand.,table@@@@@bowl
320.24622,C picks a measuring spoon from the utensils block with his left hand.,measuring_cup@@@@@cup@@@@@ring@@@@@cooking_utensil
325.19341,C presses salad cream from its container in his right hand into the spoon in his left hand.,spoon@@@@@bottle
330.37453,C pours the salad cream in the measuring spoon in his left hand into the white bowl.,measuring_cup@@@@@bowl@@@@@cup@@@@@ring
331.54943,C drops the measuring spoon into the white bowl with his right hand.,spoon@@@@@bowl
332.5152,C closes the salad cream container cap with his left hand.,bottle_cap@@@@@can@@@@@bottle
333.97527,C drops the salad cream container on the kitchen island with his right hand.,jar@@@@@canister@@@@@sink@@@@@table@@@@@kitchen_sink@@@@@bowl@@@@@can@@@@@bottle
334.53801,C picks a lemon juice container on the kitchen island with his right hand.,sink@@@@@kitchen_sink@@@@@bottle
337.74168,C picks the measuring spoon on the kitchen island with his left hand.,table@@@@@measuring_cup@@@@@cup@@@@@ring
339.25766,C beats the measuring spoon at the edge of the sink with his left hand.,sink@@@@@spoon
341.0384,C adds lemon from the lemon juice container into the measuring spoon in his left hand.,measuring_cup@@@@@cup@@@@@ring
344.98714,C pours the lemon juice in the measuring spoon into the white bowl with his left hand.,measuring_cup@@@@@bowl@@@@@cup@@@@@ring
347.28528,C drops the measuring spoon in his left hand on the chopping board.,chopping_board@@@@@spoon
350.30545,C packs the cucumbers on the chopping board with his left hand.,chopping_board
352.73643,C adds the cucumbers on the chopping board into the white bowl with his hands.,chopping_board@@@@@bowl
358.73636,"C packs the white radish,cucumbers and tomatoes on the chopping board with his hands.",chopping_board@@@@@radish
360.53859,"C adds the white radish,cucumbers and tomatoes in his hands into the white bowl.",radish@@@@@bowl
361.53102,C packs white radish and cucumbers on the chopping board with his hands.,chopping_board@@@@@radish
362.80926,C adds the white radish and cucumbers in his hands into the white bowl.,radish@@@@@bowl
363.41064,C packs the white radish on the chopping board with his hands.,chopping_board@@@@@radish
364.68579,C adds the white radish in his hands into the white bowl.,radish@@@@@bowl
365.06379,C picks the measuring spoon in the white bowl with his right hand.,spoon@@@@@bowl
365.55257,"C mixes the white radish salad mixture, lemon, and salad cream in the white bowl with the measuring spoon in his right hand.",measuring_cup@@@@@bowl@@@@@cup@@@@@ring
384.63318,C picks a white place from a set of plate on kitchen island with his right hand. .,plate
387.08454,C places the white plate on the kitchen island with his right hand.,table@@@@@plate
387.99352,C adds the white radish mixture salad into the white plate with the measuring spoon in his right hand.,spoon@@@@@plate
405.19212,C drops the measuring spoon in his right hand into the white bowl.,spoon@@@@@bowl
405.9723,C picks the spoon on the kitchen island with his right hand.,spoon
406.76159,C drops the spoon in his right hand into the white bowl.,spoon@@@@@bowl
407.64124,C places the white bowl into the sink with his left hand.,sink@@@@@bowl
408.98499,C picks the knife on the chopping board with his right hand.,chopping_board@@@@@knife
411.19171,C packs the egg on the chopping board with his left hand and the knife in his right hand,egg@@@@@chopping_board@@@@@knife
413.5551,C adds the egg onto the white radish salad mixture with his left hand and the knife in his right hand.,egg@@@@@radish@@@@@salad@@@@@knife
416.44302,C packs the egg on the chopping board with his left hand and the knife in his right hand,egg@@@@@chopping_board@@@@@knife
417.402,C adds the egg onto the white radish salad mixture with his left hand and the knife in his right hand.,egg@@@@@radish@@@@@salad@@@@@knife
418.9624,C drops the knife in his right hand on the kitchen island.,knife
420.49801,C opens the black pepper container cover with his right hand.,cover@@@@@pepper
421.5252,C adjust the black pepper container cover with his left hand.,pepper_mill@@@@@cover@@@@@pepper
422.43907,C sprinkle black pepper on the white radish salad mixture from the black pepper container in his right hand.,saltshaker@@@@@pepper
425.15466,C closes the black pepper container cover with his right hand.,saltshaker@@@@@cover
426.11755,C drops the black pepper container on the kitchen island with his right hand.,saltshaker@@@@@sink@@@@@pepper_mill@@@@@table@@@@@kitchen_sink@@@@@kitchen_table@@@@@can@@@@@pepper@@@@@dining_table
431.94987,C turns the tap handle with his left hand.,faucet
432.8659,C rinses his left hand under the running tap.,faucet
434.98009,C turns off the tap handle with his left hand.,handle@@@@@faucet
