timestamp,narration,object
56.57314,C picks the instruction manual on the floor with his right hand.,booklet@@@@@book
57.76481,C read the instruction manual in his right hand.,booklet@@@@@book
61.86682,C drops the instruction manual in his right hand on the floor.,booklet@@@@@book
82.47123,C picks the instruction manual on the floor with his right hand.,booklet@@@@@book
83.6413,C reads the instruction manual in his right hand.,booklet@@@@@book
86.12383,C drops the instruction manual in his right hand on the floor.,booklet@@@@@book
