timestamp,narration,object
48.05392,C picks a swab from the covid antigen box with her right hand.,box
65.19661,C passes the bag from her left hand to her right hand.,box
65.7911,C picks a test cassette from the covid antigen box with her left hand.,box
66.89139,C reads the manual on the table.,book
68.92818,C picks a disposable bag from the covid antigen box with her left hand.,box
71.23907,C drops the bags in the covid antigen box with her right hand.,box
88.58919,C reads the manual on the table.,book
94.23041,C reads the manual on the table.,book
101.43021,C reads the manual on the table.,book
103.66819,C reads the manual on the table.,book
111.71848,C picks the swab pack from the table with her left hand.,packet@@@@@table-tennis_table
112.11415,C drops the swab pack on the table with her left hand.,packet
117.49244,C reads the manual on the table.,book
137.51353,C drops the solution tube and cap in a thrash bag with her right hand.,trash_can
139.28074,C picks the swab pack from the table with her left hand.,packet@@@@@table-tennis_table
140.08335,C drops the swab pack on the table with her left hand.,packet
141.38921,C reads the manual on the table.,book
159.33597,C picks the nozzle cap from the disposable bag with her right hand.,plastic_bag
160.51908,C reads the manual on the table.,book
163.83491,C picks the disposable bag from the table with her right hand.,plastic_bag
165.86994,C passes the disposable bag from her right hand to her left hand.,plastic_bag
166.98445,C takes the disposable bag from her left hand with her right hand.,plastic_bag
167.76997,C opens the disposable bag with both hands.,plastic_bag
170.74187,C passes the disposable bag from her right hand to her left hand.,plastic_bag
172.47078,C dips the swab into the disposable bag in her left hand with her right hand.,plastic_bag
173.3922,C takes the disposable bag from her left hand with her right hand.,plastic_bag
174.19549,C closes the disposable bag with her left hand.,plastic_bag
176.48081,C drops the disposable bag in the thrash bag with her left hand.,trash_can@@@@@plastic_bag
178.214,C reads the manual on the table.,book
181.33704,C picks the test cassette pack from the table with her left hand.,packet@@@@@table-tennis_table
182.07869,C passes the test cassette pack from her left hand to her right hand.,packet
183.0126,C takes the test cassette pack from her right hand with her left hand.,packet
183.39619,C holds the test cassette pack with both hands.,packet
183.70778,C opens the test cassette pack with both hands.,packet
185.1645,C passes the test cassette pack from her right hand to her left hand.,packet
185.73808,C picks the test cassette from the pack with her right hand.,book@@@@@packet
186.60704,C drops the test cassette pack on the table with her left hand.,packet@@@@@table-tennis_table
188.00764,C adjusts the test cassette pack on the table with her left hand.,packet@@@@@table-tennis_table
188.52504,C adjusts the test cassette pack on the table with her left hand.,packet@@@@@table-tennis_table
189.4731,C adjusts the test cassette pack on the table with her left hand.,packet@@@@@table-tennis_table
190.87028,C adjusts the test cassette pack on the table with her left hand.,packet@@@@@table-tennis_table
192.38773,C reads the manual on the table.,book
207.33145,C lifts the test cassette pack from the table with her left hand.,packet@@@@@table-tennis_table
207.82763,C drops the test cassette pack on the table with her left hand.,packet@@@@@table-tennis_table
208.32115,C picks the test cassette pack from the table with her left hand.,packet@@@@@table-tennis_table
210.376,C passes the test cassette pack from her left hand to her right hand.,packet
210.838,C picks the swab pack from the table with her left hand.,packet@@@@@table-tennis_table
211.23973,C passes the swab pack from her left hand to her right hand.,packet
213.12618,C opens the thrash bag with her left hand.,trash_can
213.94747,"C drops the test cassette pack, swab pack and solution cap in the thrash bag with her right hand.",trash_can@@@@@packet
215.252,C places her left hand on the manual.,book
215.30238,C picks the manual from the table with her right hand.,book@@@@@table-tennis_table
215.76702,C folds the manual with both hands.,book
217.35039,C places the manual in the covid antigen box with her right hand.,book@@@@@box
218.00446,C closes the covid antigen box with her left hand.,box
218.37381,C closes the covid antigen box with both hands.,box
220.27896,C moves the covid antigen box on the table with both hands.,box
221.60266,C adjusts a pen on the table with her right hand.,pen@@@@@table-tennis_table@@@@@dining_table
