timestamp,narration,object
6.40288,C picks up the covid-19 rapid antigen package with both hand.,person
7.74822,C opens the covid-19 rapid antigen package with her right hand.,person
14.78581,C picks out the testing items from the covid-19 rapid antigen package with her right hand.,person
17.28614,C transfers the covid-19 oral swab kit to her left hand.,person
18.41091,C picks up the covid-19 instruction manual with her right hand.,person
18.97821,C transfers the covid-19 instruction manual to her left hand.,person
19.41,C picks up the silica gel pack with her right hand.,person
20.24355,C picks up the cut piece of the covid-19 rapid antigen package with her right hand.,person
23.75091,C picks up the covid-19 oral swab kit with her right hand.,person
24.48195,C transfers the covid-19 oral swab kit to her left hand.,person
26.23708,C removes the covid-19 oral swab kit cap with her right hand.,person
33.93348,C inserts the covid-19 oral swab kit into her mouth.,person
159.14882,C extracts the covid-19 oral swab kit from the mouth.,person
