timestamp,narration,object
4.92462,C picks the Covid-19 box on the table with his left hand.,box@@@@@carton
5.70564,C checks the expiry date on the box.,box@@@@@carton
8.75776,C opens the Covid-19 box with his hands.,box@@@@@carton
14.71878,C removes the testing plate pack from the box with his left hand.,box@@@@@carton
15.46073,C places the testing plate pack on the table with his left hand.,box@@@@@carton
15.91586,C removes the Ziploc bag from the box with his left hand.,plastic_bag@@@@@box@@@@@carton
16.24266,C places the Ziploc bag on the table with his left hand.,plastic_bag
16.62459,C gets the instruction manual from the box with his left hand.,notebook@@@@@book@@@@@box@@@@@carton
19.27021,C places the box on the table with his right hand.,box@@@@@carton
19.88905,C unfolds the instruction manual with his hands.,notebook@@@@@book
23.56404,C picks the test tube pack from the table with his right hand.,box@@@@@carton
24.00813,C place the instruction manual on the table with his left hand.,notebook@@@@@book
24.45548,C moves the instruction manual across the table with his left hand.,notebook@@@@@book
26.45853,C reads the instruction manual.,booklet@@@@@book@@@@@person
29.51056,C picks the testing plate on the table with his left hand.,cup
32.72836,C places the testing plate pack on the table with his left hand.,box@@@@@carton
33.3273,C picks the test tube pack from the table with his right hand.,box@@@@@carton
37.60967,C opens the Ziploc bag with his hands.,plastic_bag
39.66652,C picks the test tube from the Ziploc pack with his left hand.,plastic_bag@@@@@cup
41.83714,C picks the test tube lid from the Ziploc pack with his left hand.,plastic_bag@@@@@cup
45.36971,C places the Ziploc bag on the table with his right hand.,plastic_bag
45.83868,C moves the test tube lid to his right hand.,cup
46.40953,C moves the sealed test tube to his right hand.,cup
47.2165,C opens the seal on the test tube with his left hand.,cup
62.12434,C places the seal on the table with his left hand.,tape_(sticky_cloth_or_paper)
64.13181,C places the funnel in the test tube with his right hand.,cup
67.80366,C adds saliva to the solution in the test tube through the funnel.,cup
73.42109,C shakes the test tube with his right hand.,cup
75.80404,C adds saliva to the solution in the test tube through the funnel.,cup
78.05303,C shakes the test tube with his right hand.,cup
90.9966,C adds saliva to the solution in the test tube through the funnel.,cup
93.42714,C moves the test tube to his left hand.,cup
98.51302,C shakes the test tube with his right hand.,cup
99.22509,C flips the page of the instruction manual with his left hand.,notebook@@@@@book
106.0206,C adds saliva to the solution in the test tube through the funnel.,cup
107.66332,C shakes the test tube with his right hand.,cup
109.4037,C moves the test tube to his left hand.,cup
117.23018,C adds saliva to the solution in the test tube through the funnel.,cup
119.37406,C shakes the test tube with his right hand.,cup
124.6496,C reads the instruction manual.,booklet@@@@@book@@@@@person
128.07549,C flips the instruction manual.,booklet@@@@@book@@@@@person
130.03938,C shakes the test tube with his right hand.,cup
155.17381,C flips the instruction manual with his left hand.,booklet@@@@@book@@@@@person
156.6819,C moves the test tube to his left hand.,cup
172.59822,C picks the testing plate pack on the table with his left hand.,box@@@@@person
175.6227,C tears the testing plate wrap open with his right hand.,plastic_bag@@@@@person
180.77978,C removes the testing plate from the pack with his left hand.,person
184.90851,C places the testing plate on the table with his left hand.,person
185.72728,C moves the testing plate wrap to his left hand.,plastic_bag@@@@@person
186.40005,C places the testing plate wrap on the table with his left hand.,plastic_bag@@@@@person
186.97269,C moves the testing plate on the table with his left hand.,person
204.00826,C moves the trash to his right hand.,can@@@@@trash_can@@@@@person
204.92366,C picks the testing plate wrap on the table with his left hand.,plastic_bag@@@@@person
205.74612,C moves the testing plate wrap to his right hand.,plastic_bag@@@@@person
208.04305,C holds the trash with his hands.,can@@@@@trash_can@@@@@person
215.27465,C picks the box on the table with his left hand.,box
216.64596,C attempts to put the trash in the box with his right hand.,box
