timestamp,narration,object
5.15131,C holds the covid box with both hands.,box@@@@@person
6.92298,C opens the covid box flap with his right hand.,box@@@@@person
8.65569,C holds the covid box flap with his left hand.,box@@@@@person
9.90258,C picks the instruction manual from the covid box with his right hand.,box@@@@@person@@@@@booklet@@@@@book
10.47185,C unfolds the manual with both hands.,person@@@@@booklet@@@@@book
15.66046,C places the instruction manual on the table with both hands.,person@@@@@booklet@@@@@book
17.0868,C turns the instruction manual to the back with his hands.,person@@@@@booklet@@@@@book
18.47531,C places the instruction manual on the table with his hands.,person@@@@@booklet@@@@@book
22.56949,C picks a test tube pack from the covid box with his right hand.,box@@@@@person@@@@@packet
25.40368,C holds the test tube with both hands.,person@@@@@packet
26.72198,C opens the test tube pack with both hands.,person@@@@@packet
28.46212,C picks a test tube from its pack with his right hand.,packet
30.09691,C drops the test tube on the instruction manual with his right hand.,booklet@@@@@book
31.23861,C picks a swab pack from the covid test box with his right hand.,box@@@@@packet
32.36541,C drops the nasal swab in the covid test box with his right hand.,box
33.34534,C closes the test tube pack with both hands.,person@@@@@packet
35.02408,C picks the nasal swab from the covid box with his right hand.,box
35.67534,C opens the nasal swab packaging with his hands.,person@@@@@packet
38.39508,C adjusts his left hand on the nasal swab packaging,person@@@@@packet
39.27918,C removes the nasal swab packs from its packaging.,person@@@@@packet
42.22561,C tears a nasal swab from the pack of nasal swab with his right hand.,person@@@@@packet
44.7408,C drops the nasal swab on the instruction manual with his right hand.,booklet@@@@@book
45.07823,C passes the pack of nasal swab in his left hand to his right hand.,person@@@@@packet
45.57312,C picks the nasal swabs packaging on the table with his left hand.,packet
55.14526,C picks the test tube pack off the covid test box with his left hand.,box@@@@@packet
56.44272,C picks a test solution container pack from the covid test box with his right hand.,box@@@@@packet
57.6331,C opens the test solution container pack with both hands.,packet
60.51416,C picks the test solution container from its pack with his right hand.,packet
60.53948,C adjusts his left hand on the test solution container pack.,packet
62.61039,C drops the test solution container on the instruction manual with his right hand.,packet@@@@@booklet@@@@@book
63.20649,C closes the test solution container pack with both hands.,packet
66.30184,C drops the test solution container pack into the covid box with both hands.,box@@@@@packet
67.71448,C picks a testing plate from the covid box with his right hand.,box@@@@@person
68.74717,C passes the testing plate from his right hand to his left hand.,person@@@@@packet
69.17819,C picks a plastic bag from the covid box with his right hand.,person@@@@@plastic_bag
70.96212,C drops the plastic bag on the instruction manual with his right hand.,booklet@@@@@book@@@@@plastic_bag
71.53338,C moves the plastic bag and nasal swab on the instruction manual with his right hand.,person@@@@@booklet@@@@@book@@@@@plastic_bag
77.23388,C drops the testing plate on the table with his left hand.,person@@@@@packet
77.40023,C picks the nasal swab on the instruction manual with his right hand.,booklet@@@@@book
77.94715,C passes the nasal swab from his right hand to his left hand.,person@@@@@packet
78.6405,C moves his hands round the nasal swab.,person@@@@@packet
96.14595,C picks a blade on the table with his right hand.,person@@@@@knife
97.3862,C places the nasal swab on the instruction manual with his left hand.,person@@@@@packet@@@@@booklet@@@@@book
98.54406,C cuts the tip of the nasal swab wrap with the blade in his right hand.,razorblade@@@@@knife
101.13735,C drops the blade in his right hand on the table.,knife
121.71927,C touches the instruction manual on the table with his left hand.,booklet@@@@@book
134.60718,C picks the test tube on the instruction manual with his left hand.,glass_(drink_container)@@@@@bottle
135.88067,C passes the test tube from his left hand to his right hand.,bottle
136.72806,C passes the test tube from his right hand to his left hand.,bottle
138.97922,C turns the test tube cap ith his right hand.,bottle_cap@@@@@bottle
143.89913,C holds the test tube with his hands.,bottle
154.84916,C opens the test tube cap with his hands.,bottle_cap@@@@@bottle
159.64449,C drops the test tube cap on the instruction manual with his left hand.,bottle_cap@@@@@bottle@@@@@notebook@@@@@booklet@@@@@book
160.90172,C passes the test tube from his right hand to his left hand.,bottle
161.7785,C holds the test solution container on the instruction maunaul with his right hand.,bottle@@@@@notebook@@@@@booklet@@@@@book
167.13866,C passes the test tube from his left hand to his right hand.,bottle
168.19044,C passes the test tube from his right hand to his left hand.,bottle
173.20392,C drops the nasal swab in his right hand on the instruction manual with his right hand.,notebook@@@@@booklet@@@@@book
173.79208,C picks the test solution container on the instruction manual with his right hand.,bottle@@@@@notebook@@@@@booklet@@@@@book
175.57551,C opens the cap of the test solution container with his right hand.,bottle_cap@@@@@bottle
184.9779,C drops the test solution container cap on the instruction manual with his right hand.,bottle_cap@@@@@bottle@@@@@notebook@@@@@booklet@@@@@book
204.34962,C drops the test solution container on the instruction manual with his right hand.,packet@@@@@booklet@@@@@book
204.79782,C picks the nasal swab on the instruction manual with his right hand.,booklet@@@@@book
216.21381,C drops the nasal swab on the instruction manual with his right hand.,booklet@@@@@book
216.71348,C picks the test tube cap on the instruction manual with his right hand.,bottle_cap@@@@@bottle@@@@@booklet@@@@@book
217.4413,C covers the test tube with its cap on his right hand.,bottle_cap@@@@@bottle
220.47923,C passes the test tube from his left hand to his right hand.,bottle
225.76627,C passes the testing plate from his right hand to his left hand.,person@@@@@packet
226.15385,C drops the tip of testing plate wrap on the instruction manual with his right hand.,person@@@@@booklet@@@@@book
246.34849,C picks the nasal swab wrap and testing plate wrap on the instruction manual with his left hand.,plastic_bag
247.20428,C picks the plastic bag on the instruction manual with his right hand.,plastic_bag
248.21545,C passes the plastic bag from his right hand to his left hand.,plastic_bag
249.80094,C drops then wraps in his left hand into the waste bag.,trash_can@@@@@plastic_bag
250.7931,C picks the tip of the testing plate wrap on the instruction manual with his right hand.,plastic_bag
252.7868,C passes the tip of the testing plate wrap from his right hand to his left hand.,plastic_bag
253.93294,C drops the tip of the testing plate in his left hand innto the waste bag,trash_can@@@@@plastic_bag
254.84174,C drops the test tube in his right hand into the waste bag.,trash_can
5.19456,C grabs the COVID-19 test kit box on the table with both hands.,box@@@@@person
7.6091,C opens the COVID-19 test kit box with his right hand.,box@@@@@person
8.54923,C holds the outer flap of the COVID-19 test kit box with his left hand.,box@@@@@person
9.21189,C moves the COVID-19 test kit box on the table with both hands.,box@@@@@person
9.843,C grabs the COVID-19 test instruction manual from the COVID-19 test kit box with his right hand.,box@@@@@person@@@@@booklet@@@@@book
10.50929,C holds the COVID-19 test instruction manual with both hands.,person@@@@@booklet@@@@@book
10.68838,C unfolds the COVID-19 test instruction manual with both hands.,person@@@@@booklet@@@@@book
15.53759,C places the COVID-19 test instruction manual on the table with both hands.,person@@@@@booklet@@@@@book
15.87273,C places his right hand on the COVID-19 test instruction manual.,notebook@@@@@booklet@@@@@book
17.00127,C flips the COVID-19 test instruction manual with his right hand.,person@@@@@booklet@@@@@book
17.21178,C holds the COVID-19 test instruction manual with both hands.,person@@@@@booklet@@@@@book
18.33064,C places the COVID-19 test instruction manual on the table with his left hand.,person@@@@@booklet@@@@@book
18.43818,C places his right hand on the COVID-19 test instruction manual.,notebook@@@@@booklet@@@@@book
18.97501,C places his left hand on the COVID-19 test instruction manual.,booklet@@@@@book
20.043,C reads the COVID-19 test instruction manual.,notebook@@@@@booklet@@@@@book
22.71814,C opens the inner flap of the COVID-19 test kit box with his left hand.,box@@@@@person
23.01933,C places his right hand on a COVID-19 collection swab pack in the COVID-19 test kit box.,box@@@@@person@@@@@packet
23.07713,C reads the COVID-19 test instruction manual.,notebook@@@@@booklet@@@@@book
23.37383,C grabs a pack of COVID-19 testing tubes in the COVID-19 test kit box with his right hand.,box@@@@@person@@@@@packet
24.49193,C grabs the pack of COVID-19 testing tubes from the COVID-19 test kit box with his right hand.,box@@@@@person@@@@@packet
25.40359,C holds the COVID-19 testing tubes pack with both hands.,person@@@@@packet
26.33011,C places the COVID-19 testing tubes pack on the table with both hands.,person@@@@@packet
27.11562,C opens the COVID-19 testing tube pack with both hands.,person@@@@@packet
28.59848,C lifts the COVID-19 testing tubes pack from the table with his left hand.,packet
29.42453,C grabs a COVID-19 testing tube from the pack with his right hand.,packet
30.17241,C places the COVID-19 testing tube on the COVID-19 test instruction manual with his right hand.,booklet@@@@@book
31.46859,C grabs a bag of COVID-19 collection swab packs from the COVID-19 test kit box with his right hand.,box@@@@@packet
32.35832,C places the COVID-19 testing tubes pack in the COVID-19 test kit box with his left hand,box@@@@@packet
32.81844,C places the bag of COVID-19 collection swab packs in the COVID-19 test kit box with his right hand.,box@@@@@packet
33.22234,C closes the COVID-19 testing tube pack with both hands.,person@@@@@packet
35.03518,C grabs the bag of COVID-19 collection swab packs from the COVID-19 test kit box.,box@@@@@packet
35.72963,C holds the bag of COVID-19 collection swab packs with both hands.,person@@@@@packet
37.733,C opens the bag of COVID-19 collection swab pack with both hands.,person@@@@@packet
38.46206,C holds the bag of COVID-19 collection swab pack with his left hand.,person@@@@@packet
41.231,C removes the COVID-19 collection swab packs from the bag with his right hand.,person@@@@@packet
41.73775,C places the bag of COVID-19 collection swab packs on the table with his left hand.,packet
42.22423,C holds the COVID-19 collection swab pack with both hands.,person@@@@@packet
43.63557,C cuts off a COVID-19 collection swab pack from the bundle with his right hand.,person@@@@@packet
44.6904,C places the COVID-19 collection swab pack on the COVID-19 test instruction manual with his right hand.,packet@@@@@booklet@@@@@book
45.12269,C holds the the COVID-19 collection swab packs with both hands.,person@@@@@packet
45.76415,C grabs the bag from the table with his left hand.,plastic_bag
52.5902,C holds the bag of COVID-19 collection swab packs with his right hand.,plastic_bag
53.60998,C closes the bag of COVID-19 collection swab packs with both hands.,plastic_bag
55.2338,C grabs the COVID-19 testing tube pack from the COVID-19 test kit box with his left hand.,box@@@@@packet
56.01795,C places the bag of COVID-19 collection swab packs in his left hand.,plastic_bag
56.58957,C grabs the testing solution tube pack from the COVID-19 test kit box with his right hand.,box@@@@@packet
56.9052,C places the COVID-19 testing tube pack with the bag of COVID-19 collection swab packs in the COVID-19 test kit box using his left hand.,box@@@@@packet@@@@@plastic_bag
57.68399,C holds the testing solution tube pack with both hands.,packet
59.65697,C opens the testing solution tube pack with both hands.,packet
60.56829,C holds the testing solution tube pack with his left hand.,packet
61.63341,C removes a testing solution tube from the pack with his right hand.,packet
62.71332,C places the testing solution tube on the COVID-19 test instruction manual with his right hand.,packet@@@@@booklet@@@@@book
63.28439,C closes the testing solution tube pack with both hands.,packet
66.44803,C places the testing solution tube pack in the COVID-19 test kit box with his right hand.,box@@@@@packet
67.08202,C opens inner flap of the COVID-19 test kit box with his right hand.,box@@@@@person
68.17665,C grabs the COVID-19 testing plate pack from the COVID-19 test kit box with his right hand.,box@@@@@person
68.71475,C places the COVID-19 testing plate pack in his left hand.,person@@@@@packet
69.7213,C grabs a biosafety bag from the COVID-19 test kit box with his right hand.,person@@@@@plastic_bag
71.09352,C places the biosafety bag on the COVID-19 test instruction manual with his right hand.,booklet@@@@@book@@@@@plastic_bag
71.44311,C moves the COVID-19 test materials on the COVID-19 test instruction manual with his right hand.,person@@@@@booklet@@@@@book
72.73296,C moves the COVID-19 test instruction manual on the table with both hands.,person@@@@@booklet@@@@@book
73.61255,C moves the COVID-19 test materials on the COVID-19 test instruction manual with his right hand.,person@@@@@booklet@@@@@book
74.33418,C places his right hand on the COVID-19 test instruction manual.,notebook@@@@@booklet@@@@@book
75.0083,C moves the biosafety bag with the COVID-19 testing tube on the COVID-19 test instruction manual using his right hand.,person@@@@@booklet@@@@@book@@@@@plastic_bag
75.47008,C moves the COVID-19 test instruction manual on the table with his right hand.,booklet@@@@@book
76.17409,C moves the COVID-19 test materials on the COVID-19 test instruction manual with his right hand.,person@@@@@booklet@@@@@book
77.212,C places the COVID-19 testing plate pack on the table with his left hand.,packet
77.298,C grabs the COVID-19 collection swab pack from the COVID-19 test instruction manual with his right hand.,person@@@@@packet@@@@@booklet@@@@@book
78.02997,C places the COVID-19 collection swab pack in his left hand.,person@@@@@packet
78.66513,C holds the COVID-19 collection swab pack with both hands.,person@@@@@packet
92.79901,C tears the top of the COVID-19 collection swab pack with both hands.,person@@@@@packet
96.36425,C grabs a retractable knife from the table with his right hand.,person@@@@@knife
98.57774,C places the COVID-19 collection swab pack on the COVID-19 test instruction manual with his left hand.,packet@@@@@booklet@@@@@book
100.00247,C cuts the COVID-19 collection swab pack with the retractable knife in his right hand.,packet@@@@@knife
101.33433,C places the retractable knife on the table with his right hand.,knife
102.11658,C opens up the COVID-19 collection swab pack with both hands.,packet
104.41785,C opens the COVID-19 collection swab pack with both hands.,packet
120.94256,C places the COVID-19 collection swab pack on the table with his left hand.,packet
121.77774,C places his left hand on the COVID-19 test instruction manual.,booklet@@@@@book
122.057,C places his right hand on the COVID-19 test instruction manual.,notebook@@@@@booklet@@@@@book
122.31434,C reads the COVID-19 test instruction manual.,notebook@@@@@booklet@@@@@book
122.72857,C grabs the biosafety bag on the COVID-19 test instruction manual with his left hand.,booklet@@@@@book@@@@@plastic_bag
134.73051,C grabs the COVID-19 testing tube from the COVID-19 test instruction manual with his left hand.,glass_(drink_container)@@@@@bottle
135.988,C holds the COVID-19 testing tube with his right hand.,bottle
136.78417,C holds the COVID-19 testing tube with both hands.,bottle
137.10592,C reads the COVID-19 test instruction manual.,notebook@@@@@booklet@@@@@book
141.17819,C opens the lid of the COVID-19 testing tube cap with his right hand.,bottle_cap@@@@@bottle
142.81515,C closes the lid of the testing tube cap with his right hand.,bottle_cap@@@@@bottle
143.87952,C holds the COVID-19 testing tube with both hands.,bottle
144.41635,C reads the COVID-19 test instruction manual.,notebook@@@@@booklet@@@@@book
149.17444,C places both hands on the COVID-19 test instruction manual.,notebook@@@@@booklet@@@@@book
155.84682,C opens the cap of the COVID-19 testing tube with both hands.,bottle_cap@@@@@bottle
159.65943,C places the cap of the COVID-19 testing tube on the COVID-19 test instruction manual with his left hand.,bottle_cap@@@@@bottle@@@@@notebook@@@@@booklet@@@@@book
160.897,C places the COVID-19 testing tube in his left hand.,bottle
161.79158,C places both hands on the COVID-19 test instruction manual.,notebook@@@@@booklet@@@@@book
161.94326,C reads the COVID-19 test instruction manual.,notebook@@@@@booklet@@@@@book
162.88693,C places his right hand on the COVID-19 test instruction manual.,notebook@@@@@booklet@@@@@book
167.14784,C holds the COVID-19 testing tube with his right hand.,bottle
168.151,C places the COVID-19 testing tube in his left hand.,bottle
170.08348,C places both hands on the COVID-19 test instruction manual.,notebook@@@@@booklet@@@@@book
170.80973,C reads the COVID-19 test instruction manual.,notebook@@@@@booklet@@@@@book
173.10971,C places the COVID-19 collection swab on the COVID-19 test instruction manual wiith his right hand.,notebook@@@@@booklet@@@@@book
173.982,C grabs the testing solution tube from the COVID-19 test instruction manual with his right hand.,bottle@@@@@notebook@@@@@booklet@@@@@book
175.55298,C holds the testing solution tube with both hands.,bottle
182.769,C opens the cap of testing solution tube with his right hand.,bottle_cap@@@@@bottle
185.007,C places the cap of the testing solution tube on the COVID-19 test instruction manual with his right hand.,bottle_cap@@@@@bottle@@@@@booklet@@@@@book
204.8805,C grabs the COVID-19 collection swab from the COVID-19 test instruction manual with his right hand.,booklet@@@@@book
216.7383,C grabs the COVID-19 testing tube cap from the COVID-19 test instruction manual with his right hand.,bottle_cap@@@@@bottle@@@@@booklet@@@@@book
217.51883,C closes the cap of the COVID-19 testing tube with his right hand.,bottle_cap@@@@@bottle
222.5416,C holds the COVID-19 testing plate pack with both hands.,person@@@@@packet
223.07564,C tears open the COVID-19 testing plate pack with both hands.,person@@@@@packet
224.64411,C removes the COVID-19 testing plate with a silica gel bag from the pack with his right hand.,person@@@@@packet
225.20567,C places the COVID-19 testing plate pack on the table with his left hand.,packet
228.24252,C holds the COVID-19 testing tube with both hands.,bottle
242.033,C places the COVID-19 testing tube on the COVID-19 test instruction manual with his right hand.,booklet@@@@@book
242.10616,C moves the COVID-19 test instruction manual on the table with his right hand.,booklet@@@@@book
249.86775,C trashes the used COVID-19 test materials in trash bag with his left hand.,trash_can
251.97739,C grabs the silica gel bag from the COVID-19 test instruction manual with his right hand.,plastic_bag
254.988,C trashes the COVID-19 testing tube in the trash bag with his right hand.,trash_can
