timestamp,narration,object
6.79527,C Kneels on the side of the CPR mannequin on the floor.,person
8.604,C taps the CPR mannequin's right shoulder with his left hand.,doll@@@@@person
35.43161,C places his left hand on the CPR mannequin’s chest.,doll@@@@@person
36.45335,C interlaces the fingers of both hands on the CPR mannequin’s chest.,doll@@@@@person
38.141,C compresses the CPR mannequin’s chest with both hands.,doll@@@@@person
55.171,C taps the CPR mannequin's right shoulder with his left hand.,doll@@@@@person
61.12385,C places his interlaced hands on the CPR mannequin’s chest.,doll@@@@@person
63.07268,C compresses the CPR mannequin’s chest with both hands.,doll@@@@@person
82.581,C taps the CPR mannequin's right shoulder with his left hand.,doll@@@@@person
