timestamp,narration,object
12.10033,C touches the chopping board on the countertop with her right hand.,chopping_board
12.5,C moves the chopping board on the countertop with both hands.,chopping_board
14.608,C opens the refrigerator with her right hand.,person@@@@@refrigerator
17.15355,C picks the onion from the refrigerator with her left hand.,refrigerator@@@@@onion
18.509,C picks the sliced meat plate from refrigerator with her right hand.,plate@@@@@refrigerator
20.6726,C places the sliced meat plate on the countertop with her right hand.,plate
21.45528,C transfers the onion from her left hand to her right hand.,person@@@@@onion
21.96947,C puts the onion on the countertop with her right hand.,onion
22.09199,C closes the refrigerator with both hands.,person@@@@@refrigerator
23.43935,C opens the refrigerator with her right hand.,person@@@@@refrigerator
24.75007,C picks the egg crate from the refrigerator with her left hand.,crate@@@@@refrigerator
25.75007,C transfers the egg crate from her left hand to her right hand.,crate
26.29798,C transfers the egg crate from her right hand to her left hand.,crate
27.43629,C closes the refrigerator with her right hand.,person@@@@@refrigerator
28.85177,C holds the egg crate wrap with her right hand.,crate
29.83428,C places the egg crate on the chopping board with her left hand.,chopping_board@@@@@crate
30.34239,C opens the tape on the egg crate with her right hand.,tape_measure@@@@@crate
31.68292,C lifts the egg crate lid with her left hand.,crate
32.11779,C picks an egg from the egg crate with her right hand.,egg@@@@@crate
33.70601,C places the egg on the countertop with her right hand.,egg
34.50186,C picks an egg from the egg crate with her right hand.,egg@@@@@crate
35.34911,C covers the egg crate lid with her left hand.,crate
35.57762,C places the egg on the countertop with her right hand.,egg
36.07868,C picks the egg crate from the chopping board with her left hand.,chopping_board@@@@@crate
36.5631,C holds the egg crate with both hands.,egg@@@@@crate
38.51749,C opens the refrigerator with her right hand.,person@@@@@refrigerator
39.9127,C places the egg crate in the refrigerator with her left hand.,crate@@@@@refrigerator
40.95904,C closes the refrigerator with her right hand.,person@@@@@refrigerator
41.9672,C picks the onion from the countertop with her right hand.,onion
42.57,C transfers the onion from her right hand to her left hand.,person@@@@@onion
42.92283,C unwraps the onion covering with her right hand.,onion
45.64,C pulls the sliced meat plate wrap on the countertop with her right hand.,plate
45.7,C places the onion on the chopping board with her left hand.,chopping_board@@@@@onion
46.402,C picks the sliced meat plate from the countertop with her right hand.,plate
46.6175,C removes the sliced meat plate wrap with her left hand.,plate
47.32315,C transfers the sliced meat plate from her right hand to her left hand.,ball@@@@@plate@@@@@meatball
47.72655,C places the sliced meat plate on the countertop with her left hand.,plate
48.302,C unwraps the onion covering with both hands.,onion
50.95251,C picks the onion from the onion covering with her right hand.,onion
51.71333,C drops the onion covering on the table with her left hand.,table@@@@@onion
52.56834,C transfers the onion from her right hand to her left hand.,person@@@@@onion
53.85786,C opens the tap with her right hand.,faucet
55.96096,C rinses the onion under the running tap with both hands.,faucet@@@@@onion
57.501,C closes the tap with her right hand.,faucet
60.165,C picks the knife from the knife rack with her right hand.,knife
61.92414,C places the onion on the chopping board with her left hand.,chopping_board@@@@@onion
62.39545,C touches the knife in her right hand with her left hand.,knife@@@@@person
62.82072,C adjusts the onion on the chopping board with her left hand.,chopping_board@@@@@onion
63.51768,C cuts the onion stem end with the knife in her right hand.,knife@@@@@onion
65.222,C picks the onion stem end from the chopping board with her left hand.,chopping_board@@@@@onion
65.605,C drops the onion stem end on the chopping board with her left hand.,chopping_board@@@@@onion
67.23982,C cuts the onion with the knife in her right hand.,knife@@@@@onion
69.8941,C places the knife on the chopping board with her right hand.,chopping_board@@@@@knife
70.85,C picks the skillet from the stovetop with her right hand.,pan_(for_cooking)@@@@@stove
72.37301,C places the skillet on the stovetop with her right hand.,pan_(for_cooking)@@@@@stove
73.72821,C turns the stove knob with her right hand.,knob@@@@@stove
74.40075,C moves the onion on the chopping board with her left hand.,chopping_board@@@@@onion
74.41908,C picks the knife from the chopping board with her right hand.,chopping_board@@@@@knife
74.9907,C adjusts the onion on the chopping board with her left hand.,chopping_board@@@@@onion
76.45894,C slices the onion with the knife in her right hand.,knife@@@@@onion
77.80218,C moves the onion on the chopping board with her left hand.,chopping_board@@@@@onion
79.5331,C slices the onion with the knife in her right hand.,knife@@@@@onion
105.23243,C wipes the knife with her left hand.,knife
105.94726,C places the knife on the chopping board with her right hand.,chopping_board@@@@@knife
107.207,C turns the stove knob with her right hand.,knob@@@@@stove
109.76091,C tilts the skillet on the stovetop with her left hand.,pan_(for_cooking)@@@@@stove
115.14138,C picks the sliced meat plate from the countertop with her left hand.,ball@@@@@plate@@@@@meatball
115.5345,C removes the sliced meat plate covering with her right hand.,plate
116.40049,C opens the sliced meat plate seal with both hands.,ball@@@@@plate@@@@@meatball
131.58425,C tilts the skillet on the stovetop with her right hand.,frying_pan@@@@@stove
134.37979,C adds the sliced meat from the sliced meat plate to the skillet with her right hand.,pan_(for_cooking)@@@@@plate
139.20223,C covers the sliced meat plate seal with her right hand.,plate
143.30383,C transfers the sliced meat plate from her left hand to her right hand.,plate
143.739,C transfers the sliced meat plate from her right hand to her left hand.,ball@@@@@plate@@@@@meatball
144.71536,C opens the refrigerator with her left hand.,refrigerator
147.83614,C puts the sliced meat plate in the refrigerator with her left hand.,plate@@@@@refrigerator
148.28443,C closes the refrigerator with her right hand.,person@@@@@refrigerator
148.607,C closes the refrigerator with her left hand.,person@@@@@refrigerator
150.63467,C picks the spatula from the countertop with her left hand.,spatula
151.49,C transfers the spatula from her left hand to her right hand.,person@@@@@spatula
152.0495,C touches the spoon on the countertop with her left hand.,spoon
152.53916,C holds the spatula with both hands.,person@@@@@spatula
153.44136,C tilts the skillet on the stovetop with her left hand.,pan_(for_cooking)@@@@@stove
154.31881,C stirs the sliced meat with the spatula in her right hand.,ball@@@@@spatula@@@@@meatball
162.521,C turns the stove knob with her left hand.,knob@@@@@stove
163.742,C stirs the sliced meat with the spatula in her right hand.,ball@@@@@spatula@@@@@meatball
164.04558,C holds the skillet on the stovetop with her left hand.,pan_(for_cooking)@@@@@stove
164.44583,C stirs the sliced meat with the spatula in her right hand.,ball@@@@@spatula@@@@@meatball
191.77588,C holds the skillet on the stovetop with her left hand.,pan_(for_cooking)@@@@@stove
192.25204,C stirs the sliced meat with the spatula in her right hand.,ball@@@@@spatula@@@@@meatball
221.1352,C puts the spatula in the skillet with her right hand.,frying_pan@@@@@spatula
225.51971,C places the tissue paper on the countertop with her left hand.,kitchen_table@@@@@table@@@@@dining_table@@@@@toilet@@@@@toilet_tissue
226.506,C folds the tissue paper with both hands.,toilet@@@@@person@@@@@toilet_tissue
229.79129,C picks the spatula in the skillet with her right hand.,spatula
230.39512,C stirs the sliced meat with the spatula in her right hand.,ball@@@@@spatula@@@@@meatball
231.92264,C puts the tissue paper in the skillet with her left hand.,pan_(for_cooking)@@@@@paper_towel@@@@@towel
232.10889,C moves the tissue paper in the skillet with the spatula in her right hand.,spatula
236.60738,C moves the tissue paper in the skillet with the spatula in her right hand.,spatula
243.13895,C picks the tissue paper from the skillet with her left hand.,toilet@@@@@frying_pan@@@@@toilet_tissue
243.92065,C folds the tissue paper on the spatula with her left hand.,paper_towel@@@@@towel@@@@@spatula
246.54801,C places the tissue paper on the chopping board with her left hand.,chopping_board
247.30999,C stirs the sliced meat with the spatula in her right hand.,ball@@@@@spatula@@@@@meatball
247.88539,C holds the skillet on the stovetop with her left hand.,pan_(for_cooking)@@@@@stove
248.99386,C puts the spatula in the skillet with her right hand.,frying_pan@@@@@spatula
249.19386,C packs the sliced onion from the chopping board with her left hand.,chopping_board@@@@@onion
249.47777,C picks the knife from the chopping board with her right hand.,chopping_board@@@@@knife
250.04491,C packs the sliced onion on the knife with her left hand.,knife@@@@@onion
252.01987,C adds the sliced onion to the skillet from the knife in her right hand.,knife
253.1457,C picks the sliced onion from the chopping board with her left hand.,chopping_board@@@@@onion
253.84962,C places the knife on the chopping board with her right hand.,chopping_board@@@@@knife
254.52213,C drops the sliced onion in the skillet with her left hand.,pan_(for_cooking)@@@@@onion
255.08865,C holds the skillet on the stovetop with her left hand.,pan_(for_cooking)@@@@@stove
255.27113,C picks the spatula in the skillet with her right hand.,spatula
255.68632,C stirs the sliced onion and meat with the spatula in her right hand.,spatula@@@@@onion
262.57923,C stirs the sliced onion and meat with the spatula in her right hand.,spatula@@@@@onion
263.43363,C holds the skillet on the stovetop with her left hand.,pan_(for_cooking)@@@@@stove
265.87695,C turns the stove knob with her left hand.,knob@@@@@stove
266.94734,C stirs the sliced onion and meat with the spatula in her right hand.,spatula@@@@@onion
267.66844,C holds the skillet on the stovetop with her left hand.,pan_(for_cooking)@@@@@stove
270.2049,C turns the stove knob with her left hand.,knob@@@@@stove
271.21473,C stirs the sliced onion and meat with the spatula in her right hand.,spatula@@@@@onion
272.29016,C holds the skillet on the stovetop with her left hand.,pan_(for_cooking)@@@@@stove
289.07715,C turns the stove knob with her left hand.,knob@@@@@stove
290.92586,C stirs the sliced onion and meat with the spatula in her right hand.,spatula@@@@@onion
291.76275,C holds the skillet on the stovetop with her left hand.,pan_(for_cooking)@@@@@stove
324.11432,C turns the stove knob with her left hand.,knob@@@@@stove
324.83021,C stirs the sliced onion and meat with the spatula in her right hand.,spatula@@@@@onion
325.50011,C tilts the skillet on the stovetop with her left hand.,pan_(for_cooking)@@@@@stove
326.6641,C puts the spatula in the skillet with her right hand.,frying_pan@@@@@spatula
327.342,C turns the stove knob with her right hand.,knob@@@@@stove
330.97132,C picks the spatula in the skillet with her right hand.,spatula
331.48529,C turns the stove knob with her left hand.,knob@@@@@stove
333.47133,C stirs the sliced onion and meat with the spatula in her right hand.,spatula@@@@@onion
334.43626,C holds the skillet on the stovetop with her left hand.,pan_(for_cooking)@@@@@stove
350.04567,C puts the spatula in the skillet with her right hand.,frying_pan@@@@@spatula
351.30579,C opens the juice lid with her left hand.,bottle
357.61348,C stirs the ingredients with the spatula in her right hand.,spatula
358.73727,C holds the skillet on the stovetop with her left hand.,pan_(for_cooking)@@@@@stove
362.43564,C puts the spatula in the skillet with her right hand.,frying_pan@@@@@spatula
364.03521,C picks the salt container from the countertop with her right hand.,saltshaker
365.23847,C transfers the salt container from her right hand to her left hand.,person@@@@@saltshaker
366.54377,C picks the spoon from the spoon rack with her right hand.,spoon
368.86232,C scoops salt from the salt container with the spoon in her right hand.,saltshaker@@@@@spoon
371.64958,C adds salt to the skillet with the spoon in her right hand.,spoon
372.63028,C puts the spoon in the salt container with her right hand.,saltshaker@@@@@spoon
373.14865,C transfers the salt container from her left hand to her right hand.,saltshaker
374.03458,C places the salt container on the countertop with her right hand.,table@@@@@saltshaker
375.32095,C picks the spatula from the skillet with her right hand.,spatula
375.42095,C holds the skillet on the stovetop with her left hand.,pan_(for_cooking)@@@@@stove
375.64921,C stirs the ingredients with the spatula in her right hand.,spatula
387.545,C puts the spatula in the skillet with her right hand.,frying_pan@@@@@spatula
389.25115,C lifts the spoon in the spoon rack with her right hand.,spoon
390.23119,C picks a spoon from the spoon rack with her right hand.,spoon
390.93509,C transfers the spoon from her right hand to her left hand.,spoon
391.55026,C transfers the spoon from her left hand to her right hand.,spoon
391.952,C picks the salt container from the countertop with her left hand.,table@@@@@saltshaker
393.455,C scoops the salt from the salt container with the spoon in her right hand.,saltshaker@@@@@spoon
396.43763,C adds salt to the skillet with the spoon in her right hand.,spoon
397.38734,C puts the spoon in the salt container with her right hand.,saltshaker@@@@@spoon
398.27207,C places the salt container on the countertop with her left hand.,saltshaker
399.05768,C picks the spatula in the skillet with her right hand.,spatula
399.54519,C holds the skillet on the stovetop with her left hand.,pan_(for_cooking)@@@@@stove
399.57925,C stirs the ingredients with the spatula in her right hand.,spatula
404.64989,C puts the spatula in the skillet with her right hand.,frying_pan@@@@@spatula
405.76831,C holds the spatula in the skillet with her left hand.,frying_pan@@@@@spatula
406.58173,C sprinkles the spice into the skillet from the spice container in her right hand.,saucepan@@@@@spoon
409.61614,C puts the spatula in the skillet in the,spatula
411.28443,C picks the spatula in the skillet with her right hand.,spatula
412.0,C holds the skillet on the countertop with her left hand.,pan_(for_cooking)@@@@@table
412.00527,C stirs the ingredients with the spatula in her right hand.,spatula
421.11326,C puts the spatula in the skillet with her right hand.,frying_pan@@@@@spatula
421.21326,C picks the toasted sesame oil bottle from the countertop with her left hand.,bottle
422.007,C transfers the toasted sesame oil bottle from her left hand to her right hand.,bottle
422.38692,C opens the toasted sesame oil bottle lid with her left hand.,bottle
426.02643,C adds the toasted sesame oil to the skillet from the toasted sesame oil bottle in her right hand.,bottle
429.74252,C transfers the toasted sesame oil bottle from her right hand to her left hand.,bottle
430.02195,C covers the toasted sesame oil bottle with her left hand.,bottle
430.66952,C places the toasted sesame oil bottle on the countertop with her left hand.,bottle
431.53938,C picks the spatula in the skillet with her right hand.,spatula
431.86511,C holds the skillet on the stovetop with her left hand.,pan_(for_cooking)@@@@@stove
431.96511,C stirs the ingredients with the spatula in her right hand.,spatula
443.107,C moves the napkin on the countertop with her left hand.,napkin
444.16742,C holds the skillet on the stovetop with her left hand.,pan_(for_cooking)@@@@@stove
448.56544,C picks the bowl from the countertop with her left hand.,bowl
450.70767,C stirs the ingredients with the spatula in her right hand.,spatula
451.30219,C places the bowl on the countertop with her left hand.,bowl
452.944,C turns the stove knob with her left hand.,knob@@@@@stove
453.60946,C stirs the ingredients with the spatula in her right hand.,spatula
454.50209,C picks the skillet from the stovetop with her left hand.,can@@@@@pan_(for_cooking)@@@@@frying_pan
457.54684,C transfers the fried ingredients to the bowl with the spatula in her right hand.,bowl@@@@@spatula
470.11796,C places the skillet on the stovetop with her left hand.,frying_pan@@@@@stove
470.19729,C scrapes the skillet with the spatula in her right hand.,frying_pan@@@@@spatula
471.31443,C picks the skillet from the stovetop with her left hand.,can@@@@@pan_(for_cooking)@@@@@frying_pan
472.39281,C transfers the fried ingredients to the bowl with the spatula in her right hand.,bowl@@@@@spatula
474.9511,C places the skillet on the stovetop with her left hand.,frying_pan@@@@@stove
475.26753,C puts the spatula in the skillet with her right hand.,frying_pan@@@@@spatula
479.14798,C picks the bowl from the countertop with her right hand.,bowl
480.37915,C transfers the bowl from her right hand to her left hand.,bowl
481.179,C transfers the bowl from her left hand to her right hand.,bowl
483.504,C puts the bowl on the countertop with her right hand.,bowl
484.39004,C picks the bowl from the countertop with her right hand.,bowl
485.92784,C transfers the bowl from her right hand to her left hand.,bowl
486.33128,C picks the egg from the countertop with her right hand.,egg
486.90712,C places the bowl on the chopping board with her left hand.,chopping_board@@@@@bowl
487.99663,C cracks the egg on the countertop with her right hand.,egg
489.85725,C cracks the egg on the kitchen sink with her right hand.,kitchen_sink@@@@@sink@@@@@egg
490.992,C holds the egg with both hands.,egg@@@@@person
492.07438,C adds the egg into the bowl with both hands.,bowl@@@@@egg
494.2518,C places the egg shell on the chopping board with her left hand.,chopping_board@@@@@egg
494.705,C picks an egg from the chopping board with her right hand.,chopping_board@@@@@egg
495.599,C holds the bowl on the chopping board with her left hand.,chopping_board@@@@@bowl
495.74045,C cracks the egg on the bowl with her right hand.,bowl@@@@@egg
496.482,C adds the egg into the bowl with both hands.,bowl@@@@@egg
500.18289,C places the egg shell on the chopping board with her left hand.,chopping_board@@@@@egg
502.4825,C picks the chopsticks from the chopstick rack with her right hand.,chopstick
503.296,C transfers the chopsticks from her right hand to her left hand.,chopstick
503.57293,C transfers the chopstick from her left hand to her right hand.,chopstick
504.048,C holds the bowl on the chopping board with her left hand.,chopping_board@@@@@bowl
504.24135,C picks the chalaza from the bowl with the chopsticks in her right hand.,bowl@@@@@chopstick
508.23273,C releases the chalaza on the chopping board from the chopsticks in her right hand.,chopping_board@@@@@egg@@@@@chopstick
509.04137,C picks the chalaza from the bowl with the chopsticks in her right hand.,bowl@@@@@chopstick
510.73907,C releases the chalaza on the chopping board from the chopsticks in her right hand.,chopping_board@@@@@egg@@@@@chopstick
512.52974,C picks the chalaza from the bowl with the chopsticks in her right hand.,bowl@@@@@chopstick
515.83791,C releases the chalaza on the chopping board from the chopsticks in her right hand.,chopping_board@@@@@egg@@@@@chopstick
517.07834,C picks the chalaza from the bowl with the chopsticks in her right hand.,bowl@@@@@chopstick
521.28884,C releases the chalaza on the chopping board from the chopsticks in her right hand.,chopping_board@@@@@egg@@@@@chopstick
522.04978,C moves the chalaza on the chopping board with her left hand.,chopping_board@@@@@egg
523.32343,C places the chopsticks on the chopping board with her right hand.,chopping_board@@@@@chopstick
530.2066,C picks the chopsticks from the chopping board with her right hand.,chopping_board@@@@@chopstick
532.1746,C transfers the chopsticks from her right hand to left hand.,chopstick
532.21271,C transfers the chopsticks from her left hand to her right hand.,chopstick
532.80674,C picks the chopsticks from the countertop with her left hand.,can@@@@@table@@@@@chopstick
533.14951,C places the chopsticks on the chopping board with her right hand.,chopping_board@@@@@chopstick
534.431,C transfers the chopsticks from her left hand to her right hand.,chopstick
535.1487,C adjusts the chopsticks in her right hand with her left hand.,chopstick
536.38944,C whisks the egg with the chopsticks in her right hand.,egg@@@@@chopstick
536.58944,C tilts the bowl on the chopping board with her left hand.,chopping_board@@@@@bowl
548.97218,C places the chopsticks on the bowl with her right hand.,bowl@@@@@chopstick
550.68373,C opens the refrigerator with her right hand.,person@@@@@refrigerator
552.09818,C picks the milk carton from the refrigerator with her left hand.,carton@@@@@cart@@@@@refrigerator
553.41506,C closes the refrigerator with her right hand.,person@@@@@refrigerator
553.67647,C turns the milk carton lid with her right hand.,can@@@@@milk_can
554.80151,C transfers the milk carton from her left hand to her right hand.,can@@@@@milk_can
555.63878,C removes the milk carton lid from the milk carton with her left hand.,can@@@@@canister
557.30294,C adds milk to the bowl from the milk carton in her right hand.,can@@@@@milk_can@@@@@bowl
558.53492,C covers the milk carton with the milk carton lid in her left hand.,can@@@@@canister
560.24656,C transfers the milk carton from her right hand to her left hand.,can@@@@@milk_can
560.95337,C opens the refrigerator with her right hand.,person@@@@@refrigerator
562.06984,C places the milk carton in the refrigerator with her left hand.,carton@@@@@cart@@@@@refrigerator
562.63351,C closes the refrigerator with her right hand.,person@@@@@refrigerator
563.867,C picks the chopsticks from the bowl with her right hand.,bowl@@@@@chopstick
564.37659,C holds the bowl on the chopping board with her left hand.,chopping_board@@@@@bowl
564.407,C whisks the egg with the chopsticks in her right hand.,egg@@@@@chopstick
565.10654,C touches the onion on the chopping board with her left hand.,chopping_board@@@@@onion
566.92761,C picks the onion covering from the countertop with her left hand.,onion
567.02761,C places the chopsticks on the bowl with her right hand.,bowl@@@@@chopstick
567.65326,C touches the onion on the chopping board with her right hand.,chopping_board@@@@@onion
568.35701,C opens the onion covering with both hands.,onion
571.4948,C picks the onion from the chopping board with her right hand.,chopping_board@@@@@onion
575.487,C opens the refrigerator with her right hand.,person@@@@@refrigerator
576.56063,C places the milk carton in the refrigerator with her left hand.,carton@@@@@cart@@@@@refrigerator
577.09255,C closes the refrigerator with her right hand.,person@@@@@refrigerator
578.46548,C picks the chopsticks from the bowl with her right hand.,bowl@@@@@chopstick
579.08415,C tilts the bowl on the chopping board with her left hand.,chopping_board@@@@@bowl
579.28337,C whisks the egg with the chopsticks in her right hand.,egg@@@@@chopstick
588.30313,C picks a pinch of salt from the salt container with her left hand.,saltshaker
589.32421,C adds the pinch of salt to the bowl with her left hand.,bowl@@@@@saltshaker
589.79163,C whisks the egg with the chopsticks in her right hand.,egg@@@@@chopstick
591.08022,C tilts the bowl on the chopping board with her left hand.,chopping_board@@@@@bowl
592.96033,C transfers the chopsticks from her right hand to her left hand.,chopstick
594.7579,C turns the stove knob with her right hand.,knob@@@@@stove
599.152,C transfers the chopsticks from her left hand to her right hand.,chopstick
600.17436,C touches the bowl on the chopping board with her left hand.,chopping_board@@@@@bowl
600.42924,C places the chopsticks on the bowl with her right hand.,bowl@@@@@chopstick
604.15386,C holds the tissue paper on the countertop with her left hand.,toilet@@@@@toilet_tissue
607.50357,C picks the spatula from the skillet with her right hand.,spatula
613.805,C places the spatula in the skillet with her left hand.,frying_pan@@@@@spatula
615.33822,C folds the tissue paper with both hands.,toilet@@@@@person@@@@@toilet_tissue
616.53303,C throws the tissue paper into the trash bin with her left hand.,trash_can@@@@@can@@@@@toilet@@@@@toilet_tissue
617.57278,C picks the spatula from the skillet with her right hand.,spatula
618.16774,C transfers the spatula from her right hand to her left hand.,spatula
619.37055,C places the spatula on the countertop with her left hand.,spatula
620.18605,C turns the stove knob with her right hand.,knob@@@@@stove
620.18605,C tilts the skillet on the stovetop with her left hand.,pan_(for_cooking)@@@@@stove
623.627,C picks the oil bottle from the countertop with her right hand.,bottle
624.324,C transfers the oil bottle from her right hand to her left hand.,bottle@@@@@hand_glass
624.73309,C opens the oil bottle lid with her right hand.,bottle
625.675,C transfers the oil bottle from her left hand to her right hand.,bottle
626.31919,C adds oil to the skillet from the oil bottle in her right hand.,pan_(for_cooking)@@@@@bottle
629.20634,C covers the oil bottle with her left hand.,bottle
630.34281,C places the oil bottle on the countertop with her right hand.,bottle
630.91097,C picks the chopsticks from the bowl with her right hand.,bowl@@@@@chopstick
631.20358,C tilts the bowl on the chopping board with her left hand.,chopping_board@@@@@bowl
631.46681,C whisks the egg with the chopsticks in her right hand.,egg@@@@@chopstick
650.87097,C picks the bowl from the chopping board with her left hand.,chopping_board@@@@@bowl
651.16006,C whisks the egg with the chopsticks in her right hand.,egg@@@@@chopstick
656.13644,C pours the egg into the skillet from the bowl in her left hand.,bowl
661.46779,C places the bowl on the chopping board with her left hand.,chopping_board@@@@@bowl
661.80688,C places the chopsticks on the bowl with her right hand.,bowl@@@@@chopstick
662.87369,C moves the knife on the chopping board with her right hand.,chopping_board@@@@@knife
663.53523,C picks the spatula from the chopping board with her left hand.,chopping_board@@@@@spatula
665.004,C adjusts the stove knob with her right hand.,knob@@@@@stove
667.34741,C transfers the spatula from her left hand to her right hand.,person@@@@@spatula
668.21647,C tilts the skillet on the stovetop with her left hand.,pan_(for_cooking)@@@@@stove
675.30165,C moves the egg from the edge of the skillet with the spatula in her right hand.,egg@@@@@spatula
679.71889,C lifts the skillet from the stovetop with her left hand.,pan_(for_cooking)@@@@@stove
679.81889,C shakes the skillet with her left hand.,frying_pan
686.25671,C tilts the skillet on the stovetop with her left hand.,pan_(for_cooking)@@@@@stove
688.2754,C turns the stove knob with her left hand.,knob@@@@@stove
689.258,C tilts the skillet on the stovetop with her left hand.,pan_(for_cooking)@@@@@stove
690.543,C transfers the spatula from her right hand to her left hand.,spatula
691.105,C turns the stove knob with her right hand.,knob@@@@@stove
698.26235,C transfers the spatula from her left hand to her right hand.,person@@@@@spatula
698.87201,C picks the bowl from the countertop with her left hand.,bowl
700.879,C places the spatula on the chopping board with her right hand.,chopping_board@@@@@spatula
701.64894,C picks the chopsticks from the bowl on the chopping board with her right hand.,chopping_board@@@@@bowl@@@@@chopstick
702.85481,C adds the fried ingredients to the skillet with the chopsticks in her right hand.,chopstick
711.51897,C places the chopsticks on the bowl with her right hand.,bowl@@@@@chopstick
711.51897,C places the bowl on the chopping board with her left hand.,chopping_board@@@@@bowl
712.47702,C picks the spatula from the chopping board with her right hand.,chopping_board@@@@@spatula
713.69557,C holds the skillet on the stovetop with her left hand.,pan_(for_cooking)@@@@@stove
713.69557,C touches the omelet with the spatula in her right hand.,omelet@@@@@spatula
714.42215,C scrapes the omelet from the edge of the skillet with the spatula in her right hand.,frying_pan@@@@@spatula
716.293,C lifts the skillet from the stovetop with her left hand.,pan_(for_cooking)@@@@@stove
716.62217,C folds the omelet with the spatula in her right hand.,omelet@@@@@spatula
718.33647,C places the skillet on the stovetop with her left hand.,frying_pan@@@@@stove
718.83383,C lifts the skillet from the stovetop with her left hand.,pan_(for_cooking)@@@@@stove
719.4227,C flips the omelet in the skillet with the spatula in her right hand.,omelet@@@@@frying_pan@@@@@spatula
720.06607,C places the skillet on the stovetop with her left hand.,frying_pan@@@@@stove
720.36607,C moves the omelet with the spatula in her right hand.,omelet@@@@@spatula
721.37892,C presses the omelet with the spatula in her right hand.,omelet@@@@@spatula
722.704,C puts the spatula in the skillet with her right hand.,frying_pan@@@@@spatula
723.60786,C turns the stove knob with her right hand.,knob@@@@@stove
726.31536,C picks a plate from the countertop with her right hand.,plate
726.31536,C picks a plate from the countertop with her left hand.,plate
729.64013,C places the plate in her right hand on the countertop.,plate
732.983,C picks the napkin from the countertop with her right hand.,napkin
733.432,C drops the napkin on the countertop with her right hand.,napkin
734.77202,C places the plate on the countertop with her left hand.,plate
734.77202,C picks the spatula from the skillet with her right hand.,spatula
735.65891,C picks the skillet from the stovetop with her left hand.,can@@@@@pan_(for_cooking)@@@@@frying_pan
737.1734,C transfers the omelet from the skillet to the plate with the spatula in her right hand.,omelet@@@@@plate@@@@@spatula
740.36857,C moves the omelet with the spatula in her right hand.,omelet@@@@@spatula
743.14715,C places the skillet on the stovetop with her left hand.,frying_pan@@@@@stove
744.29996,C moves the omelet with the spatula in her right hand.,omelet@@@@@spatula
744.29996,C holds the plate on the countertop with her left hand.,plate
746.9744,C adjusts the omelet with the spatula in her right hand.,omelet@@@@@spatula
746.9744,C adjusts the omelet with her left hand.,omelet
749.17259,C puts the spatula in the skillet with her right hand.,frying_pan@@@@@spatula
750.94942,C picks a bowl from the countertop with her right hand.,bowl
752.0028,C places the bowl on the countertop with her right hand.,bowl
752.7489,C picks the soy sauce bottle from the countertop with both hands.,bottle
753.25011,C opens the soy sauce bottle lid with her left hand.,bottle
755.56915,C adds soy sauce to the bowl from the soy sauce bottle in her right hand.,bowl@@@@@bottle
756.90765,C covers the soy sauce bottle with the soy sauce bottle lid in her left hand.,bottle
758.03639,C places the soy sauce on the countertop with her right hand.,table@@@@@bottle
758.03639,C picks the ketchup bottle from the countertop with her left hand.,bottle
758.62049,C moves the mayonnaise bottle from the ketchup bottle with her right hand.,bottle
759.14309,C transfers the ketchup bottle from her left hand to her right hand.,bottle@@@@@hand_glass
759.39839,C opens the ketchup bottle lid with her left hand.,bottle
761.405,C transfers the ketchup bottle from her right hand to her left hand.,bottle
762.76629,C picks dirt from the bowl with her right finger.,bowl
764.31002,C puts the dirt in her right hand on the chopping board.,chopping_board
764.988,C holds the ketchup bottle with both hands.,bottle
765.73444,C adds ketchup to the bowl from the ketchup bottle in both hands.,bowl@@@@@bottle
767.70469,C covers the ketchup bottle with the lid in her left hand.,bottle_cap@@@@@bottle
770.48638,C places the ketchup bottle on the countertop with her left hand.,can@@@@@kitchen_table@@@@@table@@@@@bottle
771.74281,C picks a spoon from the spoon rack with her right hand.,spoon
772.547,C transfers the spoon from her right hand to her left hand.,spoon
773.15523,C holds the bowl on the countertop with her left hand.,bowl
773.15523,C removes dirt from the bowl with her right hand.,bowl
775.0524,C transfers the spoon from her left hand to her right hand.,spoon
775.45889,C holds the bowl on the countertop with her left hand.,bowl
775.75115,C mixes the ingredients with the spoon in her right hand.,can@@@@@batter_(food)@@@@@mushroom@@@@@egg@@@@@eggplant@@@@@spoon
776.91928,C picks the bowl from the countertop with her left hand.,bowl
777.64155,C mixes the ingredients with the spoon in her right hand.,can@@@@@batter_(food)@@@@@mushroom@@@@@egg@@@@@eggplant@@@@@spoon
789.96778,C scoops the ingredients from the bowl with the spoon in her right hand.,bowl@@@@@spoon
791.30896,C spreads the ingredients on the omelet with the spoon in her right hand.,omelet@@@@@spoon
792.98229,C scoops the ingredients from the bowl with the spoon in her right hand.,bowl@@@@@spoon
795.47206,C spreads the ingredients on the omelet with the spoon in her right hand.,omelet@@@@@spoon
797.30212,C puts the spoon in the bowl with her right hand.,bowl@@@@@spoon
798.53186,C places the bowl on the countertop with her left hand.,bowl
798.98486,C picks the black pepper container from the countertop with her right hand.,pepper_mill
800.825,C transfers the black pepper container from her left hand to her right hand.,condiment
801.44061,C sprinkles the black pepper on the omelet from the black pepper container in her right hand.,omelet@@@@@pepper_mill
805.73748,C covers the black pepper container lid with her left hand.,pepper_mill
807.63432,C places the black pepper container on the countertop with her left hand.,can@@@@@table
808.52714,C picks the egg shell from the chopping board with both hands.,chopping_board@@@@@egg
810.57721,C throws the egg shell in the trash bin with both hands.,trash_can@@@@@seashell@@@@@can
811.61078,C moves the bowl on the chopping board with both hands.,chopping_board@@@@@bowl
813.52963,C moves the chopping board with both hands.,chopping_board
815.25464,C moves the plate on the countertop with both hands.,plate
823.42936,C touches the plate on the countertop with both hands.,plate
11.90286,C touches a chopping board on the kitchen island with her hands.,chopping_board
14.45216,C opens the refrigerator door with her right hand.,refrigerator
17.26944,C picks an onion from the refrigerator with her left hand.,refrigerator@@@@@onion
18.52628,C picks a minced meat pack from the refrigerator with her right hand.,refrigerator
21.26764,C passes the onion in her left hand to her right hand.,onion
21.86048,C places the onion in her right hand on the kithen island.,onion
22.49534,C moves the refrigerator door with both hands.,refrigerator
24.78866,C picks up an egg crate from the refrigerator with her hands.,crate@@@@@refrigerator
27.7033,C closes the refrigerator door with he right hand.,refrigerator
29.79458,C places the egg crate on the chopping board with her hands.,chopping_board@@@@@crate
30.57809,C tears the seal at the edge of the egg crate with her right hand.,egg@@@@@crate
32.12792,C picks an egg from the egg crate with her right hand.,egg@@@@@crate
33.60572,C places the egg on the kitchen island with her right hand.,egg
34.45025,C picks an egg from the egg crate with her right hand.,egg@@@@@crate
35.6847,C places the egg on the kitchen island with her right hand.,egg
36.60291,C picks the egg crate off the chopping board with her hands.,chopping_board@@@@@crate
38.42683,C opens the refrigerator door with her right hand.,refrigerator
39.99583,C places the egg crate in the refrigerator with her left hand.,crate@@@@@refrigerator
40.87935,C closes the refrigerator door with her right hand.,refrigerator
42.058,C picks the onion on the kitchen island with her right hand.,onion
45.745,C places the onion on the chopping board with her left hand.,chopping_board@@@@@onion
46.453,C picks up the meat pack on the kitchen island with her right.,beef_(food)@@@@@ball@@@@@sausage@@@@@packet@@@@@steak_(food)@@@@@meatball
48.17,C unwraps the onion on the chopping board with her hands.,chopping_board@@@@@onion
51.809,C drops the onion wrap on the kitchen island with her left hand.,onion
52.536,C passes the onion from her right hand to her left hand.,person@@@@@onion
53.774,C turns the tap handle with her right hand.,faucet@@@@@handle
55.318,C rinses the onion under the running tap with her hands.,faucet@@@@@onion
57.316,C turns the tap handle with her right hand.,faucet@@@@@handle
60.161,C picks a knife from the knife block on the kitchen island.,knife
61.882,C places the onion in her left hand on the chopping board.,chopping_board@@@@@onion
62.856,C holds the onion on the chopping board with her left hand.,chopping_board@@@@@onion
63.414,C cuts off the tip of the onion with the knife in her right hand.,knife@@@@@onion
65.156,C picks the tip of the onion off the blade of the knife with her left hand.,knife@@@@@onion
65.668,C drops the tip of the onion in her left hand on the chopping board.,chopping_board@@@@@onion
67.004,C slices the onion on the chopping board into equal half with the knife in her right hand.,chopping_board@@@@@knife@@@@@onion
69.56904,C drops the knife in her right hand on the chopping board.,chopping_board@@@@@knife
70.92663,C picks a skillet off the small stovetop with her right hand.,pan_(for_cooking)@@@@@stove
72.03287,C places the skillet on the medium stovetop with her right hand.,pan_(for_cooking)@@@@@stove
74.53383,C picks the knife on the chopping board with her right hand.,chopping_board@@@@@knife
75.07992,C adjusts the onion on the chopping board with her left hand.,chopping_board@@@@@onion
76.31356,C slices the onion on the chopping board with the knife in her right hand.,chopping_board@@@@@knife@@@@@onion
106.00274,C drops the knife in her right hand on the kitchen island.,knife
107.33821,C turns the stove knob with her right hand.,knob@@@@@stove
109.69819,C tilts the skillet on the medium stovetop with her left hand.,pan_(for_cooking)@@@@@stove
131.54281,C tilts the skillet on the medium stovetop with her left hand.,pan_(for_cooking)@@@@@stove
134.3206,C adds minced meat from its pack into the skillet with her right hand.,pan_(for_cooking)
144.83062,C opens the refrigerator door with her left hand.,person@@@@@refrigerator
147.82706,C places the minced meat in the refrigerator with her left hand.,person@@@@@refrigerator
148.71935,C closes the refrigerator door with her left hand.,refrigerator
150.80168,C picks a slutted spatula on the kitchen island with her left hand.,spatula
151.53884,C passes the slutted spatula from her left hand to her right hand.,spatula
153.41126,C tilts the skillet on the medium stovetop with her left hand.,pan_(for_cooking)@@@@@stove
154.31876,C stirs the minced meat in the skillet with the slutted spatula in her right hand.,spatula
162.53641,C turns the stove knob with her right hand.,knob@@@@@stove
163.82673,C stirs the minced meat in the skillet with the slutted spatula in her right hand.,spatula
211.80967,C stirs the minced meat in the skillet with the slutted spatula in her right hand.,spatula
222.6913,C picks up a tissue roll on the kitchen island with her left hand.,paper_towel@@@@@towel
224.16683,C tears off a sheet of tissue from the tissue roll with her right hand.,toilet@@@@@toilet_tissue
229.82905,C moves the minced meats in the skillet to a side with the slutted spatula in her right hand.,spatula
232.2094,C moves the sheet of tissue in the skillet with the slutted spatula in her right hand.,spatula
246.37315,C drops the sheet of tissue in her left hand on the chopping board.,chopping_board
247.40777,C stirs the minced meat in the skillet with the slutted spatula in her right hand.,spatula
247.93501,C holds the skilllet handle with her left hand.,frying_pan@@@@@handle
248.88792,C drops the slutted spatula in the skillet with her right hand.,spatula
249.3037,C packs the onions on the chopping board with her left hand and the knife in her right hand.,chopping_board@@@@@knife
251.9104,C adds the onions to the minced meat in the skillet with her left hand and the knife in her right hand.,knife
253.0707,C picks onion on the chopping board with her left hand.,chopping_board@@@@@onion
253.45534,C drops the knife in her right hand on the chopping board.,chopping_board@@@@@knife
254.49549,C drops the onion in her left hand into the skillet.,onion
254.87844,C stirs the minced meat and the onions in the skillet with the slutted spatula in her right hand.,spatula
265.69122,C turns the stove knob with her left hand.,knob@@@@@stove
267.03106,C stirs the minced meat and the onions in the skillet with the slutted spatula in her right hand.,spatula
267.54053,C holds the skillet handle with her left hand.,frying_pan@@@@@handle
270.2459,C turns the stove knob with her left hand.,knob@@@@@stove
271.12876,C stirs the minced meat and the onions in the skillet with the slutted spatula in her right hand.,spatula
272.27322,C holds the skillet handle with her left hand.,frying_pan@@@@@handle
288.85275,C turns the stove knob with her left hand.,knob@@@@@stove
290.77314,C stirs the minced meat and the onions in the skillet with the slutted spatula in her right hand.,spatula
291.69783,C holds the skillet handle with her left hand.,frying_pan@@@@@handle
324.09613,C turns the stove knob with her left hand.,knob@@@@@stove
325.47033,C tilts the skillet on the medium stovetop with her left hand.,pan_(for_cooking)@@@@@stove
327.34981,C turns the stove knob with her right hand.,knob@@@@@stove
330.92662,C holds the slutted spatula in the skillet with her right hand.,spatula
331.60305,C turns the stove knob with her left hand.,knob@@@@@stove
332.73764,C stirs the minced meat and the onions in the skillet with the slutted spatula in her right hand.,spatula
334.35882,C holds the skillet handle with her left hand.,frying_pan@@@@@handle
351.41773,C opens the rice wine pack cap with her left hand.,bottle_cap@@@@@bottle
353.36607,C adds the rice wine from its carton into the skillet with her right hand.,carton@@@@@cart
355.38182,C covers the rice wine carton with its cap in her left hand.,carton@@@@@bottle_cap@@@@@cart@@@@@bottle
357.31307,C places the rice wine carton on the kitchen island with her left hand.,carton@@@@@table@@@@@cart
357.94263,C stirs the rice wine with the minced meat and the onions in the skillet with the slutted spatula in her right hand.,spatula
358.79943,C holds the skillet handle with her left hand.,frying_pan@@@@@handle
362.67674,C drops the slutted spatula in her right hand into the skillet with her right hand.,spatula
363.97295,C picks a bowl of white pepper off the kitchen island with her right hand.,bowl@@@@@pepper_mill
365.29045,C places the bowl of white pepper from her right hand into her left palm.,bowl@@@@@pepper_mill
366.3106,C picks up a measuring spoon from the utensil rack on the kitchen island with her right hand.,measuring_cup@@@@@cup@@@@@spoon
368.67424,C gets white pepper from the bowl of white pepper with the measuring spoon in her right hand.,bowl@@@@@spoon
371.71547,C adds the white pepper from the measuring spoon into the skillet with her right hand.,spoon
372.59191,C drops the measuring spoon in her right hand into the bowl of white pepper.,bowl@@@@@spoon
373.28246,C picks up the bowl of white pepper from her left palm with her right hand.,bowl@@@@@spoon
373.96944,C places the bowl of white pepper in her right hand on the kitchen island.,bowl
375.35831,C stirs the white pepper with the minced meat mixture in the skillet with the slutted spatula in her right hand.,spatula
375.50896,C holds the skillet handle with her left hand.,frying_pan@@@@@handle
387.56853,C drops the slutted spatula in her right hand into the skillet.,spatula
389.0113,C picks up a spoon from the utensil rack with her right hand.,spoon
392.13805,C picks up a bowl of salt from the kitchen island with her left hand.,bowl@@@@@saltshaker
393.34436,C gets salt from the bowl of salt with the spoon in her right hand.,bowl@@@@@spoon
396.31977,C adds the salt in the spoon into the skillet with her right hand.,spoon
397.16324,C places the spoon into the bowl of salt with her right hand.,bowl@@@@@spoon
398.19674,C places the bowl of salt on the kitchen island with her left hand.,bowl@@@@@saltshaker
398.91994,C stirs the salt with the minced meat mixture in the skillet with the slutted spatula in her right hand.,spatula
399.52481,C holds the skillet handle with her left hand.,frying_pan@@@@@handle
405.14282,C opens the curry powder container cap with her left hand.,jar@@@@@bottle_cap@@@@@bottle
405.90304,C picks up the slutted spatula in the skillet with her left hand.,spatula
409.41995,C places the slutted spatula in the skillet with her left hand.,spatula
410.02634,C closes the curry powder container cap with her left hand.,bottle_cap@@@@@bottle
411.7928,C stirs the curry powder with the minced meat mixture in the skillet with the slutted spatula in her right hand.,spatula
412.01263,C holds the skillet handle with her left hand.,frying_pan@@@@@handle
420.75653,C places the slutted spatula in the skillet with her right hand,pan_(for_cooking)@@@@@spatula
422.9943,C opens the oyster container cap with her left hand.,bottle_cap@@@@@bottle
426.24398,C adds the oyster from its container into the skillet with her right hand.,pan_(for_cooking)
431.28029,C stirs the oyster with the minced meat mixture in the skillet with the slutted spatula in her right hand.,spatula
431.71211,C holds the skillet handle with her left hand.,frying_pan@@@@@handle
443.0686,C moves a towel on the kitchen island with her left hand.,towel
444.09572,C holds the skillet handle with her left hand.,frying_pan@@@@@handle
448.61055,C gets a white bowl on the kitchen island with her left hand.,bowl
450.73504,C stirs the minced meat mixture in the skillet with the slutted spatula in her right hand.,pan_(for_cooking)@@@@@spatula
450.87665,C places the white bowl on the kitchen island with her left hand.,bowl
453.00754,C turns the stove knob with her left hand.,knob@@@@@stove
453.4349,C stirs the minced meat mixture in the skillet with the slutted spatula in her right hand.,pan_(for_cooking)@@@@@spatula
454.41197,C picks up the skillet on the medium stovetop with her left hand.,pan_(for_cooking)@@@@@stove
457.91695,C pours the minced meat mixture from the skillet into the white bowl with the slutted spatula in her right hand.,pan_(for_cooking)@@@@@bowl@@@@@spatula
474.71211,C places the skillet on the medium stovetop with her left hand.,pan_(for_cooking)@@@@@stove
475.51266,C places the slutted spatula in her right hand into the skillet.,frying_pan@@@@@spatula
479.1846,C picks up a big white bowl on the kitchen island with her right hand.,bowl
483.26536,C drops the big white bowl on the kitchen island with her right hand.,bowl
484.21222,C picks up a white ceramic bowl on the kitchen island with her right hand.,bowl
485.84937,C passes the white ceramic bowl from her right hand to her left hand.,bowl
486.29251,C picks up an egg on the kitchen island with her right hand.,egg
486.71734,C places the white ceramic bowl on the kitchen island with her left hand.,table@@@@@bowl
487.94639,C cracks the egg in her right hand on the kitchen island.,chopping_board@@@@@can@@@@@kitchen_sink@@@@@kitchen_table@@@@@sink@@@@@table@@@@@egg
489.90959,C cracks the egg in her right hand on the edge of the kitchen sink.,kitchen_sink@@@@@sink@@@@@egg
490.98851,C breaks the egg from its shell into the white ceramic bowl with her hands.,bowl@@@@@egg
494.35063,C drops the egg shell on the kitchen island with her left hand.,seashell
494.70597,C picks up an egg from the kitchen island with her right hand.,egg
495.56859,C cracks the egg at the edge of the white ceramic bowl with her right hand.,bowl@@@@@egg
496.44284,C breaks the egg from its shell into the white ceramic bowl with her hands.,bowl@@@@@egg
500.06712,C drops the egg shell on the kitchen island with her left hand.,seashell
502.36285,C picks up a black chopstick from the utensil rack with her right hand.,chopstick
503.94675,C holds the white ceramic bowl on the kitchen island with her left hand.,bowl
507.293,C picks out dirt from the eggs in the white ceramic bowl with the black chopsticks in her right hand.,bowl@@@@@chopstick
523.34991,C drops the chopsticks in her right hand on the kitchen island.,chopstick
532.91773,C picks up a black chopsticks from the kitchen island with her left hand.,chopstick
534.32257,C passes the black chopsticks from her left hand to her right hand.,chopstick
536.41336,C holds the white ceramic bowl on the kitchen island with her left hand.,bowl
536.56353,C whisks the eggs in the white ceramic bowl with the black chopsticks in her right hand.,bowl@@@@@chopstick
549.02051,C places the black chopsticks on the white ceramics with her right hand.,plate@@@@@chopstick
550.68172,C opens the refrigerator door with her right hand.,refrigerator
552.00353,C picks up a milk container from the refrigerator with her left hand.,can@@@@@milk_can@@@@@refrigerator
553.3377,C closes the refrigerator door with her right hand.,refrigerator
554.71454,C passes the milk container from her left hand to her right hand.,can@@@@@milk_can
555.84795,C opens the milk container cap with her left hand.,can@@@@@bottle_cap@@@@@milk_can@@@@@bottle
557.25239,C adds milk from the milk container in her right hand into the white ceramic bowl.,can@@@@@milk_can@@@@@bowl
558.51231,C covers the milk container with the cap in her left hand.,can@@@@@bottle_cap@@@@@milk_can@@@@@bottle
560.94222,C opens the refrigerator door with her right hand.,refrigerator
562.12487,C places the milk in the refrigerator with her left hand.,can@@@@@milk_can@@@@@refrigerator
562.65895,C closes the refrigerator door with her right hand.,refrigerator
563.79287,C picks up the black chopstick on the white ceramics bowl with her righthand.,bowl@@@@@chopstick
564.33237,C whisks the eggs together with the milk in the white ceramic bowl with the black chopsticks in her right hand.,bowl@@@@@chopstick
566.87193,C places the black chopsticks on the white ceramic bowl with her right hand.,bowl@@@@@chopstick
567.37605,C picks up the onion wrap on the kitchen island with her hands.,can@@@@@onion
571.56515,C picks the onion on the kitchen island with her right hand.,onion
571.61467,C wraps the onion with its wrap in her left hand.,onion
575.50371,C opens the refrigerator door with her right hand.,refrigerator
576.59731,"C places the onion in the refrigerator with her left hand.,",refrigerator@@@@@onion
577.20546,C closes the refrigerator door with her right hand.,refrigerator
578.34101,C picks the black chopsticks on the white ceramics bowl with her right hand.,bowl@@@@@chopstick
578.96239,C holds the white ceramic bowl with her left hand.,bowl
579.45799,C whisks the egg mixture in the white ceramic bowl with the black chopsticks in her right hand.,bowl@@@@@chopstick
588.27263,C gets salt from the salt bowl with her left hand.,saltshaker
589.26833,C adds the salt in her left hand to the white ceramic bowl.,bowl@@@@@saltshaker
589.84771,C whisks the salt with the egg mixture in the white ceramic bowl with the black chopsticks in her right hand.,bowl@@@@@chopstick
592.92726,C passes the black chopsticks from her right hand to her left hand.,chopstick
594.0584,C turns the stove knob with her right hand.,knob@@@@@stove
599.11787,C passes the black chopsticks from her right hand to her left hand.,chopstick
600.53597,C places the black chopsticks on the white bowl with her right hand.,bowl@@@@@chopstick
601.10716,C tears a sheet of tissue from the tissue roll with her hands.,toilet@@@@@toilet_tissue
607.18571,C lifts the slutted psatula in the skillet with her left hand.,spatula
616.35055,C drops the tissue sheet into the waste bin with her left hand.,can@@@@@toilet@@@@@binoculars@@@@@toilet_tissue
617.49453,C picks up the slutted spatula in the skillet with his right hand.,spatula
618.18413,C passes the slutted spatula from her right hand to her left hand.,spatula
619.0684,C drops the slutted spatula on the kitchen island with her left hand.,spatula
619.87857,C turns the stove knob with her right hand.,knob@@@@@stove
620.18637,C tilts the skillet with her left hand.,pan_(for_cooking)
623.62506,C picks up an oil container from the kitchen island with her right hand.,oil_lamp@@@@@lamp
624.31357,C holds the oil container with her left hand.,oil_lamp@@@@@lamp
625.70819,C passes the oil container from her left hand to her right hand.,oil_lamp@@@@@lamp
630.34085,C places the oil container on the kitchen island with her right hand.,table@@@@@bottle
630.95025,C picks up the black chopsticks on the white ceramics bowl with her right hand.,bowl@@@@@chopstick
631.58965,C whisks the egg mixture in the white ceramic bowl with the black chopsticks in her right hand.,bowl@@@@@chopstick
655.9502,C pours the egg mixture in the white ceramic bowl into the skillet with her left hand.,pan_(for_cooking)@@@@@bowl
661.41515,C places the white ceramic bowl on the chopping board with her left hand.,chopping_board@@@@@bowl
661.56147,C drops the black chopsticks on the white cream cheese bowl with her right hand.,bowl@@@@@chopstick
663.66024,C picks the slutted spatula on the kitchen island with her left hand.,spatula
664.89738,C turns the stove knob with her right hand.,knob@@@@@stove
667.32422,C passes the slutted spatula from her left hand to her right hand.,spatula
668.21346,C tilts the skillet on the medium stovetop with her left hand.,pan_(for_cooking)@@@@@stove
675.3135,C moves the sluted spatula around the edge of the eggs in the skillet with her right hand.,spatula
679.56098,C tilts the skillet on the medium stovetop with her left hand.,pan_(for_cooking)@@@@@stove
688.15496,C turns the stove knob with her left hand.,knob@@@@@stove
689.30902,C tilts the skillet on the medium stovetop with her left hand.,pan_(for_cooking)@@@@@stove
690.5476,C passes the slutted spatula in her right hand to her left hand.,spatula
691.08677,C turns the stove knob with her left hand.,knob@@@@@stove
698.22,C passes the slutted spatula in her left hand to her right hand.,spatula
698.77737,C picks up the white bowl of minced meat mixture on the kitchen island with her left hand.,bowl@@@@@spoon
700.69552,C drops the slutted spatula on the kitchen island with her right hand.,spatula
701.58722,C picks the black chopsticks on the white ceramics bowl with her right hand.,bowl@@@@@chopstick
702.77723,C adds the minced meat mixture to the omelet in the skillet with the chopstick in her right hand.,omelet@@@@@chopstick
711.47842,C places the white bowl of minced meat mixture on the chopping board with her left hand.,chopping_board@@@@@bowl
711.64663,C drops the black chopsticks on the white ceramics bowl with her right hand.,bowl@@@@@chopstick
712.39067,C picks up the slutted spatula on the kitchen island with her right hand.,spatula
713.86491,C folds the omelete in the skillet with the slutted spatula in her right hand.,frying_pan@@@@@spatula
722.79236,C drops the slutted spatula in the skillet with her right hand.,spatula
723.42719,C turns the stove knob with her right hand.,knob@@@@@stove
726.02523,C picks up a white plate on the kitchen island with her hands.,plate
734.1068,C places the white plate on the kitchen island with her hands.,plate
734.94983,C picks up the slutted spatula in the skillet with her right hand.,spatula
735.99475,C picks the skillet off the medium stovetop with her left hand.,pan_(for_cooking)@@@@@stove
737.3935,C serves the omelete onto the white plate with the slutted spatula in her right hand.,plate@@@@@spatula
742.74763,C drops the skillet on the medium stovetop with her left hand.,pan_(for_cooking)@@@@@cooker
743.69739,C adjusts the omelete on the white plate with the slutted spatula in her rirght hand.,plate@@@@@spatula
749.34181,C drops the slutted spatula in the skillet with her right hand.,spatula
750.72195,C picks a small white bowl from the kitchen island with her right hand.,bowl
751.88908,C places the small white bowl on the kitchen island with her right hand.,bowl
755.18117,C pours the soy sauce from its container into the small white bowl with her right hand.,bowl
758.07821,C places the soy sauce on the kitchen island with her right hand.,table@@@@@bottle
758.65306,C adds ketchup to the small white bowl on the kitchen island with her hands.,bowl
771.75811,C picks up a table spoon from the utensils rack with her right hand.,spoon
775.5057,C stirs the soy sauce and ketchup in the small bowl with the table spoon in her right hand.,bowl@@@@@spoon
790.51399,C adds the soy sauce mixture onto the omelete on the white plate with the spoon in her right hand.,plate@@@@@spoon
798.43762,C places the small white bowl on the kitchen island with her left hand.,bowl
799.0303,C adds spice to the omlete on the white plate with her right hand.,plate@@@@@condiment
808.42768,C drops the egg shells into the waste bin with her hands.,egg
